﻿instructions.started,instructions.stopped,start_button.numClicks,start_button.timesOn,start_button.timesOff,participant,session,date,expName,psychopyVersion,OS,frameRate,practice_trial.started,practice_trial.stopped,mouse_2.x,mouse_2.y,mouse_2.leftButton,mouse_2.midButton,mouse_2.rightButton,mouse_2.time,mouse_2.clicked_name,correct,feedback.started,feedback.stopped,loop_until_correct.thisRepN,loop_until_correct.thisTrialN,loop_until_correct.thisN,loop_until_correct.thisIndex,loop_until_correct.ran,prac_trials.thisRepN,prac_trials.thisTrialN,prac_trials.thisN,prac_trials.thisIndex,prac_trials.ran,left_color,right_color,correct_response,top_txt,instructions_2.started,instructions_2.stopped,start_button_2.numClicks,start_button_2.timesOn,start_button_2.timesOff,trial.started,trial.stopped,mouse.x,mouse.y,mouse.leftButton,mouse.midButton,mouse.rightButton,mouse.time,mouse.clicked_name,trials.thisRepN,trials.thisTrialN,trials.thisN,trials.thisIndex,trials.ran,end.started,end.stopped,start_button_3.numClicks,start_button_3.timesOn,start_button_3.timesOff
0.0004,15.5346,1,[15.54990000009537],[15.54990000009537],000168,001,2025-09-26_14h22.26.301,Simon,2024.2.4,Win32,59.17159763,,,,,,,,,,,,,,,,,,,,,,,,,,,,,,,,,,,,,,,,,,,,,,,,,,
,,,,,000168,001,2025-09-26_14h22.26.301,Simon,2024.2.4,Win32,59.17159763,15.5574,16.5329,[-0.1524822695035461],[-0.037825077138048536],[1],[0],[0],[0.9717999999523173],"[""left_image_2"",""left_image_2""]",1,16.5341,17.0226,0,0,0,0,1,,,,,,,,,,,,,,,,,,,,,,,,,,,,,,,,,
,,,,,000168,001,2025-09-26_14h22.26.301,Simon,2024.2.4,Win32,59.17159763,,,,,,,,,,,,,,,,,,0,0,0,0,1,images/purple_butterfly.png,images/white_butterfly.png,left_image_2,"In this example, select the LEFT butterfly.",,,,,,,,,,,,,,,,,,,,,,,,
,,,,,000168,001,2025-09-26_14h22.26.301,Simon,2024.2.4,Win32,59.17159763,17.0257,18.2479,[-0.16075642903645834],[-0.03309696278673537],[1],[0],[0],[1.2196000000238456],"[""left_image_2"",""left_image_2""]",1,18.2484,18.7469,0,0,0,0,1,,,,,,,,,,,,,,,,,,,,,,,,,,,,,,,,,
,,,,,000168,001,2025-09-26_14h22.26.301,Simon,2024.2.4,Win32,59.17159763,,,,,,,,,,,,,,,,,,0,1,1,1,1,images/white_butterfly.png,images/purple_butterfly.png,left_image_2,"In this example, select the LEFT butterfly.",,,,,,,,,,,,,,,,,,,,,,,,
,,,,,000168,001,2025-09-26_14h22.26.301,Simon,2024.2.4,Win32,59.17159763,18.7493,20.0799,[0.13829787234042554],[-0.02600476420517509],[1],[0],[0],[1.3282999999523142],"[""right_image_2"",""right_image_2""]",1,20.0802,20.5791,0,0,0,0,1,,,,,,,,,,,,,,,,,,,,,,,,,,,,,,,,,
,,,,,000168,001,2025-09-26_14h22.26.301,Simon,2024.2.4,Win32,59.17159763,,,,,,,,,,,,,,,,,,0,2,2,2,1,images/yellow_butterfly.png,images/white_butterfly.png,right_image_2,"In this example, select the RIGHT butterfly.",,,,,,,,,,,,,,,,,,,,,,,,
,,,,,000168,001,2025-09-26_14h22.26.301,Simon,2024.2.4,Win32,59.17159763,20.583,22.2616,[0.10874711706283245],[-0.034278977847268396],[1],[0],[0],[1.676999999999996],"[""right_image_2"",""right_image_2""]",1,22.2619,22.7609,0,0,0,0,1,,,,,,,,,,,,,,,,,,,,,,,,,,,,,,,,,
,,,,,000168,001,2025-09-26_14h22.26.301,Simon,2024.2.4,Win32,59.17159763,,,,,,,,,,,,,,,,,,0,3,3,3,1,images/white_butterfly.png,images/yellow_butterfly.png,right_image_2,"In this example, select the RIGHT butterfly.",,,,,,,,,,,,,,,,,,,,,,,,
,,,,,000168,001,2025-09-26_14h22.26.301,Simon,2024.2.4,Win32,59.17159763,,,,,,,,,,,,,,,,,,,,,,,,,,,22.7618,27.607,1,[27.60930000007152],[27.60930000007152],,,,,,,,,,,,,,,,,,,
,,,,,000168,001,2025-09-26_14h22.26.301,Simon,2024.2.4,Win32,59.17159763,,,,,,,,,,1,28.4735,28.9729,,,,,,,,,,,images/white_butterfly.png,images/purple_butterfly.png,left_image, ,,,,,,27.6197,28.4734,[-0.09456261168134973],[-0.1264775594075521],[1],[0],[0],[0.8527000000476832],"[""left_image""]",0,0,0,1,1,,,,,
,,,,,000168,001,2025-09-26_14h22.26.301,Simon,2024.2.4,Win32,59.17159763,,,,,,,,,,1,29.6713,30.1715,,,,,,,,,,,images/yellow_butterfly.png,images/white_butterfly.png,right_image, ,,,,,,28.9746,29.6712,[0.16075653725482048],[-0.05910167288272939],[1],[0],[0],[0.695899999976163],"[""right_image""]",0,1,1,2,1,,,,,
,,,,,000168,001,2025-09-26_14h22.26.301,Simon,2024.2.4,Win32,59.17159763,,,,,,,,,,1,31.0203,31.5207,,,,,,,,,,,images/purple_butterfly.png,images/white_butterfly.png,left_image, ,,,,,,30.1729,31.0202,[-0.11229310813525044],[-0.0437352606590758],[1],[0],[0],[0.8465999999046332],"[""left_image""]",0,2,2,0,1,,,,,
,,,,,000168,001,2025-09-26_14h22.26.301,Simon,2024.2.4,Win32,59.17159763,,,,,,,,,,1,32.6363,33.1361,,,,,,,,,,,images/white_butterfly.png,images/yellow_butterfly.png,right_image, ,,,,,,31.522,32.6361,[0.16784873583638077],[-0.029550863495955232],[1],[0],[0],[1.1131000000238416],"[""right_image""]",0,3,3,3,1,,,,,
,,,,,000168,001,2025-09-26_14h22.26.301,Simon,2024.2.4,Win32,59.17159763,,,,,,,,,,1,33.9349,34.4342,,,,,,,,,,,images/white_butterfly.png,images/purple_butterfly.png,left_image, ,,,,,,33.1381,33.9348,[-0.19148936170212766],[-0.027186779265708113],[1],[0],[0],[0.7959999999999994],"[""left_image""]",1,0,4,1,1,,,,,
,,,,,000168,001,2025-09-26_14h22.26.301,Simon,2024.2.4,Win32,59.17159763,,,,,,,,,,1,35.3846,35.8836,,,,,,,,,,,images/purple_butterfly.png,images/white_butterfly.png,left_image, ,,,,,,34.4357,35.3843,[-0.17139472690879876],[-0.02127659574468085],[1],[0],[0],[0.94760000002384],"[""left_image""]",1,1,5,0,1,,,,,
,,,,,000168,001,2025-09-26_14h22.26.301,Simon,2024.2.4,Win32,59.17159763,,,,,,,,,,1,36.5665,37.0658,,,,,,,,,,,images/yellow_butterfly.png,images/white_butterfly.png,right_image, ,,,,,,35.8852,36.5663,[0.19385350004155585],[-0.037825077138048536],[1],[0],[0],[0.6803000000715187],"[""right_image""]",1,2,6,2,1,,,,,
,,,,,000168,001,2025-09-26_14h22.26.301,Simon,2024.2.4,Win32,59.17159763,,,,,,,,,,1,37.6821,38.1815,,,,,,,,,,,images/white_butterfly.png,images/yellow_butterfly.png,right_image, ,,,,,,37.0679,37.682,[0.19267143087184174],[-0.037825077138048536],[1],[0],[0],[0.6135000000000019],"[""right_image""]",1,3,7,3,1,,,,,
,,,,,000168,001,2025-09-26_14h22.26.301,Simon,2024.2.4,Win32,59.17159763,,,,,,,,,,1,38.8972,39.3968,,,,,,,,,,,images/white_butterfly.png,images/purple_butterfly.png,left_image, ,,,,,,38.1837,38.8971,[-0.18321509395085328],[-0.03546099290780142],[1],[0],[0],[0.7131999999284773],"[""left_image""]",2,0,8,1,1,,,,,
,,,,,000168,001,2025-09-26_14h22.26.301,Simon,2024.2.4,Win32,59.17159763,,,,,,,,,,1,40.3295,40.8296,,,,,,,,,,,images/white_butterfly.png,images/yellow_butterfly.png,right_image, ,,,,,,39.3984,40.3294,[0.2127659574468085],[-0.016548481393367686],[1],[0],[0],[0.930499999999995],"[""right_image""]",2,1,9,3,1,,,,,
,,,,,000168,001,2025-09-26_14h22.26.301,Simon,2024.2.4,Win32,59.17159763,,,,,,,,,,1,41.5953,42.0949,,,,,,,,,,,images/purple_butterfly.png,images/white_butterfly.png,left_image, ,,,,,,40.8309,41.5953,[-0.1335697038799313],[-0.024822695035460994],[1],[0],[0],[0.7636000000238425],"[""left_image""]",2,2,10,0,1,,,,,
,,,,,000168,001,2025-09-26_14h22.26.301,Simon,2024.2.4,Win32,59.17159763,,,,,,,,,,1,42.8606,43.3613,,,,,,,,,,,images/yellow_butterfly.png,images/white_butterfly.png,right_image, ,,,,,,42.0967,42.8604,[0.1773049645390071],[-0.02364067997492797],[1],[0],[0],[0.7631000000238473],"[""right_image""]",2,3,11,2,1,,,,,
,,,,,000168,001,2025-09-26_14h22.26.301,Simon,2024.2.4,Win32,59.17159763,,,,,,,,,,1,44.3602,44.8588,,,,,,,,,,,images/white_butterfly.png,images/yellow_butterfly.png,right_image, ,,,,,,43.363,44.3601,[0.197399599332336],[-0.02364067997492797],[1],[0],[0],[0.9961000000238442],"[""right_image""]",3,0,12,3,1,,,,,
,,,,,000168,001,2025-09-26_14h22.26.301,Simon,2024.2.4,Win32,59.17159763,,,,,,,,,,1,45.7421,46.2409,,,,,,,,,,,images/yellow_butterfly.png,images/white_butterfly.png,right_image, ,,,,,,44.8596,45.7418,[0.28487001243212545],[-0.011820367042054521],[1],[0],[0],[0.8814999999999955],"[""right_image""]",3,1,13,2,1,,,,,
,,,,,000168,001,2025-09-26_14h22.26.301,Simon,2024.2.4,Win32,59.17159763,,,,,,,,,,1,47.0245,47.5242,,,,,,,,,,,images/white_butterfly.png,images/purple_butterfly.png,left_image, ,,,,,,46.2426,47.0244,[-0.13002360458915116],[-0.0011820691697140956],[1],[0],[0],[0.7806000000238456],"[""left_image""]",3,2,14,1,1,,,,,
,,,,,000168,001,2025-09-26_14h22.26.301,Simon,2024.2.4,Win32,59.17159763,,,,,,,,,,1,48.2061,48.706,,,,,,,,,,,images/purple_butterfly.png,images/white_butterfly.png,left_image, ,,,,,,47.5254,48.206,[-0.13002360458915116],[-0.0011820691697140956],[1],[0],[0],[0.6798000000715234],"[""left_image""]",3,3,15,0,1,,,,,
,,,,,000168,001,2025-09-26_14h22.26.301,Simon,2024.2.4,Win32,59.17159763,,,,,,,,,,1,49.3725,49.872,,,,,,,,,,,images/purple_butterfly.png,images/white_butterfly.png,left_image, ,,,,,,48.7071,49.3724,[-0.13002360458915116],[-0.0011820691697140956],[1],[0],[0],[0.6651000000238483],"[""left_image""]",4,0,16,0,1,,,,,
,,,,,000168,001,2025-09-26_14h22.26.301,Simon,2024.2.4,Win32,59.17159763,,,,,,,,,,1,50.588,51.0873,,,,,,,,,,,images/white_butterfly.png,images/purple_butterfly.png,left_image, ,,,,,,49.8737,50.588,[-0.13002360458915116],[-0.0011820691697140956],[1],[0],[0],[0.7137000000476803],"[""left_image""]",4,1,17,1,1,,,,,
,,,,,000168,001,2025-09-26_14h22.26.301,Simon,2024.2.4,Win32,59.17159763,,,,,,,,,,1,52.0211,52.5202,,,,,,,,,,,images/yellow_butterfly.png,images/white_butterfly.png,right_image, ,,,,,,51.0887,52.0209,[0.11702127659574468],[-0.013002382102587544],[1],[0],[0],[0.9313999999761648],"[""right_image""]",4,2,18,2,1,,,,,
,,,,,000168,001,2025-09-26_14h22.26.301,Simon,2024.2.4,Win32,59.17159763,,,,,,,,,,1,53.1927,53.6863,,,,,,,,,,,images/white_butterfly.png,images/yellow_butterfly.png,right_image, ,,,,,,52.5219,53.1927,[0.12056737588652482],[-0.014184397163120567],[1],[0],[0],[0.6697000000476834],"[""right_image""]",4,3,19,3,1,,,,,
,,,,,000168,001,2025-09-26_14h22.26.301,Simon,2024.2.4,Win32,59.17159763,,,,,,,,,,,,,,,,,,,,,,,,,,,,,,,,,,,,,,,,,,,,,,53.6872,54.8014,1,[54.80089999997615],[54.80089999997615]
