﻿instructions.started,instructions.stopped,start_button.numClicks,start_button.timesOn,start_button.timesOff,participant,session,date,expName,psychopyVersion,OS,frameRate,practice_trial.started,practice_trial.stopped,mouse_2.x,mouse_2.y,mouse_2.leftButton,mouse_2.midButton,mouse_2.rightButton,mouse_2.time,mouse_2.clicked_name,correct,feedback.started,feedback.stopped,loop_until_correct.thisRepN,loop_until_correct.thisTrialN,loop_until_correct.thisN,loop_until_correct.thisIndex,loop_until_correct.ran,prac_trials.thisRepN,prac_trials.thisTrialN,prac_trials.thisN,prac_trials.thisIndex,prac_trials.ran,left_color,right_color,correct_response,top_txt,instructions_2.started,instructions_2.stopped,start_button_2.numClicks,start_button_2.timesOn,start_button_2.timesOff,trial.started,trial.stopped,mouse.x,mouse.y,mouse.leftButton,mouse.midButton,mouse.rightButton,mouse.time,mouse.clicked_name,trials.thisRepN,trials.thisTrialN,trials.thisN,trials.thisIndex,trials.ran,end.started,end.stopped,start_button_3.numClicks,start_button_3.timesOn,start_button_3.timesOff
0.001,2.247,1,[2.2609999999999992],[2.2609999999999992],0001111,001,2025-05-06_06h45.20.601,Simon,2024.2.4,MacIntel,58.82352941,,,,,,,,,,,,,,,,,,,,,,,,,,,,,,,,,,,,,,,,,,,,,,,,,,
,,,,,0001111,001,2025-05-06_06h45.20.601,Simon,2024.2.4,MacIntel,58.82352941,2.26,3.214,[-0.1768377253814147],[-0.03259361997226075],[1],[0],[0],[0.9520000000000017],"[""left_image_2"",""left_image_2""]",1,3.215,3.713,0,0,0,0,1,,,,,,,,,,,,,,,,,,,,,,,,,,,,,,,,,
,,,,,0001111,001,2025-05-06_06h45.20.601,Simon,2024.2.4,MacIntel,58.82352941,,,,,,,,,,,,,,,,,,0,0,0,0,1,images/purple_butterfly.png,images/white_butterfly.png,left_image_2,"In this example, select the LEFT butterfly.",,,,,,,,,,,,,,,,,,,,,,,,
,,,,,0001111,001,2025-05-06_06h45.20.601,Simon,2024.2.4,MacIntel,58.82352941,3.714,3.964,[-0.1768377253814147],[-0.03259361997226075],[1],[0],[0],[0.2480000000000011],"[""left_image_2"",""left_image_2""]",1,3.964,4.464,0,0,0,0,1,,,,,,,,,,,,,,,,,,,,,,,,,,,,,,,,,
,,,,,0001111,001,2025-05-06_06h45.20.601,Simon,2024.2.4,MacIntel,58.82352941,,,,,,,,,,,,,,,,,,0,1,1,1,1,images/white_butterfly.png,images/purple_butterfly.png,left_image_2,"In this example, select the LEFT butterfly.",,,,,,,,,,,,,,,,,,,,,,,,
,,,,,0001111,001,2025-05-06_06h45.20.601,Simon,2024.2.4,MacIntel,58.82352941,4.465,4.697,[0.16296809986130376],[-0.01872399445214979],[1],[0],[0],[0.23100000000000165],"[""right_image_2"",""right_image_2""]",1,4.697,5.198,0,0,0,0,1,,,,,,,,,,,,,,,,,,,,,,,,,,,,,,,,,
,,,,,0001111,001,2025-05-06_06h45.20.601,Simon,2024.2.4,MacIntel,58.82352941,,,,,,,,,,,,,,,,,,0,2,2,2,1,images/yellow_butterfly.png,images/white_butterfly.png,right_image_2,"In this example, select the RIGHT butterfly.",,,,,,,,,,,,,,,,,,,,,,,,
,,,,,0001111,001,2025-05-06_06h45.20.601,Simon,2024.2.4,MacIntel,58.82352941,5.198,5.331,[0.16296809986130376],[-0.01872399445214979],[1],[0],[0],[0.1319999999999979],"[""right_image_2"",""right_image_2""]",1,5.332,5.831,0,0,0,0,1,,,,,,,,,,,,,,,,,,,,,,,,,,,,,,,,,
,,,,,0001111,001,2025-05-06_06h45.20.601,Simon,2024.2.4,MacIntel,58.82352941,,,,,,,,,,,,,,,,,,0,3,3,3,1,images/white_butterfly.png,images/yellow_butterfly.png,right_image_2,"In this example, select the RIGHT butterfly.",,,,,,,,,,,,,,,,,,,,,,,,
,,,,,0001111,001,2025-05-06_06h45.20.601,Simon,2024.2.4,MacIntel,58.82352941,,,,,,,,,,,,,,,,,,,,,,,,,,,5.831,6.831,1,[6.831999999999997],[6.831999999999997],,,,,,,,,,,,,,,,,,,
,,,,,0001111,001,2025-05-06_06h45.20.601,Simon,2024.2.4,MacIntel,58.82352941,,,,,,,,,,1,9.232,9.731,,,,,,,,,,,images/white_butterfly.png,images/yellow_butterfly.png,right_image, ,,,,,,6.838,9.232,[0.12413314840499307],[0.03398058252427184],[1],[0],[0],[2.3919999999999995],"[""right_image""]",0,0,0,3,1,,,,,
,,,,,0001111,001,2025-05-06_06h45.20.601,Simon,2024.2.4,MacIntel,58.82352941,,,,,,,,,,1,12.148,12.711,,,,,,,,,,,images/purple_butterfly.png,images/white_butterfly.png,left_image, ,,,,,,9.732,12.148,[-0.18377253814147018],[0.0020804438280166435],[1],[0],[0],[2.416000000000004],"[""left_image""]",0,1,1,0,1,,,,,
,,,,,0001111,001,2025-05-06_06h45.20.601,Simon,2024.2.4,MacIntel,58.82352941,,,,,,,,,,1,14.748,15.248,,,,,,,,,,,images/yellow_butterfly.png,images/white_butterfly.png,right_image, ,,,,,,12.712,14.748,[0.21983356449375868],[0.0062413314840499305],[1],[0],[0],[2.0359999999999943],"[""right_image""]",0,2,2,2,1,,,,,
,,,,,0001111,001,2025-05-06_06h45.20.601,Simon,2024.2.4,MacIntel,58.82352941,,,,,,,,,,1,16.648,17.148,,,,,,,,,,,images/white_butterfly.png,images/purple_butterfly.png,left_image, ,,,,,,15.248,16.648,[-0.20180305131761442],[0.036754507628294034],[1],[0],[0],[1.399000000000001],"[""left_image""]",0,3,3,1,1,,,,,
,,,,,0001111,001,2025-05-06_06h45.20.601,Simon,2024.2.4,MacIntel,58.82352941,,,,,,,,,,1,18.198,18.698,,,,,,,,,,,images/white_butterfly.png,images/purple_butterfly.png,left_image, ,,,,,,17.148,18.198,[-0.20180305131761442],[0.036754507628294034],[1],[0],[0],[1.0499999999999972],"[""left_image""]",1,0,4,1,1,,,,,
,,,,,0001111,001,2025-05-06_06h45.20.601,Simon,2024.2.4,MacIntel,58.82352941,,,,,,,,,,1,20.232,20.731,,,,,,,,,,,images/white_butterfly.png,images/yellow_butterfly.png,right_image, ,,,,,,18.698,20.232,[0.2073509015256588],[-0.040915395284327326],[1],[0],[0],[1.5320000000000036],"[""right_image""]",1,1,5,3,1,,,,,
,,,,,0001111,001,2025-05-06_06h45.20.601,Simon,2024.2.4,MacIntel,58.82352941,,,,,,,,,,1,21.598,22.098,,,,,,,,,,,images/yellow_butterfly.png,images/white_butterfly.png,right_image, ,,,,,,20.732,21.598,[0.2073509015256588],[-0.040915395284327326],[1],[0],[0],[0.8659999999999997],"[""right_image""]",1,2,6,2,1,,,,,
,,,,,0001111,001,2025-05-06_06h45.20.601,Simon,2024.2.4,MacIntel,58.82352941,,,,,,,,,,0,23.085,23.581,,,,,,,,,,,images/purple_butterfly.png,images/white_butterfly.png,left_image, ,,,,,,22.098,23.082,[0.20180305131761442],[-0.03952843273231623],[1],[0],[0],[0.9830000000000041],"[""right_image""]",1,3,7,0,1,,,,,
,,,,,0001111,001,2025-05-06_06h45.20.601,Simon,2024.2.4,MacIntel,58.82352941,,,,,,,,,,1,25.42,25.915,,,,,,,,,,,images/white_butterfly.png,images/yellow_butterfly.png,right_image, ,,,,,,23.582,25.415,[0.26282940360610263],[-0.0062413314840499305],[1],[0],[0],[1.8329999999999984],"[""right_image""]",2,0,8,3,1,,,,,
,,,,,0001111,001,2025-05-06_06h45.20.601,Simon,2024.2.4,MacIntel,58.82352941,,,,,,,,,,0,26.766,27.265,,,,,,,,,,,images/white_butterfly.png,images/purple_butterfly.png,left_image, ,,,,,,25.915,26.765,[0.22399445214979197],[0.0034674063800277394],[1],[0],[0],[0.8500000000000014],"[""right_image""]",2,1,9,1,1,,,,,
,,,,,0001111,001,2025-05-06_06h45.20.601,Simon,2024.2.4,MacIntel,58.82352941,,,,,,,,,,1,27.849,28.348,,,,,,,,,,,images/purple_butterfly.png,images/white_butterfly.png,left_image, ,,,,,,27.265,27.848,[-0.1463245492371706],[0.011789181692094313],[1],[0],[0],[0.5829999999999984],"[""left_image""]",2,2,10,0,1,,,,,
,,,,,0001111,001,2025-05-06_06h45.20.601,Simon,2024.2.4,MacIntel,58.82352941,,,,,,,,,,0,29.365,29.846,,,,,,,,,,,images/yellow_butterfly.png,images/white_butterfly.png,right_image, ,,,,,,28.349,29.365,[-0.1463245492371706],[0.011789181692094313],[1],[0],[0],[1.0159999999999982],"[""left_image""]",2,3,11,2,1,,,,,
,,,,,0001111,001,2025-05-06_06h45.20.601,Simon,2024.2.4,MacIntel,58.82352941,,,,,,,,,,1,32.333,32.832,,,,,,,,,,,images/white_butterfly.png,images/purple_butterfly.png,left_image, ,,,,,,29.847,32.332,[-0.22954230235783635],[0.049237170596393896],[1],[0],[0],[2.482999999999997],"[""left_image""]",3,0,12,1,1,,,,,
,,,,,0001111,001,2025-05-06_06h45.20.601,Simon,2024.2.4,MacIntel,58.82352941,,,,,,,,,,1,34.282,34.782,,,,,,,,,,,images/yellow_butterfly.png,images/white_butterfly.png,right_image, ,,,,,,32.832,34.282,[0.16296809986130376],[0.028432732316227463],[1],[0],[0],[1.4500000000000028],"[""right_image""]",3,1,13,2,1,,,,,
,,,,,0001111,001,2025-05-06_06h45.20.601,Simon,2024.2.4,MacIntel,58.82352941,,,,,,,,,,1,36.715,37.215,,,,,,,,,,,images/purple_butterfly.png,images/white_butterfly.png,left_image, ,,,,,,34.782,36.715,[-0.15603328710124825],[-0.03259361997226075],[1],[0],[0],[1.9329999999999998],"[""left_image""]",3,2,14,0,1,,,,,
,,,,,0001111,001,2025-05-06_06h45.20.601,Simon,2024.2.4,MacIntel,58.82352941,,,,,,,,,,1,38.332,38.832,,,,,,,,,,,images/white_butterfly.png,images/yellow_butterfly.png,right_image, ,,,,,,37.216,38.332,[0.3030513176144244],[-0.03814147018030513],[1],[0],[0],[1.1159999999999997],"[""right_image""]",3,3,15,3,1,,,,,
,,,,,0001111,001,2025-05-06_06h45.20.601,Simon,2024.2.4,MacIntel,58.82352941,,,,,,,,,,1,41.315,41.815,,,,,,,,,,,images/white_butterfly.png,images/purple_butterfly.png,left_image, ,,,,,,38.832,41.315,[-0.16712898751733704],[0.05617198335644938],[1],[0],[0],[2.482999999999997],"[""left_image""]",4,0,16,1,1,,,,,
,,,,,0001111,001,2025-05-06_06h45.20.601,Simon,2024.2.4,MacIntel,58.82352941,,,,,,,,,,1,42.515,43.015,,,,,,,,,,,images/yellow_butterfly.png,images/white_butterfly.png,right_image, ,,,,,,41.815,42.515,[0.2434119278779473],[0.010402219140083218],[1],[0],[0],[0.6989999999999981],"[""right_image""]",4,1,17,2,1,,,,,
,,,,,0001111,001,2025-05-06_06h45.20.601,Simon,2024.2.4,MacIntel,58.82352941,,,,,,,,,,1,43.999,44.499,,,,,,,,,,,images/purple_butterfly.png,images/white_butterfly.png,left_image, ,,,,,,43.015,43.999,[-0.16851595006934814],[-0.0478502080443828],[1],[0],[0],[0.9829999999999899],"[""left_image""]",4,2,18,0,1,,,,,
,,,,,0001111,001,2025-05-06_06h45.20.601,Simon,2024.2.4,MacIntel,58.82352941,,,,,,,,,,1,45.249,45.749,,,,,,,,,,,images/white_butterfly.png,images/yellow_butterfly.png,right_image, ,,,,,,44.499,45.249,[0.13522884882108183],[-0.0062413314840499305],[1],[0],[0],[0.75],"[""right_image""]",4,3,19,3,1,,,,,
,,,,,0001111,001,2025-05-06_06h45.20.601,Simon,2024.2.4,MacIntel,58.82352941,,,,,,,,,,,,,,,,,,,,,,,,,,,,,,,,,,,,,,,,,,,,,,45.749,46.916,1,[46.915000000000006],[46.915000000000006]
