﻿instructions.started,instructions.stopped,start_button.numClicks,start_button.timesOn,start_button.timesOff,participant,session,date,expName,psychopyVersion,OS,frameRate,practice_trial.started,practice_trial.stopped,mouse_2.x,mouse_2.y,mouse_2.leftButton,mouse_2.midButton,mouse_2.rightButton,mouse_2.time,mouse_2.clicked_name,correct,feedback.started,feedback.stopped,loop_until_correct.thisRepN,loop_until_correct.thisTrialN,loop_until_correct.thisN,loop_until_correct.thisIndex,loop_until_correct.ran,prac_trials.thisRepN,prac_trials.thisTrialN,prac_trials.thisN,prac_trials.thisIndex,prac_trials.ran,left_color,right_color,correct_response,top_txt,instructions_2.started,instructions_2.stopped,start_button_2.numClicks,start_button_2.timesOn,start_button_2.timesOff,trial.started,trial.stopped,mouse.x,mouse.y,mouse.leftButton,mouse.midButton,mouse.rightButton,mouse.time,mouse.clicked_name,trials.thisRepN,trials.thisTrialN,trials.thisN,trials.thisIndex,trials.ran
0.0007,120.4084,1,[120.44610000014308],[120.44610000014308],000433,001,2025-05-11_10h06.45.401,Simon,2024.2.4,Win32,59.88023952,,,,,,,,,,,,,,,,,,,,,,,,,,,,,,,,,,,,,,,,,,,,,
,,,,,000433,001,2025-05-11_10h06.45.401,Simon,2024.2.4,Win32,59.88023952,120.4521,140.6348,[0.2027168234064786],[0.040229885057471264],[1],[0],[0],[20.17709999990464],"[""right_image_2"",""right_image_2""]",0,140.6377,141.1338,0,0,0,0,1,,,,,,,,,,,,,,,,,,,,,,,,,,,,
,,,,,000433,001,2025-05-11_10h06.45.401,Simon,2024.2.4,Win32,59.88023952,141.1373,143.8168,[-0.18808777429467086],[0.025600835945663532],[1],[0],[0],[2.6779999999999973],"[""left_image_2"",""left_image_2""]",1,143.8205,144.3171,1,0,1,0,1,,,,,,,,,,,,,,,,,,,,,,,,,,,,
,,,,,000433,001,2025-05-11_10h06.45.401,Simon,2024.2.4,Win32,59.88023952,,,,,,,,,,,,,,,,,,0,0,0,0,1,images/purple_butterfly.png,images/white_butterfly.png,left_image_2,"In this example, select the LEFT butterfly.",,,,,,,,,,,,,,,,,,,
,,,,,000433,001,2025-05-11_10h06.45.401,Simon,2024.2.4,Win32,59.88023952,144.3221,145.4324,[0.2476489028213166],[0.009926854754440962],[1],[0],[0],[1.1084999999999923],"[""right_image_2"",""right_image_2""]",0,145.4346,145.9325,0,0,0,0,1,,,,,,,,,,,,,,,,,,,,,,,,,,,,
,,,,,000433,001,2025-05-11_10h06.45.401,Simon,2024.2.4,Win32,59.88023952,145.9365,206.235,[-0.14942528735632185],[-0.006792058516196447],[1],[0],[0],[60.297400000095365],"[""left_image_2"",""left_image_2""]",1,206.2426,206.7306,1,0,1,0,1,,,,,,,,,,,,,,,,,,,,,,,,,,,,
,,,,,000433,001,2025-05-11_10h06.45.401,Simon,2024.2.4,Win32,59.88023952,,,,,,,,,,,,,,,,,,0,1,1,1,1,images/white_butterfly.png,images/purple_butterfly.png,left_image_2,"In this example, select the LEFT butterfly.",,,,,,,,,,,,,,,,,,,
,,,,,000433,001,2025-05-11_10h06.45.401,Simon,2024.2.4,Win32,59.88023952,206.7343,209.047,[0.20480668756530826],[-0.04336468129571578],[1],[0],[0],[2.3107000000476887],"[""right_image_2"",""right_image_2""]",1,209.0483,209.5464,0,0,0,0,1,,,,,,,,,,,,,,,,,,,,,,,,,,,,
,,,,,000433,001,2025-05-11_10h06.45.401,Simon,2024.2.4,Win32,59.88023952,,,,,,,,,,,,,,,,,,0,2,2,2,1,images/yellow_butterfly.png,images/white_butterfly.png,right_image_2,"In this example, select the RIGHT butterfly.",,,,,,,,,,,,,,,,,,,
,,,,,000433,001,2025-05-11_10h06.45.401,Simon,2024.2.4,Win32,59.88023952,209.5508,211.6122,[0.3155694879832811],[-0.024555903866248695],[1],[0],[0],[2.0598999998569525],"[""right_image_2"",""right_image_2""]",1,211.6125,212.1117,0,0,0,0,1,,,,,,,,,,,,,,,,,,,,,,,,,,,,
,,,,,000433,001,2025-05-11_10h06.45.401,Simon,2024.2.4,Win32,59.88023952,,,,,,,,,,,,,,,,,,0,3,3,3,1,images/white_butterfly.png,images/yellow_butterfly.png,right_image_2,"In this example, select the RIGHT butterfly.",,,,,,,,,,,,,,,,,,,
,,,,,000433,001,2025-05-11_10h06.45.401,Simon,2024.2.4,Win32,59.88023952,,,,,,,,,,,,,,,,,,,,,,,,,,,212.1124,216.7638,1,[216.7705],[216.77059999990465],,,,,,,,,,,,,,
,,,,,000433,001,2025-05-11_10h06.45.401,Simon,2024.2.4,Win32,59.88023952,,,,,,,,,,1,220.7931,221.2922,,,,,,,,,,,images/white_butterfly.png,images/yellow_butterfly.png,right_image, ,,,,,,216.8018,220.7931,[0.2894461859979101],[-0.03709508881922675],[1],[0],[0],[3.9899000000953606],"[""right_image""]",0,0,0,3,1
,,,,,000433,001,2025-05-11_10h06.45.401,Simon,2024.2.4,Win32,59.88023952,,,,,,,,,,0,224.5087,225.0076,,,,,,,,,,,images/white_butterfly.png,images/purple_butterfly.png,left_image, ,,,,,,221.303,224.5078,[0.13479623824451412],[-0.040229885057471264],[1],[0],[0],[3.204299999952326],"[""right_image""]",0,1,1,1,1
,,,,,000433,001,2025-05-11_10h06.45.401,Simon,2024.2.4,Win32,59.88023952,,,,,,,,,,1,228.4744,228.973,,,,,,,,,,,images/yellow_butterfly.png,images/white_butterfly.png,right_image, ,,,,,,225.0085,228.4734,[0.19958202716823406],[0.06530825496342738],[1],[0],[0],[3.464199999809267],"[""right_image""]",0,2,2,2,1
,,,,,000433,001,2025-05-11_10h06.45.401,Simon,2024.2.4,Win32,59.88023952,,,,,,,,,,0,230.1402,230.6391,,,,,,,,,,,images/purple_butterfly.png,images/white_butterfly.png,left_image, ,,,,,,228.9743,230.1394,[0.17659352142110762],[0.056948798328108674],[1],[0],[0],[1.1645000000000039],"[""right_image""]",0,3,3,0,1
,,,,,000433,001,2025-05-11_10h06.45.401,Simon,2024.2.4,Win32,59.88023952,,,,,,,,,,0,231.7892,232.2887,,,,,,,,,,,images/white_butterfly.png,images/purple_butterfly.png,left_image, ,,,,,,230.64,231.7891,[0.13793103448275862],[0.02246603970741902],[1],[0],[0],[1.1485000000000127],"[""right_image""]",1,0,4,1,1
,,,,,000433,001,2025-05-11_10h06.45.401,Simon,2024.2.4,Win32,59.88023952,,,,,,,,,,1,234.2223,234.7214,,,,,,,,,,,images/purple_butterfly.png,images/white_butterfly.png,left_image, ,,,,,,232.2896,234.2215,[-0.08986415882967608],[0.08411703239289446],[1],[0],[0],[1.9310999999046317],"[""left_image""]",1,1,5,0,1
