﻿instructions.started,instructions.stopped,start_button.numClicks,start_button.timesOn,start_button.timesOff,participant,session,date,expName,psychopyVersion,OS,frameRate,practice_trial.started,practice_trial.stopped,mouse_2.x,mouse_2.y,mouse_2.leftButton,mouse_2.midButton,mouse_2.rightButton,mouse_2.time,mouse_2.clicked_name,correct,feedback.started,feedback.stopped,loop_until_correct.thisRepN,loop_until_correct.thisTrialN,loop_until_correct.thisN,loop_until_correct.thisIndex,loop_until_correct.ran,prac_trials.thisRepN,prac_trials.thisTrialN,prac_trials.thisN,prac_trials.thisIndex,prac_trials.ran,left_color,right_color,correct_response,top_txt,instructions_2.started,instructions_2.stopped,start_button_2.numClicks,start_button_2.timesOn,start_button_2.timesOff,trial.started,trial.stopped,mouse.x,mouse.y,mouse.leftButton,mouse.midButton,mouse.rightButton,mouse.time,mouse.clicked_name,trials.thisRepN,trials.thisTrialN,trials.thisN,trials.thisIndex,trials.ran,end.started,end.stopped,start_button_3.numClicks,start_button_3.timesOn,start_button_3.timesOff
0.0001,26.0021,1,[26.009699999999253],[26.009699999999253],000789,001,2025-03-27_08h47.04.107,Simon,2024.2.4,Win32,29.94011976,,,,,,,,,,,,,,,,,,,,,,,,,,,,,,,,,,,,,,,,,,,,,,,,,,
,,,,,000789,001,2025-03-27_08h47.04.107,Simon,2024.2.4,Win32,29.94011976,26.0077,27.7561,[0.21424508380074786],[0.025356090578258546],[1],[0],[0],[1.7474000000003755],"[""right_image_2"",""right_image_2""]",0,27.7564,28.2569,0,0,0,0,1,,,,,,,,,,,,,,,,,,,,,,,,,,,,,,,,,
,,,,,000789,001,2025-03-27_08h47.04.107,Simon,2024.2.4,Win32,29.94011976,28.2586,29.6897,[-0.23703701964810364],[0.005982905982905983],[1],[0],[0],[1.429899999999435],"[""left_image_2"",""left_image_2""]",1,29.6909,30.1894,1,0,1,0,1,,,,,,,,,,,,,,,,,,,,,,,,,,,,,,,,,
,,,,,000789,001,2025-03-27_08h47.04.107,Simon,2024.2.4,Win32,29.94011976,,,,,,,,,,,,,,,,,,0,0,0,0,1,images/purple_butterfly.png,images/white_butterfly.png,left_image_2,"In this example, select the LEFT butterfly.",,,,,,,,,,,,,,,,,,,,,,,,
,,,,,000789,001,2025-03-27_08h47.04.107,Simon,2024.2.4,Win32,29.94011976,30.1908,32.6227,[-0.20056976579193375],[-0.01566955044738248],[1],[0],[0],[2.43089999999944],"[""left_image_2"",""left_image_2""]",1,32.6228,33.123,0,0,0,0,1,,,,,,,,,,,,,,,,,,,,,,,,,,,,,,,,,
,,,,,000789,001,2025-03-27_08h47.04.107,Simon,2024.2.4,Win32,29.94011976,,,,,,,,,,,,,,,,,,0,1,1,1,1,images/white_butterfly.png,images/purple_butterfly.png,left_image_2,"In this example, select the LEFT butterfly.",,,,,,,,,,,,,,,,,,,,,,,,
,,,,,000789,001,2025-03-27_08h47.04.107,Simon,2024.2.4,Win32,29.94011976,33.1256,34.356,[0.17663824619391025],[-0.04985758463541667],[1],[0],[0],[1.2291999999992527],"[""right_image_2"",""right_image_2""]",1,34.3561,34.8563,0,0,0,0,1,,,,,,,,,,,,,,,,,,,,,,,,,,,,,,,,,
,,,,,000789,001,2025-03-27_08h47.04.107,Simon,2024.2.4,Win32,29.94011976,,,,,,,,,,,,,,,,,,0,2,2,2,1,images/yellow_butterfly.png,images/white_butterfly.png,right_image_2,"In this example, select the RIGHT butterfly.",,,,,,,,,,,,,,,,,,,,,,,,
,,,,,000789,001,2025-03-27_08h47.04.107,Simon,2024.2.4,Win32,29.94011976,34.8592,35.9896,[0.1413105760884081],[-0.028205128205128206],[1],[0],[0],[1.1291000000005624],"[""right_image_2"",""right_image_2""]",1,35.9898,36.4894,0,0,0,0,1,,,,,,,,,,,,,,,,,,,,,,,,,,,,,,,,,
,,,,,000789,001,2025-03-27_08h47.04.107,Simon,2024.2.4,Win32,29.94011976,,,,,,,,,,,,,,,,,,0,3,3,3,1,images/white_butterfly.png,images/yellow_butterfly.png,right_image_2,"In this example, select the RIGHT butterfly.",,,,,,,,,,,,,,,,,,,,,,,,
,,,,,000789,001,2025-03-27_08h47.04.107,Simon,2024.2.4,Win32,29.94011976,,,,,,,,,,,,,,,,,,,,,,,,,,,36.4901,37.5902,1,[37.59140000000037],[37.59140000000037],,,,,,,,,,,,,,,,,,,
,,,,,000789,001,2025-03-27_08h47.04.107,Simon,2024.2.4,Win32,29.94011976,,,,,,,,,,1,98.2223,98.7215,,,,,,,,,,,images/white_butterfly.png,images/purple_butterfly.png,left_image, ,,,,,,37.5972,98.2222,[-0.21082617604834403],[0.011680876903044871],[1],[0],[0],[60.62459999999963],"[""left_image""]",0,0,0,1,1,,,,,
,,,,,000789,001,2025-03-27_08h47.04.107,Simon,2024.2.4,Win32,29.94011976,,,,,,,,,,1,99.3217,99.8215,,,,,,,,,,,images/white_butterfly.png,images/yellow_butterfly.png,right_image, ,,,,,,98.7224,99.3216,[0.1629630325186966],[-0.028205128205128206],[1],[0],[0],[0.5989000000003699],"[""right_image""]",0,1,1,3,1,,,,,
,,,,,000789,001,2025-03-27_08h47.04.107,Simon,2024.2.4,Win32,29.94011976,,,,,,,,,,1,101.3552,101.8552,,,,,,,,,,,images/yellow_butterfly.png,images/white_butterfly.png,right_image, ,,,,,,99.8222,101.3551,[0.19943023420806624],[-0.025925960703792734],[1],[0],[0],[1.5323999999994413],"[""right_image""]",0,2,2,2,1,,,,,
,,,,,000789,001,2025-03-27_08h47.04.107,Simon,2024.2.4,Win32,29.94011976,,,,,,,,,,1,102.8551,103.3545,,,,,,,,,,,images/purple_butterfly.png,images/white_butterfly.png,left_image, ,,,,,,101.8566,102.8549,[-0.19487179487179487],[-0.016809134198050215],[1],[0],[0],[0.9977000000001794],"[""left_image""]",0,3,3,0,1,,,,,
,,,,,000789,001,2025-03-27_08h47.04.107,Simon,2024.2.4,Win32,29.94011976,,,,,,,,,,1,103.8557,104.3554,,,,,,,,,,,images/yellow_butterfly.png,images/white_butterfly.png,right_image, ,,,,,,103.3554,103.8555,[0.22792029747596154],[-0.019088353866185896],[1],[0],[0],[0.4999000000003804],"[""right_image""]",1,0,4,2,1,,,,,
,,,,,000789,001,2025-03-27_08h47.04.107,Simon,2024.2.4,Win32,29.94011976,,,,,,,,,,1,105.1558,105.6544,,,,,,,,,,,images/white_butterfly.png,images/yellow_butterfly.png,right_image, ,,,,,,104.3572,105.1557,[0.15612542568108975],[0.003703686314770299],[1],[0],[0],[0.7978999999994443],"[""right_image""]",1,1,5,3,1,,,,,
,,,,,000789,001,2025-03-27_08h47.04.107,Simon,2024.2.4,Win32,29.94011976,,,,,,,,,,1,106.4551,106.9555,,,,,,,,,,,images/purple_butterfly.png,images/white_butterfly.png,left_image, ,,,,,,105.6551,106.4549,[-0.22678060939169337],[-0.05213675213675214],[1],[0],[0],[0.7996000000005523],"[""left_image""]",1,2,6,0,1,,,,,
,,,,,000789,001,2025-03-27_08h47.04.107,Simon,2024.2.4,Win32,29.94011976,,,,,,,,,,0,107.4233,107.9216,,,,,,,,,,,images/white_butterfly.png,images/purple_butterfly.png,left_image, ,,,,,,106.9571,107.4223,[0.22905982905982905],[-0.005413140190972222],[1],[0],[0],[0.46429999999980964],"[""right_image""]",1,3,7,1,1,,,,,
,,,,,000789,001,2025-03-27_08h47.04.107,Simon,2024.2.4,Win32,29.94011976,,,,,,,,,,1,108.7225,109.2209,,,,,,,,,,,images/white_butterfly.png,images/purple_butterfly.png,left_image, ,,,,,,107.9224,108.7215,[-0.11054124098557692],[-0.008831943609775642],[1],[0],[0],[0.798899999999449],"[""left_image""]",2,0,8,1,1,,,,,
,,,,,000789,001,2025-03-27_08h47.04.107,Simon,2024.2.4,Win32,29.94011976,,,,,,,,,,1,109.7548,110.2545,,,,,,,,,,,images/purple_butterfly.png,images/white_butterfly.png,left_image, ,,,,,,109.2215,109.7546,[-0.1584044888488248],[-0.02706554445446047],[1],[0],[0],[0.532700000000176],"[""left_image""]",2,1,9,0,1,,,,,
,,,,,000789,001,2025-03-27_08h47.04.107,Simon,2024.2.4,Win32,29.94011976,,,,,,,,,,1,111.0553,111.5551,,,,,,,,,,,images/yellow_butterfly.png,images/white_butterfly.png,right_image, ,,,,,,110.2558,111.0551,[0.07977211454994658],[-0.011111111111111112],[1],[0],[0],[0.7987000000001956],"[""right_image""]",2,2,10,2,1,,,,,
,,,,,000789,001,2025-03-27_08h47.04.107,Simon,2024.2.4,Win32,29.94011976,,,,,,,,,,1,112.1221,112.6217,,,,,,,,,,,images/white_butterfly.png,images/yellow_butterfly.png,right_image, ,,,,,,111.5563,112.1218,[0.1641025641025641],[-0.006552723941639957],[1],[0],[0],[0.5648000000007443],"[""right_image""]",2,3,11,3,1,,,,,
,,,,,000789,001,2025-03-27_08h47.04.107,Simon,2024.2.4,Win32,29.94011976,,,,,,,,,,1,113.4209,113.922,,,,,,,,,,,images/purple_butterfly.png,images/white_butterfly.png,left_image, ,,,,,,112.6232,113.4209,[-0.1264957264957265],[0.005982905982905983],[1],[0],[0],[0.7972999999998223],"[""left_image""]",3,0,12,0,1,,,,,
,,,,,000789,001,2025-03-27_08h47.04.107,Simon,2024.2.4,Win32,29.94011976,,,,,,,,,,1,114.5542,115.0557,,,,,,,,,,,images/white_butterfly.png,images/yellow_butterfly.png,right_image, ,,,,,,113.9233,114.5541,[0.20056987012553418],[-0.01225074702857906],[1],[0],[0],[0.6304000000003782],"[""right_image""]",3,1,13,3,1,,,,,
,,,,,000789,001,2025-03-27_08h47.04.107,Simon,2024.2.4,Win32,29.94011976,,,,,,,,,,1,115.9878,116.4882,,,,,,,,,,,images/yellow_butterfly.png,images/white_butterfly.png,right_image, ,,,,,,115.0574,115.9876,[0.22905982905982905],[-0.013390330779246794],[1],[0],[0],[0.929299999999813],"[""right_image""]",3,2,14,2,1,,,,,
,,,,,000789,001,2025-03-27_08h47.04.107,Simon,2024.2.4,Win32,29.94011976,,,,,,,,,,1,117.2884,117.7884,,,,,,,,,,,images/white_butterfly.png,images/purple_butterfly.png,left_image, ,,,,,,116.4893,117.2884,[-0.1652420956864316],[0.011680876903044871],[1],[0],[0],[0.7984000000003704],"[""left_image""]",3,3,15,1,1,,,,,
,,,,,000789,001,2025-03-27_08h47.04.107,Simon,2024.2.4,Win32,29.94011976,,,,,,,,,,1,118.3886,118.8889,,,,,,,,,,,images/white_butterfly.png,images/yellow_butterfly.png,right_image, ,,,,,,117.7901,118.3884,[0.2188034188034188],[-0.04188034188034188],[1],[0],[0],[0.5977999999998218],"[""right_image""]",4,0,16,3,1,,,,,
,,,,,000789,001,2025-03-27_08h47.04.107,Simon,2024.2.4,Win32,29.94011976,,,,,,,,,,1,119.6208,120.1213,,,,,,,,,,,images/yellow_butterfly.png,images/white_butterfly.png,right_image, ,,,,,,118.8905,119.6208,[0.2381767077323718],[0.003703686314770299],[1],[0],[0],[0.7295999999996212],"[""right_image""]",4,1,17,2,1,,,,,
,,,,,000789,001,2025-03-27_08h47.04.107,Simon,2024.2.4,Win32,29.94011976,,,,,,,,,,1,120.8214,121.3214,,,,,,,,,,,images/purple_butterfly.png,images/white_butterfly.png,left_image, ,,,,,,120.1236,120.8213,[-0.15498568543002136],[-0.0008547008547008547],[1],[0],[0],[0.6970999999996366],"[""left_image""]",4,2,18,0,1,,,,,
,,,,,000789,001,2025-03-27_08h47.04.107,Simon,2024.2.4,Win32,29.94011976,,,,,,,,,,0,121.7225,122.2211,,,,,,,,,,,images/white_butterfly.png,images/purple_butterfly.png,left_image, ,,,,,,121.3228,121.7213,[0.20740747696314102],[-0.005413140190972222],[1],[0],[0],[0.3979000000003623],"[""right_image""]",4,3,19,1,1,,,,,
,,,,,000789,001,2025-03-27_08h47.04.107,Simon,2024.2.4,Win32,29.94011976,,,,,,,,,,,,,,,,,,,,,,,,,,,,,,,,,,,,,,,,,,,,,,122.2216,123.0548,1,[123.05450000000002],[123.05450000000002]
