﻿instructions.started,instructions.stopped,start_button.numClicks,start_button.timesOn,start_button.timesOff,participant,session,date,expName,psychopyVersion,OS,frameRate,practice_trial.started,practice_trial.stopped,mouse_2.x,mouse_2.y,mouse_2.leftButton,mouse_2.midButton,mouse_2.rightButton,mouse_2.time,mouse_2.clicked_name,correct,feedback.started,feedback.stopped,loop_until_correct.thisRepN,loop_until_correct.thisTrialN,loop_until_correct.thisN,loop_until_correct.thisIndex,loop_until_correct.ran,prac_trials.thisRepN,prac_trials.thisTrialN,prac_trials.thisN,prac_trials.thisIndex,prac_trials.ran,left_color,right_color,correct_response,top_txt,instructions_2.started,instructions_2.stopped,start_button_2.numClicks,start_button_2.timesOn,start_button_2.timesOff
0.0003,21.7322,1,[21.74509999990463],[21.74509999990463],001315,001,2025-10-13_18h07.46.293,Simon,2024.2.4,MacIntel,60.24096386,,,,,,,,,,,,,,,,,,,,,,,,,,,,,,,
,,,,,001315,001,2025-10-13_18h07.46.293,Simon,2024.2.4,MacIntel,60.24096386,21.7519,26.2322,[-0.22087420548898645],[0.02212519623233909],[1],[0],[0],[4.477999999999998],"[""left_image_2"",""left_image_2""]",1,26.2327,26.7319,0,0,0,0,1,,,,,,,,,,,,,,
,,,,,001315,001,2025-10-13_18h07.46.293,Simon,2024.2.4,MacIntel,60.24096386,,,,,,,,,,,,,,,,,,0,0,0,0,1,images/purple_butterfly.png,images/white_butterfly.png,left_image_2,"In this example, select the LEFT butterfly.",,,,,
,,,,,001315,001,2025-10-13_18h07.46.293,Simon,2024.2.4,MacIntel,60.24096386,26.7345,28.1319,[0.23019528950402277],[0.0013785130187892465],[1],[0],[0],[1.3955000000000055],"[""right_image_2"",""right_image_2""]",0,28.1325,28.6317,0,0,0,0,1,,,,,,,,,,,,,,
,,,,,001315,001,2025-10-13_18h07.46.293,Simon,2024.2.4,MacIntel,60.24096386,28.6323,30.082,[0.22328787284144427],[0.01691033140269329],[1],[0],[0],[1.44910000002384],"[""right_image_2"",""right_image_2""]",0,30.0821,30.582,1,0,1,0,1,,,,,,,,,,,,,,
,,,,,001315,001,2025-10-13_18h07.46.293,Simon,2024.2.4,MacIntel,60.24096386,30.5825,32.1485,[-0.22175725101488913],[0.025946792291135203],[1],[0],[0],[1.565399999976158],"[""left_image_2"",""left_image_2""]",1,32.1491,32.6485,2,0,2,0,1,,,,,,,,,,,,,,
,,,,,001315,001,2025-10-13_18h07.46.293,Simon,2024.2.4,MacIntel,60.24096386,,,,,,,,,,,,,,,,,,0,1,1,1,1,images/white_butterfly.png,images/purple_butterfly.png,left_image_2,"In this example, select the LEFT butterfly.",,,,,
,,,,,001315,001,2025-10-13_18h07.46.293,Simon,2024.2.4,MacIntel,60.24096386,32.6495,34.1318,[0.21527674508805927],[-0.003723527797537284],[1],[0],[0],[1.4812000000476857],"[""right_image_2"",""right_image_2""]",1,34.132,34.6321,0,0,0,0,1,,,,,,,,,,,,,,
,,,,,001315,001,2025-10-13_18h07.46.293,Simon,2024.2.4,MacIntel,60.24096386,,,,,,,,,,,,,,,,,,0,2,2,2,1,images/yellow_butterfly.png,images/white_butterfly.png,right_image_2,"In this example, select the RIGHT butterfly.",,,,,
,,,,,001315,001,2025-10-13_18h07.46.293,Simon,2024.2.4,MacIntel,60.24096386,34.6341,35.6651,[0.21374118870805534],[-0.002482367834453493],[1],[0],[0],[1.029799999952317],"[""right_image_2"",""right_image_2""]",1,35.6654,36.1654,0,0,0,0,1,,,,,,,,,,,,,,
,,,,,001315,001,2025-10-13_18h07.46.293,Simon,2024.2.4,MacIntel,60.24096386,,,,,,,,,,,,,,,,,,0,3,3,3,1,images/white_butterfly.png,images/yellow_butterfly.png,right_image_2,"In this example, select the RIGHT butterfly.",,,,,
,,,,,001315,001,2025-10-13_18h07.46.293,Simon,2024.2.4,MacIntel,60.24096386,,,,,,,,,,,,,,,,,,,,,,,,,,,36.166,37.6653,1,[37.66689999997616],[37.66689999997616]
