﻿instructions.started,instructions.stopped,start_button.numClicks,start_button.timesOn,start_button.timesOff,participant,session,date,expName,psychopyVersion,OS,frameRate,practice_trial.started,practice_trial.stopped,mouse_2.x,mouse_2.y,mouse_2.leftButton,mouse_2.midButton,mouse_2.rightButton,mouse_2.time,mouse_2.clicked_name,correct,feedback.started,feedback.stopped,loop_until_correct.thisRepN,loop_until_correct.thisTrialN,loop_until_correct.thisN,loop_until_correct.thisIndex,loop_until_correct.ran,prac_trials.thisRepN,prac_trials.thisTrialN,prac_trials.thisN,prac_trials.thisIndex,prac_trials.ran,left_color,right_color,correct_response,top_txt,instructions_2.started,instructions_2.stopped,start_button_2.numClicks,start_button_2.timesOn,start_button_2.timesOff,trial.started,trial.stopped,mouse.x,mouse.y,mouse.leftButton,mouse.midButton,mouse.rightButton,mouse.time,mouse.clicked_name,trials.thisRepN,trials.thisTrialN,trials.thisN,trials.thisIndex,trials.ran,end.started,end.stopped,start_button_3.numClicks,start_button_3.timesOn,start_button_3.timesOff
0,156.971,1,[156.98],[156.98],001422,001,2025-04-01_10h29.23.184,Simon,2024.2.4,MacIntel,58.82352941,,,,,,,,,,,,,,,,,,,,,,,,,,,,,,,,,,,,,,,,,,,,,,,,,,
,,,,,001422,001,2025-04-01_10h29.23.184,Simon,2024.2.4,MacIntel,58.82352941,156.993,158.004,[-0.1701534170153417],[0.03695955369595537],[1],[0],[0],[1.0060000000000002],"[""left_image_2"",""left_image_2""]",1,158.005,158.503,0,0,0,0,1,,,,,,,,,,,,,,,,,,,,,,,,,,,,,,,,,
,,,,,001422,001,2025-04-01_10h29.23.184,Simon,2024.2.4,MacIntel,58.82352941,,,,,,,,,,,,,,,,,,0,0,0,0,1,images/purple_butterfly.png,images/white_butterfly.png,left_image_2,"In this example, select the LEFT butterfly.",,,,,,,,,,,,,,,,,,,,,,,,
,,,,,001422,001,2025-04-01_10h29.23.184,Simon,2024.2.4,MacIntel,58.82352941,158.506,159.57,[-0.1394700139470014],[0.006276150627615063],[1],[0],[0],[1.0609999999999786],"[""left_image_2"",""left_image_2""]",1,159.57,160.07,0,0,0,0,1,,,,,,,,,,,,,,,,,,,,,,,,,,,,,,,,,
,,,,,001422,001,2025-04-01_10h29.23.184,Simon,2024.2.4,MacIntel,58.82352941,,,,,,,,,,,,,,,,,,0,1,1,1,1,images/white_butterfly.png,images/purple_butterfly.png,left_image_2,"In this example, select the LEFT butterfly.",,,,,,,,,,,,,,,,,,,,,,,,
,,,,,001422,001,2025-04-01_10h29.23.184,Simon,2024.2.4,MacIntel,58.82352941,160.071,161.036,[0.23291492329149233],[-0.007670850767085077],[1],[0],[0],[0.9629999999999939],"[""right_image_2"",""right_image_2""]",1,161.037,161.536,0,0,0,0,1,,,,,,,,,,,,,,,,,,,,,,,,,,,,,,,,,
,,,,,001422,001,2025-04-01_10h29.23.184,Simon,2024.2.4,MacIntel,58.82352941,,,,,,,,,,,,,,,,,,0,2,2,2,1,images/yellow_butterfly.png,images/white_butterfly.png,right_image_2,"In this example, select the RIGHT butterfly.",,,,,,,,,,,,,,,,,,,,,,,,
,,,,,001422,001,2025-04-01_10h29.23.184,Simon,2024.2.4,MacIntel,58.82352941,161.538,162.57,[0.23291492329149233],[-0.007670850767085077],[1],[0],[0],[1.0300000000000011],"[""right_image_2"",""right_image_2""]",1,162.57,163.07,0,0,0,0,1,,,,,,,,,,,,,,,,,,,,,,,,,,,,,,,,,
,,,,,001422,001,2025-04-01_10h29.23.184,Simon,2024.2.4,MacIntel,58.82352941,,,,,,,,,,,,,,,,,,0,3,3,3,1,images/white_butterfly.png,images/yellow_butterfly.png,right_image_2,"In this example, select the RIGHT butterfly.",,,,,,,,,,,,,,,,,,,,,,,,
,,,,,001422,001,2025-04-01_10h29.23.184,Simon,2024.2.4,MacIntel,58.82352941,,,,,,,,,,,,,,,,,,,,,,,,,,,163.071,167.07,1,[167.06999999999996],[167.06999999999996],,,,,,,,,,,,,,,,,,,
,,,,,001422,001,2025-04-01_10h29.23.184,Simon,2024.2.4,MacIntel,58.82352941,,,,,,,,,,1,168.203,168.703,,,,,,,,,,,images/yellow_butterfly.png,images/white_butterfly.png,right_image, ,,,,,,167.074,168.203,[0.3110181311018131],[0.02580195258019526],[1],[0],[0],[1.1280000000000143],"[""right_image""]",0,0,0,2,1,,,,,
,,,,,001422,001,2025-04-01_10h29.23.184,Simon,2024.2.4,MacIntel,58.82352941,,,,,,,,,,1,169.487,169.987,,,,,,,,,,,images/purple_butterfly.png,images/white_butterfly.png,left_image, ,,,,,,168.704,169.487,[-0.14225941422594143],[-0.020223152022315203],[1],[0],[0],[0.7819999999999823],"[""left_image""]",0,1,1,0,1,,,,,
,,,,,001422,001,2025-04-01_10h29.23.184,Simon,2024.2.4,MacIntel,58.82352941,,,,,,,,,,1,170.953,171.453,,,,,,,,,,,images/white_butterfly.png,images/yellow_butterfly.png,right_image, ,,,,,,169.987,170.953,[0.2803347280334728],[0.046722454672245464],[1],[0],[0],[0.9650000000000034],"[""right_image""]",0,2,2,3,1,,,,,
,,,,,001422,001,2025-04-01_10h29.23.184,Simon,2024.2.4,MacIntel,58.82352941,,,,,,,,,,1,172.104,172.603,,,,,,,,,,,images/white_butterfly.png,images/purple_butterfly.png,left_image, ,,,,,,171.454,172.103,[-0.1603905160390516],[0.041143654114365415],[1],[0],[0],[0.6479999999999961],"[""left_image""]",0,3,3,1,1,,,,,
,,,,,001422,001,2025-04-01_10h29.23.184,Simon,2024.2.4,MacIntel,58.82352941,,,,,,,,,,1,173.303,173.803,,,,,,,,,,,images/white_butterfly.png,images/yellow_butterfly.png,right_image, ,,,,,,172.603,173.303,[0.2594142259414226],[0.021617852161785217],[1],[0],[0],[0.6989999999999839],"[""right_image""]",1,0,4,3,1,,,,,
,,,,,001422,001,2025-04-01_10h29.23.184,Simon,2024.2.4,MacIntel,58.82352941,,,,,,,,,,1,174.387,174.887,,,,,,,,,,,images/purple_butterfly.png,images/white_butterfly.png,left_image, ,,,,,,173.804,174.387,[-0.16457461645746166],[-0.0048814504881450485],[1],[0],[0],[0.5819999999999936],"[""left_image""]",1,1,5,0,1,,,,,
,,,,,001422,001,2025-04-01_10h29.23.184,Simon,2024.2.4,MacIntel,58.82352941,,,,,,,,,,1,175.72,176.22,,,,,,,,,,,images/yellow_butterfly.png,images/white_butterfly.png,right_image, ,,,,,,174.888,175.72,[0.27475592747559274],[0.04811715481171548],[1],[0],[0],[0.8319999999999936],"[""right_image""]",1,2,6,2,1,,,,,
,,,,,001422,001,2025-04-01_10h29.23.184,Simon,2024.2.4,MacIntel,58.82352941,,,,,,,,,,1,177.254,177.753,,,,,,,,,,,images/white_butterfly.png,images/purple_butterfly.png,left_image, ,,,,,,176.221,177.254,[-0.13668061366806136],[0.0020920502092050207],[1],[0],[0],[1.0330000000000155],"[""left_image""]",1,3,7,1,1,,,,,
,,,,,001422,001,2025-04-01_10h29.23.184,Simon,2024.2.4,MacIntel,58.82352941,,,,,,,,,,1,178.504,179.003,,,,,,,,,,,images/white_butterfly.png,images/yellow_butterfly.png,right_image, ,,,,,,177.753,178.503,[0.25523012552301255],[-0.006276150627615063],[1],[0],[0],[0.75],"[""right_image""]",2,0,8,3,1,,,,,
,,,,,001422,001,2025-04-01_10h29.23.184,Simon,2024.2.4,MacIntel,58.82352941,,,,,,,,,,1,179.986,180.487,,,,,,,,,,,images/yellow_butterfly.png,images/white_butterfly.png,right_image, ,,,,,,179.005,179.986,[0.22315202231520223],[0.03138075313807531],[1],[0],[0],[0.9800000000000182],"[""right_image""]",2,1,9,2,1,,,,,
,,,,,001422,001,2025-04-01_10h29.23.184,Simon,2024.2.4,MacIntel,58.82352941,,,,,,,,,,1,181.436,181.937,,,,,,,,,,,images/white_butterfly.png,images/purple_butterfly.png,left_image, ,,,,,,180.488,181.436,[-0.21338912133891214],[0.003486750348675035],[1],[0],[0],[0.9449999999999932],"[""left_image""]",2,2,10,1,1,,,,,
,,,,,001422,001,2025-04-01_10h29.23.184,Simon,2024.2.4,MacIntel,58.82352941,,,,,,,,,,1,182.454,182.953,,,,,,,,,,,images/purple_butterfly.png,images/white_butterfly.png,left_image, ,,,,,,181.938,182.454,[-0.21338912133891214],[0.003486750348675035],[1],[0],[0],[0.51400000000001],"[""left_image""]",2,3,11,0,1,,,,,
,,,,,001422,001,2025-04-01_10h29.23.184,Simon,2024.2.4,MacIntel,58.82352941,,,,,,,,,,1,183.836,184.337,,,,,,,,,,,images/yellow_butterfly.png,images/white_butterfly.png,right_image, ,,,,,,182.954,183.836,[0.27615062761506276],[0.0048814504881450485],[1],[0],[0],[0.8810000000000002],"[""right_image""]",3,0,12,2,1,,,,,
,,,,,001422,001,2025-04-01_10h29.23.184,Simon,2024.2.4,MacIntel,58.82352941,,,,,,,,,,1,185.804,186.304,,,,,,,,,,,images/white_butterfly.png,images/yellow_butterfly.png,right_image, ,,,,,,184.338,185.804,[0.23570432357043236],[0.03556485355648536],[1],[0],[0],[1.4639999999999986],"[""right_image""]",3,1,13,3,1,,,,,
,,,,,001422,001,2025-04-01_10h29.23.184,Simon,2024.2.4,MacIntel,58.82352941,,,,,,,,,,1,187.22,187.72,,,,,,,,,,,images/white_butterfly.png,images/purple_butterfly.png,left_image, ,,,,,,186.305,187.22,[-0.1896792189679219],[0.042538354253835425],[1],[0],[0],[0.914999999999992],"[""left_image""]",3,2,14,1,1,,,,,
,,,,,001422,001,2025-04-01_10h29.23.184,Simon,2024.2.4,MacIntel,58.82352941,,,,,,,,,,1,188.304,188.803,,,,,,,,,,,images/purple_butterfly.png,images/white_butterfly.png,left_image, ,,,,,,187.721,188.304,[-0.1896792189679219],[0.042538354253835425],[1],[0],[0],[0.5819999999999936],"[""left_image""]",3,3,15,0,1,,,,,
,,,,,001422,001,2025-04-01_10h29.23.184,Simon,2024.2.4,MacIntel,58.82352941,,,,,,,,,,1,189.72,190.22,,,,,,,,,,,images/yellow_butterfly.png,images/white_butterfly.png,right_image, ,,,,,,188.804,189.72,[0.3179916317991632],[0.017433751743375175],[1],[0],[0],[0.914999999999992],"[""right_image""]",4,0,16,2,1,,,,,
,,,,,001422,001,2025-04-01_10h29.23.184,Simon,2024.2.4,MacIntel,58.82352941,,,,,,,,,,1,191.171,191.67,,,,,,,,,,,images/white_butterfly.png,images/purple_butterfly.png,left_image, ,,,,,,190.221,191.17,[-0.15202231520223153],[0.043933054393305436],[1],[0],[0],[0.9480000000000075],"[""left_image""]",4,1,17,1,1,,,,,
,,,,,001422,001,2025-04-01_10h29.23.184,Simon,2024.2.4,MacIntel,58.82352941,,,,,,,,,,1,192.754,193.254,,,,,,,,,,,images/white_butterfly.png,images/yellow_butterfly.png,right_image, ,,,,,,191.671,192.754,[0.2719665271966527],[0.03138075313807531],[1],[0],[0],[1.0810000000000173],"[""right_image""]",4,2,18,3,1,,,,,
,,,,,001422,001,2025-04-01_10h29.23.184,Simon,2024.2.4,MacIntel,58.82352941,,,,,,,,,,1,194.137,194.637,,,,,,,,,,,images/purple_butterfly.png,images/white_butterfly.png,left_image, ,,,,,,193.254,194.137,[-0.13110181311018132],[-0.010460251046025104],[1],[0],[0],[0.882000000000005],"[""left_image""]",4,3,19,0,1,,,,,
,,,,,001422,001,2025-04-01_10h29.23.184,Simon,2024.2.4,MacIntel,58.82352941,,,,,,,,,,,,,,,,,,,,,,,,,,,,,,,,,,,,,,,,,,,,,,194.639,200.104,1,[200.10299999999998],[200.10299999999998]
