﻿instructions.started,instructions.stopped,start_button.numClicks,start_button.timesOn,start_button.timesOff,participant,session,date,expName,psychopyVersion,OS,frameRate,practice_trial.started,practice_trial.stopped,mouse_2.x,mouse_2.y,mouse_2.leftButton,mouse_2.midButton,mouse_2.rightButton,mouse_2.time,mouse_2.clicked_name,correct,feedback.started,feedback.stopped,loop_until_correct.thisRepN,loop_until_correct.thisTrialN,loop_until_correct.thisN,loop_until_correct.thisIndex,loop_until_correct.ran,prac_trials.thisRepN,prac_trials.thisTrialN,prac_trials.thisN,prac_trials.thisIndex,prac_trials.ran,left_color,right_color,correct_response,top_txt,instructions_2.started,instructions_2.stopped,start_button_2.numClicks,start_button_2.timesOn,start_button_2.timesOff,trial.started,trial.stopped,mouse.x,mouse.y,mouse.leftButton,mouse.midButton,mouse.rightButton,mouse.time,mouse.clicked_name,trials.thisRepN,trials.thisTrialN,trials.thisN,trials.thisIndex,trials.ran,end.started,end.stopped,start_button_3.numClicks,start_button_3.timesOn,start_button_3.timesOff
0.0007,4.7436,1,[4.769199999809265],[4.769199999809265],001428,001,2025-07-01_12h06.31.559,Simon,2024.2.4,Linux armv81,56.81818182,,,,,,,,,,,,,,,,,,,,,,,,,,,,,,,,,,,,,,,,,,,,,,,,,,
,,,,,001428,001,2025-07-01_12h06.31.559,Simon,2024.2.4,Linux armv81,56.81818182,4.7772,8.4048,[-0.1778983329106303],[-0.061215002559921114],[1],[0],[0],[3.6235],"[""left_image_2"",""left_image_2""]",1,8.4056,8.905,0,0,0,0,1,,,,,,,,,,,,,,,,,,,,,,,,,,,,,,,,,
,,,,,001428,001,2025-07-01_12h06.31.559,Simon,2024.2.4,Linux armv81,56.81818182,,,,,,,,,,,,,,,,,,0,0,0,0,1,images/purple_butterfly.png,images/white_butterfly.png,left_image_2,"In this example, select the LEFT butterfly.",,,,,,,,,,,,,,,,,,,,,,,,
,,,,,001428,001,2025-07-01_12h06.31.559,Simon,2024.2.4,Linux armv81,56.81818182,8.9091,11.547,[-0.15276984798098073],[-0.042939787929497875],[1],[0],[0],[2.634100000381471],"[""left_image_2"",""left_image_2""]",1,11.5474,12.0476,0,0,0,0,1,,,,,,,,,,,,,,,,,,,,,,,,,,,,,,,,,
,,,,,001428,001,2025-07-01_12h06.31.559,Simon,2024.2.4,Linux armv81,56.81818182,,,,,,,,,,,,,,,,,,0,1,1,1,1,images/white_butterfly.png,images/purple_butterfly.png,left_image_2,"In this example, select the LEFT butterfly.",,,,,,,,,,,,,,,,,,,,,,,,
,,,,,001428,001,2025-07-01_12h06.31.559,Simon,2024.2.4,Linux armv81,56.81818182,12.0499,14.1711,[0.26641919774916567],[-0.021237864077669904],[1],[0],[0],[2.1194999999999986],"[""right_image_2"",""right_image_2""]",1,14.1714,14.6729,0,0,0,0,1,,,,,,,,,,,,,,,,,,,,,,,,,,,,,,,,,
,,,,,001428,001,2025-07-01_12h06.31.559,Simon,2024.2.4,Linux armv81,56.81818182,,,,,,,,,,,,,,,,,,0,2,2,2,1,images/yellow_butterfly.png,images/white_butterfly.png,right_image_2,"In this example, select the RIGHT butterfly.",,,,,,,,,,,,,,,,,,,,,,,,
,,,,,001428,001,2025-07-01_12h06.31.559,Simon,2024.2.4,Linux armv81,56.81818182,14.6752,16.5782,[0.28697886050326155],[0.008459443027533374],[1],[0],[0],[1.9012999997138955],"[""right_image_2"",""right_image_2""]",1,16.5786,17.0788,0,0,0,0,1,,,,,,,,,,,,,,,,,,,,,,,,,,,,,,,,,
,,,,,001428,001,2025-07-01_12h06.31.559,Simon,2024.2.4,Linux armv81,56.81818182,,,,,,,,,,,,,,,,,,0,3,3,3,1,images/white_butterfly.png,images/yellow_butterfly.png,right_image_2,"In this example, select the RIGHT butterfly.",,,,,,,,,,,,,,,,,,,,,,,,
,,,,,001428,001,2025-07-01_12h06.31.559,Simon,2024.2.4,Linux armv81,56.81818182,,,,,,,,,,,,,,,,,,,,,,,,,,,17.0795,18.9184,1,[18.924300000190733],[18.924400000095368],,,,,,,,,,,,,,,,,,,
,,,,,001428,001,2025-07-01_12h06.31.559,Simon,2024.2.4,Linux armv81,56.81818182,,,,,,,,,,0,20.5251,21.0242,,,,,,,,,,,images/white_butterfly.png,images/purple_butterfly.png,left_image, ,,,,,,18.9294,20.5238,[0.27841230966512437],[-0.0846302069506599],[1],[0],[0],[1.5933000001907338],"[""right_image""]",0,0,0,1,1,,,,,
,,,,,001428,001,2025-07-01_12h06.31.559,Simon,2024.2.4,Linux armv81,56.81818182,,,,,,,,,,0,22.1616,22.6629,,,,,,,,,,,images/yellow_butterfly.png,images/white_butterfly.png,right_image, ,,,,,,21.0258,22.1614,[-0.1579097636695047],[-0.02523559274025334],[1],[0],[0],[1.1329000000953648],"[""left_image""]",0,1,1,2,1,,,,,
,,,,,001428,001,2025-07-01_12h06.31.559,Simon,2024.2.4,Linux armv81,56.81818182,,,,,,,,,,0,23.4497,23.9503,,,,,,,,,,,images/purple_butterfly.png,images/white_butterfly.png,left_image, ,,,,,,22.6641,23.4495,[0.22415761114324181],[-0.030946601941747573],[1],[0],[0],[0.7848000001907351],"[""right_image""]",0,2,2,0,1,,,,,
,,,,,001428,001,2025-07-01_12h06.31.559,Simon,2024.2.4,Linux armv81,56.81818182,,,,,,,,,,0,24.6189,25.1212,,,,,,,,,,,images/white_butterfly.png,images/yellow_butterfly.png,right_image, ,,,,,,23.9522,24.6188,[-0.12421472790171799],[-0.05835953499506978],[1],[0],[0],[0.6659000000953625],"[""left_image""]",0,3,3,3,1,,,,,
,,,,,001428,001,2025-07-01_12h06.31.559,Simon,2024.2.4,Linux armv81,56.81818182,,,,,,,,,,1,25.6897,26.1897,,,,,,,,,,,images/purple_butterfly.png,images/white_butterfly.png,left_image, ,,,,,,25.1227,25.6886,[-0.1270702325024651],[-0.061215002559921114],[1],[0],[0],[0.565099999904632],"[""left_image""]",1,0,4,0,1,,,,,
,,,,,001428,001,2025-07-01_12h06.31.559,Simon,2024.2.4,Linux armv81,56.81818182,,,,,,,,,,0,28.4992,28.9978,,,,,,,,,,,images/white_butterfly.png,images/purple_butterfly.png,left_image, ,,,,,,26.1908,28.498,[0.10536834568653292],[-0.09776557996435073],[1],[0],[0],[2.30590000009537],"[""right_image""]",1,1,5,1,1,,,,,
,,,,,001428,001,2025-07-01_12h06.31.559,Simon,2024.2.4,Linux armv81,56.81818182,,,,,,,,,,0,30.3034,30.8043,,,,,,,,,,,images/white_butterfly.png,images/yellow_butterfly.png,right_image, ,,,,,,29.0002,30.3033,[-0.12021699923913455],[-0.07891919774916566],[1],[0],[0],[1.3023999996185296],"[""left_image""]",1,2,6,3,1,,,,,
,,,,,001428,001,2025-07-01_12h06.31.559,Simon,2024.2.4,Linux armv81,56.81818182,,,,,,,,,,0,31.4896,31.9903,,,,,,,,,,,images/yellow_butterfly.png,images/white_butterfly.png,right_image, ,,,,,,30.8057,31.4895,[-0.14991434338023363],[-0.04522416198137894],[1],[0],[0],[0.6829000000953656],"[""left_image""]",1,3,7,2,1,,,,,
,,,,,001428,001,2025-07-01_12h06.31.559,Simon,2024.2.4,Linux armv81,56.81818182,,,,,,,,,,1,32.7269,33.2273,,,,,,,,,,,images/white_butterfly.png,images/yellow_butterfly.png,right_image, ,,,,,,31.9913,32.7259,[0.25271273122250454],[-0.05835953499506978],[1],[0],[0],[0.7339000000953675],"[""right_image""]",2,0,8,3,1,,,,,
,,,,,001428,001,2025-07-01_12h06.31.559,Simon,2024.2.4,Linux armv81,56.81818182,,,,,,,,,,1,34.1471,34.6486,,,,,,,,,,,images/purple_butterfly.png,images/white_butterfly.png,left_image, ,,,,,,33.2283,34.1471,[-0.11393489652467005],[-0.013242406752503034],[1],[0],[0],[0.917900000095365],"[""left_image""]",2,1,9,0,1,,,,,
,,,,,001428,001,2025-07-01_12h06.31.559,Simon,2024.2.4,Linux armv81,56.81818182,,,,,,,,,,0,35.3849,35.8856,,,,,,,,,,,images/white_butterfly.png,images/purple_butterfly.png,left_image, ,,,,,,34.6503,35.3838,[0.24643062850804004],[-0.02980441491580704],[1],[0],[0],[0.7325000000000017],"[""right_image""]",2,2,10,1,1,,,,,
,,,,,001428,001,2025-07-01_12h06.31.559,Simon,2024.2.4,Linux armv81,56.81818182,,,,,,,,,,0,36.421,36.9221,,,,,,,,,,,images/yellow_butterfly.png,images/white_butterfly.png,right_image, ,,,,,,35.8871,36.4209,[-0.13906338145431962],[-0.03608651763027154],[1],[0],[0],[0.5328000001907327],"[""left_image""]",2,3,11,2,1,,,,,
,,,,,001428,001,2025-07-01_12h06.31.559,Simon,2024.2.4,Linux armv81,56.81818182,,,,,,,,,,1,37.4576,37.9584,,,,,,,,,,,images/white_butterfly.png,images/purple_butterfly.png,left_image, ,,,,,,36.9237,37.4568,[-0.1396344749672899],[-0.02466449922728307],[1],[0],[0],[0.5318999996185312],"[""left_image""]",3,0,12,1,1,,,,,
,,,,,001428,001,2025-07-01_12h06.31.559,Simon,2024.2.4,Linux armv81,56.81818182,,,,,,,,,,1,39.3796,39.8805,,,,,,,,,,,images/white_butterfly.png,images/yellow_butterfly.png,right_image, ,,,,,,37.9607,39.3795,[0.20074240675250304],[-0.030375508428777304],[1],[0],[0],[1.4180999999046335],"[""right_image""]",3,1,13,3,1,,,,,
,,,,,001428,001,2025-07-01_12h06.31.559,Simon,2024.2.4,Linux armv81,56.81818182,,,,,,,,,,0,41.1358,41.6357,,,,,,,,,,,images/yellow_butterfly.png,images/white_butterfly.png,right_image, ,,,,,,39.8815,41.1344,[-0.12764136305133117],[-0.01724013541508647],[1],[0],[0],[1.252200000286102],"[""left_image""]",3,2,14,2,1,,,,,
,,,,,001428,001,2025-07-01_12h06.31.559,Simon,2024.2.4,Linux armv81,56.81818182,,,,,,,,,,1,42.2056,42.7058,,,,,,,,,,,images/purple_butterfly.png,images/white_butterfly.png,left_image, ,,,,,,41.6368,42.2047,[-0.15048543689320387],[-0.010958032700621966],[1],[0],[0],[0.5673999996185302],"[""left_image""]",3,3,15,0,1,,,,,
,,,,,001428,001,2025-07-01_12h06.31.559,Simon,2024.2.4,Linux armv81,56.81818182,,,,,,,,,,0,43.8104,44.3106,,,,,,,,,,,images/yellow_butterfly.png,images/white_butterfly.png,right_image, ,,,,,,42.7068,43.8095,[-0.1396344749672899],[-0.030375508428777304],[1],[0],[0],[1.1023000001907377],"[""left_image""]",4,0,16,2,1,,,,,
,,,,,001428,001,2025-07-01_12h06.31.559,Simon,2024.2.4,Linux armv81,56.81818182,,,,,,,,,,0,44.8961,45.3971,,,,,,,,,,,images/purple_butterfly.png,images/white_butterfly.png,left_image, ,,,,,,44.3119,44.896,[0.2104511446165807],[-0.04408197495543841],[1],[0],[0],[0.5833000001907322],"[""right_image""]",4,1,17,0,1,,,,,
,,,,,001428,001,2025-07-01_12h06.31.559,Simon,2024.2.4,Linux armv81,56.81818182,,,,,,,,,,1,45.8327,46.3336,,,,,,,,,,,images/white_butterfly.png,images/purple_butterfly.png,left_image, ,,,,,,45.3981,45.8318,[-0.1579097636695047],[-0.04008424629285497],[1],[0],[0],[0.4331000003814722],"[""left_image""]",4,2,18,1,1,,,,,
,,,,,001428,001,2025-07-01_12h06.31.559,Simon,2024.2.4,Linux armv81,56.81818182,,,,,,,,,,1,47.454,47.9549,,,,,,,,,,,images/white_butterfly.png,images/yellow_butterfly.png,right_image, ,,,,,,46.3359,47.4538,[0.20302685487617567],[-0.027519966792134407],[1],[0],[0],[1.1173000001907383],"[""right_image""]",4,3,19,3,1,,,,,
,,,,,001428,001,2025-07-01_12h06.31.559,Simon,2024.2.4,Linux armv81,56.81818182,,,,,,,,,,,,,,,,,,,,,,,,,,,,,,,,,,,,,,,,,,,,,,47.9554,49.494,1,[49.49340000009536],[49.49340000009536]
