﻿instructions.started,instructions.stopped,start_button.numClicks,start_button.timesOn,start_button.timesOff,participant,session,date,expName,psychopyVersion,OS,frameRate,practice_trial.started,practice_trial.stopped,mouse_2.x,mouse_2.y,mouse_2.leftButton,mouse_2.midButton,mouse_2.rightButton,mouse_2.time,mouse_2.clicked_name,correct,feedback.started,feedback.stopped,loop_until_correct.thisRepN,loop_until_correct.thisTrialN,loop_until_correct.thisN,loop_until_correct.thisIndex,loop_until_correct.ran,prac_trials.thisRepN,prac_trials.thisTrialN,prac_trials.thisN,prac_trials.thisIndex,prac_trials.ran,left_color,right_color,correct_response,top_txt,instructions_2.started,instructions_2.stopped,start_button_2.numClicks,start_button_2.timesOn,start_button_2.timesOff,trial.started,trial.stopped,mouse.x,mouse.y,mouse.leftButton,mouse.midButton,mouse.rightButton,mouse.time,mouse.clicked_name,trials.thisRepN,trials.thisTrialN,trials.thisN,trials.thisIndex,trials.ran,end.started,end.stopped,start_button_3.numClicks,start_button_3.timesOn,start_button_3.timesOff
0.0014,18.2189,1,[18.254300000071527],[18.254300000071527],001702,001,2026-01-27_10h23.05.267,Simon,2024.2.4,Win32,30.03003003,,,,,,,,,,,,,,,,,,,,,,,,,,,,,,,,,,,,,,,,,,,,,,,,,,
,,,,,001702,001,2026-01-27_10h23.05.267,Simon,2024.2.4,Win32,30.03003003,18.2558,23.3185,[-0.18944099378881987],[-0.09627329192546584],[1],[0],[0],[5.058299999952318],"[""left_image_2"",""left_image_2""]",1,23.3201,23.8235,0,0,0,0,1,,,,,,,,,,,,,,,,,,,,,,,,,,,,,,,,,
,,,,,001702,001,2026-01-27_10h23.05.267,Simon,2024.2.4,Win32,30.03003003,,,,,,,,,,,,,,,,,,0,0,0,0,1,images/purple_butterfly.png,images/white_butterfly.png,left_image_2,"In this example, select the LEFT butterfly.",,,,,,,,,,,,,,,,,,,,,,,,
,,,,,001702,001,2026-01-27_10h23.05.267,Simon,2024.2.4,Win32,30.03003003,23.8271,30.1516,[-0.11645962732919254],[-0.006211180124223602],[1],[0],[0],[6.321600000023842],"[""left_image_2"",""left_image_2""]",1,30.1519,30.6513,0,0,0,0,1,,,,,,,,,,,,,,,,,,,,,,,,,,,,,,,,,
,,,,,001702,001,2026-01-27_10h23.05.267,Simon,2024.2.4,Win32,30.03003003,,,,,,,,,,,,,,,,,,0,1,1,1,1,images/white_butterfly.png,images/purple_butterfly.png,left_image_2,"In this example, select the LEFT butterfly.",,,,,,,,,,,,,,,,,,,,,,,,
,,,,,001702,001,2026-01-27_10h23.05.267,Simon,2024.2.4,Win32,30.03003003,30.6542,32.4513,[0.20496894409937888],[0.04503105590062112],[1],[0],[0],[1.7950000000000017],"[""right_image_2"",""right_image_2""]",1,32.4514,32.9514,0,0,0,0,1,,,,,,,,,,,,,,,,,,,,,,,,,,,,,,,,,
,,,,,001702,001,2026-01-27_10h23.05.267,Simon,2024.2.4,Win32,30.03003003,,,,,,,,,,,,,,,,,,0,2,2,2,1,images/yellow_butterfly.png,images/white_butterfly.png,right_image_2,"In this example, select the RIGHT butterfly.",,,,,,,,,,,,,,,,,,,,,,,,
,,,,,001702,001,2026-01-27_10h23.05.267,Simon,2024.2.4,Win32,30.03003003,32.9538,34.185,[0.20496894409937888],[0.04503105590062112],[1],[0],[0],[1.2299999999999969],"[""right_image_2"",""right_image_2""]",1,34.1852,34.6854,0,0,0,0,1,,,,,,,,,,,,,,,,,,,,,,,,,,,,,,,,,
,,,,,001702,001,2026-01-27_10h23.05.267,Simon,2024.2.4,Win32,30.03003003,,,,,,,,,,,,,,,,,,0,3,3,3,1,images/white_butterfly.png,images/yellow_butterfly.png,right_image_2,"In this example, select the RIGHT butterfly.",,,,,,,,,,,,,,,,,,,,,,,,
,,,,,001702,001,2026-01-27_10h23.05.267,Simon,2024.2.4,Win32,30.03003003,,,,,,,,,,,,,,,,,,,,,,,,,,,34.686,35.9517,1,[35.96060000002384],[35.96070000004768],,,,,,,,,,,,,,,,,,,
,,,,,001702,001,2026-01-27_10h23.05.267,Simon,2024.2.4,Win32,30.03003003,,,,,,,,,,1,37.285,37.7848,,,,,,,,,,,images/white_butterfly.png,images/purple_butterfly.png,left_image, ,,,,,,35.9701,37.285,[-0.16459627329192547],[-0.06366459627329192],[1],[0],[0],[1.3137000000476888],"[""left_image""]",0,0,0,1,1,,,,,
,,,,,001702,001,2026-01-27_10h23.05.267,Simon,2024.2.4,Win32,30.03003003,,,,,,,,,,1,38.5515,39.0512,,,,,,,,,,,images/purple_butterfly.png,images/white_butterfly.png,left_image, ,,,,,,37.7859,38.5514,[-0.16459627329192547],[-0.06366459627329192],[1],[0],[0],[0.7646999999284745],"[""left_image""]",0,1,1,0,1,,,,,
,,,,,001702,001,2026-01-27_10h23.05.267,Simon,2024.2.4,Win32,30.03003003,,,,,,,,,,1,40.3181,40.818,,,,,,,,,,,images/yellow_butterfly.png,images/white_butterfly.png,right_image, ,,,,,,39.0522,40.318,[0.13819875776397517],[-0.04503105590062112],[1],[0],[0],[1.2651999999284769],"[""right_image""]",0,2,2,2,1,,,,,
,,,,,001702,001,2026-01-27_10h23.05.267,Simon,2024.2.4,Win32,30.03003003,,,,,,,,,,1,41.6182,42.1179,,,,,,,,,,,images/white_butterfly.png,images/yellow_butterfly.png,right_image, ,,,,,,40.819,41.6182,[0.13819875776397517],[-0.04503105590062112],[1],[0],[0],[0.7983000000715208],"[""right_image""]",0,3,3,3,1,,,,,
,,,,,001702,001,2026-01-27_10h23.05.267,Simon,2024.2.4,Win32,30.03003003,,,,,,,,,,1,43.2514,43.7512,,,,,,,,,,,images/white_butterfly.png,images/purple_butterfly.png,left_image, ,,,,,,42.1189,43.2513,[-0.14596273291925466],[0.020186335403726708],[1],[0],[0],[1.131899999976163],"[""left_image""]",1,0,4,1,1,,,,,
,,,,,001702,001,2026-01-27_10h23.05.267,Simon,2024.2.4,Win32,30.03003003,,,,,,,,,,1,44.4176,44.918,,,,,,,,,,,images/purple_butterfly.png,images/white_butterfly.png,left_image, ,,,,,,43.7523,44.4175,[-0.14596273291925466],[0.020186335403726708],[1],[0],[0],[0.6644999999999968],"[""left_image""]",1,1,5,0,1,,,,,
,,,,,001702,001,2026-01-27_10h23.05.267,Simon,2024.2.4,Win32,30.03003003,,,,,,,,,,1,45.9849,46.4846,,,,,,,,,,,images/white_butterfly.png,images/yellow_butterfly.png,right_image, ,,,,,,44.9191,45.9847,[0.13354037267080746],[-0.049689440993788817],[1],[0],[0],[1.0649000000953635],"[""right_image""]",1,2,6,3,1,,,,,
,,,,,001702,001,2026-01-27_10h23.05.267,Simon,2024.2.4,Win32,30.03003003,,,,,,,,,,1,47.4181,47.918,,,,,,,,,,,images/yellow_butterfly.png,images/white_butterfly.png,right_image, ,,,,,,46.4857,47.4179,[0.13354037267080746],[-0.049689440993788817],[1],[0],[0],[0.9317000000476838],"[""right_image""]",1,3,7,2,1,,,,,
,,,,,001702,001,2026-01-27_10h23.05.267,Simon,2024.2.4,Win32,30.03003003,,,,,,,,,,1,49.3514,49.8513,,,,,,,,,,,images/white_butterfly.png,images/yellow_butterfly.png,right_image, ,,,,,,47.9189,49.3513,[0.13354037267080746],[-0.049689440993788817],[1],[0],[0],[1.4318999999761601],"[""right_image""]",2,0,8,3,1,,,,,
,,,,,001702,001,2026-01-27_10h23.05.267,Simon,2024.2.4,Win32,30.03003003,,,,,,,,,,1,50.918,51.4177,,,,,,,,,,,images/yellow_butterfly.png,images/white_butterfly.png,right_image, ,,,,,,49.8523,50.9179,[0.13354037267080746],[-0.049689440993788817],[1],[0],[0],[1.0649999999999977],"[""right_image""]",2,1,9,2,1,,,,,
,,,,,001702,001,2026-01-27_10h23.05.267,Simon,2024.2.4,Win32,30.03003003,,,,,,,,,,1,52.4846,52.9846,,,,,,,,,,,images/purple_butterfly.png,images/white_butterfly.png,left_image, ,,,,,,51.4187,52.4846,[-0.13354037267080746],[-0.03260869565217391],[1],[0],[0],[1.065399999976158],"[""left_image""]",2,2,10,0,1,,,,,
,,,,,001702,001,2026-01-27_10h23.05.267,Simon,2024.2.4,Win32,30.03003003,,,,,,,,,,1,53.8848,54.3844,,,,,,,,,,,images/white_butterfly.png,images/purple_butterfly.png,left_image, ,,,,,,52.9858,53.8847,[-0.13354037267080746],[-0.03260869565217391],[1],[0],[0],[0.8983000000715222],"[""left_image""]",2,3,11,1,1,,,,,
,,,,,001702,001,2026-01-27_10h23.05.267,Simon,2024.2.4,Win32,30.03003003,,,,,,,,,,1,55.3181,55.8179,,,,,,,,,,,images/white_butterfly.png,images/purple_butterfly.png,left_image, ,,,,,,54.3853,55.318,[-0.13354037267080746],[-0.03260869565217391],[1],[0],[0],[0.9324999999999974],"[""left_image""]",3,0,12,1,1,,,,,
,,,,,001702,001,2026-01-27_10h23.05.267,Simon,2024.2.4,Win32,30.03003003,,,,,,,,,,1,56.9847,57.4846,,,,,,,,,,,images/white_butterfly.png,images/yellow_butterfly.png,right_image, ,,,,,,55.8189,56.9846,[0.20652173913043478],[-0.013975155279503106],[1],[0],[0],[1.1653000000715252],"[""right_image""]",3,1,13,3,1,,,,,
,,,,,001702,001,2026-01-27_10h23.05.267,Simon,2024.2.4,Win32,30.03003003,,,,,,,,,,1,58.6846,59.1844,,,,,,,,,,,images/purple_butterfly.png,images/white_butterfly.png,left_image, ,,,,,,57.4857,58.6846,[-0.12422360248447205],[-0.009316770186335404],[1],[0],[0],[1.1983000000715194],"[""left_image""]",3,2,14,0,1,,,,,
,,,,,001702,001,2026-01-27_10h23.05.267,Simon,2024.2.4,Win32,30.03003003,,,,,,,,,,1,60.5845,61.0846,,,,,,,,,,,images/yellow_butterfly.png,images/white_butterfly.png,right_image, ,,,,,,59.1853,60.5844,[0.2267080745341615],[-0.03260869565217391],[1],[0],[0],[1.3986999999284606],"[""right_image""]",3,3,15,2,1,,,,,
,,,,,001702,001,2026-01-27_10h23.05.267,Simon,2024.2.4,Win32,30.03003003,,,,,,,,,,1,61.9846,62.4846,,,,,,,,,,,images/white_butterfly.png,images/yellow_butterfly.png,right_image, ,,,,,,61.0857,61.9846,[0.2267080745341615],[-0.03260869565217391],[1],[0],[0],[0.8983000000715293],"[""right_image""]",4,0,16,3,1,,,,,
,,,,,001702,001,2026-01-27_10h23.05.267,Simon,2024.2.4,Win32,30.03003003,,,,,,,,,,1,63.6181,64.1176,,,,,,,,,,,images/yellow_butterfly.png,images/white_butterfly.png,right_image, ,,,,,,62.4855,63.618,[0.2267080745341615],[-0.03260869565217391],[1],[0],[0],[1.1318999999761559],"[""right_image""]",4,1,17,2,1,,,,,
,,,,,001702,001,2026-01-27_10h23.05.267,Simon,2024.2.4,Win32,30.03003003,,,,,,,,,,1,65.318,65.818,,,,,,,,,,,images/white_butterfly.png,images/purple_butterfly.png,left_image, ,,,,,,64.1185,65.3179,[-0.10714285714285714],[0.007763975155279503],[1],[0],[0],[1.198999999999998],"[""left_image""]",4,2,18,1,1,,,,,
,,,,,001702,001,2026-01-27_10h23.05.267,Simon,2024.2.4,Win32,30.03003003,,,,,,,,,,1,66.9513,67.4512,,,,,,,,,,,images/purple_butterfly.png,images/white_butterfly.png,left_image, ,,,,,,65.8189,66.9512,[-0.10714285714285714],[0.007763975155279503],[1],[0],[0],[1.1317999999523067],"[""left_image""]",4,3,19,0,1,,,,,
,,,,,001702,001,2026-01-27_10h23.05.267,Simon,2024.2.4,Win32,30.03003003,,,,,,,,,,,,,,,,,,,,,,,,,,,,,,,,,,,,,,,,,,,,,,67.4517,69.9183,1,[69.91789999997614],[69.91789999997614]
