﻿instructions.started,instructions.stopped,start_button.numClicks,start_button.timesOn,start_button.timesOff,participant,session,date,expName,psychopyVersion,OS,frameRate,practice_trial.started,practice_trial.stopped,mouse_2.x,mouse_2.y,mouse_2.leftButton,mouse_2.midButton,mouse_2.rightButton,mouse_2.time,mouse_2.clicked_name,correct,feedback.started,feedback.stopped,loop_until_correct.thisRepN,loop_until_correct.thisTrialN,loop_until_correct.thisN,loop_until_correct.thisIndex,loop_until_correct.ran,prac_trials.thisRepN,prac_trials.thisTrialN,prac_trials.thisN,prac_trials.thisIndex,prac_trials.ran,left_color,right_color,correct_response,top_txt,instructions_2.started,instructions_2.stopped,start_button_2.numClicks,start_button_2.timesOn,start_button_2.timesOff,trial.started,trial.stopped,mouse.x,mouse.y,mouse.leftButton,mouse.midButton,mouse.rightButton,mouse.time,mouse.clicked_name,trials.thisRepN,trials.thisTrialN,trials.thisN,trials.thisIndex,trials.ran
0.0008,13.0985,1,[13.157700000047683],[13.157799999952317],001,001,2025-04-02_01h59.58.747,Simon,2024.2.4,Win32,39.68253968,,,,,,,,,,,,,,,,,,,,,,,,,,,,,,,,,,,,,,,,,,,,,
,,,,,001,001,2025-04-02_01h59.58.747,Simon,2024.2.4,Win32,39.68253968,13.1348,17.4988,[0.19063364244361225],[-0.008264462809917356],[1],[0],[0],[4.358899999856952],"[""right_image_2"",""right_image_2""]",0,17.5021,17.9954,0,0,0,0,1,,,,,,,,,,,,,,,,,,,,,,,,,,,,
,,,,,001,001,2025-04-02_01h59.58.747,Simon,2024.2.4,Win32,39.68253968,18.0099,20.6726,[-0.17961427462659263],[0.01707988140011622],[1],[0],[0],[2.6585000000000036],"[""left_image_2"",""left_image_2""]",1,20.677,21.1724,1,0,1,0,1,,,,,,,,,,,,,,,,,,,,,,,,,,,,
,,,,,001,001,2025-04-02_01h59.58.747,Simon,2024.2.4,Win32,39.68253968,,,,,,,,,,,,,,,,,,0,0,0,0,1,images/purple_butterfly.png,images/white_butterfly.png,left_image_2,"In this example, select the LEFT butterfly.",,,,,,,,,,,,,,,,,,,
,,,,,001,001,2025-04-02_01h59.58.747,Simon,2024.2.4,Win32,39.68253968,21.1911,22.1388,[0.20826447962400998],[0.034710718580513944],[1],[0],[0],[0.9432000000476819],"[""right_image_2"",""right_image_2""]",0,22.148,22.638,0,0,0,0,1,,,,,,,,,,,,,,,,,,,,,,,,,,,,
,,,,,001,001,2025-04-02_01h59.58.747,Simon,2024.2.4,Win32,39.68253968,22.6463,25.2942,[-0.17079889807162535],[0.043526179205944385],[1],[0],[0],[2.6461000001430506],"[""left_image_2"",""left_image_2""]",1,25.297,25.7958,1,0,1,0,1,,,,,,,,,,,,,,,,,,,,,,,,,,,,
,,,,,001,001,2025-04-02_01h59.58.747,Simon,2024.2.4,Win32,39.68253968,,,,,,,,,,,,,,,,,,0,1,1,1,1,images/white_butterfly.png,images/purple_butterfly.png,left_image_2,"In this example, select the LEFT butterfly.",,,,,,,,,,,,,,,,,,,
,,,,,001,001,2025-04-02_01h59.58.747,Simon,2024.2.4,Win32,39.68253968,25.803,29.3022,[0.18842973525202308],[-0.003856774532433712],[1],[0],[0],[3.497200000047684],"[""right_image_2"",""right_image_2""]",1,29.3046,29.8048,0,0,0,0,1,,,,,,,,,,,,,,,,,,,,,,,,,,,,
,,,,,001,001,2025-04-02_01h59.58.747,Simon,2024.2.4,Win32,39.68253968,,,,,,,,,,,,,,,,,,0,2,2,2,1,images/yellow_butterfly.png,images/white_butterfly.png,right_image_2,"In this example, select the RIGHT butterfly.",,,,,,,,,,,,,,,,,,,
,,,,,001,001,2025-04-02_01h59.58.747,Simon,2024.2.4,Win32,39.68253968,29.8114,31.0731,[0.1641873446377841],[-0.0027548209366391185],[1],[0],[0],[1.2597000000476797],"[""right_image_2"",""right_image_2""]",1,31.0794,31.5749,0,0,0,0,1,,,,,,,,,,,,,,,,,,,,,,,,,,,,
,,,,,001,001,2025-04-02_01h59.58.747,Simon,2024.2.4,Win32,39.68253968,,,,,,,,,,,,,,,,,,0,3,3,3,1,images/white_butterfly.png,images/yellow_butterfly.png,right_image_2,"In this example, select the RIGHT butterfly.",,,,,,,,,,,,,,,,,,,
,,,,,001,001,2025-04-02_01h59.58.747,Simon,2024.2.4,Win32,39.68253968,,,,,,,,,,,,,,,,,,,,,,,,,,,31.5758,33.1181,1,[33.131200000047684],[33.131200000047684],,,,,,,,,,,,,,
,,,,,001,001,2025-04-02_01h59.58.747,Simon,2024.2.4,Win32,39.68253968,,,,,,,,,,1,34.8459,35.3469,,,,,,,,,,,images/white_butterfly.png,images/purple_butterfly.png,left_image, ,,,,,,33.1303,34.8457,[-0.17961427462659263],[-0.004958686092996729],[1],[0],[0],[1.714299999952317],"[""left_image""]",0,0,0,1,1
,,,,,001,001,2025-04-02_01h59.58.747,Simon,2024.2.4,Win32,39.68253968,,,,,,,,,,1,36.2636,36.7643,,,,,,,,,,,images/yellow_butterfly.png,images/white_butterfly.png,right_image, ,,,,,,35.3509,36.2635,[0.1520661493306646],[-0.009366416405711949],[1],[0],[0],[0.9120999999046333],"[""right_image""]",0,1,1,2,1
,,,,,001,001,2025-04-02_01h59.58.747,Simon,2024.2.4,Win32,39.68253968,,,,,,,,,,1,39.0612,39.5629,,,,,,,,,,,images/white_butterfly.png,images/yellow_butterfly.png,right_image, ,,,,,,36.7748,39.0611,[0.26225898679622933],[-0.012672193122632576],[1],[0],[0],[2.285399999856949],"[""right_image""]",0,2,2,3,1
,,,,,001,001,2025-04-02_01h59.58.747,Simon,2024.2.4,Win32,39.68253968,,,,,,,,,,1,41.055,41.5443,,,,,,,,,,,images/purple_butterfly.png,images/white_butterfly.png,left_image, ,,,,,,39.5749,41.0549,[-0.17300272119275137],[-0.020385700152268423],[1],[0],[0],[1.4795000000000016],"[""left_image""]",0,3,3,0,1
,,,,,001,001,2025-04-02_01h59.58.747,Simon,2024.2.4,Win32,39.68253968,,,,,,,,,,1,42.3456,42.8463,,,,,,,,,,,images/white_butterfly.png,images/purple_butterfly.png,left_image, ,,,,,,41.5484,42.3456,[-0.1763085399449036],[-0.02148761171283144],[1],[0],[0],[0.7965999999046289],"[""left_image""]",1,0,4,1,1
,,,,,001,001,2025-04-02_01h59.58.747,Simon,2024.2.4,Win32,39.68253968,,,,,,,,,,1,44.2179,44.7199,,,,,,,,,,,images/white_butterfly.png,images/yellow_butterfly.png,right_image, ,,,,,,42.8555,44.2176,[0.15867770276450585],[-0.010468327966274966],[1],[0],[0],[1.3613999998569355],"[""right_image""]",1,1,5,3,1
