﻿instructions.started,instructions.stopped,start_button.numClicks,start_button.timesOn,start_button.timesOff,participant,session,date,expName,psychopyVersion,OS,frameRate,practice_trial.started,practice_trial.stopped,mouse_2.x,mouse_2.y,mouse_2.leftButton,mouse_2.midButton,mouse_2.rightButton,mouse_2.time,mouse_2.clicked_name,correct,feedback.started,feedback.stopped,loop_until_correct.thisRepN,loop_until_correct.thisTrialN,loop_until_correct.thisN,loop_until_correct.thisIndex,loop_until_correct.ran,prac_trials.thisRepN,prac_trials.thisTrialN,prac_trials.thisN,prac_trials.thisIndex,prac_trials.ran,left_color,right_color,correct_response,top_txt,instructions_2.started,instructions_2.stopped,start_button_2.numClicks,start_button_2.timesOn,start_button_2.timesOff,trial.started,trial.stopped,mouse.x,mouse.y,mouse.leftButton,mouse.midButton,mouse.rightButton,mouse.time,mouse.clicked_name,trials.thisRepN,trials.thisTrialN,trials.thisN,trials.thisIndex,trials.ran,end.started,end.stopped,start_button_3.numClicks,start_button_3.timesOn,start_button_3.timesOff
0.0002,15.1718,1,[15.180299999952314],[15.180399999976157],003046,001,2025-10-26_17h56.14.219,Simon,2024.2.4,Win32,59.88023952,,,,,,,,,,,,,,,,,,,,,,,,,,,,,,,,,,,,,,,,,,,,,,,,,,
,,,,,003046,001,2025-10-26_17h56.14.219,Simon,2024.2.4,Win32,59.88023952,15.181,16.1721,[-0.15477497255762898],[-0.07848518111964874],[1],[0],[0],[0.9892000000476848],"[""left_image_2"",""left_image_2""]",1,16.1727,16.6718,0,0,0,0,1,,,,,,,,,,,,,,,,,,,,,,,,,,,,,,,,,
,,,,,003046,001,2025-10-26_17h56.14.219,Simon,2024.2.4,Win32,59.88023952,,,,,,,,,,,,,,,,,,0,0,0,0,1,images/purple_butterfly.png,images/white_butterfly.png,left_image_2,"In this example, select the LEFT butterfly.",,,,,,,,,,,,,,,,,,,,,,,,
,,,,,003046,001,2025-10-26_17h56.14.219,Simon,2024.2.4,Win32,59.88023952,16.6732,17.7715,[0.11745334796926454],[-0.027991218441273325],[1],[0],[0],[1.0971000000238398],"[""right_image_2"",""right_image_2""]",0,17.7723,18.2719,0,0,0,0,1,,,,,,,,,,,,,,,,,,,,,,,,,,,,,,,,,
,,,,,003046,001,2025-10-26_17h56.14.219,Simon,2024.2.4,Win32,59.88023952,18.2729,18.938,[-0.2261251372118551],[0.011525795828759604],[1],[0],[0],[0.6645000000000003],"[""left_image_2"",""left_image_2""]",1,18.9385,19.4377,1,0,1,0,1,,,,,,,,,,,,,,,,,,,,,,,,,,,,,,,,,
,,,,,003046,001,2025-10-26_17h56.14.219,Simon,2024.2.4,Win32,59.88023952,,,,,,,,,,,,,,,,,,0,1,1,1,1,images/white_butterfly.png,images/purple_butterfly.png,left_image_2,"In this example, select the LEFT butterfly.",,,,,,,,,,,,,,,,,,,,,,,,
,,,,,003046,001,2025-10-26_17h56.14.219,Simon,2024.2.4,Win32,59.88023952,19.439,20.3882,[0.12294182217343579],[0.009330406147091108],[1],[0],[0],[0.9481000000238424],"[""right_image_2"",""right_image_2""]",1,20.3884,20.8878,0,0,0,0,1,,,,,,,,,,,,,,,,,,,,,,,,,,,,,,,,,
,,,,,003046,001,2025-10-26_17h56.14.219,Simon,2024.2.4,Win32,59.88023952,,,,,,,,,,,,,,,,,,0,2,2,2,1,images/yellow_butterfly.png,images/white_butterfly.png,right_image_2,"In this example, select the RIGHT butterfly.",,,,,,,,,,,,,,,,,,,,,,,,
,,,,,003046,001,2025-10-26_17h56.14.219,Simon,2024.2.4,Win32,59.88023952,20.8894,21.9714,[0.1690450054884742],[-0.08287596048298573],[1],[0],[0],[1.0813000000715256],"[""right_image_2"",""right_image_2""]",1,21.972,22.4717,0,0,0,0,1,,,,,,,,,,,,,,,,,,,,,,,,,,,,,,,,,
,,,,,003046,001,2025-10-26_17h56.14.219,Simon,2024.2.4,Win32,59.88023952,,,,,,,,,,,,,,,,,,0,3,3,3,1,images/white_butterfly.png,images/yellow_butterfly.png,right_image_2,"In this example, select the RIGHT butterfly.",,,,,,,,,,,,,,,,,,,,,,,,
,,,,,003046,001,2025-10-26_17h56.14.219,Simon,2024.2.4,Win32,59.88023952,,,,,,,,,,,,,,,,,,,,,,,,,,,22.4722,25.1214,1,[25.122299999952318],[25.122299999952318],,,,,,,,,,,,,,,,,,,
,,,,,003046,001,2025-10-26_17h56.14.219,Simon,2024.2.4,Win32,59.88023952,,,,,,,,,,1,25.9218,26.4215,,,,,,,,,,,images/white_butterfly.png,images/yellow_butterfly.png,right_image, ,,,,,,25.1254,25.9217,[0.23819978046103182],[0.0038419319429198683],[1],[0],[0],[0.7956999999284733],"[""right_image""]",0,0,0,3,1,,,,,
,,,,,003046,001,2025-10-26_17h56.14.219,Simon,2024.2.4,Win32,59.88023952,,,,,,,,,,1,27.3383,27.8379,,,,,,,,,,,images/yellow_butterfly.png,images/white_butterfly.png,right_image, ,,,,,,26.4225,27.3382,[0.20636663007683864],[-0.02030735455543359],[1],[0],[0],[0.9148999999761571],"[""right_image""]",0,1,1,2,1,,,,,
,,,,,003046,001,2025-10-26_17h56.14.219,Simon,2024.2.4,Win32,59.88023952,,,,,,,,,,1,28.9878,29.488,,,,,,,,,,,images/white_butterfly.png,images/purple_butterfly.png,left_image, ,,,,,,27.8391,28.9878,[-0.27332601536772777],[0.015916575192096598],[1],[0],[0],[1.1483000000715222],"[""left_image""]",0,2,2,1,1,,,,,
,,,,,003046,001,2025-10-26_17h56.14.219,Simon,2024.2.4,Win32,59.88023952,,,,,,,,,,1,29.9714,30.4712,,,,,,,,,,,images/purple_butterfly.png,images/white_butterfly.png,left_image, ,,,,,,29.4888,29.9713,[-0.17014270032930845],[-0.004939626783754116],[1],[0],[0],[0.48210000002384135],"[""left_image""]",0,3,3,0,1,,,,,
,,,,,003046,001,2025-10-26_17h56.14.219,Simon,2024.2.4,Win32,59.88023952,,,,,,,,,,1,31.1218,31.6216,,,,,,,,,,,images/white_butterfly.png,images/purple_butterfly.png,left_image, ,,,,,,30.4724,31.1217,[-0.1602634467618002],[0.007135016465422613],[1],[0],[0],[0.6488999999761589],"[""left_image""]",1,0,4,1,1,,,,,
,,,,,003046,001,2025-10-26_17h56.14.219,Simon,2024.2.4,Win32,59.88023952,,,,,,,,,,1,32.2544,32.7549,,,,,,,,,,,images/white_butterfly.png,images/yellow_butterfly.png,right_image, ,,,,,,31.6223,32.2543,[0.20636663007683864],[-0.045554335894621295],[1],[0],[0],[0.6317000000476796],"[""right_image""]",1,1,5,3,1,,,,,
,,,,,003046,001,2025-10-26_17h56.14.219,Simon,2024.2.4,Win32,59.88023952,,,,,,,,,,1,33.3717,33.8717,,,,,,,,,,,images/yellow_butterfly.png,images/white_butterfly.png,right_image, ,,,,,,32.7555,33.3716,[0.15587266739846323],[0.05982436882546652],[1],[0],[0],[0.6156999999284736],"[""right_image""]",1,2,6,2,1,,,,,
,,,,,003046,001,2025-10-26_17h56.14.219,Simon,2024.2.4,Win32,59.88023952,,,,,,,,,,1,34.5882,35.0888,,,,,,,,,,,images/purple_butterfly.png,images/white_butterfly.png,left_image, ,,,,,,33.8724,34.588,[-0.16794731064763996],[0.03457738748627882],[1],[0],[0],[0.7152000000476875],"[""left_image""]",1,3,7,0,1,,,,,
,,,,,003046,001,2025-10-26_17h56.14.219,Simon,2024.2.4,Win32,59.88023952,,,,,,,,,,1,35.8715,36.3712,,,,,,,,,,,images/white_butterfly.png,images/purple_butterfly.png,left_image, ,,,,,,35.0892,35.8712,[-0.2030735455543359],[-0.03128430296377607],[1],[0],[0],[0.7817000000476781],"[""left_image""]",2,0,8,1,1,,,,,
,,,,,003046,001,2025-10-26_17h56.14.219,Simon,2024.2.4,Win32,59.88023952,,,,,,,,,,1,37.0883,37.5879,,,,,,,,,,,images/white_butterfly.png,images/yellow_butterfly.png,right_image, ,,,,,,36.372,37.0882,[0.2502744237102086],[0.019209659714599342],[1],[0],[0],[0.7152000000476804],"[""right_image""]",2,1,9,3,1,,,,,
,,,,,003046,001,2025-10-26_17h56.14.219,Simon,2024.2.4,Win32,59.88023952,,,,,,,,,,1,38.0543,38.5547,,,,,,,,,,,images/yellow_butterfly.png,images/white_butterfly.png,right_image, ,,,,,,37.589,38.0543,[0.2052689352360044],[0.13666300768386389],[1],[0],[0],[0.4648999999761543],"[""right_image""]",2,2,10,2,1,,,,,
,,,,,003046,001,2025-10-26_17h56.14.219,Simon,2024.2.4,Win32,59.88023952,,,,,,,,,,1,39.0213,39.5214,,,,,,,,,,,images/purple_butterfly.png,images/white_butterfly.png,left_image, ,,,,,,38.5556,39.0213,[-0.14050493962678376],[0.08287596048298573],[1],[0],[0],[0.46510000002384544],"[""left_image""]",2,3,11,0,1,,,,,
,,,,,003046,001,2025-10-26_17h56.14.219,Simon,2024.2.4,Win32,59.88023952,,,,,,,,,,1,40.2379,40.7379,,,,,,,,,,,images/purple_butterfly.png,images/white_butterfly.png,left_image, ,,,,,,39.5222,40.2378,[-0.13172338090010977],[0.021405049396267837],[1],[0],[0],[0.7154999999999987],"[""left_image""]",3,0,12,0,1,,,,,
,,,,,003046,001,2025-10-26_17h56.14.219,Simon,2024.2.4,Win32,59.88023952,,,,,,,,,,1,41.2715,41.772,,,,,,,,,,,images/white_butterfly.png,images/purple_butterfly.png,left_image, ,,,,,,40.7387,41.2714,[-0.14928649835345773],[-0.0060373216245883645],[1],[0],[0],[0.5322000000476876],"[""left_image""]",3,1,13,1,1,,,,,
,,,,,003046,001,2025-10-26_17h56.14.219,Simon,2024.2.4,Win32,59.88023952,,,,,,,,,,1,42.288,42.7888,,,,,,,,,,,images/yellow_butterfly.png,images/white_butterfly.png,right_image, ,,,,,,41.7725,42.2879,[0.2239297475301866],[-0.009330406147091108],[1],[0],[0],[0.5151000000238426],"[""right_image""]",3,2,14,2,1,,,,,
,,,,,003046,001,2025-10-26_17h56.14.219,Simon,2024.2.4,Win32,59.88023952,,,,,,,,,,1,43.172,43.6719,,,,,,,,,,,images/white_butterfly.png,images/yellow_butterfly.png,right_image, ,,,,,,42.7894,43.1719,[0.21844127332601537],[-0.00823271130625686],[1],[0],[0],[0.38220000004768906],"[""right_image""]",3,3,15,3,1,,,,,
,,,,,003046,001,2025-10-26_17h56.14.219,Simon,2024.2.4,Win32,59.88023952,,,,,,,,,,1,44.4213,44.9215,,,,,,,,,,,images/purple_butterfly.png,images/white_butterfly.png,left_image, ,,,,,,43.6726,44.4213,[-0.29418221734357847],[0.011525795828759604],[1],[0],[0],[0.7482999999523159],"[""left_image""]",4,0,16,0,1,,,,,
,,,,,003046,001,2025-10-26_17h56.14.219,Simon,2024.2.4,Win32,59.88023952,,,,,,,,,,1,45.6212,46.1217,,,,,,,,,,,images/white_butterfly.png,images/purple_butterfly.png,left_image, ,,,,,,44.9222,45.6211,[-0.12184412733260154],[0.011525795828759604],[1],[0],[0],[0.6986000000238377],"[""left_image""]",4,1,17,1,1,,,,,
,,,,,003046,001,2025-10-26_17h56.14.219,Simon,2024.2.4,Win32,59.88023952,,,,,,,,,,1,46.9881,47.4878,,,,,,,,,,,images/yellow_butterfly.png,images/white_butterfly.png,right_image, ,,,,,,46.1224,46.988,[0.17453347969264543],[-0.001646542261251372],[1],[0],[0],[0.8653999999761552],"[""right_image""]",4,2,18,2,1,,,,,
,,,,,003046,001,2025-10-26_17h56.14.219,Simon,2024.2.4,Win32,59.88023952,,,,,,,,,,1,48.1048,48.6047,,,,,,,,,,,images/white_butterfly.png,images/yellow_butterfly.png,right_image, ,,,,,,47.4883,48.1045,[0.16465422612513722],[-0.10043907793633369],[1],[0],[0],[0.6159999999999997],"[""right_image""]",4,3,19,3,1,,,,,
,,,,,003046,001,2025-10-26_17h56.14.219,Simon,2024.2.4,Win32,59.88023952,,,,,,,,,,,,,,,,,,,,,,,,,,,,,,,,,,,,,,,,,,,,,,48.6051,49.7881,1,[49.78780000007153],[49.78780000007153]
