﻿instructions.started,instructions.stopped,start_button.numClicks,start_button.timesOn,start_button.timesOff,participant,session,date,expName,psychopyVersion,OS,frameRate,practice_trial.started,practice_trial.stopped,mouse_2.x,mouse_2.y,mouse_2.leftButton,mouse_2.midButton,mouse_2.rightButton,mouse_2.time,mouse_2.clicked_name,correct,feedback.started,feedback.stopped,loop_until_correct.thisRepN,loop_until_correct.thisTrialN,loop_until_correct.thisN,loop_until_correct.thisIndex,loop_until_correct.ran,prac_trials.thisRepN,prac_trials.thisTrialN,prac_trials.thisN,prac_trials.thisIndex,prac_trials.ran,left_color,right_color,correct_response,top_txt,instructions_2.started,instructions_2.stopped,start_button_2.numClicks,start_button_2.timesOn,start_button_2.timesOff,trial.started,trial.stopped,mouse.x,mouse.y,mouse.leftButton,mouse.midButton,mouse.rightButton,mouse.time,mouse.clicked_name,trials.thisRepN,trials.thisTrialN,trials.thisN,trials.thisIndex,trials.ran,end.started,end.stopped,start_button_3.numClicks,start_button_3.timesOn,start_button_3.timesOff
0.0001,2.2547,1,[2.2755],[2.275600000023842],004000,001,2026-01-27_08h31.12.292,Simon,2024.2.4,Win32,59.88023952,,,,,,,,,,,,,,,,,,,,,,,,,,,,,,,,,,,,,,,,,,,,,,,,,,
,,,,,004000,001,2026-01-27_08h31.12.292,Simon,2024.2.4,Win32,59.88023952,2.3031,5.2369,[-0.21684867394695787],[-0.04758190327613104],[1],[0],[0],[2.9291999999880804],"[""left_image_2"",""left_image_2""]",1,5.2381,5.5361,0,0,0,0,1,,,,,,,,,,,,,,,,,,,,,,,,,,,,,,,,,
,,,,,004000,001,2026-01-27_08h31.12.292,Simon,2024.2.4,Win32,59.88023952,,,,,,,,,,,,,,,,,,0,0,0,0,1,images/purple_butterfly.png,images/white_butterfly.png,left_image_2,"In this example, select the LEFT butterfly.",,,,,,,,,,,,,,,,,,,,,,,,
,,,,,004000,001,2026-01-27_08h31.12.292,Simon,2024.2.4,Win32,59.88023952,5.5402,6.2543,[-0.21684867394695787],[-0.04758190327613104],[1],[0],[0],[0.7121000000238418],"[""left_image_2"",""left_image_2""]",1,6.2549,6.7534,0,0,0,0,1,,,,,,,,,,,,,,,,,,,,,,,,,,,,,,,,,
,,,,,004000,001,2026-01-27_08h31.12.292,Simon,2024.2.4,Win32,59.88023952,,,,,,,,,,,,,,,,,,0,1,1,1,1,images/white_butterfly.png,images/purple_butterfly.png,left_image_2,"In this example, select the LEFT butterfly.",,,,,,,,,,,,,,,,,,,,,,,,
,,,,,004000,001,2026-01-27_08h31.12.292,Simon,2024.2.4,Win32,59.88023952,6.7583,7.7698,[0.1856474258970359],[-0.06006240249609984],[1],[0],[0],[1.0095000000000027],"[""right_image_2"",""right_image_2""]",1,7.7707,8.2695,0,0,0,0,1,,,,,,,,,,,,,,,,,,,,,,,,,,,,,,,,,
,,,,,004000,001,2026-01-27_08h31.12.292,Simon,2024.2.4,Win32,59.88023952,,,,,,,,,,,,,,,,,,0,2,2,2,1,images/yellow_butterfly.png,images/white_butterfly.png,right_image_2,"In this example, select the RIGHT butterfly.",,,,,,,,,,,,,,,,,,,,,,,,
,,,,,004000,001,2026-01-27_08h31.12.292,Simon,2024.2.4,Win32,59.88023952,8.2749,8.8886,[0.1856474258970359],[-0.06006240249609984],[1],[0],[0],[0.6111999999880773],"[""right_image_2"",""right_image_2""]",1,8.8889,9.3861,0,0,0,0,1,,,,,,,,,,,,,,,,,,,,,,,,,,,,,,,,,
,,,,,004000,001,2026-01-27_08h31.12.292,Simon,2024.2.4,Win32,59.88023952,,,,,,,,,,,,,,,,,,0,3,3,3,1,images/white_butterfly.png,images/yellow_butterfly.png,right_image_2,"In this example, select the RIGHT butterfly.",,,,,,,,,,,,,,,,,,,,,,,,
,,,,,004000,001,2026-01-27_08h31.12.292,Simon,2024.2.4,Win32,59.88023952,,,,,,,,,,,,,,,,,,,,,,,,,,,9.3866,11.0865,1,[11.091600000023842],[11.091600000023842],,,,,,,,,,,,,,,,,,,
,,,,,004000,001,2026-01-27_08h31.12.292,Simon,2024.2.4,Win32,59.88023952,,,,,,,,,,1,12.3199,12.8195,,,,,,,,,,,images/white_butterfly.png,images/yellow_butterfly.png,right_image, ,,,,,,11.1151,12.3196,[0.1684867394695788],[-0.05070202808112324],[1],[0],[0],[1.203300000011918],"[""right_image""]",0,0,0,3,1,,,,,
,,,,,004000,001,2026-01-27_08h31.12.292,Simon,2024.2.4,Win32,59.88023952,,,,,,,,,,1,13.3718,13.8693,,,,,,,,,,,images/yellow_butterfly.png,images/white_butterfly.png,right_image, ,,,,,,12.8221,13.3717,[0.1684867394695788],[-0.05070202808112324],[1],[0],[0],[0.5481999999880784],"[""right_image""]",0,1,1,2,1,,,,,
,,,,,004000,001,2026-01-27_08h31.12.292,Simon,2024.2.4,Win32,59.88023952,,,,,,,,,,1,14.8372,15.3361,,,,,,,,,,,images/purple_butterfly.png,images/white_butterfly.png,left_image, ,,,,,,13.8717,14.836,[-0.22776911076443057],[-0.02418096723868955],[1],[0],[0],[0.9630999999642356],"[""left_image""]",0,2,2,0,1,,,,,
,,,,,004000,001,2026-01-27_08h31.12.292,Simon,2024.2.4,Win32,59.88023952,,,,,,,,,,1,15.9048,16.4025,,,,,,,,,,,images/white_butterfly.png,images/purple_butterfly.png,left_image, ,,,,,,15.3378,15.9047,[-0.22776911076443057],[-0.02418096723868955],[1],[0],[0],[0.5656000000238421],"[""left_image""]",0,3,3,1,1,,,,,
,,,,,004000,001,2026-01-27_08h31.12.292,Simon,2024.2.4,Win32,59.88023952,,,,,,,,,,1,17.5193,18.0191,,,,,,,,,,,images/white_butterfly.png,images/yellow_butterfly.png,right_image, ,,,,,,16.4048,17.5191,[0.20280811232449297],[0.0039001560062402497],[1],[0],[0],[1.1133000000119218],"[""right_image""]",1,0,4,3,1,,,,,
,,,,,004000,001,2026-01-27_08h31.12.292,Simon,2024.2.4,Win32,59.88023952,,,,,,,,,,1,18.7192,19.2189,,,,,,,,,,,images/yellow_butterfly.png,images/white_butterfly.png,right_image, ,,,,,,18.0213,18.7191,[0.20280811232449297],[0.0039001560062402497],[1],[0],[0],[0.6956000000238411],"[""right_image""]",1,1,5,2,1,,,,,
,,,,,004000,001,2026-01-27_08h31.12.292,Simon,2024.2.4,Win32,59.88023952,,,,,,,,,,1,20.2528,20.7525,,,,,,,,,,,images/purple_butterfly.png,images/white_butterfly.png,left_image, ,,,,,,19.2219,20.2527,[-0.13884555382215288],[0.01326053042121685],[1],[0],[0],[1.029800000011921],"[""left_image""]",1,2,6,0,1,,,,,
,,,,,004000,001,2026-01-27_08h31.12.292,Simon,2024.2.4,Win32,59.88023952,,,,,,,,,,1,21.4527,21.9523,,,,,,,,,,,images/white_butterfly.png,images/purple_butterfly.png,left_image, ,,,,,,20.7548,21.4524,[-0.13884555382215288],[0.01326053042121685],[1],[0],[0],[0.6964000000357622],"[""left_image""]",1,3,7,1,1,,,,,
,,,,,004000,001,2026-01-27_08h31.12.292,Simon,2024.2.4,Win32,59.88023952,,,,,,,,,,1,22.4193,22.9186,,,,,,,,,,,images/white_butterfly.png,images/purple_butterfly.png,left_image, ,,,,,,21.9542,22.4191,[-0.13884555382215288],[0.01326053042121685],[1],[0],[0],[0.46440000003576287],"[""left_image""]",2,0,8,1,1,,,,,
,,,,,004000,001,2026-01-27_08h31.12.292,Simon,2024.2.4,Win32,59.88023952,,,,,,,,,,1,23.6549,24.1522,,,,,,,,,,,images/purple_butterfly.png,images/white_butterfly.png,left_image, ,,,,,,22.9212,23.6548,[-0.13884555382215288],[0.01326053042121685],[1],[0],[0],[0.7323999999761597],"[""left_image""]",2,1,9,0,1,,,,,
,,,,,004000,001,2026-01-27_08h31.12.292,Simon,2024.2.4,Win32,59.88023952,,,,,,,,,,1,25.2855,25.7853,,,,,,,,,,,images/white_butterfly.png,images/yellow_butterfly.png,right_image, ,,,,,,24.1541,25.2854,[0.20904836193447737],[0.00078003120124805],[1],[0],[0],[1.129999999999999],"[""right_image""]",2,2,10,3,1,,,,,
,,,,,004000,001,2026-01-27_08h31.12.292,Simon,2024.2.4,Win32,59.88023952,,,,,,,,,,1,26.302,26.802,,,,,,,,,,,images/yellow_butterfly.png,images/white_butterfly.png,right_image, ,,,,,,25.7887,26.3019,[0.20904836193447737],[0.00078003120124805],[1],[0],[0],[0.5118000000119203],"[""right_image""]",2,3,11,2,1,,,,,
,,,,,004000,001,2026-01-27_08h31.12.292,Simon,2024.2.4,Win32,59.88023952,,,,,,,,,,1,27.9371,28.4354,,,,,,,,,,,images/white_butterfly.png,images/purple_butterfly.png,left_image, ,,,,,,26.8052,27.937,[-0.11544461778471139],[-0.00078003120124805],[1],[0],[0],[1.1302000000476795],"[""left_image""]",3,0,12,1,1,,,,,
,,,,,004000,001,2026-01-27_08h31.12.292,Simon,2024.2.4,Win32,59.88023952,,,,,,,,,,1,30.1687,30.6686,,,,,,,,,,,images/yellow_butterfly.png,images/white_butterfly.png,right_image, ,,,,,,28.4373,30.1684,"[0.36037441497659906,0.2667706708268331]","[-0.07878315132605304,-0.06162246489859594]","[1,1]","[0,0]","[0,0]","[1.0632000000476793,1.7295000000000016]","[null,""right_image""]",3,1,13,2,1,,,,,
,,,,,004000,001,2026-01-27_08h31.12.292,Simon,2024.2.4,Win32,59.88023952,,,,,,,,,,1,31.752,32.2519,,,,,,,,,,,images/purple_butterfly.png,images/white_butterfly.png,left_image, ,,,,,,30.6717,31.7518,[-0.24024960998439937],[-0.05694227769110764],[1],[0],[0],[1.0790000000000006],"[""left_image""]",3,2,14,0,1,,,,,
,,,,,004000,001,2026-01-27_08h31.12.292,Simon,2024.2.4,Win32,59.88023952,,,,,,,,,,1,33.854,34.3518,,,,,,,,,,,images/white_butterfly.png,images/yellow_butterfly.png,right_image, ,,,,,,32.2554,33.8539,[0.22308892355694226],[-0.06786271450858035],[1],[0],[0],[1.5968000000119247],"[""right_image""]",3,3,15,3,1,,,,,
,,,,,004000,001,2026-01-27_08h31.12.292,Simon,2024.2.4,Win32,59.88023952,,,,,,,,,,1,35.7683,36.2684,,,,,,,,,,,images/yellow_butterfly.png,images/white_butterfly.png,right_image, ,,,,,,34.355,35.7682,[0.22308892355694226],[-0.06786271450858035],[1],[0],[0],[1.411199999988078],"[""right_image""]",4,0,16,2,1,,,,,
,,,,,004000,001,2026-01-27_08h31.12.292,Simon,2024.2.4,Win32,59.88023952,,,,,,,,,,1,37.4366,37.9348,,,,,,,,,,,images/white_butterfly.png,images/purple_butterfly.png,left_image, ,,,,,,36.2718,37.4364,[-0.25117004680187205],[-0.038221528861154444],[1],[0],[0],[1.163499999999999],"[""left_image""]",4,1,17,1,1,,,,,
,,,,,004000,001,2026-01-27_08h31.12.292,Simon,2024.2.4,Win32,59.88023952,,,,,,,,,,1,38.7685,39.2681,,,,,,,,,,,images/purple_butterfly.png,images/white_butterfly.png,left_image, ,,,,,,37.9379,38.7683,[-0.25117004680187205],[-0.038221528861154444],[1],[0],[0],[0.8287999999523166],"[""left_image""]",4,2,18,0,1,,,,,
,,,,,004000,001,2026-01-27_08h31.12.292,Simon,2024.2.4,Win32,59.88023952,,,,,,,,,,1,40.5517,41.0513,,,,,,,,,,,images/white_butterfly.png,images/yellow_butterfly.png,right_image, ,,,,,,39.2711,40.5515,[0.14508580343213728],[-0.033541341653666144],[1],[0],[0],[1.2786999999880777],"[""right_image""]",4,3,19,3,1,,,,,
,,,,,004000,001,2026-01-27_08h31.12.292,Simon,2024.2.4,Win32,59.88023952,,,,,,,,,,,,,,,,,,,,,,,,,,,,,,,,,,,,,,,,,,,,,,41.0519,42.8184,1,[42.81769999998808],[42.81769999998808]
