﻿instructions.started,instructions.stopped,start_button.numClicks,start_button.timesOn,start_button.timesOff,participant,session,date,expName,psychopyVersion,OS,frameRate,practice_trial.started,practice_trial.stopped,mouse_2.x,mouse_2.y,mouse_2.leftButton,mouse_2.midButton,mouse_2.rightButton,mouse_2.time,mouse_2.clicked_name,correct,feedback.started,feedback.stopped,loop_until_correct.thisRepN,loop_until_correct.thisTrialN,loop_until_correct.thisN,loop_until_correct.thisIndex,loop_until_correct.ran,prac_trials.thisRepN,prac_trials.thisTrialN,prac_trials.thisN,prac_trials.thisIndex,prac_trials.ran,left_color,right_color,correct_response,top_txt,instructions_2.started,instructions_2.stopped,start_button_2.numClicks,start_button_2.timesOn,start_button_2.timesOff,trial.started,trial.stopped,mouse.x,mouse.y,mouse.leftButton,mouse.midButton,mouse.rightButton,mouse.time,mouse.clicked_name,trials.thisRepN,trials.thisTrialN,trials.thisN,trials.thisIndex,trials.ran,end.started,end.stopped,start_button_3.numClicks,start_button_3.timesOn,start_button_3.timesOff
0.001,25.604,1,[25.613999999999997],[25.613999999999997],004490,001,2025-04-02_12h33.27.118,Simon,2024.2.4,iPhone,50,,,,,,,,,,,,,,,,,,,,,,,,,,,,,,,,,,,,,,,,,,,,,,,,,,
,,,,,004490,001,2025-04-02_12h33.27.118,Simon,2024.2.4,iPhone,50,25.629,26.366,[-0.23536895674300254],[-0.04961832061068702],[1],[0],[0],[0.7330000000000041],"[""left_image_2"",""left_image_2""]",1,26.367,26.856,0,0,0,0,1,,,,,,,,,,,,,,,,,,,,,,,,,,,,,,,,,
,,,,,004490,001,2025-04-02_12h33.27.118,Simon,2024.2.4,iPhone,50,,,,,,,,,,,,,,,,,,0,0,0,0,1,images/purple_butterfly.png,images/white_butterfly.png,left_image_2,"In this example, select the LEFT butterfly.",,,,,,,,,,,,,,,,,,,,,,,,
,,,,,004490,001,2025-04-02_12h33.27.118,Simon,2024.2.4,iPhone,50,26.859,27.913,[-0.25572519083969464],[-0.054707379134860054],[1],[0],[0],[1.0499999999999972],"[""left_image_2"",""left_image_2""]",1,27.913,28.403,0,0,0,0,1,,,,,,,,,,,,,,,,,,,,,,,,,,,,,,,,,
,,,,,004490,001,2025-04-02_12h33.27.118,Simon,2024.2.4,iPhone,50,,,,,,,,,,,,,,,,,,0,1,1,1,1,images/white_butterfly.png,images/purple_butterfly.png,left_image_2,"In this example, select the LEFT butterfly.",,,,,,,,,,,,,,,,,,,,,,,,
,,,,,004490,001,2025-04-02_12h33.27.118,Simon,2024.2.4,iPhone,50,28.406,29.211,[0.25572519083969464],[-0.0648854961832061],[1],[0],[0],[0.8020000000000067],"[""right_image_2"",""right_image_2""]",1,29.211,29.701,0,0,0,0,1,,,,,,,,,,,,,,,,,,,,,,,,,,,,,,,,,
,,,,,004490,001,2025-04-02_12h33.27.118,Simon,2024.2.4,iPhone,50,,,,,,,,,,,,,,,,,,0,2,2,2,1,images/yellow_butterfly.png,images/white_butterfly.png,right_image_2,"In this example, select the RIGHT butterfly.",,,,,,,,,,,,,,,,,,,,,,,,
,,,,,004490,001,2025-04-02_12h33.27.118,Simon,2024.2.4,iPhone,50,29.703,30.893,[0.26590330788804073],[-0.05725190839694656],[1],[0],[0],[1.1869999999999976],"[""right_image_2"",""right_image_2""]",1,30.893,31.382,0,0,0,0,1,,,,,,,,,,,,,,,,,,,,,,,,,,,,,,,,,
,,,,,004490,001,2025-04-02_12h33.27.118,Simon,2024.2.4,iPhone,50,,,,,,,,,,,,,,,,,,0,3,3,3,1,images/white_butterfly.png,images/yellow_butterfly.png,right_image_2,"In this example, select the RIGHT butterfly.",,,,,,,,,,,,,,,,,,,,,,,,
,,,,,004490,001,2025-04-02_12h33.27.118,Simon,2024.2.4,iPhone,50,,,,,,,,,,,,,,,,,,,,,,,,,,,31.383,32.639,1,[32.63799999999999],[32.63799999999999],,,,,,,,,,,,,,,,,,,
,,,,,004490,001,2025-04-02_12h33.27.118,Simon,2024.2.4,iPhone,50,,,,,,,,,,1,33.387,33.878,,,,,,,,,,,images/purple_butterfly.png,images/white_butterfly.png,left_image, ,,,,,,32.649,33.387,[-0.25572519083969464],[-0.047073791348600506],[1],[0],[0],[0.7349999999999994],"[""left_image""]",0,0,0,0,1,,,,,
,,,,,004490,001,2025-04-02_12h33.27.118,Simon,2024.2.4,iPhone,50,,,,,,,,,,1,34.487,34.976,,,,,,,,,,,images/white_butterfly.png,images/purple_butterfly.png,left_image, ,,,,,,33.879,34.487,[-0.2430025445292621],[-0.07251908396946564],[1],[0],[0],[0.6060000000000088],"[""left_image""]",0,1,1,1,1,,,,,
,,,,,004490,001,2025-04-02_12h33.27.118,Simon,2024.2.4,iPhone,50,,,,,,,,,,1,35.617,36.108,,,,,,,,,,,images/white_butterfly.png,images/yellow_butterfly.png,right_image, ,,,,,,34.977,35.617,[0.2506361323155216],[-0.0648854961832061],[1],[0],[0],[0.6389999999999958],"[""right_image""]",0,2,2,3,1,,,,,
,,,,,004490,001,2025-04-02_12h33.27.118,Simon,2024.2.4,iPhone,50,,,,,,,,,,1,36.683,37.173,,,,,,,,,,,images/yellow_butterfly.png,images/white_butterfly.png,right_image, ,,,,,,36.109,36.683,[0.2582697201017812],[-0.024173027989821884],[1],[0],[0],[0.5729999999999933],"[""right_image""]",0,3,3,2,1,,,,,
,,,,,004490,001,2025-04-02_12h33.27.118,Simon,2024.2.4,iPhone,50,,,,,,,,,,1,37.715,38.205,,,,,,,,,,,images/white_butterfly.png,images/purple_butterfly.png,left_image, ,,,,,,37.173,37.715,[-0.2480916030534351],[-0.05979643765903308],[1],[0],[0],[0.5409999999999968],"[""left_image""]",1,0,4,1,1,,,,,
,,,,,004490,001,2025-04-02_12h33.27.118,Simon,2024.2.4,iPhone,50,,,,,,,,,,1,38.863,39.353,,,,,,,,,,,images/white_butterfly.png,images/yellow_butterfly.png,right_image, ,,,,,,38.206,38.863,[0.25572519083969464],[-0.01653944020356234],[1],[0],[0],[0.6550000000000011],"[""right_image""]",1,1,5,3,1,,,,,
,,,,,004490,001,2025-04-02_12h33.27.118,Simon,2024.2.4,iPhone,50,,,,,,,,,,1,39.956,40.452,,,,,,,,,,,images/purple_butterfly.png,images/white_butterfly.png,left_image, ,,,,,,39.354,39.956,[-0.23791348600508905],[-0.07506361323155217],[1],[0],[0],[0.6009999999999991],"[""left_image""]",1,2,6,0,1,,,,,
,,,,,004490,001,2025-04-02_12h33.27.118,Simon,2024.2.4,iPhone,50,,,,,,,,,,1,41.176,41.666,,,,,,,,,,,images/yellow_butterfly.png,images/white_butterfly.png,right_image, ,,,,,,40.452,41.176,[0.22010178117048346],[-0.062340966921119595],[1],[0],[0],[0.7220000000000084],"[""right_image""]",1,3,7,2,1,,,,,
,,,,,004490,001,2025-04-02_12h33.27.118,Simon,2024.2.4,iPhone,50,,,,,,,,,,1,42.24,42.731,,,,,,,,,,,images/purple_butterfly.png,images/white_butterfly.png,left_image, ,,,,,,41.667,42.24,[-0.227735368956743],[-0.08269720101781171],[1],[0],[0],[0.5720000000000027],"[""left_image""]",2,0,8,0,1,,,,,
,,,,,004490,001,2025-04-02_12h33.27.118,Simon,2024.2.4,iPhone,50,,,,,,,,,,1,43.389,43.88,,,,,,,,,,,images/yellow_butterfly.png,images/white_butterfly.png,right_image, ,,,,,,42.732,43.389,[0.2480916030534351],[-0.03435114503816794],[1],[0],[0],[0.6550000000000011],"[""right_image""]",2,1,9,2,1,,,,,
,,,,,004490,001,2025-04-02_12h33.27.118,Simon,2024.2.4,iPhone,50,,,,,,,,,,1,44.836,45.327,,,,,,,,,,,images/white_butterfly.png,images/yellow_butterfly.png,right_image, ,,,,,,43.88,44.836,[0.22264631043256997],[-0.062340966921119595],[1],[0],[0],[0.9540000000000077],"[""right_image""]",2,2,10,3,1,,,,,
,,,,,004490,001,2025-04-02_12h33.27.118,Simon,2024.2.4,iPhone,50,,,,,,,,,,1,46.018,46.509,,,,,,,,,,,images/white_butterfly.png,images/purple_butterfly.png,left_image, ,,,,,,45.328,46.018,[-0.22010178117048346],[-0.08778625954198473],[1],[0],[0],[0.688999999999993],"[""left_image""]",2,3,11,1,1,,,,,
,,,,,004490,001,2025-04-02_12h33.27.118,Simon,2024.2.4,iPhone,50,,,,,,,,,,1,47.166,47.657,,,,,,,,,,,images/white_butterfly.png,images/yellow_butterfly.png,right_image, ,,,,,,46.51,47.166,[0.227735368956743],[-0.054707379134860054],[1],[0],[0],[0.6550000000000011],"[""right_image""]",3,0,12,3,1,,,,,
,,,,,004490,001,2025-04-02_12h33.27.118,Simon,2024.2.4,iPhone,50,,,,,,,,,,1,48.332,48.822,,,,,,,,,,,images/purple_butterfly.png,images/white_butterfly.png,left_image, ,,,,,,47.658,48.331,[-0.23027989821882952],[-0.09287531806615776],[1],[0],[0],[0.6709999999999923],"[""left_image""]",3,1,13,0,1,,,,,
,,,,,004490,001,2025-04-02_12h33.27.118,Simon,2024.2.4,iPhone,50,,,,,,,,,,1,49.329,49.82,,,,,,,,,,,images/white_butterfly.png,images/purple_butterfly.png,left_image, ,,,,,,48.823,49.329,[-0.23536895674300254],[-0.0648854961832061],[1],[0],[0],[0.5049999999999955],"[""left_image""]",3,2,14,1,1,,,,,
,,,,,004490,001,2025-04-02_12h33.27.118,Simon,2024.2.4,iPhone,50,,,,,,,,,,1,50.348,50.853,,,,,,,,,,,images/yellow_butterfly.png,images/white_butterfly.png,right_image, ,,,,,,49.821,50.348,[0.2480916030534351],[-0.03689567430025445],[1],[0],[0],[0.5260000000000105],"[""right_image""]",3,3,15,2,1,,,,,
,,,,,004490,001,2025-04-02_12h33.27.118,Simon,2024.2.4,iPhone,50,,,,,,,,,,1,51.793,52.283,,,,,,,,,,,images/white_butterfly.png,images/yellow_butterfly.png,right_image, ,,,,,,50.853,51.793,[0.21755725190839695],[-0.062340966921119595],[1],[0],[0],[0.938999999999993],"[""right_image""]",4,0,16,3,1,,,,,
,,,,,004490,001,2025-04-02_12h33.27.118,Simon,2024.2.4,iPhone,50,,,,,,,,,,1,52.807,53.299,,,,,,,,,,,images/white_butterfly.png,images/purple_butterfly.png,left_image, ,,,,,,52.284,52.807,[-0.2455470737913486],[-0.07506361323155217],[1],[0],[0],[0.5219999999999914],"[""left_image""]",4,1,17,1,1,,,,,
,,,,,004490,001,2025-04-02_12h33.27.118,Simon,2024.2.4,iPhone,50,,,,,,,,,,1,53.791,54.281,,,,,,,,,,,images/yellow_butterfly.png,images/white_butterfly.png,right_image, ,,,,,,53.299,53.791,[0.2480916030534351],[-0.031806615776081425],[1],[0],[0],[0.4899999999999949],"[""right_image""]",4,2,18,2,1,,,,,
,,,,,004490,001,2025-04-02_12h33.27.118,Simon,2024.2.4,iPhone,50,,,,,,,,,,1,54.921,55.412,,,,,,,,,,,images/purple_butterfly.png,images/white_butterfly.png,left_image, ,,,,,,54.282,54.921,[-0.24045801526717558],[-0.07251908396946564],[1],[0],[0],[0.6370000000000005],"[""left_image""]",4,3,19,0,1,,,,,
,,,,,004490,001,2025-04-02_12h33.27.118,Simon,2024.2.4,iPhone,50,,,,,,,,,,,,,,,,,,,,,,,,,,,,,,,,,,,,,,,,,,,,,,55.414,58.384,1,[58.383],[58.383]
