﻿instructions.started,instructions.stopped,start_button.numClicks,start_button.timesOn,start_button.timesOff,participant,session,date,expName,psychopyVersion,OS,frameRate,practice_trial.started,practice_trial.stopped,mouse_2.x,mouse_2.y,mouse_2.leftButton,mouse_2.midButton,mouse_2.rightButton,mouse_2.time,mouse_2.clicked_name,correct,feedback.started,feedback.stopped,loop_until_correct.thisRepN,loop_until_correct.thisTrialN,loop_until_correct.thisN,loop_until_correct.thisIndex,loop_until_correct.ran,prac_trials.thisRepN,prac_trials.thisTrialN,prac_trials.thisN,prac_trials.thisIndex,prac_trials.ran,left_color,right_color,correct_response,top_txt,instructions_2.started,instructions_2.stopped,start_button_2.numClicks,start_button_2.timesOn,start_button_2.timesOff,trial.started,trial.stopped,mouse.x,mouse.y,mouse.leftButton,mouse.midButton,mouse.rightButton,mouse.time,mouse.clicked_name,trials.thisRepN,trials.thisTrialN,trials.thisN,trials.thisIndex,trials.ran
0.001,1.1964,1,[1.2182999999523156],[1.2182999999523156],006785,001,2025-12-22_14h21.33.268,Simon,2024.2.4,Win32,29.94011976,,,,,,,,,,,,,,,,,,,,,,,,,,,,,,,,,,,,,,,,,,,,,
,,,,,006785,001,2025-12-22_14h21.33.268,Simon,2024.2.4,Win32,29.94011976,1.2265,4.2947,[-0.18757459852430555],[-0.005973733881468414],[1],[0],[0],[3.0645999999046323],"[""left_image_2"",""left_image_2""]",1,4.2962,4.7945,0,0,0,0,1,,,,,,,,,,,,,,,,,,,,,,,,,,,,
,,,,,006785,001,2025-12-22_14h21.33.268,Simon,2024.2.4,Win32,29.94011976,,,,,,,,,,,,,,,,,,0,0,0,0,1,images/purple_butterfly.png,images/white_butterfly.png,left_image_2,"In this example, select the LEFT butterfly.",,,,,,,,,,,,,,,,,,,
,,,,,006785,001,2025-12-22_14h21.33.268,Simon,2024.2.4,Win32,29.94011976,4.7984,6.3274,[-0.18757459852430555],[-0.005973733881468414],[1],[0],[0],[1.5253000000715247],"[""left_image_2"",""left_image_2""]",1,6.3281,6.8267,0,0,0,0,1,,,,,,,,,,,,,,,,,,,,,,,,,,,,
,,,,,006785,001,2025-12-22_14h21.33.268,Simon,2024.2.4,Win32,29.94011976,,,,,,,,,,,,,,,,,,0,1,1,1,1,images/white_butterfly.png,images/purple_butterfly.png,left_image_2,"In this example, select the LEFT butterfly.",,,,,,,,,,,,,,,,,,,
,,,,,006785,001,2025-12-22_14h21.33.268,Simon,2024.2.4,Win32,29.94011976,6.8302,8.026,[0.12425335846494176],[-0.03225806451612903],[1],[0],[0],[1.192499999999999],"[""right_image_2"",""right_image_2""]",1,8.0262,8.5265,0,0,0,0,1,,,,,,,,,,,,,,,,,,,,,,,,,,,,
,,,,,006785,001,2025-12-22_14h21.33.268,Simon,2024.2.4,Win32,29.94011976,,,,,,,,,,,,,,,,,,0,2,2,2,1,images/yellow_butterfly.png,images/white_butterfly.png,right_image_2,"In this example, select the RIGHT butterfly.",,,,,,,,,,,,,,,,,,,
,,,,,006785,001,2025-12-22_14h21.33.268,Simon,2024.2.4,Win32,29.94011976,8.5299,9.4593,[0.12425335846494176],[-0.03225806451612903],[1],[0],[0],[0.927799999952315],"[""right_image_2"",""right_image_2""]",1,9.4596,9.9589,0,0,0,0,1,,,,,,,,,,,,,,,,,,,,,,,,,,,,
,,,,,006785,001,2025-12-22_14h21.33.268,Simon,2024.2.4,Win32,29.94011976,,,,,,,,,,,,,,,,,,0,3,3,3,1,images/white_butterfly.png,images/yellow_butterfly.png,right_image_2,"In this example, select the RIGHT butterfly.",,,,,,,,,,,,,,,,,,,
,,,,,006785,001,2025-12-22_14h21.33.268,Simon,2024.2.4,Win32,29.94011976,,,,,,,,,,,,,,,,,,,,,,,,,,,9.96,11.225,1,[11.2275],[11.2275],,,,,,,,,,,,,,
,,,,,006785,001,2025-12-22_14h21.33.268,Simon,2024.2.4,Win32,29.94011976,,,,,,,,,,0,14.825,15.3238,,,,,,,,,,,images/white_butterfly.png,images/yellow_butterfly.png,right_image, ,,,,,,11.2411,14.8236,[-0.24970127775677645],[0.06690557883204525],[1],[0],[0],[3.5812000000476854],"[""left_image""]",0,0,0,3,1
,,,,,006785,001,2025-12-22_14h21.33.268,Simon,2024.2.4,Win32,29.94011976,,,,,,,,,,0,16.7569,17.2565,,,,,,,,,,,images/yellow_butterfly.png,images/white_butterfly.png,right_image, ,,,,,,15.3252,16.7567,[-0.20669052506860439],[0.009557908581149193],[1],[0],[0],[1.4305999999046328],"[""left_image""]",0,1,1,2,1
,,,,,006785,001,2025-12-22_14h21.33.268,Simon,2024.2.4,Win32,29.94011976,,,,,,,,,,1,17.8909,18.3894,,,,,,,,,,,images/white_butterfly.png,images/purple_butterfly.png,left_image, ,,,,,,17.2577,17.8896,[-0.20669052506860439],[0.009557908581149193],[1],[0],[0],[0.6310000000000002],"[""left_image""]",0,2,2,1,1
,,,,,006785,001,2025-12-22_14h21.33.268,Simon,2024.2.4,Win32,29.94011976,,,,,,,,,,1,19.1227,19.6228,,,,,,,,,,,images/purple_butterfly.png,images/white_butterfly.png,left_image, ,,,,,,18.3907,19.1225,[-0.20669052506860439],[0.009557908581149193],[1],[0],[0],[0.7312000000476857],"[""left_image""]",0,3,3,0,1
,,,,,006785,001,2025-12-22_14h21.33.268,Simon,2024.2.4,Win32,29.94011976,,,,,,,,,,1,20.2215,20.7217,,,,,,,,,,,images/purple_butterfly.png,images/white_butterfly.png,left_image, ,,,,,,19.6241,20.2215,[-0.20669052506860439],[0.009557908581149193],[1],[0],[0],[0.5971000000238398],"[""left_image""]",1,0,4,0,1
,,,,,006785,001,2025-12-22_14h21.33.268,Simon,2024.2.4,Win32,29.94011976,,,,,,,,,,0,21.1232,21.6223,,,,,,,,,,,images/yellow_butterfly.png,images/white_butterfly.png,right_image, ,,,,,,20.7233,21.1218,[-0.20669052506860439],[0.009557908581149193],[1],[0],[0],[0.3972999999523168],"[""left_image""]",1,1,5,2,1
,,,,,006785,001,2025-12-22_14h21.33.268,Simon,2024.2.4,Win32,29.94011976,,,,,,,,,,0,21.8548,22.3551,,,,,,,,,,,images/white_butterfly.png,images/yellow_butterfly.png,right_image, ,,,,,,21.6237,21.8547,[-0.20669052506860439],[0.009557908581149193],[1],[0],[0],[0.23039999997615723],"[""left_image""]",1,2,6,3,1
,,,,,006785,001,2025-12-22_14h21.33.268,Simon,2024.2.4,Win32,29.94011976,,,,,,,,,,1,22.4168,22.9211,,,,,,,,,,,images/white_butterfly.png,images/purple_butterfly.png,left_image, ,,,,,,22.3563,22.4161,[-0.20669052506860439],[0.009557908581149193],[1],[0],[0],[0.05929999995231938],"[""left_image""]",1,3,7,1,1
