﻿instructions.started,instructions.stopped,start_button.numClicks,start_button.timesOn,start_button.timesOff,participant,session,date,expName,psychopyVersion,OS,frameRate,practice_trial.started,practice_trial.stopped,mouse_2.x,mouse_2.y,mouse_2.leftButton,mouse_2.midButton,mouse_2.rightButton,mouse_2.time,mouse_2.clicked_name,correct,feedback.started,feedback.stopped,loop_until_correct.thisRepN,loop_until_correct.thisTrialN,loop_until_correct.thisN,loop_until_correct.thisIndex,loop_until_correct.ran,prac_trials.thisRepN,prac_trials.thisTrialN,prac_trials.thisN,prac_trials.thisIndex,prac_trials.ran,left_color,right_color,correct_response,top_txt,instructions_2.started,instructions_2.stopped,start_button_2.numClicks,start_button_2.timesOn,start_button_2.timesOff,trial.started,trial.stopped,mouse.x,mouse.y,mouse.leftButton,mouse.midButton,mouse.rightButton,mouse.time,mouse.clicked_name,trials.thisRepN,trials.thisTrialN,trials.thisN,trials.thisIndex,trials.ran
0.0008,6.0518,1,[6.074999999999999],[6.074999999999999],007099,001,2026-01-27_20h30.44.077,Simon,2024.2.4,Win32,60.24096386,,,,,,,,,,,,,,,,,,,,,,,,,,,,,,,,,,,,,,,,,,,,,
,,,,,007099,001,2026-01-27_20h30.44.077,Simon,2024.2.4,Win32,60.24096386,6.0883,7.551,[-0.16770186335403728],[-0.003105590062111801],[1],[0],[0],[1.4589999999999996],"[""left_image_2"",""left_image_2""]",1,7.5526,8.0506,0,0,0,0,1,,,,,,,,,,,,,,,,,,,,,,,,,,,,
,,,,,007099,001,2026-01-27_20h30.44.077,Simon,2024.2.4,Win32,60.24096386,,,,,,,,,,,,,,,,,,0,0,0,0,1,images/purple_butterfly.png,images/white_butterfly.png,left_image_2,"In this example, select the LEFT butterfly.",,,,,,,,,,,,,,,,,,,
,,,,,007099,001,2026-01-27_20h30.44.077,Simon,2024.2.4,Win32,60.24096386,8.0535,9.0173,[0.2220496894409938],[-0.07608695652173914],[1],[0],[0],[0.961600000000093],"[""right_image_2"",""right_image_2""]",0,9.0193,9.5166,0,0,0,0,1,,,,,,,,,,,,,,,,,,,,,,,,,,,,
,,,,,007099,001,2026-01-27_20h30.44.077,Simon,2024.2.4,Win32,60.24096386,9.5184,10.567,[-0.20186335403726707],[0.012422360248447204],[1],[0],[0],[1.0474999999999994],"[""left_image_2"",""left_image_2""]",1,10.5688,11.0665,1,0,1,0,1,,,,,,,,,,,,,,,,,,,,,,,,,,,,
,,,,,007099,001,2026-01-27_20h30.44.077,Simon,2024.2.4,Win32,60.24096386,,,,,,,,,,,,,,,,,,0,1,1,1,1,images/white_butterfly.png,images/purple_butterfly.png,left_image_2,"In this example, select the LEFT butterfly.",,,,,,,,,,,,,,,,,,,
,,,,,007099,001,2026-01-27_20h30.44.077,Simon,2024.2.4,Win32,60.24096386,11.0696,12.2666,[0.13354037267080746],[-0.018633540372670808],[1],[0],[0],[1.195700000000187],"[""right_image_2"",""right_image_2""]",1,12.267,12.7664,0,0,0,0,1,,,,,,,,,,,,,,,,,,,,,,,,,,,,
,,,,,007099,001,2026-01-27_20h30.44.077,Simon,2024.2.4,Win32,60.24096386,,,,,,,,,,,,,,,,,,0,2,2,2,1,images/yellow_butterfly.png,images/white_butterfly.png,right_image_2,"In this example, select the RIGHT butterfly.",,,,,,,,,,,,,,,,,,,
,,,,,007099,001,2026-01-27_20h30.44.077,Simon,2024.2.4,Win32,60.24096386,12.7689,14,[0.16614906832298137],[-0.043478260869565216],[1],[0],[0],[1.2300999999996272],"[""right_image_2"",""right_image_2""]",1,14.0002,14.4997,0,0,0,0,1,,,,,,,,,,,,,,,,,,,,,,,,,,,,
,,,,,007099,001,2026-01-27_20h30.44.077,Simon,2024.2.4,Win32,60.24096386,,,,,,,,,,,,,,,,,,0,3,3,3,1,images/white_butterfly.png,images/yellow_butterfly.png,right_image_2,"In this example, select the RIGHT butterfly.",,,,,,,,,,,,,,,,,,,
,,,,,007099,001,2026-01-27_20h30.44.077,Simon,2024.2.4,Win32,60.24096386,,,,,,,,,,,,,,,,,,,,,,,,,,,14.5002,16.0689,1,[16.076099999999624],[16.076099999999624],,,,,,,,,,,,,,
,,,,,007099,001,2026-01-27_20h30.44.077,Simon,2024.2.4,Win32,60.24096386,,,,,,,,,,1,17.3346,17.8333,,,,,,,,,,,images/yellow_butterfly.png,images/white_butterfly.png,right_image, ,,,,,,16.0795,17.3344,"[0.04503105590062112,0.17080745341614906]","[-0.4440993788819876,0.003105590062111801]","[1,1]","[0,0]","[0,0]","[0.21959999999962676,1.2539999999999978]","[null,""right_image""]",0,0,0,2,1
,,,,,007099,001,2026-01-27_20h30.44.077,Simon,2024.2.4,Win32,60.24096386,,,,,,,,,,1,18.7181,19.2162,,,,,,,,,,,images/white_butterfly.png,images/purple_butterfly.png,left_image, ,,,,,,17.835,18.7179,[-0.2717391304347826],[-0.007763975155279503],[1],[0],[0],[0.8822000000001857],"[""left_image""]",0,1,1,1,1
,,,,,007099,001,2026-01-27_20h30.44.077,Simon,2024.2.4,Win32,60.24096386,,,,,,,,,,1,20.2333,20.733,,,,,,,,,,,images/white_butterfly.png,images/yellow_butterfly.png,right_image, ,,,,,,19.2177,20.2331,[0.3385093167701863],[-0.08695652173913043],[1],[0],[0],[1.014700000000186],"[""right_image""]",0,2,2,3,1
,,,,,007099,001,2026-01-27_20h30.44.077,Simon,2024.2.4,Win32,60.24096386,,,,,,,,,,1,21.9342,22.434,,,,,,,,,,,images/purple_butterfly.png,images/white_butterfly.png,left_image, ,,,,,,20.7343,21.9341,[-0.20652173913043478],[-0.017080745341614908],[1],[0],[0],[1.198700000000187],"[""left_image""]",0,3,3,0,1
,,,,,007099,001,2026-01-27_20h30.44.077,Simon,2024.2.4,Win32,60.24096386,,,,,,,,,,1,23.3167,23.8162,,,,,,,,,,,images/white_butterfly.png,images/purple_butterfly.png,left_image, ,,,,,,22.4353,23.3166,[-0.15372670807453417],[-0.024844720496894408],[1],[0],[0],[0.8807999999998124],"[""left_image""]",1,0,4,1,1
,,,,,007099,001,2026-01-27_20h30.44.077,Simon,2024.2.4,Win32,60.24096386,,,,,,,,,,1,25.1503,25.6487,,,,,,,,,,,images/yellow_butterfly.png,images/white_butterfly.png,right_image, ,,,,,,23.8177,25.15,[0.20186335403726707],[-0.06055900621118013],[1],[0],[0],[1.3317000000001862],"[""right_image""]",1,1,5,2,1
,,,,,007099,001,2026-01-27_20h30.44.077,Simon,2024.2.4,Win32,60.24096386,,,,,,,,,,1,26.8995,27.3992,,,,,,,,,,,images/white_butterfly.png,images/yellow_butterfly.png,right_image, ,,,,,,25.65,26.8994,[0.2670807453416149],[-0.08385093167701864],[1],[0],[0],[1.2483999999999078],"[""right_image""]",1,2,6,3,1
,,,,,007099,001,2026-01-27_20h30.44.077,Simon,2024.2.4,Win32,60.24096386,,,,,,,,,,1,28.599,29.0985,,,,,,,,,,,images/purple_butterfly.png,images/white_butterfly.png,left_image, ,,,,,,27.4,28.599,[-0.14440993788819875],[-0.046583850931677016],[1],[0],[0],[1.1980000000000004],"[""left_image""]",1,3,7,0,1
,,,,,007099,001,2026-01-27_20h30.44.077,Simon,2024.2.4,Win32,60.24096386,,,,,,,,,,1,29.8666,30.3656,,,,,,,,,,,images/white_butterfly.png,images/purple_butterfly.png,left_image, ,,,,,,29.1006,29.8663,[-0.14440993788819875],[-0.046583850931677016],[1],[0],[0],[0.7648999999999049],"[""left_image""]",2,0,8,1,1
,,,,,007099,001,2026-01-27_20h30.44.077,Simon,2024.2.4,Win32,60.24096386,,,,,,,,,,1,31.0821,31.582,,,,,,,,,,,images/yellow_butterfly.png,images/white_butterfly.png,right_image, ,,,,,,30.3671,31.0821,[0.12111801242236025],[0.031055900621118012],[1],[0],[0],[0.7139999999999986],"[""right_image""]",2,1,9,2,1
,,,,,007099,001,2026-01-27_20h30.44.077,Simon,2024.2.4,Win32,60.24096386,,,,,,,,,,0,32.0505,32.5494,,,,,,,,,,,images/purple_butterfly.png,images/white_butterfly.png,left_image, ,,,,,,31.5835,32.0492,[0.12111801242236025],[0.031055900621118012],[1],[0],[0],[0.465100000000092],"[""right_image""]",2,2,10,0,1
