﻿instructions.started,instructions.stopped,start_button.numClicks,start_button.timesOn,start_button.timesOff,participant,session,date,expName,psychopyVersion,OS,frameRate,practice_trial.started,practice_trial.stopped,mouse_2.x,mouse_2.y,mouse_2.leftButton,mouse_2.midButton,mouse_2.rightButton,mouse_2.time,mouse_2.clicked_name,correct,feedback.started,feedback.stopped,loop_until_correct.thisRepN,loop_until_correct.thisTrialN,loop_until_correct.thisN,loop_until_correct.thisIndex,loop_until_correct.ran,prac_trials.thisRepN,prac_trials.thisTrialN,prac_trials.thisN,prac_trials.thisIndex,prac_trials.ran,left_color,right_color,correct_response,top_txt,instructions_2.started,instructions_2.stopped,start_button_2.numClicks,start_button_2.timesOn,start_button_2.timesOff,trial.started,trial.stopped,mouse.x,mouse.y,mouse.leftButton,mouse.midButton,mouse.rightButton,mouse.time,mouse.clicked_name,trials.thisRepN,trials.thisTrialN,trials.thisN,trials.thisIndex,trials.ran
0.0009,16.8337,1,[16.85979999999702],[16.85979999999702],007196,001,2025-10-12_14h55.24.411,Simon,2024.2.4,Linux x86_64,59.88023952,,,,,,,,,,,,,,,,,,,,,,,,,,,,,,,,,,,,,,,,,,,,,
,,,,,007196,001,2025-10-12_14h55.24.411,Simon,2024.2.4,Linux x86_64,59.88023952,16.8689,21.2652,[-0.1873533729718802],[-0.06661503303031094],[1],[0],[0],[4.392199999988076],"[""left_image_2"",""left_image_2""]",1,21.266,21.7654,0,0,0,0,1,,,,,,,,,,,,,,,,,,,,,,,,,,,,
,,,,,007196,001,2025-10-12_14h55.24.411,Simon,2024.2.4,Linux x86_64,59.88023952,,,,,,,,,,,,,,,,,,0,0,0,0,1,images/purple_butterfly.png,images/white_butterfly.png,left_image_2,"In this example, select the LEFT butterfly.",,,,,,,,,,,,,,,,,,,
,,,,,007196,001,2025-10-12_14h55.24.411,Simon,2024.2.4,Linux x86_64,59.88023952,21.7707,26.0517,[-0.3001126144485601],[0.026306458029006677],[1],[0],[0],[4.276700000002972],"[""left_image_2"",""left_image_2""]",1,26.0528,26.5483,0,0,0,0,1,,,,,,,,,,,,,,,,,,,,,,,,,,,,
,,,,,007196,001,2025-10-12_14h55.24.411,Simon,2024.2.4,Linux x86_64,59.88023952,,,,,,,,,,,,,,,,,,0,1,1,1,1,images/white_butterfly.png,images/purple_butterfly.png,left_image_2,"In this example, select the LEFT butterfly.",,,,,,,,,,,,,,,,,,,
,,,,,007196,001,2025-10-12_14h55.24.411,Simon,2024.2.4,Linux x86_64,59.88023952,26.5529,28.716,[0.14997927453959725],[0.0010934871106792572],[1],[0],[0],[2.1602000000029804],"[""right_image_2"",""right_image_2""]",1,28.7165,29.2146,0,0,0,0,1,,,,,,,,,,,,,,,,,,,,,,,,,,,,
,,,,,007196,001,2025-10-12_14h55.24.411,Simon,2024.2.4,Linux x86_64,59.88023952,,,,,,,,,,,,,,,,,,0,2,2,2,1,images/yellow_butterfly.png,images/white_butterfly.png,right_image_2,"In this example, select the RIGHT butterfly.",,,,,,,,,,,,,,,,,,,
,,,,,007196,001,2025-10-12_14h55.24.411,Simon,2024.2.4,Linux x86_64,59.88023952,29.2163,31.1646,[0.1521448507929883],[0.0010934871106792572],[1],[0],[0],[1.9470000000000027],"[""right_image_2"",""right_image_2""]",1,31.1649,31.6642,0,0,0,0,1,,,,,,,,,,,,,,,,,,,,,,,,,,,,
,,,,,007196,001,2025-10-12_14h55.24.411,Simon,2024.2.4,Linux x86_64,59.88023952,,,,,,,,,,,,,,,,,,0,3,3,3,1,images/white_butterfly.png,images/yellow_butterfly.png,right_image_2,"In this example, select the RIGHT butterfly.",,,,,,,,,,,,,,,,,,,
,,,,,007196,001,2025-10-12_14h55.24.411,Simon,2024.2.4,Linux x86_64,59.88023952,,,,,,,,,,,,,,,,,,,,,,,,,,,31.6647,33.8988,1,[33.90390000000596],[33.90390000000596],,,,,,,,,,,,,,
,,,,,007196,001,2025-10-12_14h55.24.411,Simon,2024.2.4,Linux x86_64,59.88023952,,,,,,,,,,0,38.2155,38.7164,,,,,,,,,,,images/yellow_butterfly.png,images/white_butterfly.png,right_image, ,,,,,,33.9181,38.2144,[-0.1647944123995722],[-0.030488130445273372],[1],[0],[0],[4.295100000008944],"[""left_image""]",0,0,0,2,1
,,,,,007196,001,2025-10-12_14h55.24.411,Simon,2024.2.4,Linux x86_64,59.88023952,,,,,,,,,,0,41.8162,42.316,,,,,,,,,,,images/purple_butterfly.png,images/white_butterfly.png,left_image, ,,,,,,38.72,41.8159,[0.17829734534771494],[0.010656340890416319],[1],[0],[0],[3.0947000000029803],"[""right_image""]",0,1,1,0,1
,,,,,007196,001,2025-10-12_14h55.24.411,Simon,2024.2.4,Linux x86_64,59.88023952,,,,,,,,,,1,44.8204,45.3145,,,,,,,,,,,images/white_butterfly.png,images/purple_butterfly.png,left_image, ,,,,,,42.3184,44.8169,[-0.2878376191764921],[-0.008897733608748957],[1],[0],[0],[2.496199999988079],"[""left_image""]",0,2,2,1,1
,,,,,007196,001,2025-10-12_14h55.24.411,Simon,2024.2.4,Linux x86_64,59.88023952,,,,,,,,,,0,46.4508,46.949,,,,,,,,,,,images/white_butterfly.png,images/yellow_butterfly.png,right_image, ,,,,,,45.317,46.4478,[-0.26584254600766904],[-0.007450262970836811],[1],[0],[0],[1.1299000000059607],"[""left_image""]",0,3,3,3,1
