﻿instructions.started,instructions.stopped,start_button.numClicks,start_button.timesOn,start_button.timesOff,participant,session,date,expName,psychopyVersion,OS,frameRate,practice_trial.started,practice_trial.stopped,mouse_2.x,mouse_2.y,mouse_2.leftButton,mouse_2.midButton,mouse_2.rightButton,mouse_2.time,mouse_2.clicked_name,correct,feedback.started,feedback.stopped,loop_until_correct.thisRepN,loop_until_correct.thisTrialN,loop_until_correct.thisN,loop_until_correct.thisIndex,loop_until_correct.ran,prac_trials.thisRepN,prac_trials.thisTrialN,prac_trials.thisN,prac_trials.thisIndex,prac_trials.ran,left_color,right_color,correct_response,top_txt,instructions_2.started,instructions_2.stopped,start_button_2.numClicks,start_button_2.timesOn,start_button_2.timesOff,trial.started,trial.stopped,mouse.x,mouse.y,mouse.leftButton,mouse.midButton,mouse.rightButton,mouse.time,mouse.clicked_name,trials.thisRepN,trials.thisTrialN,trials.thisN,trials.thisIndex,trials.ran,end.started,end.stopped,start_button_3.numClicks,start_button_3.timesOn,start_button_3.timesOff
0.0003,15.301,1,[15.31159999990463],[15.31159999990463],009020,001,2025-04-15_14h23.51.552,Simon,2024.2.4,MacIntel,60.24096386,,,,,,,,,,,,,,,,,,,,,,,,,,,,,,,,,,,,,,,,,,,,,,,,,,
,,,,,009020,001,2025-04-15_14h23.51.552,Simon,2024.2.4,MacIntel,60.24096386,15.3164,20.5343,[-0.1851552458226221],[-0.008540528598971722],[1],[0],[0],[5.216200000047682],"[""left_image_2"",""left_image_2""]",1,20.5348,21.0345,0,0,0,0,1,,,,,,,,,,,,,,,,,,,,,,,,,,,,,,,,,
,,,,,009020,001,2025-04-15_14h23.51.552,Simon,2024.2.4,MacIntel,60.24096386,,,,,,,,,,,,,,,,,,0,0,0,0,1,images/purple_butterfly.png,images/white_butterfly.png,left_image_2,"In this example, select the LEFT butterfly.",,,,,,,,,,,,,,,,,,,,,,,,
,,,,,009020,001,2025-04-15_14h23.51.552,Simon,2024.2.4,MacIntel,60.24096386,21.037,22.1504,[-0.20454089010282778],[-0.0004719633676092545],[1],[0],[0],[1.110799999952313],"[""left_image_2"",""left_image_2""]",1,22.1505,22.6504,0,0,0,0,1,,,,,,,,,,,,,,,,,,,,,,,,,,,,,,,,,
,,,,,009020,001,2025-04-15_14h23.51.552,Simon,2024.2.4,MacIntel,60.24096386,,,,,,,,,,,,,,,,,,0,1,1,1,1,images/white_butterfly.png,images/purple_butterfly.png,left_image_2,"In this example, select the LEFT butterfly.",,,,,,,,,,,,,,,,,,,,,,,,
,,,,,009020,001,2025-04-15_14h23.51.552,Simon,2024.2.4,MacIntel,60.24096386,22.651,23.4341,[0.18338789363753213],[-0.0416331940874036],[1],[0],[0],[0.782500000000006],"[""right_image_2"",""right_image_2""]",1,23.4341,23.9335,0,0,0,0,1,,,,,,,,,,,,,,,,,,,,,,,,,,,,,,,,,
,,,,,009020,001,2025-04-15_14h23.51.552,Simon,2024.2.4,MacIntel,60.24096386,,,,,,,,,,,,,,,,,,0,2,2,2,1,images/yellow_butterfly.png,images/white_butterfly.png,right_image_2,"In this example, select the RIGHT butterfly.",,,,,,,,,,,,,,,,,,,,,,,,
,,,,,009020,001,2025-04-15_14h23.51.552,Simon,2024.2.4,MacIntel,60.24096386,23.9344,24.7005,[0.18895103631105398],[-0.06407655848329048],[1],[0],[0],[0.7653999998569532],"[""right_image_2"",""right_image_2""]",1,24.7005,25.2004,0,0,0,0,1,,,,,,,,,,,,,,,,,,,,,,,,,,,,,,,,,
,,,,,009020,001,2025-04-15_14h23.51.552,Simon,2024.2.4,MacIntel,60.24096386,,,,,,,,,,,,,,,,,,0,3,3,3,1,images/white_butterfly.png,images/yellow_butterfly.png,right_image_2,"In this example, select the RIGHT butterfly.",,,,,,,,,,,,,,,,,,,,,,,,
,,,,,009020,001,2025-04-15_14h23.51.552,Simon,2024.2.4,MacIntel,60.24096386,,,,,,,,,,,,,,,,,,,,,,,,,,,25.2008,26.3674,1,[26.369599999904633],[26.369599999904633],,,,,,,,,,,,,,,,,,,
,,,,,009020,001,2025-04-15_14h23.51.552,Simon,2024.2.4,MacIntel,60.24096386,,,,,,,,,,1,27.2009,27.7004,,,,,,,,,,,images/white_butterfly.png,images/purple_butterfly.png,left_image, ,,,,,,26.3731,27.2009,[-0.14841741645244216],[-0.07585053823907455],[1],[0],[0],[0.8272999999523165],"[""left_image""]",0,0,0,1,1,,,,,
,,,,,009020,001,2025-04-15_14h23.51.552,Simon,2024.2.4,MacIntel,60.24096386,,,,,,,,,,1,28.2505,28.7507,,,,,,,,,,,images/purple_butterfly.png,images/white_butterfly.png,left_image, ,,,,,,27.701,28.2505,[-0.15260483611825193],[-0.01531370501285347],[1],[0],[0],[0.5494000000953676],"[""left_image""]",0,1,1,0,1,,,,,
,,,,,009020,001,2025-04-15_14h23.51.552,Simon,2024.2.4,MacIntel,60.24096386,,,,,,,,,,1,29.5338,30.0338,,,,,,,,,,,images/yellow_butterfly.png,images/white_butterfly.png,right_image, ,,,,,,28.751,29.5337,[0.20231161632390746],[-0.06895686053984576],[1],[0],[0],[0.782500000000006],"[""right_image""]",0,2,2,2,1,,,,,
,,,,,009020,001,2025-04-15_14h23.51.552,Simon,2024.2.4,MacIntel,60.24096386,,,,,,,,,,1,30.517,31.0171,,,,,,,,,,,images/white_butterfly.png,images/yellow_butterfly.png,right_image, ,,,,,,30.034,30.517,[0.22664283419023137],[-0.04041311857326478],[1],[0],[0],[0.48279999995232004],"[""right_image""]",0,3,3,3,1,,,,,
,,,,,009020,001,2025-04-15_14h23.51.552,Simon,2024.2.4,MacIntel,60.24096386,,,,,,,,,,1,31.7838,32.2837,,,,,,,,,,,images/white_butterfly.png,images/yellow_butterfly.png,right_image, ,,,,,,31.0175,31.7837,[0.24665608933161953],[-0.020003213367609254],[1],[0],[0],[0.7661000001430551],"[""right_image""]",1,0,4,3,1,,,,,
,,,,,009020,001,2025-04-15_14h23.51.552,Simon,2024.2.4,MacIntel,60.24096386,,,,,,,,,,1,33.0004,33.5007,,,,,,,,,,,images/white_butterfly.png,images/purple_butterfly.png,left_image, ,,,,,,32.284,33.0004,[-0.13372630141388175],[-0.04800469955012854],[1],[0],[0],[0.7162000000476851],"[""left_image""]",1,1,5,1,1,,,,,
,,,,,009020,001,2025-04-15_14h23.51.552,Simon,2024.2.4,MacIntel,60.24096386,,,,,,,,,,1,34.0672,34.5674,,,,,,,,,,,images/purple_butterfly.png,images/white_butterfly.png,left_image, ,,,,,,33.5009,34.0671,[-0.1977325674807198],[-0.02436134318766067],[1],[0],[0],[0.5660999999046297],"[""left_image""]",1,2,6,0,1,,,,,
,,,,,009020,001,2025-04-15_14h23.51.552,Simon,2024.2.4,MacIntel,60.24096386,,,,,,,,,,1,35.3005,35.8004,,,,,,,,,,,images/yellow_butterfly.png,images/white_butterfly.png,right_image, ,,,,,,34.5681,35.3005,[0.1671001365681234],[-0.03669766227506427],[1],[0],[0],[0.7321000001430562],"[""right_image""]",1,3,7,2,1,,,,,
,,,,,009020,001,2025-04-15_14h23.51.552,Simon,2024.2.4,MacIntel,60.24096386,,,,,,,,,,1,36.417,36.9174,,,,,,,,,,,images/white_butterfly.png,images/yellow_butterfly.png,right_image, ,,,,,,35.8008,36.417,[0.19852084672236503],[-0.0014610780848329048],[1],[0],[0],[0.6159000000953654],"[""right_image""]",2,0,8,3,1,,,,,
,,,,,009020,001,2025-04-15_14h23.51.552,Simon,2024.2.4,MacIntel,60.24096386,,,,,,,,,,1,37.7003,38.2004,,,,,,,,,,,images/yellow_butterfly.png,images/white_butterfly.png,right_image, ,,,,,,36.9182,37.7003,[0.19309326799485863],[-0.03676293380462725],[1],[0],[0],[0.7815999999046355],"[""right_image""]",2,1,9,2,1,,,,,
,,,,,009020,001,2025-04-15_14h23.51.552,Simon,2024.2.4,MacIntel,60.24096386,,,,,,,,,,1,38.967,39.4673,,,,,,,,,,,images/white_butterfly.png,images/purple_butterfly.png,left_image, ,,,,,,38.2008,38.967,[-0.1699469794344473],[-0.06960455494858611],[1],[0],[0],[0.7660999999046325],"[""left_image""]",2,2,10,1,1,,,,,
,,,,,009020,001,2025-04-15_14h23.51.552,Simon,2024.2.4,MacIntel,60.24096386,,,,,,,,,,1,40.0505,40.5505,,,,,,,,,,,images/purple_butterfly.png,images/white_butterfly.png,left_image, ,,,,,,39.4676,40.0505,[-0.1789042416452442],[-0.0015213287275064268],[1],[0],[0],[0.5827999999523144],"[""left_image""]",2,3,11,0,1,,,,,
,,,,,009020,001,2025-04-15_14h23.51.552,Simon,2024.2.4,MacIntel,60.24096386,,,,,,,,,,1,41.1505,41.6503,,,,,,,,,,,images/purple_butterfly.png,images/white_butterfly.png,left_image, ,,,,,,40.5508,41.1504,[-0.23275827442159383],[0.01041834029562982],[1],[0],[0],[0.5996000001430488],"[""left_image""]",3,0,12,0,1,,,,,
,,,,,009020,001,2025-04-15_14h23.51.552,Simon,2024.2.4,MacIntel,60.24096386,,,,,,,,,,1,42.2837,42.7838,,,,,,,,,,,images/yellow_butterfly.png,images/white_butterfly.png,right_image, ,,,,,,41.6506,42.2837,[0.30791593026992287],[0.02349272975578406],[1],[0],[0],[0.6327999999523186],"[""right_image""]",3,1,13,2,1,,,,,
,,,,,009020,001,2025-04-15_14h23.51.552,Simon,2024.2.4,MacIntel,60.24096386,,,,,,,,,,1,43.6005,44.1004,,,,,,,,,,,images/white_butterfly.png,images/purple_butterfly.png,left_image, ,,,,,,42.7841,43.6005,[-0.25139580655526994],[-0.030301052377892032],[1],[0],[0],[0.8163000001907363],"[""left_image""]",3,2,14,1,1,,,,,
,,,,,009020,001,2025-04-15_14h23.51.552,Simon,2024.2.4,MacIntel,60.24096386,,,,,,,,,,1,44.7671,45.267,,,,,,,,,,,images/white_butterfly.png,images/yellow_butterfly.png,right_image, ,,,,,,44.1008,44.7671,[0.24330213688946015],[-0.0013606603470437018],[1],[0],[0],[0.6661999998092654],"[""right_image""]",3,3,15,3,1,,,,,
,,,,,009020,001,2025-04-15_14h23.51.552,Simon,2024.2.4,MacIntel,60.24096386,,,,,,,,,,1,46.0005,46.5004,,,,,,,,,,,images/purple_butterfly.png,images/white_butterfly.png,left_image, ,,,,,,45.2674,46.0005,[-0.22287214813624678],[0.0020033338688946016],[1],[0],[0],[0.7329000000953698],"[""left_image""]",4,0,16,0,1,,,,,
,,,,,009020,001,2025-04-15_14h23.51.552,Simon,2024.2.4,MacIntel,60.24096386,,,,,,,,,,1,47.0837,47.5837,,,,,,,,,,,images/white_butterfly.png,images/yellow_butterfly.png,right_image, ,,,,,,46.5006,47.0837,[0.2581689829691517],[0.030727827763496144],[1],[0],[0],[0.5828999998569486],"[""right_image""]",4,1,17,3,1,,,,,
,,,,,009020,001,2025-04-15_14h23.51.552,Simon,2024.2.4,MacIntel,60.24096386,,,,,,,,,,1,48.5005,49.0004,,,,,,,,,,,images/white_butterfly.png,images/purple_butterfly.png,left_image, ,,,,,,47.5842,48.5005,[-0.2074228791773779],[-0.03227426092544987],[1],[0],[0],[0.9161000001430466],"[""left_image""]",4,2,18,1,1,,,,,
,,,,,009020,001,2025-04-15_14h23.51.552,Simon,2024.2.4,MacIntel,60.24096386,,,,,,,,,,1,49.5839,50.0839,,,,,,,,,,,images/yellow_butterfly.png,images/white_butterfly.png,right_image, ,,,,,,49.0009,49.5839,[0.2704299887532134],[0.008088648778920309],[1],[0],[0],[0.5825999999046303],"[""right_image""]",4,3,19,2,1,,,,,
,,,,,009020,001,2025-04-15_14h23.51.552,Simon,2024.2.4,MacIntel,60.24096386,,,,,,,,,,,,,,,,,,,,,,,,,,,,,,,,,,,,,,,,,,,,,,50.0841,51.3506,1,[51.35040000009537],[51.35040000009537]
