﻿instructions.started,instructions.stopped,start_button.numClicks,start_button.timesOn,start_button.timesOff,participant,session,date,expName,psychopyVersion,OS,frameRate,practice_trial.started,practice_trial.stopped,mouse_2.x,mouse_2.y,mouse_2.leftButton,mouse_2.midButton,mouse_2.rightButton,mouse_2.time,mouse_2.clicked_name,correct,feedback.started,feedback.stopped,loop_until_correct.thisRepN,loop_until_correct.thisTrialN,loop_until_correct.thisN,loop_until_correct.thisIndex,loop_until_correct.ran,prac_trials.thisRepN,prac_trials.thisTrialN,prac_trials.thisN,prac_trials.thisIndex,prac_trials.ran,left_color,right_color,correct_response,top_txt,instructions_2.started,instructions_2.stopped,start_button_2.numClicks,start_button_2.timesOn,start_button_2.timesOff,trial.started,trial.stopped,mouse.x,mouse.y,mouse.leftButton,mouse.midButton,mouse.rightButton,mouse.time,mouse.clicked_name,trials.thisRepN,trials.thisTrialN,trials.thisN,trials.thisIndex,trials.ran,end.started,end.stopped,start_button_3.numClicks,start_button_3.timesOn,start_button_3.timesOff
0.0008,0.9876,1,[1.01609999999404],[1.01609999999404],009258,001,2025-03-25_08h09.48.278,Simon,2024.2.4,Linux armv81,60.24096386,,,,,,,,,,,,,,,,,,,,,,,,,,,,,,,,,,,,,,,,,,,,,,,,,,
,,,,,009258,001,2025-03-25_08h09.48.278,Simon,2024.2.4,Linux armv81,60.24096386,1.0264,10.6176,[-0.19758812262087452],[-0.04673019720583546],[1],[0],[0],[9.586399999976159],"[""left_image_2"",""left_image_2""]",1,10.6207,11.1182,0,0,0,0,1,,,,,,,,,,,,,,,,,,,,,,,,,,,,,,,,,
,,,,,009258,001,2025-03-25_08h09.48.278,Simon,2024.2.4,Linux armv81,60.24096386,,,,,,,,,,,,,,,,,,0,0,0,0,1,images/purple_butterfly.png,images/white_butterfly.png,left_image_2,"In this example, select the LEFT butterfly.",,,,,,,,,,,,,,,,,,,,,,,,
,,,,,009258,001,2025-03-25_08h09.48.278,Simon,2024.2.4,Linux armv81,60.24096386,11.1245,13.3093,[-0.19109461258868782],[0.018204980966996173],[1],[0],[0],[2.1809999999999974],"[""left_image_2"",""left_image_2""]",1,13.3098,13.8105,0,0,0,0,1,,,,,,,,,,,,,,,,,,,,,,,,,,,,,,,,,
,,,,,009258,001,2025-03-25_08h09.48.278,Simon,2024.2.4,Linux armv81,60.24096386,,,,,,,,,,,,,,,,,,0,1,1,1,1,images/white_butterfly.png,images/purple_butterfly.png,left_image_2,"In this example, select the LEFT butterfly.",,,,,,,,,,,,,,,,,,,,,,,,
,,,,,009258,001,2025-03-25_08h09.48.278,Simon,2024.2.4,Linux armv81,60.24096386,13.8136,333.1449,[0.2476808976153938],[-0.019828407131895726],[1],[0],[0],[319.32840000000596],"[""right_image_2"",""right_image_2""]",1,333.1454,333.6455,0,0,0,0,1,,,,,,,,,,,,,,,,,,,,,,,,,,,,,,,,,
,,,,,009258,001,2025-03-25_08h09.48.278,Simon,2024.2.4,Linux armv81,60.24096386,,,,,,,,,,,,,,,,,,0,2,2,2,1,images/yellow_butterfly.png,images/white_butterfly.png,right_image_2,"In this example, select the RIGHT butterfly.",,,,,,,,,,,,,,,,,,,,,,,,
,,,,,009258,001,2025-03-25_08h09.48.278,Simon,2024.2.4,Linux armv81,60.24096386,333.6519,335.7334,[0.1641929782166773],[-0.08105289692781409],[1],[0],[0],[2.0794000000059327],"[""right_image_2"",""right_image_2""]",1,335.7338,336.2351,0,0,0,0,1,,,,,,,,,,,,,,,,,,,,,,,,,,,,,,,,,
,,,,,009258,001,2025-03-25_08h09.48.278,Simon,2024.2.4,Linux armv81,60.24096386,,,,,,,,,,,,,,,,,,0,3,3,3,1,images/white_butterfly.png,images/yellow_butterfly.png,right_image_2,"In this example, select the RIGHT butterfly.",,,,,,,,,,,,,,,,,,,,,,,,
,,,,,009258,001,2025-03-25_08h09.48.278,Simon,2024.2.4,Linux armv81,60.24096386,,,,,,,,,,,,,,,,,,,,,,,,,,,336.2359,337.3601,1,[337.36390000000597],[337.364],,,,,,,,,,,,,,,,,,,
,,,,,009258,001,2025-03-25_08h09.48.278,Simon,2024.2.4,Linux armv81,60.24096386,,,,,,,,,,1,341.8201,342.3185,,,,,,,,,,,images/yellow_butterfly.png,images/white_butterfly.png,right_image, ,,,,,,337.3745,341.8198,[0.1270872232865314],[-0.041164242491430164],[1],[0],[0],[4.44319999998811],"[""right_image""]",0,0,0,2,1,,,,,
,,,,,009258,001,2025-03-25_08h09.48.278,Simon,2024.2.4,Linux armv81,60.24096386,,,,,,,,,,0,344.9115,345.4104,,,,,,,,,,,images/purple_butterfly.png,images/white_butterfly.png,left_image, ,,,,,,342.32,344.9085,"[-0.37755102040816324,0.1261596290432677]","[0.2510435921805246,-0.04023657039720185]","[1,1]","[0,0]","[0,0]","[1.2875000000000227,2.587800000011896]","[null,""right_image""]",0,1,1,0,1,,,,,
,,,,,009258,001,2025-03-25_08h09.48.278,Simon,2024.2.4,Linux armv81,60.24096386,,,,,,,,,,0,347.5697,348.0704,,,,,,,,,,,images/white_butterfly.png,images/purple_butterfly.png,left_image, ,,,,,,345.4137,347.5694,[0.114100203222158],[-0.03374309929049745],[1],[0],[0],[2.1543999999761922],"[""right_image""]",0,2,2,1,1,,,,,
,,,,,009258,001,2025-03-25_08h09.48.278,Simon,2024.2.4,Linux armv81,60.24096386,,,,,,,,,,0,348.9074,349.4074,,,,,,,,,,,images/white_butterfly.png,images/yellow_butterfly.png,right_image, ,,,,,,348.0726,348.9073,[-0.23005565331906688],[-0.009624325499242666],[1],[0],[0],[0.8331999999880395],"[""left_image""]",0,3,3,3,1,,,,,
,,,,,009258,001,2025-03-25_08h09.48.278,Simon,2024.2.4,Linux armv81,60.24096386,,,,,,,,,,0,350.777,351.2779,,,,,,,,,,,images/yellow_butterfly.png,images/white_butterfly.png,right_image, ,,,,,,349.4098,350.7768,[-0.20222630792734575],[0.004290210957429847],[1],[0],[0],[1.36579999998213],"[""left_image""]",1,0,4,2,1,,,,,
,,,,,009258,001,2025-03-25_08h09.48.278,Simon,2024.2.4,Linux armv81,60.24096386,,,,,,,,,,1,351.7305,352.2306,,,,,,,,,,,images/white_butterfly.png,images/yellow_butterfly.png,right_image, ,,,,,,351.2803,351.7292,[0.17254179351183832],[-0.016117952307876274],[1],[0],[0],[0.4468000000119332],"[""right_image""]",1,1,5,3,1,,,,,
,,,,,009258,001,2025-03-25_08h09.48.278,Simon,2024.2.4,Linux armv81,60.24096386,,,,,,,,,,1,353.3678,353.8688,,,,,,,,,,,images/purple_butterfly.png,images/white_butterfly.png,left_image, ,,,,,,352.235,353.3676,[-0.16790351089166136],[0.034902533706353635],[1],[0],[0],[1.1316999999880863],"[""left_image""]",1,2,6,0,1,,,,,
,,,,,009258,001,2025-03-25_08h09.48.278,Simon,2024.2.4,Linux armv81,60.24096386,,,,,,,,,,1,354.9874,355.4883,,,,,,,,,,,images/white_butterfly.png,images/purple_butterfly.png,left_image, ,,,,,,353.8703,354.9873,[-0.19109461258868782],[0.02562612416792889],[1],[0],[0],[1.11579999998213],"[""left_image""]",1,3,7,1,1,,,,,
,,,,,009258,001,2025-03-25_08h09.48.278,Simon,2024.2.4,Linux armv81,60.24096386,,,,,,,,,,1,356.0402,356.5415,,,,,,,,,,,images/purple_butterfly.png,images/white_butterfly.png,left_image, ,,,,,,355.4898,356.0401,[-0.19480518418915418],[0.026553796262157207],[1],[0],[0],[0.5494999999999663],"[""left_image""]",2,0,8,0,1,,,,,
,,,,,009258,001,2025-03-25_08h09.48.278,Simon,2024.2.4,Linux armv81,60.24096386,,,,,,,,,,0,357.3969,357.8952,,,,,,,,,,,images/white_butterfly.png,images/purple_butterfly.png,left_image, ,,,,,,356.5428,357.3948,[0.09833024472606425],[-0.027249550332828443],[1],[0],[0],[0.8500999999940859],"[""right_image""]",2,1,9,1,1,,,,,
,,,,,009258,001,2025-03-25_08h09.48.278,Simon,2024.2.4,Linux armv81,60.24096386,,,,,,,,,,0,358.2294,358.7297,,,,,,,,,,,images/white_butterfly.png,images/yellow_butterfly.png,right_image, ,,,,,,357.8994,358.2293,[-0.2059369184532944],[0.039540816326530615],[1],[0],[0],[0.32900000000000773],"[""left_image""]",2,2,10,3,1,,,,,
,,,,,009258,001,2025-03-25_08h09.48.278,Simon,2024.2.4,Linux armv81,60.24096386,,,,,,,,,,1,359.0161,359.5181,,,,,,,,,,,images/yellow_butterfly.png,images/white_butterfly.png,right_image, ,,,,,,358.7316,359.014,[0.1641929782166773],[-0.025394283995336414],[1],[0],[0],[0.2808000000119364],"[""right_image""]",2,3,11,2,1,,,,,
,,,,,009258,001,2025-03-25_08h09.48.278,Simon,2024.2.4,Linux armv81,60.24096386,,,,,,,,,,1,359.8661,360.3673,,,,,,,,,,,images/yellow_butterfly.png,images/white_butterfly.png,right_image, ,,,,,,359.5207,359.866,[0.14749538655183753],[-0.021683673469387755],[1],[0],[0],[0.3450000000000273],"[""right_image""]",3,0,12,2,1,,,,,
,,,,,009258,001,2025-03-25_08h09.48.278,Simon,2024.2.4,Linux armv81,60.24096386,,,,,,,,,,1,360.5037,361.0036,,,,,,,,,,,images/purple_butterfly.png,images/white_butterfly.png,left_image, ,,,,,,360.3686,360.5032,[-0.2291280006875797],[0.02748139050542092],[1],[0],[0],[0.1339999999999577],"[""left_image""]",3,1,13,0,1,,,,,
,,,,,009258,001,2025-03-25_08h09.48.278,Simon,2024.2.4,Linux armv81,60.24096386,,,,,,,,,,0,361.2902,361.7877,,,,,,,,,,,images/white_butterfly.png,images/purple_butterfly.png,left_image, ,,,,,,361.0081,361.2876,[0.12523191802355707],[-0.006841387067522321],[1],[0],[0],[0.27800000000002],"[""right_image""]",3,2,14,1,1,,,,,
,,,,,009258,001,2025-03-25_08h09.48.278,Simon,2024.2.4,Linux armv81,60.24096386,,,,,,,,,,0,362.1283,362.6231,,,,,,,,,,,images/white_butterfly.png,images/yellow_butterfly.png,right_image, ,,,,,,361.7912,362.1281,[-0.20222630792734575],[0.03675787789481027],[1],[0],[0],[0.33609999999401907],"[""left_image""]",3,3,15,3,1,,,,,
,,,,,009258,001,2025-03-25_08h09.48.278,Simon,2024.2.4,Linux armv81,60.24096386,,,,,,,,,,1,362.8763,363.3752,,,,,,,,,,,images/white_butterfly.png,images/purple_butterfly.png,left_image, ,,,,,,362.6244,362.8741,[-0.10482375475825095],[0.03675787789481027],[1],[0],[0],[0.24890000000596046],"[""left_image""]",4,0,16,1,1,,,,,
,,,,,009258,001,2025-03-25_08h09.48.278,Simon,2024.2.4,Linux armv81,60.24096386,,,,,,,,,,0,364.5291,365.0284,,,,,,,,,,,images/yellow_butterfly.png,images/white_butterfly.png,right_image, ,,,,,,363.3779,364.5278,[-0.20222630792734575],[0.04232375475825095],[1],[0],[0],[1.1485000000000127],"[""left_image""]",4,1,17,2,1,,,,,
,,,,,009258,001,2025-03-25_08h09.48.278,Simon,2024.2.4,Linux armv81,60.24096386,,,,,,,,,,0,365.2971,365.7975,,,,,,,,,,,images/purple_butterfly.png,images/white_butterfly.png,left_image, ,,,,,,365.0297,365.2969,[0.12152134642309072],[-0.049512979935626596],[1],[0],[0],[0.26650000000000773],"[""right_image""]",4,2,18,0,1,,,,,
,,,,,009258,001,2025-03-25_08h09.48.278,Simon,2024.2.4,Linux armv81,60.24096386,,,,,,,,,,0,365.9983,366.4997,,,,,,,,,,,images/white_butterfly.png,images/yellow_butterfly.png,right_image, ,,,,,,365.7984,365.9982,[-0.21335806165422713],[0.008000899334343113],[1],[0],[0],[0.1989000000059491],"[""left_image""]",4,3,19,3,1,,,,,
,,,,,009258,001,2025-03-25_08h09.48.278,Simon,2024.2.4,Linux armv81,60.24096386,,,,,,,,,,,,,,,,,,,,,,,,,,,,,,,,,,,,,,,,,,,,,,366.5003,367.6062,1,[367.6053000000119],[367.6053000000119]
