﻿instructions.started,instructions.stopped,start_button.numClicks,start_button.timesOn,start_button.timesOff,participant,session,date,expName,psychopyVersion,OS,frameRate,practice_trial.started,practice_trial.stopped,mouse_2.x,mouse_2.y,mouse_2.leftButton,mouse_2.midButton,mouse_2.rightButton,mouse_2.time,mouse_2.clicked_name,correct,feedback.started,feedback.stopped,loop_until_correct.thisRepN,loop_until_correct.thisTrialN,loop_until_correct.thisN,loop_until_correct.thisIndex,loop_until_correct.ran,prac_trials.thisRepN,prac_trials.thisTrialN,prac_trials.thisN,prac_trials.thisIndex,prac_trials.ran,left_color,right_color,correct_response,top_txt,instructions_2.started,instructions_2.stopped,start_button_2.numClicks,start_button_2.timesOn,start_button_2.timesOff,trial.started,trial.stopped,mouse.x,mouse.y,mouse.leftButton,mouse.midButton,mouse.rightButton,mouse.time,mouse.clicked_name,trials.thisRepN,trials.thisTrialN,trials.thisN,trials.thisIndex,trials.ran,end.started,end.stopped,start_button_3.numClicks,start_button_3.timesOn,start_button_3.timesOff
0.001,0.932,1,[0.9479999999999995],[0.9479999999999995],009632,001,2025-05-11_14h09.50.397,Simon,2024.2.4,iPhone,52.63157895,,,,,,,,,,,,,,,,,,,,,,,,,,,,,,,,,,,,,,,,,,,,,,,,,,
,,,,,009632,001,2025-05-11_14h09.50.397,Simon,2024.2.4,iPhone,52.63157895,0.954,4.06,[-0.25116279069767444],[0.046511627906976744],[1],[0],[0],[3.1019999999999994],"[""left_image_2"",""left_image_2""]",1,4.061,4.551,0,0,0,0,1,,,,,,,,,,,,,,,,,,,,,,,,,,,,,,,,,
,,,,,009632,001,2025-05-11_14h09.50.397,Simon,2024.2.4,iPhone,52.63157895,,,,,,,,,,,,,,,,,,0,0,0,0,1,images/purple_butterfly.png,images/white_butterfly.png,left_image_2,"In this example, select the LEFT butterfly.",,,,,,,,,,,,,,,,,,,,,,,,
,,,,,009632,001,2025-05-11_14h09.50.397,Simon,2024.2.4,iPhone,52.63157895,4.554,5.476,[-0.23488372093023255],[-0.01627906976744186],[1],[0],[0],[0.9169999999999998],"[""left_image_2"",""left_image_2""]",1,5.476,5.965,0,0,0,0,1,,,,,,,,,,,,,,,,,,,,,,,,,,,,,,,,,
,,,,,009632,001,2025-05-11_14h09.50.397,Simon,2024.2.4,iPhone,52.63157895,,,,,,,,,,,,,,,,,,0,1,1,1,1,images/white_butterfly.png,images/purple_butterfly.png,left_image_2,"In this example, select the LEFT butterfly.",,,,,,,,,,,,,,,,,,,,,,,,
,,,,,009632,001,2025-05-11_14h09.50.397,Simon,2024.2.4,iPhone,52.63157895,5.967,6.69,[0.20232558139534884],[-0.01627906976744186],[1],[0],[0],[0.7200000000000006],"[""right_image_2"",""right_image_2""]",1,6.69,7.18,0,0,0,0,1,,,,,,,,,,,,,,,,,,,,,,,,,,,,,,,,,
,,,,,009632,001,2025-05-11_14h09.50.397,Simon,2024.2.4,iPhone,52.63157895,,,,,,,,,,,,,,,,,,0,2,2,2,1,images/yellow_butterfly.png,images/white_butterfly.png,right_image_2,"In this example, select the RIGHT butterfly.",,,,,,,,,,,,,,,,,,,,,,,,
,,,,,009632,001,2025-05-11_14h09.50.397,Simon,2024.2.4,iPhone,52.63157895,7.182,7.762,[0.16046511627906976],[-0.023255813953488372],[1],[0],[0],[0.577],"[""right_image_2"",""right_image_2""]",1,7.763,8.262,0,0,0,0,1,,,,,,,,,,,,,,,,,,,,,,,,,,,,,,,,,
,,,,,009632,001,2025-05-11_14h09.50.397,Simon,2024.2.4,iPhone,52.63157895,,,,,,,,,,,,,,,,,,0,3,3,3,1,images/white_butterfly.png,images/yellow_butterfly.png,right_image_2,"In this example, select the RIGHT butterfly.",,,,,,,,,,,,,,,,,,,,,,,,
,,,,,009632,001,2025-05-11_14h09.50.397,Simon,2024.2.4,iPhone,52.63157895,,,,,,,,,,,,,,,,,,,,,,,,,,,8.264,10.203,1,[10.203],[10.203],,,,,,,,,,,,,,,,,,,
,,,,,009632,001,2025-05-11_14h09.50.397,Simon,2024.2.4,iPhone,52.63157895,,,,,,,,,,0,12.018,12.507,,,,,,,,,,,images/yellow_butterfly.png,images/white_butterfly.png,right_image, ,,,,,,10.213,12.017,[-0.17209302325581396],[-0.06744186046511629],[1],[0],[0],[1.8019999999999996],"[""left_image""]",0,0,0,2,1,,,,,
,,,,,009632,001,2025-05-11_14h09.50.397,Simon,2024.2.4,iPhone,52.63157895,,,,,,,,,,0,13.53,14.021,,,,,,,,,,,images/purple_butterfly.png,images/white_butterfly.png,left_image, ,,,,,,12.508,13.53,[0.1930232558139535],[-0.053488372093023255],[1],[0],[0],[1.0210000000000008],"[""right_image""]",0,1,1,0,1,,,,,
,,,,,009632,001,2025-05-11_14h09.50.397,Simon,2024.2.4,iPhone,52.63157895,,,,,,,,,,1,14.697,15.186,,,,,,,,,,,images/white_butterfly.png,images/purple_butterfly.png,left_image, ,,,,,,14.022,14.696,[-0.16744186046511628],[-0.08604651162790698],[1],[0],[0],[0.6729999999999983],"[""left_image""]",0,2,2,1,1,,,,,
,,,,,009632,001,2025-05-11_14h09.50.397,Simon,2024.2.4,iPhone,52.63157895,,,,,,,,,,0,16.177,16.667,,,,,,,,,,,images/white_butterfly.png,images/yellow_butterfly.png,right_image, ,,,,,,15.187,16.176,[-0.12558139534883722],[-0.09534883720930233],[1],[0],[0],[0.9879999999999995],"[""left_image""]",0,3,3,3,1,,,,,
,,,,,009632,001,2025-05-11_14h09.50.397,Simon,2024.2.4,iPhone,52.63157895,,,,,,,,,,1,17.044,17.533,,,,,,,,,,,images/white_butterfly.png,images/yellow_butterfly.png,right_image, ,,,,,,16.668,17.043,[0.19069767441860466],[-0.037209302325581395],[1],[0],[0],[0.375],"[""right_image""]",1,0,4,3,1,,,,,
,,,,,009632,001,2025-05-11_14h09.50.397,Simon,2024.2.4,iPhone,52.63157895,,,,,,,,,,0,17.943,18.432,,,,,,,,,,,images/purple_butterfly.png,images/white_butterfly.png,left_image, ,,,,,,17.534,17.942,[0.1744186046511628],[-0.037209302325581395],[1],[0],[0],[0.40600000000000236],"[""right_image""]",1,1,5,0,1,,,,,
,,,,,009632,001,2025-05-11_14h09.50.397,Simon,2024.2.4,iPhone,52.63157895,,,,,,,,,,0,18.724,19.214,,,,,,,,,,,images/yellow_butterfly.png,images/white_butterfly.png,right_image, ,,,,,,18.433,18.724,[-0.19069767441860466],[-0.06279069767441861],[1],[0],[0],[0.28999999999999915],"[""left_image""]",1,2,6,2,1,,,,,
,,,,,009632,001,2025-05-11_14h09.50.397,Simon,2024.2.4,iPhone,52.63157895,,,,,,,,,,0,19.54,20.03,,,,,,,,,,,images/white_butterfly.png,images/purple_butterfly.png,left_image, ,,,,,,19.216,19.54,[0.1883720930232558],[-0.044186046511627906],[1],[0],[0],[0.3219999999999992],"[""right_image""]",1,3,7,1,1,,,,,
,,,,,009632,001,2025-05-11_14h09.50.397,Simon,2024.2.4,iPhone,52.63157895,,,,,,,,,,0,20.271,20.763,,,,,,,,,,,images/yellow_butterfly.png,images/white_butterfly.png,right_image, ,,,,,,20.031,20.271,[-0.14186046511627906],[-0.06511627906976744],[1],[0],[0],[0.23900000000000077],"[""left_image""]",2,0,8,2,1,,,,,
,,,,,009632,001,2025-05-11_14h09.50.397,Simon,2024.2.4,iPhone,52.63157895,,,,,,,,,,0,21.204,21.694,,,,,,,,,,,images/purple_butterfly.png,images/white_butterfly.png,left_image, ,,,,,,20.763,21.204,[0.1744186046511628],[-0.08604651162790698],[1],[0],[0],[0.43900000000000006],"[""right_image""]",2,1,9,0,1,,,,,
,,,,,009632,001,2025-05-11_14h09.50.397,Simon,2024.2.4,iPhone,52.63157895,,,,,,,,,,1,21.821,22.31,,,,,,,,,,,images/white_butterfly.png,images/purple_butterfly.png,left_image, ,,,,,,21.695,21.82,[-0.10697674418604651],[-0.06279069767441861],[1],[0],[0],[0.12399999999999878],"[""left_image""]",2,2,10,1,1,,,,,
,,,,,009632,001,2025-05-11_14h09.50.397,Simon,2024.2.4,iPhone,52.63157895,,,,,,,,,,0,22.603,23.093,,,,,,,,,,,images/white_butterfly.png,images/yellow_butterfly.png,right_image, ,,,,,,22.311,22.602,[-0.1930232558139535],[-0.09534883720930233],[1],[0],[0],[0.28999999999999915],"[""left_image""]",2,3,11,3,1,,,,,
,,,,,009632,001,2025-05-11_14h09.50.397,Simon,2024.2.4,iPhone,52.63157895,,,,,,,,,,0,23.236,23.725,,,,,,,,,,,images/yellow_butterfly.png,images/white_butterfly.png,right_image, ,,,,,,23.094,23.235,[-0.1697674418604651],[-0.08139534883720931],[1],[0],[0],[0.14099999999999824],"[""left_image""]",3,0,12,2,1,,,,,
,,,,,009632,001,2025-05-11_14h09.50.397,Simon,2024.2.4,iPhone,52.63157895,,,,,,,,,,1,23.767,24.258,,,,,,,,,,,images/purple_butterfly.png,images/white_butterfly.png,left_image, ,,,,,,23.726,23.766,[-0.1697674418604651],[-0.05813953488372093],[1],[0],[0],[0.03900000000000148],"[""left_image""]",3,1,13,0,1,,,,,
,,,,,009632,001,2025-05-11_14h09.50.397,Simon,2024.2.4,iPhone,52.63157895,,,,,,,,,,1,24.297,24.8,,,,,,,,,,,images/white_butterfly.png,images/purple_butterfly.png,left_image, ,,,,,,24.259,24.297,[-0.1697674418604651],[-0.09302325581395349],[1],[0],[0],[0.036999999999999034],"[""left_image""]",3,2,14,1,1,,,,,
,,,,,009632,001,2025-05-11_14h09.50.397,Simon,2024.2.4,iPhone,52.63157895,,,,,,,,,,0,24.967,25.457,,,,,,,,,,,images/white_butterfly.png,images/yellow_butterfly.png,right_image, ,,,,,,24.8,24.966,[-0.1325581395348837],[-0.10232558139534884],[1],[0],[0],[0.16499999999999915],"[""left_image""]",3,3,15,3,1,,,,,
,,,,,009632,001,2025-05-11_14h09.50.397,Simon,2024.2.4,iPhone,52.63157895,,,,,,,,,,1,25.596,26.089,,,,,,,,,,,images/white_butterfly.png,images/purple_butterfly.png,left_image, ,,,,,,25.457,25.595,[-0.11395348837209303],[-0.10930232558139535],[1],[0],[0],[0.13700000000000045],"[""left_image""]",4,0,16,1,1,,,,,
,,,,,009632,001,2025-05-11_14h09.50.397,Simon,2024.2.4,iPhone,52.63157895,,,,,,,,,,0,26.116,26.605,,,,,,,,,,,images/white_butterfly.png,images/yellow_butterfly.png,right_image, ,,,,,,26.091,26.115,[-0.11395348837209303],[-0.1325581395348837],[1],[0],[0],[0.02300000000000324],"[""left_image""]",4,1,17,3,1,,,,,
,,,,,009632,001,2025-05-11_14h09.50.397,Simon,2024.2.4,iPhone,52.63157895,,,,,,,,,,0,26.662,27.157,,,,,,,,,,,images/yellow_butterfly.png,images/white_butterfly.png,right_image, ,,,,,,26.606,26.662,[-0.09767441860465116],[-0.10232558139534884],[1],[0],[0],[0.054999999999999716],"[""left_image""]",4,2,18,2,1,,,,,
,,,,,009632,001,2025-05-11_14h09.50.397,Simon,2024.2.4,iPhone,52.63157895,,,,,,,,,,1,27.248,27.737,,,,,,,,,,,images/purple_butterfly.png,images/white_butterfly.png,left_image, ,,,,,,27.157,27.247,[-0.14883720930232558],[-0.03488372093023256],[1],[0],[0],[0.08899999999999864],"[""left_image""]",4,3,19,0,1,,,,,
,,,,,009632,001,2025-05-11_14h09.50.397,Simon,2024.2.4,iPhone,52.63157895,,,,,,,,,,,,,,,,,,,,,,,,,,,,,,,,,,,,,,,,,,,,,,27.738,28.662,1,[28.661],[28.661]
