﻿instructions.started,instructions.stopped,start_button.numClicks,start_button.timesOn,start_button.timesOff,participant,session,date,expName,psychopyVersion,OS,frameRate,practice_trial.started,practice_trial.stopped,mouse_2.x,mouse_2.y,mouse_2.leftButton,mouse_2.midButton,mouse_2.rightButton,mouse_2.time,mouse_2.clicked_name,correct,feedback.started,feedback.stopped,loop_until_correct.thisRepN,loop_until_correct.thisTrialN,loop_until_correct.thisN,loop_until_correct.thisIndex,loop_until_correct.ran,prac_trials.thisRepN,prac_trials.thisTrialN,prac_trials.thisN,prac_trials.thisIndex,prac_trials.ran,left_color,right_color,correct_response,top_txt,instructions_2.started,instructions_2.stopped,start_button_2.numClicks,start_button_2.timesOn,start_button_2.timesOff,trial.started,trial.stopped,mouse.x,mouse.y,mouse.leftButton,mouse.midButton,mouse.rightButton,mouse.time,mouse.clicked_name,trials.thisRepN,trials.thisTrialN,trials.thisN,trials.thisIndex,trials.ran,end.started,end.stopped,start_button_3.numClicks,start_button_3.timesOn,start_button_3.timesOff
0.001,1.008,1,[1.0210000000000008],[1.0210000000000008],009705,001,2025-11-09_16h50.32.133,Simon,2024.2.4,iPhone,50,,,,,,,,,,,,,,,,,,,,,,,,,,,,,,,,,,,,,,,,,,,,,,,,,,
,,,,,009705,001,2025-11-09_16h50.32.133,Simon,2024.2.4,iPhone,50,1.033,3.243,[0.22790697674418606],[-0.031395348837209305],[1],[0],[0],[2.2059999999999977],"[""right_image_2"",""right_image_2""]",0,3.244,3.732,0,0,0,0,1,,,,,,,,,,,,,,,,,,,,,,,,,,,,,,,,,
,,,,,009705,001,2025-11-09_16h50.32.133,Simon,2024.2.4,iPhone,50,3.733,5.527,[0.2302325581395349],[-0.08023255813953488],[1],[0],[0],[1.7929999999999993],"[""right_image_2"",""right_image_2""]",0,5.528,6.017,1,0,1,0,1,,,,,,,,,,,,,,,,,,,,,,,,,,,,,,,,,
,,,,,009705,001,2025-11-09_16h50.32.133,Simon,2024.2.4,iPhone,50,6.018,6.479,[0.19534883720930232],[-0.0872093023255814],[1],[0],[0],[0.4579999999999984],"[""right_image_2"",""right_image_2""]",0,6.479,6.984,2,0,2,0,1,,,,,,,,,,,,,,,,,,,,,,,,,,,,,,,,,
,,,,,009705,001,2025-11-09_16h50.32.133,Simon,2024.2.4,iPhone,50,6.985,7.38,[0.2302325581395349],[-0.06627906976744186],[1],[0],[0],[0.39399999999999835],"[""right_image_2"",""right_image_2""]",0,7.38,7.885,3,0,3,0,1,,,,,,,,,,,,,,,,,,,,,,,,,,,,,,,,,
,,,,,009705,001,2025-11-09_16h50.32.133,Simon,2024.2.4,iPhone,50,7.885,8.23,[-0.2186046511627907],[-0.022093023255813953],[1],[0],[0],[0.3420000000000005],"[""left_image_2"",""left_image_2""]",1,8.231,8.719,4,0,4,0,1,,,,,,,,,,,,,,,,,,,,,,,,,,,,,,,,,
,,,,,009705,001,2025-11-09_16h50.32.133,Simon,2024.2.4,iPhone,50,,,,,,,,,,,,,,,,,,0,0,0,0,1,images/purple_butterfly.png,images/white_butterfly.png,left_image_2,"In this example, select the LEFT butterfly.",,,,,,,,,,,,,,,,,,,,,,,,
,,,,,009705,001,2025-11-09_16h50.32.133,Simon,2024.2.4,iPhone,50,8.722,10.081,[0.22093023255813954],[-0.040697674418604654],[1],[0],[0],[1.3569999999999993],"[""right_image_2"",""right_image_2""]",0,10.082,10.571,0,0,0,0,1,,,,,,,,,,,,,,,,,,,,,,,,,,,,,,,,,
,,,,,009705,001,2025-11-09_16h50.32.133,Simon,2024.2.4,iPhone,50,10.572,10.948,[-0.23255813953488372],[-0.01744186046511628],[1],[0],[0],[0.37400000000000233],"[""left_image_2"",""left_image_2""]",1,10.949,11.437,1,0,1,0,1,,,,,,,,,,,,,,,,,,,,,,,,,,,,,,,,,
,,,,,009705,001,2025-11-09_16h50.32.133,Simon,2024.2.4,iPhone,50,,,,,,,,,,,,,,,,,,0,1,1,1,1,images/white_butterfly.png,images/purple_butterfly.png,left_image_2,"In this example, select the LEFT butterfly.",,,,,,,,,,,,,,,,,,,,,,,,
,,,,,009705,001,2025-11-09_16h50.32.133,Simon,2024.2.4,iPhone,50,11.44,12.634,[-0.22790697674418606],[0.010465116279069767],[1],[0],[0],[1.190999999999999],"[""left_image_2"",""left_image_2""]",0,12.635,13.139,0,0,0,0,1,,,,,,,,,,,,,,,,,,,,,,,,,,,,,,,,,
,,,,,009705,001,2025-11-09_16h50.32.133,Simon,2024.2.4,iPhone,50,13.14,13.45,[0.24651162790697675],[-0.040697674418604654],[1],[0],[0],[0.30900000000000105],"[""right_image_2"",""right_image_2""]",1,13.451,13.94,1,0,1,0,1,,,,,,,,,,,,,,,,,,,,,,,,,,,,,,,,,
,,,,,009705,001,2025-11-09_16h50.32.133,Simon,2024.2.4,iPhone,50,,,,,,,,,,,,,,,,,,0,2,2,2,1,images/yellow_butterfly.png,images/white_butterfly.png,right_image_2,"In this example, select the RIGHT butterfly.",,,,,,,,,,,,,,,,,,,,,,,,
,,,,,009705,001,2025-11-09_16h50.32.133,Simon,2024.2.4,iPhone,50,13.943,14.385,[-0.20930232558139536],[-0.031395348837209305],[1],[0],[0],[0.43900000000000006],"[""left_image_2"",""left_image_2""]",0,14.386,14.874,0,0,0,0,1,,,,,,,,,,,,,,,,,,,,,,,,,,,,,,,,,
,,,,,009705,001,2025-11-09_16h50.32.133,Simon,2024.2.4,iPhone,50,14.874,15.002,[0.2372093023255814],[-0.056976744186046514],[1],[0],[0],[0.12600000000000122],"[""right_image_2"",""right_image_2""]",1,15.004,15.491,1,0,1,0,1,,,,,,,,,,,,,,,,,,,,,,,,,,,,,,,,,
,,,,,009705,001,2025-11-09_16h50.32.133,Simon,2024.2.4,iPhone,50,,,,,,,,,,,,,,,,,,0,3,3,3,1,images/white_butterfly.png,images/yellow_butterfly.png,right_image_2,"In this example, select the RIGHT butterfly.",,,,,,,,,,,,,,,,,,,,,,,,
,,,,,009705,001,2025-11-09_16h50.32.133,Simon,2024.2.4,iPhone,50,,,,,,,,,,,,,,,,,,,,,,,,,,,15.492,16.487,1,[16.488],[16.488],,,,,,,,,,,,,,,,,,,
,,,,,009705,001,2025-11-09_16h50.32.133,Simon,2024.2.4,iPhone,50,,,,,,,,,,0,18.106,18.61,,,,,,,,,,,images/white_butterfly.png,images/yellow_butterfly.png,right_image, ,,,,,,16.498,18.105,[-0.1697674418604651],[-0.05232558139534884],[1],[0],[0],[1.6039999999999992],"[""left_image""]",0,0,0,3,1,,,,,
,,,,,009705,001,2025-11-09_16h50.32.133,Simon,2024.2.4,iPhone,50,,,,,,,,,,1,19.156,19.644,,,,,,,,,,,images/yellow_butterfly.png,images/white_butterfly.png,right_image, ,,,,,,18.612,19.155,[0.25813953488372093],[-0.06162790697674419],[1],[0],[0],[0.541999999999998],"[""right_image""]",0,1,1,2,1,,,,,
,,,,,009705,001,2025-11-09_16h50.32.133,Simon,2024.2.4,iPhone,50,,,,,,,,,,0,20.407,20.895,,,,,,,,,,,images/purple_butterfly.png,images/white_butterfly.png,left_image, ,,,,,,19.645,20.406,[0.22325581395348837],[-0.08255813953488372],[1],[0],[0],[0.759999999999998],"[""right_image""]",0,2,2,0,1,,,,,
,,,,,009705,001,2025-11-09_16h50.32.133,Simon,2024.2.4,iPhone,50,,,,,,,,,,1,21.174,21.662,,,,,,,,,,,images/white_butterfly.png,images/purple_butterfly.png,left_image, ,,,,,,20.896,21.172,[-0.18372093023255814],[-0.05930232558139535],[1],[0],[0],[0.2740000000000009],"[""left_image""]",0,3,3,1,1,,,,,
,,,,,009705,001,2025-11-09_16h50.32.133,Simon,2024.2.4,iPhone,50,,,,,,,,,,1,22.107,22.596,,,,,,,,,,,images/white_butterfly.png,images/yellow_butterfly.png,right_image, ,,,,,,21.663,22.107,[0.2441860465116279],[-0.056976744186046514],[1],[0],[0],[0.44300000000000495],"[""right_image""]",1,0,4,3,1,,,,,
,,,,,009705,001,2025-11-09_16h50.32.133,Simon,2024.2.4,iPhone,50,,,,,,,,,,1,23.008,23.497,,,,,,,,,,,images/purple_butterfly.png,images/white_butterfly.png,left_image, ,,,,,,22.597,23.008,[-0.1883720930232558],[-0.04534883720930233],[1],[0],[0],[0.4089999999999989],"[""left_image""]",1,1,5,0,1,,,,,
,,,,,009705,001,2025-11-09_16h50.32.133,Simon,2024.2.4,iPhone,50,,,,,,,,,,1,24.01,24.498,,,,,,,,,,,images/yellow_butterfly.png,images/white_butterfly.png,right_image, ,,,,,,23.498,24.009,[0.2186046511627907],[-0.05930232558139535],[1],[0],[0],[0.509999999999998],"[""right_image""]",1,2,6,2,1,,,,,
,,,,,009705,001,2025-11-09_16h50.32.133,Simon,2024.2.4,iPhone,50,,,,,,,,,,1,24.859,25.348,,,,,,,,,,,images/white_butterfly.png,images/purple_butterfly.png,left_image, ,,,,,,24.499,24.858,[-0.20465116279069767],[-0.03372093023255814],[1],[0],[0],[0.3580000000000041],"[""left_image""]",1,3,7,1,1,,,,,
,,,,,009705,001,2025-11-09_16h50.32.133,Simon,2024.2.4,iPhone,50,,,,,,,,,,1,25.693,26.183,,,,,,,,,,,images/white_butterfly.png,images/purple_butterfly.png,left_image, ,,,,,,25.349,25.693,[-0.20232558139534884],[-0.03372093023255814],[1],[0],[0],[0.3440000000000012],"[""left_image""]",2,0,8,1,1,,,,,
,,,,,009705,001,2025-11-09_16h50.32.133,Simon,2024.2.4,iPhone,50,,,,,,,,,,1,26.628,27.117,,,,,,,,,,,images/purple_butterfly.png,images/white_butterfly.png,left_image, ,,,,,,26.184,26.628,[-0.22093023255813954],[-0.010465116279069767],[1],[0],[0],[0.44200000000000017],"[""left_image""]",2,1,9,0,1,,,,,
,,,,,009705,001,2025-11-09_16h50.32.133,Simon,2024.2.4,iPhone,50,,,,,,,,,,0,27.432,27.934,,,,,,,,,,,images/yellow_butterfly.png,images/white_butterfly.png,right_image, ,,,,,,27.118,27.431,[-0.16046511627906976],[-0.04302325581395349],[1],[0],[0],[0.3119999999999976],"[""left_image""]",2,2,10,2,1,,,,,
,,,,,009705,001,2025-11-09_16h50.32.133,Simon,2024.2.4,iPhone,50,,,,,,,,,,1,28.23,28.718,,,,,,,,,,,images/white_butterfly.png,images/yellow_butterfly.png,right_image, ,,,,,,27.935,28.229,[0.23488372093023255],[-0.04302325581395349],[1],[0],[0],[0.29300000000000637],"[""right_image""]",2,3,11,3,1,,,,,
,,,,,009705,001,2025-11-09_16h50.32.133,Simon,2024.2.4,iPhone,50,,,,,,,,,,1,29.063,29.552,,,,,,,,,,,images/purple_butterfly.png,images/white_butterfly.png,left_image, ,,,,,,28.719,29.063,[-0.1744186046511628],[-0.04302325581395349],[1],[0],[0],[0.34199999999999875],"[""left_image""]",3,0,12,0,1,,,,,
,,,,,009705,001,2025-11-09_16h50.32.133,Simon,2024.2.4,iPhone,50,,,,,,,,,,1,29.83,30.319,,,,,,,,,,,images/yellow_butterfly.png,images/white_butterfly.png,right_image, ,,,,,,29.553,29.83,[0.24883720930232558],[-0.05465116279069768],[1],[0],[0],[0.27600000000000335],"[""right_image""]",3,1,13,2,1,,,,,
,,,,,009705,001,2025-11-09_16h50.32.133,Simon,2024.2.4,iPhone,50,,,,,,,,,,1,30.647,31.137,,,,,,,,,,,images/white_butterfly.png,images/purple_butterfly.png,left_image, ,,,,,,30.32,30.647,[-0.1697674418604651],[-0.08255813953488372],[1],[0],[0],[0.32500000000000284],"[""left_image""]",3,2,14,1,1,,,,,
,,,,,009705,001,2025-11-09_16h50.32.133,Simon,2024.2.4,iPhone,50,,,,,,,,,,1,31.466,31.954,,,,,,,,,,,images/white_butterfly.png,images/yellow_butterfly.png,right_image, ,,,,,,31.138,31.466,[0.3],[-0.04302325581395349],[1],[0],[0],[0.3269999999999982],"[""right_image""]",3,3,15,3,1,,,,,
,,,,,009705,001,2025-11-09_16h50.32.133,Simon,2024.2.4,iPhone,50,,,,,,,,,,0,32.299,32.788,,,,,,,,,,,images/white_butterfly.png,images/purple_butterfly.png,left_image, ,,,,,,31.955,32.298,[0.22790697674418606],[-0.07093023255813953],[1],[0],[0],[0.34199999999999875],"[""right_image""]",4,0,16,1,1,,,,,
,,,,,009705,001,2025-11-09_16h50.32.133,Simon,2024.2.4,iPhone,50,,,,,,,,,,1,33.051,33.556,,,,,,,,,,,images/purple_butterfly.png,images/white_butterfly.png,left_image, ,,,,,,32.789,33.05,[-0.18372093023255814],[-0.04534883720930233],[1],[0],[0],[0.259999999999998],"[""left_image""]",4,1,17,0,1,,,,,
,,,,,009705,001,2025-11-09_16h50.32.133,Simon,2024.2.4,iPhone,50,,,,,,,,,,1,33.834,34.339,,,,,,,,,,,images/white_butterfly.png,images/yellow_butterfly.png,right_image, ,,,,,,33.556,33.834,[0.2186046511627907],[-0.05],[1],[0],[0],[0.27600000000000335],"[""right_image""]",4,2,18,3,1,,,,,
,,,,,009705,001,2025-11-09_16h50.32.133,Simon,2024.2.4,iPhone,50,,,,,,,,,,0,34.652,35.14,,,,,,,,,,,images/yellow_butterfly.png,images/white_butterfly.png,right_image, ,,,,,,34.34,34.651,[-0.19534883720930232],[-0.047674418604651166],[1],[0],[0],[0.3100000000000023],"[""left_image""]",4,3,19,2,1,,,,,
,,,,,009705,001,2025-11-09_16h50.32.133,Simon,2024.2.4,iPhone,50,,,,,,,,,,,,,,,,,,,,,,,,,,,,,,,,,,,,,,,,,,,,,,35.141,35.986,1,[35.985],[35.985]
