﻿instructions.started,instructions.stopped,start_button.numClicks,start_button.timesOn,start_button.timesOff,participant,session,date,expName,psychopyVersion,OS,frameRate,practice_trial.started,practice_trial.stopped,mouse_2.x,mouse_2.y,mouse_2.leftButton,mouse_2.midButton,mouse_2.rightButton,mouse_2.time,mouse_2.clicked_name,correct,feedback.started,feedback.stopped,loop_until_correct.thisRepN,loop_until_correct.thisTrialN,loop_until_correct.thisN,loop_until_correct.thisIndex,loop_until_correct.ran,prac_trials.thisRepN,prac_trials.thisTrialN,prac_trials.thisN,prac_trials.thisIndex,prac_trials.ran,left_color,right_color,correct_response,top_txt,instructions_2.started,instructions_2.stopped,start_button_2.numClicks,start_button_2.timesOn,start_button_2.timesOff,trial.started,trial.stopped,mouse.x,mouse.y,mouse.leftButton,mouse.midButton,mouse.rightButton,mouse.time,mouse.clicked_name,trials.thisRepN,trials.thisTrialN,trials.thisN,trials.thisIndex,trials.ran,end.started,end.stopped,start_button_3.numClicks,start_button_3.timesOn,start_button_3.timesOff
0.0005,2.2736,1,[2.284],[2.284],009925,001,2025-03-09_18h36.16.775,Simon,2024.2.4,Win32,12.78772379,,,,,,,,,,,,,,,,,,,,,,,,,,,,,,,,,,,,,,,,,,,,,,,,,,
,,,,,009925,001,2025-03-09_18h36.16.775,Simon,2024.2.4,Win32,12.78772379,2.2925,5.2502,[-0.16810344827586207],[-0.0668103448275862],[1],[0],[0],[2.9544999999999995],"[""left_image_2"",""left_image_2""]",1,5.2509,5.5999,0,0,0,0,1,,,,,,,,,,,,,,,,,,,,,,,,,,,,,,,,,
,,,,,009925,001,2025-03-09_18h36.16.775,Simon,2024.2.4,Win32,12.78772379,,,,,,,,,,,,,,,,,,0,0,0,0,1,images/purple_butterfly.png,images/white_butterfly.png,left_image_2,"In this example, select the LEFT butterfly.",,,,,,,,,,,,,,,,,,,,,,,,
,,,,,009925,001,2025-03-09_18h36.16.775,Simon,2024.2.4,Win32,12.78772379,5.6013,10.5845,[0.20150862068965517],[0.02478448275862069],[1],[0],[0],[4.981499999999999],"[""right_image_2"",""right_image_2""]",0,10.5853,11.0173,0,0,0,0,1,,,,,,,,,,,,,,,,,,,,,,,,,,,,,,,,,
,,,,,009925,001,2025-03-09_18h36.16.775,Simon,2024.2.4,Win32,12.78772379,11.0179,11.9578,[0.2510775862068966],[0.021551724137931036],[1],[0],[0],[0.9392000000001879],"[""right_image_2"",""right_image_2""]",0,11.958,12.4015,1,0,1,0,1,,,,,,,,,,,,,,,,,,,,,,,,,,,,,,,,,
,,,,,009925,001,2025-03-09_18h36.16.775,Simon,2024.2.4,Win32,12.78772379,12.4024,13.6104,[0.27155172413793105],[0.018318965517241378],[1],[0],[0],[1.2072999999998153],"[""right_image_2"",""right_image_2""]",0,13.6106,14.036,2,0,2,0,1,,,,,,,,,,,,,,,,,,,,,,,,,,,,,,,,,
,,,,,009925,001,2025-03-09_18h36.16.775,Simon,2024.2.4,Win32,12.78772379,14.0365,14.8493,[0.22629310344827586],[0.014008620689655173],[1],[0],[0],[0.8120000000000012],"[""right_image_2"",""right_image_2""]",0,14.8495,15.2791,3,0,3,0,1,,,,,,,,,,,,,,,,,,,,,,,,,,,,,,,,,
,,,,,009925,001,2025-03-09_18h36.16.775,Simon,2024.2.4,Win32,12.78772379,15.2796,18.3956,[0.21120689655172414],[0.016163793103448277],[1],[0],[0],[3.1151000000005595],"[""right_image_2"",""right_image_2""]",0,18.3958,18.8307,4,0,4,0,1,,,,,,,,,,,,,,,,,,,,,,,,,,,,,,,,,
,,,,,009925,001,2025-03-09_18h36.16.775,Simon,2024.2.4,Win32,12.78772379,18.8313,19.5597,[0.21443965517241378],[0.03017241379310345],[1],[0],[0],[0.7275999999996294],"[""right_image_2"",""right_image_2""]",0,19.5599,19.9917,5,0,5,0,1,,,,,,,,,,,,,,,,,,,,,,,,,,,,,,,,,
,,,,,009925,001,2025-03-09_18h36.16.775,Simon,2024.2.4,Win32,12.78772379,19.9923,21.6008,[-0.19288793103448276],[0.059267241379310345],[1],[0],[0],[1.6077999999998127],"[""left_image_2"",""left_image_2""]",1,21.6016,22.063,6,0,6,0,1,,,,,,,,,,,,,,,,,,,,,,,,,,,,,,,,,
,,,,,009925,001,2025-03-09_18h36.16.775,Simon,2024.2.4,Win32,12.78772379,,,,,,,,,,,,,,,,,,0,1,1,1,1,images/white_butterfly.png,images/purple_butterfly.png,left_image_2,"In this example, select the LEFT butterfly.",,,,,,,,,,,,,,,,,,,,,,,,
,,,,,009925,001,2025-03-09_18h36.16.775,Simon,2024.2.4,Win32,12.78772379,22.0641,25.1975,[0.2338362068965517],[0.029094827586206896],[1],[0],[0],[3.1318999999994404],"[""right_image_2"",""right_image_2""]",1,25.1977,25.6309,0,0,0,0,1,,,,,,,,,,,,,,,,,,,,,,,,,,,,,,,,,
,,,,,009925,001,2025-03-09_18h36.16.775,Simon,2024.2.4,Win32,12.78772379,,,,,,,,,,,,,,,,,,0,2,2,2,1,images/yellow_butterfly.png,images/white_butterfly.png,right_image_2,"In this example, select the RIGHT butterfly.",,,,,,,,,,,,,,,,,,,,,,,,
,,,,,009925,001,2025-03-09_18h36.16.775,Simon,2024.2.4,Win32,12.78772379,25.6321,28.9817,[0.2801724137931034],[0.03987068965517242],[1],[0],[0],[3.348699999999255],"[""right_image_2"",""right_image_2""]",1,28.9819,29.4064,0,0,0,0,1,,,,,,,,,,,,,,,,,,,,,,,,,,,,,,,,,
,,,,,009925,001,2025-03-09_18h36.16.775,Simon,2024.2.4,Win32,12.78772379,,,,,,,,,,,,,,,,,,0,3,3,3,1,images/white_butterfly.png,images/yellow_butterfly.png,right_image_2,"In this example, select the RIGHT butterfly.",,,,,,,,,,,,,,,,,,,,,,,,
,,,,,009925,001,2025-03-09_18h36.16.775,Simon,2024.2.4,Win32,12.78772379,,,,,,,,,,,,,,,,,,,,,,,,,,,29.4068,31.1234,1,[31.125699999999256],[31.125699999999256],,,,,,,,,,,,,,,,,,,
,,,,,009925,001,2025-03-09_18h36.16.775,Simon,2024.2.4,Win32,12.78772379,,,,,,,,,,0,32.7075,33.1328,,,,,,,,,,,images/white_butterfly.png,images/yellow_butterfly.png,right_image, ,,,,,,31.1301,32.7069,[-0.16056034482758622],[-0.014008620689655173],[1],[0],[0],[1.5760000000000005],"[""left_image""]",0,0,0,3,1,,,,,
,,,,,009925,001,2025-03-09_18h36.16.775,Simon,2024.2.4,Win32,12.78772379,,,,,,,,,,1,34.4251,34.8484,,,,,,,,,,,images/purple_butterfly.png,images/white_butterfly.png,left_image, ,,,,,,33.1334,34.4245,[-0.14331896551724138],[-0.0021551724137931034],[1],[0],[0],[1.2907000000001858],"[""left_image""]",0,1,1,0,1,,,,,
,,,,,009925,001,2025-03-09_18h36.16.775,Simon,2024.2.4,Win32,12.78772379,,,,,,,,,,1,35.8965,36.3317,,,,,,,,,,,images/yellow_butterfly.png,images/white_butterfly.png,right_image, ,,,,,,34.8488,35.8965,[0.17025862068965517],[-0.011853448275862068],[1],[0],[0],[1.047300000000746],"[""right_image""]",0,2,2,2,1,,,,,
,,,,,009925,001,2025-03-09_18h36.16.775,Simon,2024.2.4,Win32,12.78772379,,,,,,,,,,0,37.6238,38.0495,,,,,,,,,,,images/white_butterfly.png,images/purple_butterfly.png,left_image, ,,,,,,36.3323,37.6232,[0.2640086206896552],[0.04418103448275862],[1],[0],[0],[1.2905000000000015],"[""right_image""]",0,3,3,1,1,,,,,
,,,,,009925,001,2025-03-09_18h36.16.775,Simon,2024.2.4,Win32,12.78772379,,,,,,,,,,1,39.4185,39.8499,,,,,,,,,,,images/white_butterfly.png,images/purple_butterfly.png,left_image, ,,,,,,38.0501,39.4179,[-0.30711206896551724],[0.007543103448275862],[1],[0],[0],[1.3678000000007415],"[""left_image""]",1,0,4,1,1,,,,,
,,,,,009925,001,2025-03-09_18h36.16.775,Simon,2024.2.4,Win32,12.78772379,,,,,,,,,,0,40.5951,41.0416,,,,,,,,,,,images/purple_butterfly.png,images/white_butterfly.png,left_image, ,,,,,,39.8504,40.5945,[0.14331896551724138],[-0.04310344827586207],[1],[0],[0],[0.7437000000001888],"[""right_image""]",1,1,5,0,1,,,,,
,,,,,009925,001,2025-03-09_18h36.16.775,Simon,2024.2.4,Win32,12.78772379,,,,,,,,,,1,42.2194,42.6573,,,,,,,,,,,images/white_butterfly.png,images/yellow_butterfly.png,right_image, ,,,,,,41.0423,42.2188,[0.21551724137931033],[-0.022629310344827586],[1],[0],[0],[1.1761000000005595],"[""right_image""]",1,2,6,3,1,,,,,
,,,,,009925,001,2025-03-09_18h36.16.775,Simon,2024.2.4,Win32,12.78772379,,,,,,,,,,0,43.7415,44.1667,,,,,,,,,,,images/yellow_butterfly.png,images/white_butterfly.png,right_image, ,,,,,,42.6579,43.7408,[-0.1627155172413793],[-0.007543103448275862],[1],[0],[0],[1.0825999999996228],"[""left_image""]",1,3,7,2,1,,,,,
,,,,,009925,001,2025-03-09_18h36.16.775,Simon,2024.2.4,Win32,12.78772379,,,,,,,,,,1,46.2948,46.7999,,,,,,,,,,,images/white_butterfly.png,images/yellow_butterfly.png,right_image, ,,,,,,44.1672,46.2942,[0.1788793103448276],[0.007543103448275862],[1],[0],[0],[2.1267000000001843],"[""right_image""]",2,0,8,3,1,,,,,
,,,,,009925,001,2025-03-09_18h36.16.775,Simon,2024.2.4,Win32,12.78772379,,,,,,,,,,0,50.2593,50.7283,,,,,,,,,,,images/purple_butterfly.png,images/white_butterfly.png,left_image, ,,,,,,46.8004,50.2587,[0.16163793103448276],[-0.07974137931034483],[1],[0],[0],[3.4579999999999984],"[""right_image""]",2,1,9,0,1,,,,,
,,,,,009925,001,2025-03-09_18h36.16.775,Simon,2024.2.4,Win32,12.78772379,,,,,,,,,,1,51.91,52.3344,,,,,,,,,,,images/yellow_butterfly.png,images/white_butterfly.png,right_image, ,,,,,,50.7289,51.9095,[0.20797413793103448],[0.014008620689655173],[1],[0],[0],[1.180200000000184],"[""right_image""]",2,2,10,2,1,,,,,
,,,,,009925,001,2025-03-09_18h36.16.775,Simon,2024.2.4,Win32,12.78772379,,,,,,,,,,1,53.4059,53.8246,,,,,,,,,,,images/white_butterfly.png,images/purple_butterfly.png,left_image, ,,,,,,52.335,53.4058,[-0.12607758620689655],[-0.03879310344827586],[1],[0],[0],[1.0702999999998113],"[""left_image""]",2,3,11,1,1,,,,,
,,,,,009925,001,2025-03-09_18h36.16.775,Simon,2024.2.4,Win32,12.78772379,,,,,,,,,,1,54.4206,54.8421,,,,,,,,,,,images/white_butterfly.png,images/yellow_butterfly.png,right_image, ,,,,,,53.8252,54.4205,[0.2101293103448276],[-0.03987068965517242],[1],[0],[0],[0.5949999999999989],"[""right_image""]",3,0,12,3,1,,,,,
,,,,,009925,001,2025-03-09_18h36.16.775,Simon,2024.2.4,Win32,12.78772379,,,,,,,,,,1,55.5964,56.0223,,,,,,,,,,,images/white_butterfly.png,images/purple_butterfly.png,left_image, ,,,,,,54.8427,55.5964,[-0.15193965517241378],[-0.04741379310344827],[1],[0],[0],[0.7533999999994379],"[""left_image""]",3,1,13,1,1,,,,,
,,,,,009925,001,2025-03-09_18h36.16.775,Simon,2024.2.4,Win32,12.78772379,,,,,,,,,,1,57.4553,57.8815,,,,,,,,,,,images/yellow_butterfly.png,images/white_butterfly.png,right_image, ,,,,,,56.0229,57.4552,[0.17349137931034483],[-0.03125],[1],[0],[0],[1.4267999999998082],"[""right_image""]",3,2,14,2,1,,,,,
,,,,,009925,001,2025-03-09_18h36.16.775,Simon,2024.2.4,Win32,12.78772379,,,,,,,,,,1,58.698,59.1606,,,,,,,,,,,images/purple_butterfly.png,images/white_butterfly.png,left_image, ,,,,,,57.8821,58.6979,[-0.14224137931034483],[-0.0334051724137931],[1],[0],[0],[0.8155000000000001],"[""left_image""]",3,3,15,0,1,,,,,
,,,,,009925,001,2025-03-09_18h36.16.775,Simon,2024.2.4,Win32,12.78772379,,,,,,,,,,1,59.7378,60.16,,,,,,,,,,,images/purple_butterfly.png,images/white_butterfly.png,left_image, ,,,,,,59.1612,59.7376,[-0.1497844827586207],[-0.03879310344827586],[1],[0],[0],[0.5762999999998044],"[""left_image""]",4,0,16,0,1,,,,,
,,,,,009925,001,2025-03-09_18h36.16.775,Simon,2024.2.4,Win32,12.78772379,,,,,,,,,,1,63.0158,63.4435,,,,,,,,,,,images/white_butterfly.png,images/yellow_butterfly.png,right_image, ,,,,,,60.1608,63.0158,"[0.3577586206896552,0.26185344827586204]","[-0.008620689655172414,-0.010775862068965518]","[1,1]","[0,0]","[0,0]","[0.8204000000003759,2.854600000000559]","[null,""right_image""]",4,1,17,3,1,,,,,
,,,,,009925,001,2025-03-09_18h36.16.775,Simon,2024.2.4,Win32,12.78772379,,,,,,,,,,1,64.2545,64.684,,,,,,,,,,,images/white_butterfly.png,images/purple_butterfly.png,left_image, ,,,,,,63.444,64.2544,[-0.13577586206896552],[-0.015086206896551725],[1],[0],[0],[0.8100999999996361],"[""left_image""]",4,2,18,1,1,,,,,
,,,,,009925,001,2025-03-09_18h36.16.775,Simon,2024.2.4,Win32,12.78772379,,,,,,,,,,1,65.5223,65.9501,,,,,,,,,,,images/yellow_butterfly.png,images/white_butterfly.png,right_image, ,,,,,,64.6846,65.5223,[0.1939655172413793],[-0.005387931034482759],[1],[0],[0],[0.8372999999998143],"[""right_image""]",4,3,19,2,1,,,,,
,,,,,009925,001,2025-03-09_18h36.16.775,Simon,2024.2.4,Win32,12.78772379,,,,,,,,,,,,,,,,,,,,,,,,,,,,,,,,,,,,,,,,,,,,,,65.9503,67.5833,1,[67.58290000000036],[67.58290000000036]
