﻿instructions.started,instructions.stopped,start_button.numClicks,start_button.timesOn,start_button.timesOff,participant,session,date,expName,psychopyVersion,OS,frameRate,practice_trial.started,practice_trial.stopped,mouse_2.x,mouse_2.y,mouse_2.leftButton,mouse_2.midButton,mouse_2.rightButton,mouse_2.time,mouse_2.clicked_name,correct,feedback.started,feedback.stopped,loop_until_correct.thisRepN,loop_until_correct.thisTrialN,loop_until_correct.thisN,loop_until_correct.thisIndex,loop_until_correct.ran,prac_trials.thisRepN,prac_trials.thisTrialN,prac_trials.thisN,prac_trials.thisIndex,prac_trials.ran,left_color,right_color,correct_response,top_txt,instructions_2.started,instructions_2.stopped,start_button_2.numClicks,start_button_2.timesOn,start_button_2.timesOff,trial.started,trial.stopped,mouse.x,mouse.y,mouse.leftButton,mouse.midButton,mouse.rightButton,mouse.time,mouse.clicked_name,trials.thisRepN,trials.thisTrialN,trials.thisN,trials.thisIndex,trials.ran,end.started,end.stopped,start_button_3.numClicks,start_button_3.timesOn,start_button_3.timesOff
0.001,5.521,1,[5.542899999976158],[5.543],012640,001,2026-01-28_08h26.55.258,Simon,2024.2.4,Win32,58.82352941,,,,,,,,,,,,,,,,,,,,,,,,,,,,,,,,,,,,,,,,,,,,,,,,,,
,,,,,012640,001,2026-01-28_08h26.55.258,Simon,2024.2.4,Win32,58.82352941,5.5558,12.1918,[-0.18842530282637954],[0.014131897711978465],[1],[0],[0],[6.6313000000119215],"[""left_image_2"",""left_image_2""]",1,12.1934,12.6912,0,0,0,0,1,,,,,,,,,,,,,,,,,,,,,,,,,,,,,,,,,
,,,,,012640,001,2026-01-28_08h26.55.258,Simon,2024.2.4,Win32,58.82352941,,,,,,,,,,,,,,,,,,0,0,0,0,1,images/purple_butterfly.png,images/white_butterfly.png,left_image_2,"In this example, select the LEFT butterfly.",,,,,,,,,,,,,,,,,,,,,,,,
,,,,,012640,001,2026-01-28_08h26.55.258,Simon,2024.2.4,Win32,58.82352941,12.6958,13.6931,[-0.18842530282637954],[0.014131897711978465],[1],[0],[0],[0.994300000011922],"[""left_image_2"",""left_image_2""]",1,13.6935,14.192,0,0,0,0,1,,,,,,,,,,,,,,,,,,,,,,,,,,,,,,,,,
,,,,,012640,001,2026-01-28_08h26.55.258,Simon,2024.2.4,Win32,58.82352941,,,,,,,,,,,,,,,,,,0,1,1,1,1,images/white_butterfly.png,images/purple_butterfly.png,left_image_2,"In this example, select the LEFT butterfly.",,,,,,,,,,,,,,,,,,,,,,,,
,,,,,012640,001,2026-01-28_08h26.55.258,Simon,2024.2.4,Win32,58.82352941,14.197,16.1605,[0.2173620457604307],[0.04104979811574697],[1],[0],[0],[1.9603000000119213],"[""right_image_2"",""right_image_2""]",1,16.1609,16.6606,0,0,0,0,1,,,,,,,,,,,,,,,,,,,,,,,,,,,,,,,,,
,,,,,012640,001,2026-01-28_08h26.55.258,Simon,2024.2.4,Win32,58.82352941,,,,,,,,,,,,,,,,,,0,2,2,2,1,images/yellow_butterfly.png,images/white_butterfly.png,right_image_2,"In this example, select the RIGHT butterfly.",,,,,,,,,,,,,,,,,,,,,,,,
,,,,,012640,001,2026-01-28_08h26.55.258,Simon,2024.2.4,Win32,58.82352941,16.6671,17.2451,[0.2173620457604307],[0.04104979811574697],[1],[0],[0],[0.5755000000000017],"[""right_image_2"",""right_image_2""]",1,17.2456,17.7443,0,0,0,0,1,,,,,,,,,,,,,,,,,,,,,,,,,,,,,,,,,
,,,,,012640,001,2026-01-28_08h26.55.258,Simon,2024.2.4,Win32,58.82352941,,,,,,,,,,,,,,,,,,0,3,3,3,1,images/white_butterfly.png,images/yellow_butterfly.png,right_image_2,"In this example, select the RIGHT butterfly.",,,,,,,,,,,,,,,,,,,,,,,,
,,,,,012640,001,2026-01-28_08h26.55.258,Simon,2024.2.4,Win32,58.82352941,,,,,,,,,,,,,,,,,,,,,,,,,,,17.7456,19.2461,1,[19.24960000002384],[19.24960000002384],,,,,,,,,,,,,,,,,,,
,,,,,012640,001,2026-01-28_08h26.55.258,Simon,2024.2.4,Win32,58.82352941,,,,,,,,,,1,20.7135,21.2138,,,,,,,,,,,images/white_butterfly.png,images/purple_butterfly.png,left_image, ,,,,,,19.2661,20.7134,[-0.17294751009421266],[-0.026244952893674293],[1],[0],[0],[1.4459000000357634],"[""left_image""]",0,0,0,1,1,,,,,
,,,,,012640,001,2026-01-28_08h26.55.258,Simon,2024.2.4,Win32,58.82352941,,,,,,,,,,1,22.0819,22.581,,,,,,,,,,,images/purple_butterfly.png,images/white_butterfly.png,left_image, ,,,,,,21.2173,22.0818,[-0.17294751009421266],[-0.026244952893674293],[1],[0],[0],[0.8628000000119229],"[""left_image""]",0,1,1,0,1,,,,,
,,,,,012640,001,2026-01-28_08h26.55.258,Simon,2024.2.4,Win32,58.82352941,,,,,,,,,,1,25.05,25.5502,,,,,,,,,,,images/white_butterfly.png,images/yellow_butterfly.png,right_image, ,,,,,,22.5825,25.0497,[0.2496635262449529],[0.006056527590847914],[1],[0],[0],[2.466599999964238],"[""right_image""]",0,2,2,3,1,,,,,
,,,,,012640,001,2026-01-28_08h26.55.258,Simon,2024.2.4,Win32,58.82352941,,,,,,,,,,1,26.3008,26.8014,,,,,,,,,,,images/yellow_butterfly.png,images/white_butterfly.png,right_image, ,,,,,,25.5521,26.3007,[0.2126514131897712],[0],[1],[0],[0],[0.7477000000476828],"[""right_image""]",0,3,3,2,1,,,,,
,,,,,012640,001,2026-01-28_08h26.55.258,Simon,2024.2.4,Win32,58.82352941,,,,,,,,,,1,28.0187,28.5183,,,,,,,,,,,images/purple_butterfly.png,images/white_butterfly.png,left_image, ,,,,,,26.8037,28.0185,[-0.3001345895020188],[-0.07537012113055182],[1],[0],[0],[1.213100000023843],"[""left_image""]",1,0,4,0,1,,,,,
,,,,,012640,001,2026-01-28_08h26.55.258,Simon,2024.2.4,Win32,58.82352941,,,,,,,,,,1,29.1872,29.6861,,,,,,,,,,,images/white_butterfly.png,images/purple_butterfly.png,left_image, ,,,,,,28.5195,29.187,[-0.17294751009421266],[-0.014131897711978465],[1],[0],[0],[0.6664999999999992],"[""left_image""]",1,1,5,1,1,,,,,
,,,,,012640,001,2026-01-28_08h26.55.258,Simon,2024.2.4,Win32,58.82352941,,,,,,,,,,1,30.7452,31.2397,,,,,,,,,,,images/white_butterfly.png,images/yellow_butterfly.png,right_image, ,,,,,,29.6884,30.7451,[0.1480484522207268],[-0.002018842530282638],[1],[0],[0],[1.0558999999761625],"[""right_image""]",1,2,6,3,1,,,,,
,,,,,012640,001,2026-01-28_08h26.55.258,Simon,2024.2.4,Win32,58.82352941,,,,,,,,,,1,31.8717,32.3711,,,,,,,,,,,images/yellow_butterfly.png,images/white_butterfly.png,right_image, ,,,,,,31.2414,31.8716,[0.1480484522207268],[-0.002018842530282638],[1],[0],[0],[0.6295000000000002],"[""right_image""]",1,3,7,2,1,,,,,
,,,,,012640,001,2026-01-28_08h26.55.258,Simon,2024.2.4,Win32,58.82352941,,,,,,,,,,1,33.0386,33.5393,,,,,,,,,,,images/yellow_butterfly.png,images/white_butterfly.png,right_image, ,,,,,,32.3728,33.0386,[0.1480484522207268],[-0.002018842530282638],[1],[0],[0],[0.6650999999642409],"[""right_image""]",2,0,8,2,1,,,,,
,,,,,012640,001,2026-01-28_08h26.55.258,Simon,2024.2.4,Win32,58.82352941,,,,,,,,,,1,34.2287,34.7225,,,,,,,,,,,images/white_butterfly.png,images/yellow_butterfly.png,right_image, ,,,,,,33.5413,34.2287,[0.1480484522207268],[-0.002018842530282638],[1],[0],[0],[0.686699999988079],"[""right_image""]",2,1,9,3,1,,,,,
,,,,,012640,001,2026-01-28_08h26.55.258,Simon,2024.2.4,Win32,58.82352941,,,,,,,,,,1,35.8742,36.3735,,,,,,,,,,,images/purple_butterfly.png,images/white_butterfly.png,left_image, ,,,,,,34.7243,35.8741,[-0.1500672947510094],[0.005383580080753701],[1],[0],[0],[1.1486000000238406],"[""left_image""]",2,2,10,0,1,,,,,
,,,,,012640,001,2026-01-28_08h26.55.258,Simon,2024.2.4,Win32,58.82352941,,,,,,,,,,1,37.1997,37.6913,,,,,,,,,,,images/white_butterfly.png,images/purple_butterfly.png,left_image, ,,,,,,36.3747,37.1996,[-0.1500672947510094],[0.005383580080753701],[1],[0],[0],[0.8239000000357564],"[""left_image""]",2,3,11,1,1,,,,,
,,,,,012640,001,2026-01-28_08h26.55.258,Simon,2024.2.4,Win32,58.82352941,,,,,,,,,,1,38.8595,39.3587,,,,,,,,,,,images/yellow_butterfly.png,images/white_butterfly.png,right_image, ,,,,,,37.6933,38.8595,[0.1224764468371467],[0.006729475100942127],[1],[0],[0],[1.1651000000238483],"[""right_image""]",3,0,12,2,1,,,,,
,,,,,012640,001,2026-01-28_08h26.55.258,Simon,2024.2.4,Win32,58.82352941,,,,,,,,,,1,40.4943,40.9937,,,,,,,,,,,images/white_butterfly.png,images/purple_butterfly.png,left_image, ,,,,,,39.3617,40.4943,[-0.27456258411843876],[-0.01278600269179004],[1],[0],[0],[1.131400000035761],"[""left_image""]",3,1,13,1,1,,,,,
,,,,,012640,001,2026-01-28_08h26.55.258,Simon,2024.2.4,Win32,58.82352941,,,,,,,,,,1,42.1358,42.6278,,,,,,,,,,,images/white_butterfly.png,images/yellow_butterfly.png,right_image, ,,,,,,40.995,42.1357,[0.1601615074024226],[-0.02826379542395693],[1],[0],[0],[1.1401999999880772],"[""right_image""]",3,2,14,3,1,,,,,
,,,,,012640,001,2026-01-28_08h26.55.258,Simon,2024.2.4,Win32,58.82352941,,,,,,,,,,1,43.6695,44.1625,,,,,,,,,,,images/purple_butterfly.png,images/white_butterfly.png,left_image, ,,,,,,42.6302,43.6693,[-0.3061911170928668],[-0.04845222072678331],[1],[0],[0],[1.0386000000238411],"[""left_image""]",3,3,15,0,1,,,,,
,,,,,012640,001,2026-01-28_08h26.55.258,Simon,2024.2.4,Win32,58.82352941,,,,,,,,,,1,45.2635,45.7638,,,,,,,,,,,images/white_butterfly.png,images/yellow_butterfly.png,right_image, ,,,,,,44.1645,45.2632,[0.1655450874831763],[-0.006729475100942127],[1],[0],[0],[1.097999999999999],"[""right_image""]",4,0,16,3,1,,,,,
,,,,,012640,001,2026-01-28_08h26.55.258,Simon,2024.2.4,Win32,58.82352941,,,,,,,,,,1,46.8215,47.3203,,,,,,,,,,,images/white_butterfly.png,images/purple_butterfly.png,left_image, ,,,,,,45.766,46.8214,[-0.22812920592193808],[-0.012113055181695828],[1],[0],[0],[1.054800000011923],"[""left_image""]",4,1,17,1,1,,,,,
,,,,,012640,001,2026-01-28_08h26.55.258,Simon,2024.2.4,Win32,58.82352941,,,,,,,,,,1,48.165,48.6657,,,,,,,,,,,images/purple_butterfly.png,images/white_butterfly.png,left_image, ,,,,,,47.3212,48.1647,[-0.18909825033647376],[0.0006729475100942127],[1],[0],[0],[0.8431999999880802],"[""left_image""]",4,2,18,0,1,,,,,
,,,,,012640,001,2026-01-28_08h26.55.258,Simon,2024.2.4,Win32,58.82352941,,,,,,,,,,1,49.5328,50.0334,,,,,,,,,,,images/yellow_butterfly.png,images/white_butterfly.png,right_image, ,,,,,,48.6681,49.5326,[0.3041722745625841],[0.02557200538358008],[1],[0],[0],[0.8640999999642389],"[""right_image""]",4,3,19,2,1,,,,,
,,,,,012640,001,2026-01-28_08h26.55.258,Simon,2024.2.4,Win32,58.82352941,,,,,,,,,,,,,,,,,,,,,,,,,,,,,,,,,,,,,,,,,,,,,,50.0343,51.5092,1,[51.508500000000005],[51.508500000000005]
