﻿instructions.started,instructions.stopped,start_button.numClicks,start_button.timesOn,start_button.timesOff,participant,session,date,expName,psychopyVersion,OS,frameRate,practice_trial.started,practice_trial.stopped,mouse_2.x,mouse_2.y,mouse_2.leftButton,mouse_2.midButton,mouse_2.rightButton,mouse_2.time,mouse_2.clicked_name,correct,feedback.started,feedback.stopped,loop_until_correct.thisRepN,loop_until_correct.thisTrialN,loop_until_correct.thisN,loop_until_correct.thisIndex,loop_until_correct.ran,prac_trials.thisRepN,prac_trials.thisTrialN,prac_trials.thisN,prac_trials.thisIndex,prac_trials.ran,left_color,right_color,correct_response,top_txt,instructions_2.started,instructions_2.stopped,start_button_2.numClicks,start_button_2.timesOn,start_button_2.timesOff,trial.started,trial.stopped,mouse.x,mouse.y,mouse.leftButton,mouse.midButton,mouse.rightButton,mouse.time,mouse.clicked_name,trials.thisRepN,trials.thisTrialN,trials.thisN,trials.thisIndex,trials.ran,end.started,end.stopped,start_button_3.numClicks,start_button_3.timesOn,start_button_3.timesOff
0.002,2.39,1,[2.4049999999999976],[2.4049999999999976],01456,001,2025-05-06_06h51.39.212,Simon,2024.2.4,MacIntel,58.82352941,,,,,,,,,,,,,,,,,,,,,,,,,,,,,,,,,,,,,,,,,,,,,,,,,,
,,,,,01456,001,2025-05-06_06h51.39.212,Simon,2024.2.4,MacIntel,58.82352941,2.398,3.44,[-0.2461858529819695],[-0.06726768377253814],[1],[0],[0],[1.038999999999998],"[""left_image_2"",""left_image_2""]",1,3.44,3.939,0,0,0,0,1,,,,,,,,,,,,,,,,,,,,,,,,,,,,,,,,,
,,,,,01456,001,2025-05-06_06h51.39.212,Simon,2024.2.4,MacIntel,58.82352941,,,,,,,,,,,,,,,,,,0,0,0,0,1,images/purple_butterfly.png,images/white_butterfly.png,left_image_2,"In this example, select the LEFT butterfly.",,,,,,,,,,,,,,,,,,,,,,,,
,,,,,01456,001,2025-05-06_06h51.39.212,Simon,2024.2.4,MacIntel,58.82352941,3.94,4.59,[-0.2461858529819695],[-0.06726768377253814],[1],[0],[0],[0.6479999999999997],"[""left_image_2"",""left_image_2""]",1,4.59,5.089,0,0,0,0,1,,,,,,,,,,,,,,,,,,,,,,,,,,,,,,,,,
,,,,,01456,001,2025-05-06_06h51.39.212,Simon,2024.2.4,MacIntel,58.82352941,,,,,,,,,,,,,,,,,,0,1,1,1,1,images/white_butterfly.png,images/purple_butterfly.png,left_image_2,"In this example, select the LEFT butterfly.",,,,,,,,,,,,,,,,,,,,,,,,
,,,,,01456,001,2025-05-06_06h51.39.212,Simon,2024.2.4,MacIntel,58.82352941,5.09,5.572,[0.17267683772538142],[-0.06310679611650485],[1],[0],[0],[0.48100000000000165],"[""right_image_2"",""right_image_2""]",1,5.572,6.072,0,0,0,0,1,,,,,,,,,,,,,,,,,,,,,,,,,,,,,,,,,
,,,,,01456,001,2025-05-06_06h51.39.212,Simon,2024.2.4,MacIntel,58.82352941,,,,,,,,,,,,,,,,,,0,2,2,2,1,images/yellow_butterfly.png,images/white_butterfly.png,right_image_2,"In this example, select the RIGHT butterfly.",,,,,,,,,,,,,,,,,,,,,,,,
,,,,,01456,001,2025-05-06_06h51.39.212,Simon,2024.2.4,MacIntel,58.82352941,6.073,6.423,[0.17267683772538142],[-0.06310679611650485],[1],[0],[0],[0.3490000000000002],"[""right_image_2"",""right_image_2""]",1,6.423,6.923,0,0,0,0,1,,,,,,,,,,,,,,,,,,,,,,,,,,,,,,,,,
,,,,,01456,001,2025-05-06_06h51.39.212,Simon,2024.2.4,MacIntel,58.82352941,,,,,,,,,,,,,,,,,,0,3,3,3,1,images/white_butterfly.png,images/yellow_butterfly.png,right_image_2,"In this example, select the RIGHT butterfly.",,,,,,,,,,,,,,,,,,,,,,,,
,,,,,01456,001,2025-05-06_06h51.39.212,Simon,2024.2.4,MacIntel,58.82352941,,,,,,,,,,,,,,,,,,,,,,,,,,,6.923,13.19,1,[13.191],[13.191],,,,,,,,,,,,,,,,,,,
,,,,,01456,001,2025-05-06_06h51.39.212,Simon,2024.2.4,MacIntel,58.82352941,,,,,,,,,,1,16.307,16.806,,,,,,,,,,,images/white_butterfly.png,images/purple_butterfly.png,left_image, ,,,,,,13.198,16.306,[-0.14771151178918168],[-0.029819694868238558],[1],[0],[0],[3.1080000000000005],"[""left_image""]",0,0,0,1,1,,,,,
,,,,,01456,001,2025-05-06_06h51.39.212,Simon,2024.2.4,MacIntel,58.82352941,,,,,,,,,,1,20.873,21.373,,,,,,,,,,,images/yellow_butterfly.png,images/white_butterfly.png,right_image, ,,,,,,16.807,20.873,[0.1754507628294036],[0.0048543689320388345],[1],[0],[0],[4.066000000000006],"[""right_image""]",0,1,1,2,1,,,,,
,,,,,01456,001,2025-05-06_06h51.39.212,Simon,2024.2.4,MacIntel,58.82352941,,,,,,,,,,1,22.673,23.173,,,,,,,,,,,images/white_butterfly.png,images/yellow_butterfly.png,right_image, ,,,,,,21.374,22.673,[0.1754507628294036],[0.0048543689320388345],[1],[0],[0],[1.2989999999999995],"[""right_image""]",0,2,2,3,1,,,,,
,,,,,01456,001,2025-05-06_06h51.39.212,Simon,2024.2.4,MacIntel,58.82352941,,,,,,,,,,1,24.457,24.956,,,,,,,,,,,images/purple_butterfly.png,images/white_butterfly.png,left_image, ,,,,,,23.173,24.457,[-0.22676837725381416],[0.011789181692094313],[1],[0],[0],[1.2830000000000013],"[""left_image""]",0,3,3,0,1,,,,,
,,,,,01456,001,2025-05-06_06h51.39.212,Simon,2024.2.4,MacIntel,58.82352941,,,,,,,,,,1,26.556,27.057,,,,,,,,,,,images/white_butterfly.png,images/purple_butterfly.png,left_image, ,,,,,,24.957,26.556,[-0.22676837725381416],[0.011789181692094313],[1],[0],[0],[1.5990000000000038],"[""left_image""]",1,0,4,1,1,,,,,
,,,,,01456,001,2025-05-06_06h51.39.212,Simon,2024.2.4,MacIntel,58.82352941,,,,,,,,,,1,28.39,28.89,,,,,,,,,,,images/purple_butterfly.png,images/white_butterfly.png,left_image, ,,,,,,27.057,28.39,[-0.210124826629681],[0.021497919556171984],[1],[0],[0],[1.3329999999999984],"[""left_image""]",1,1,5,0,1,,,,,
,,,,,01456,001,2025-05-06_06h51.39.212,Simon,2024.2.4,MacIntel,58.82352941,,,,,,,,,,1,30.973,31.473,,,,,,,,,,,images/yellow_butterfly.png,images/white_butterfly.png,right_image, ,,,,,,28.89,30.973,[0.2045769764216366],[0.05339805825242718],[1],[0],[0],[2.0820000000000007],"[""right_image""]",1,2,6,2,1,,,,,
,,,,,01456,001,2025-05-06_06h51.39.212,Simon,2024.2.4,MacIntel,58.82352941,,,,,,,,,,1,32.373,32.873,,,,,,,,,,,images/white_butterfly.png,images/yellow_butterfly.png,right_image, ,,,,,,31.474,32.373,[0.2045769764216366],[0.05339805825242718],[1],[0],[0],[0.8990000000000009],"[""right_image""]",1,3,7,3,1,,,,,
,,,,,01456,001,2025-05-06_06h51.39.212,Simon,2024.2.4,MacIntel,58.82352941,,,,,,,,,,1,34.073,34.573,,,,,,,,,,,images/yellow_butterfly.png,images/white_butterfly.png,right_image, ,,,,,,32.874,34.073,[0.20180305131761442],[0.05339805825242718],[1],[0],[0],[1.198999999999998],"[""right_image""]",2,0,8,2,1,,,,,
,,,,,01456,001,2025-05-06_06h51.39.212,Simon,2024.2.4,MacIntel,58.82352941,,,,,,,,,,1,35.407,35.907,,,,,,,,,,,images/white_butterfly.png,images/yellow_butterfly.png,right_image, ,,,,,,34.574,35.407,[0.20180305131761442],[0.05339805825242718],[1],[0],[0],[0.8329999999999984],"[""right_image""]",2,1,9,3,1,,,,,
,,,,,01456,001,2025-05-06_06h51.39.212,Simon,2024.2.4,MacIntel,58.82352941,,,,,,,,,,1,38.124,38.623,,,,,,,,,,,images/white_butterfly.png,images/purple_butterfly.png,left_image, ,,,,,,35.907,38.123,[-0.11719833564493759],[0.09916782246879334],[1],[0],[0],[2.216000000000001],"[""left_image""]",2,2,10,1,1,,,,,
,,,,,01456,001,2025-05-06_06h51.39.212,Simon,2024.2.4,MacIntel,58.82352941,,,,,,,,,,1,39.674,40.173,,,,,,,,,,,images/purple_butterfly.png,images/white_butterfly.png,left_image, ,,,,,,38.623,39.674,[-0.11719833564493759],[0.09916782246879334],[1],[0],[0],[1.0489999999999995],"[""left_image""]",2,3,11,0,1,,,,,
,,,,,01456,001,2025-05-06_06h51.39.212,Simon,2024.2.4,MacIntel,58.82352941,,,,,,,,,,1,41.857,42.357,,,,,,,,,,,images/yellow_butterfly.png,images/white_butterfly.png,right_image, ,,,,,,40.174,41.857,[0.10055478502080444],[0.1144244105409154],[1],[0],[0],[1.6829999999999998],"[""right_image""]",3,0,12,2,1,,,,,
,,,,,01456,001,2025-05-06_06h51.39.212,Simon,2024.2.4,MacIntel,58.82352941,,,,,,,,,,1,44.506,45.007,,,,,,,,,,,images/purple_butterfly.png,images/white_butterfly.png,left_image, ,,,,,,42.357,44.506,[-0.1768377253814147],[0.07420249653259361],[1],[0],[0],[2.149000000000001],"[""left_image""]",3,1,13,0,1,,,,,
,,,,,01456,001,2025-05-06_06h51.39.212,Simon,2024.2.4,MacIntel,58.82352941,,,,,,,,,,1,46.89,47.39,,,,,,,,,,,images/white_butterfly.png,images/purple_butterfly.png,left_image, ,,,,,,45.007,46.89,[-0.1393897364771151],[0.024271844660194174],[1],[0],[0],[1.8829999999999956],"[""left_image""]",3,2,14,1,1,,,,,
,,,,,01456,001,2025-05-06_06h51.39.212,Simon,2024.2.4,MacIntel,58.82352941,,,,,,,,,,1,49.107,49.607,,,,,,,,,,,images/white_butterfly.png,images/yellow_butterfly.png,right_image, ,,,,,,47.391,49.107,[0.180998613037448],[0.05062413314840499],[1],[0],[0],[1.715999999999994],"[""right_image""]",3,3,15,3,1,,,,,
,,,,,01456,001,2025-05-06_06h51.39.212,Simon,2024.2.4,MacIntel,58.82352941,,,,,,,,,,1,50.974,51.474,,,,,,,,,,,images/white_butterfly.png,images/purple_butterfly.png,left_image, ,,,,,,49.607,50.974,[-0.17406380027739252],[0.043689320388349516],[1],[0],[0],[1.3669999999999902],"[""left_image""]",4,0,16,1,1,,,,,
,,,,,01456,001,2025-05-06_06h51.39.212,Simon,2024.2.4,MacIntel,58.82352941,,,,,,,,,,1,52.29,52.79,,,,,,,,,,,images/white_butterfly.png,images/yellow_butterfly.png,right_image, ,,,,,,51.474,52.29,[0.16574202496532595],[0.021497919556171984],[1],[0],[0],[0.8160000000000025],"[""right_image""]",4,1,17,3,1,,,,,
,,,,,01456,001,2025-05-06_06h51.39.212,Simon,2024.2.4,MacIntel,58.82352941,,,,,,,,,,1,53.341,53.84,,,,,,,,,,,images/yellow_butterfly.png,images/white_butterfly.png,right_image, ,,,,,,52.791,53.341,[0.16574202496532595],[0.021497919556171984],[1],[0],[0],[0.5499999999999972],"[""right_image""]",4,2,18,2,1,,,,,
,,,,,01456,001,2025-05-06_06h51.39.212,Simon,2024.2.4,MacIntel,58.82352941,,,,,,,,,,1,54.791,55.29,,,,,,,,,,,images/purple_butterfly.png,images/white_butterfly.png,left_image, ,,,,,,53.841,54.791,[-0.1782246879334258],[0.036754507628294034],[1],[0],[0],[0.9500000000000028],"[""left_image""]",4,3,19,0,1,,,,,
,,,,,01456,001,2025-05-06_06h51.39.212,Simon,2024.2.4,MacIntel,58.82352941,,,,,,,,,,,,,,,,,,,,,,,,,,,,,,,,,,,,,,,,,,,,,,55.291,56.424,1,[56.424],[56.424]
