﻿instructions.started,instructions.stopped,start_button.numClicks,start_button.timesOn,start_button.timesOff,participant,session,date,expName,psychopyVersion,OS,frameRate,practice_trial.started,practice_trial.stopped,mouse_2.x,mouse_2.y,mouse_2.leftButton,mouse_2.midButton,mouse_2.rightButton,mouse_2.time,mouse_2.clicked_name,correct,feedback.started,feedback.stopped,loop_until_correct.thisRepN,loop_until_correct.thisTrialN,loop_until_correct.thisN,loop_until_correct.thisIndex,loop_until_correct.ran,prac_trials.thisRepN,prac_trials.thisTrialN,prac_trials.thisN,prac_trials.thisIndex,prac_trials.ran,left_color,right_color,correct_response,top_txt,instructions_2.started,instructions_2.stopped,start_button_2.numClicks,start_button_2.timesOn,start_button_2.timesOff,trial.started,trial.stopped,mouse.x,mouse.y,mouse.leftButton,mouse.midButton,mouse.rightButton,mouse.time,mouse.clicked_name,trials.thisRepN,trials.thisTrialN,trials.thisN,trials.thisIndex,trials.ran,end.started,end.stopped,start_button_3.numClicks,start_button_3.timesOn,start_button_3.timesOff
0,18.594,1,[18.601],[18.601],014817,001,2025-03-28_09h44.08.849,Simon,2024.2.4,Win32,119.9040767,,,,,,,,,,,,,,,,,,,,,,,,,,,,,,,,,,,,,,,,,,,,,,,,,,
,,,,,014817,001,2025-03-28_09h44.08.849,Simon,2024.2.4,Win32,119.9040767,18.604,19.712,[-0.13419449624512245],[-0.07624683852344591],[1],[0],[0],[1.1050000000000004],"[""left_image_2"",""left_image_2""]",1,19.712,20.21,0,0,0,0,1,,,,,,,,,,,,,,,,,,,,,,,,,,,,,,,,,
,,,,,014817,001,2025-03-28_09h44.08.849,Simon,2024.2.4,Win32,119.9040767,,,,,,,,,,,,,,,,,,0,0,0,0,1,images/purple_butterfly.png,images/white_butterfly.png,left_image_2,"In this example, select the LEFT butterfly.",,,,,,,,,,,,,,,,,,,,,,,,
,,,,,014817,001,2025-03-28_09h44.08.849,Simon,2024.2.4,Win32,119.9040767,20.212,27.719,[-0.13491206995509283],[-0.03534267331093582],[1],[0],[0],[7.504999999999999],"[""left_image_2"",""left_image_2""]",1,27.719,28.218,0,0,0,0,1,,,,,,,,,,,,,,,,,,,,,,,,,,,,,,,,,
,,,,,014817,001,2025-03-28_09h44.08.849,Simon,2024.2.4,Win32,119.9040767,,,,,,,,,,,,,,,,,,0,1,1,1,1,images/white_butterfly.png,images/purple_butterfly.png,left_image_2,"In this example, select the LEFT butterfly.",,,,,,,,,,,,,,,,,,,,,,,,
,,,,,014817,001,2025-03-28_09h44.08.849,Simon,2024.2.4,Win32,119.9040767,28.22,29.633,[0.2404019096054225],[-0.02027270560372376],[1],[0],[0],[1.411999999999999],"[""right_image_2"",""right_image_2""]",1,29.633,30.13,0,0,0,0,1,,,,,,,,,,,,,,,,,,,,,,,,,,,,,,,,,
,,,,,014817,001,2025-03-28_09h44.08.849,Simon,2024.2.4,Win32,119.9040767,,,,,,,,,,,,,,,,,,0,2,2,2,1,images/yellow_butterfly.png,images/white_butterfly.png,right_image_2,"In this example, select the RIGHT butterfly.",,,,,,,,,,,,,,,,,,,,,,,,
,,,,,014817,001,2025-03-28_09h44.08.849,Simon,2024.2.4,Win32,119.9040767,30.132,31.052,[0.2404019096054225],[-0.01883745963401507],[1],[0],[0],[0.9179999999999993],"[""right_image_2"",""right_image_2""]",1,31.052,31.552,0,0,0,0,1,,,,,,,,,,,,,,,,,,,,,,,,,,,,,,,,,
,,,,,014817,001,2025-03-28_09h44.08.849,Simon,2024.2.4,Win32,119.9040767,,,,,,,,,,,,,,,,,,0,3,3,3,1,images/white_butterfly.png,images/yellow_butterfly.png,right_image_2,"In this example, select the RIGHT butterfly.",,,,,,,,,,,,,,,,,,,,,,,,
,,,,,014817,001,2025-03-28_09h44.08.849,Simon,2024.2.4,Win32,119.9040767,,,,,,,,,,,,,,,,,,,,,,,,,,,31.552,32.753,1,[32.754999999999995],[32.754999999999995],,,,,,,,,,,,,,,,,,,
,,,,,014817,001,2025-03-28_09h44.08.849,Simon,2024.2.4,Win32,119.9040767,,,,,,,,,,1,34.021,34.524,,,,,,,,,,,images/purple_butterfly.png,images/white_butterfly.png,left_image, ,,,,,,32.758,34.02,[-0.13419449624512245],[0.00986722981070035],[1],[0],[0],[1.2620000000000005],"[""left_image""]",0,0,0,0,1,,,,,
,,,,,014817,001,2025-03-28_09h44.08.849,Simon,2024.2.4,Win32,119.9040767,,,,,,,,,,1,35.327,35.828,,,,,,,,,,,images/white_butterfly.png,images/yellow_butterfly.png,right_image, ,,,,,,34.526,35.327,[0.1607463003103135],[-0.013096508605102933],[1],[0],[0],[0.8000000000000043],"[""right_image""]",0,1,1,3,1,,,,,
,,,,,014817,001,2025-03-28_09h44.08.849,Simon,2024.2.4,Win32,119.9040767,,,,,,,,,,1,36.815,37.314,,,,,,,,,,,images/white_butterfly.png,images/purple_butterfly.png,left_image, ,,,,,,35.829,36.815,[-0.1377825618945102],[0.014172934869903795],[1],[0],[0],[0.9849999999999994],"[""left_image""]",0,2,2,1,1,,,,,
,,,,,014817,001,2025-03-28_09h44.08.849,Simon,2024.2.4,Win32,119.9040767,,,,,,,,,,1,38.369,38.866,,,,,,,,,,,images/yellow_butterfly.png,images/white_butterfly.png,right_image, ,,,,,,37.315,38.369,[0.24973089343379978],[0.03713670613562971],[1],[0],[0],[1.054000000000002],"[""right_image""]",0,3,3,2,1,,,,,
,,,,,014817,001,2025-03-28_09h44.08.849,Simon,2024.2.4,Win32,119.9040767,,,,,,,,,,1,39.901,40.401,,,,,,,,,,,images/purple_butterfly.png,images/white_butterfly.png,left_image, ,,,,,,38.868,39.901,[-0.14208826695371368],[0.03498385360602799],[1],[0],[0],[1.0330000000000013],"[""left_image""]",1,0,4,0,1,,,,,
,,,,,014817,001,2025-03-28_09h44.08.849,Simon,2024.2.4,Win32,119.9040767,,,,,,,,,,1,41.179,41.676,,,,,,,,,,,images/white_butterfly.png,images/yellow_butterfly.png,right_image, ,,,,,,40.402,41.179,[0.180121973076729],[0.006996770721205597],[1],[0],[0],[0.7749999999999986],"[""right_image""]",1,1,5,3,1,,,,,
,,,,,014817,001,2025-03-28_09h44.08.849,Simon,2024.2.4,Win32,119.9040767,,,,,,,,,,1,42.528,43.025,,,,,,,,,,,images/white_butterfly.png,images/purple_butterfly.png,left_image, ,,,,,,41.677,42.528,[-0.17509869430755517],[0.010584869220516012],[1],[0],[0],[0.8509999999999991],"[""left_image""]",1,2,6,1,1,,,,,
,,,,,014817,001,2025-03-28_09h44.08.849,Simon,2024.2.4,Win32,119.9040767,,,,,,,,,,1,43.84,44.334,,,,,,,,,,,images/yellow_butterfly.png,images/white_butterfly.png,right_image, ,,,,,,43.026,43.84,[0.13275921742549113],[0.014890574279719456],[1],[0],[0],[0.8130000000000024],"[""right_image""]",1,3,7,2,1,,,,,
,,,,,014817,001,2025-03-28_09h44.08.849,Simon,2024.2.4,Win32,119.9040767,,,,,,,,,,1,45.448,45.942,,,,,,,,,,,images/white_butterfly.png,images/purple_butterfly.png,left_image, ,,,,,,44.335,45.448,[-0.15428774272150833],[0.022784344988310685],[1],[0],[0],[1.1129999999999995],"[""left_image""]",2,0,8,1,1,,,,,
,,,,,014817,001,2025-03-28_09h44.08.849,Simon,2024.2.4,Win32,119.9040767,,,,,,,,,,1,46.837,47.334,,,,,,,,,,,images/white_butterfly.png,images/yellow_butterfly.png,right_image, ,,,,,,45.943,46.837,[0.1377825618945102],[0.015608180839612486],[1],[0],[0],[0.8939999999999984],"[""right_image""]",2,1,9,3,1,,,,,
,,,,,014817,001,2025-03-28_09h44.08.849,Simon,2024.2.4,Win32,119.9040767,,,,,,,,,,1,48.013,48.507,,,,,,,,,,,images/yellow_butterfly.png,images/white_butterfly.png,right_image, ,,,,,,47.336,48.013,[0.1356297093649085],[0.01847863992910724],[1],[0],[0],[0.6760000000000019],"[""right_image""]",2,2,10,2,1,,,,,
,,,,,014817,001,2025-03-28_09h44.08.849,Simon,2024.2.4,Win32,119.9040767,,,,,,,,,,1,49.383,49.879,,,,,,,,,,,images/purple_butterfly.png,images/white_butterfly.png,left_image, ,,,,,,48.508,49.383,[-0.17151056295832212],[0.029960541986931512],[1],[0],[0],[0.875],"[""left_image""]",2,3,11,0,1,,,,,
,,,,,014817,001,2025-03-28_09h44.08.849,Simon,2024.2.4,Win32,119.9040767,,,,,,,,,,1,50.701,51.201,,,,,,,,,,,images/purple_butterfly.png,images/white_butterfly.png,left_image, ,,,,,,49.879,50.701,[-0.17007534983853606],[0.02709005004751413],[1],[0],[0],[0.8219999999999956],"[""left_image""]",3,0,12,0,1,,,,,
,,,,,014817,001,2025-03-28_09h44.08.849,Simon,2024.2.4,Win32,119.9040767,,,,,,,,,,1,52.216,52.71,,,,,,,,,,,images/yellow_butterfly.png,images/white_butterfly.png,right_image, ,,,,,,51.202,52.216,[0.07534983853606028],[0.02780768945732979],[1],[0],[0],[1.0129999999999981],"[""right_image""]",3,1,13,2,1,,,,,
,,,,,014817,001,2025-03-28_09h44.08.849,Simon,2024.2.4,Win32,119.9040767,,,,,,,,,,1,53.804,54.305,,,,,,,,,,,images/white_butterfly.png,images/purple_butterfly.png,left_image, ,,,,,,52.71,53.804,[-0.11840688912809473],[0.0335486076363193],[1],[0],[0],[1.0940000000000012],"[""left_image""]",3,2,14,1,1,,,,,
,,,,,014817,001,2025-03-28_09h44.08.849,Simon,2024.2.4,Win32,119.9040767,,,,,,,,,,1,55.226,55.728,,,,,,,,,,,images/white_butterfly.png,images/yellow_butterfly.png,right_image, ,,,,,,54.305,55.226,[0.155005382131324],[0.029960541986931512],[1],[0],[0],[0.9209999999999994],"[""right_image""]",3,3,15,3,1,,,,,
,,,,,014817,001,2025-03-28_09h44.08.849,Simon,2024.2.4,Win32,119.9040767,,,,,,,,,,1,56.494,56.995,,,,,,,,,,,images/white_butterfly.png,images/purple_butterfly.png,left_image, ,,,,,,55.729,56.494,[-0.116254036598493],[0.03426624704613496],[1],[0],[0],[0.7650000000000006],"[""left_image""]",4,0,16,1,1,,,,,
,,,,,014817,001,2025-03-28_09h44.08.849,Simon,2024.2.4,Win32,119.9040767,,,,,,,,,,1,57.734,58.235,,,,,,,,,,,images/white_butterfly.png,images/yellow_butterfly.png,right_image, ,,,,,,56.995,57.734,[0.10836026588990177],[0.03570146016592102],[1],[0],[0],[0.7370000000000019],"[""right_image""]",4,1,17,3,1,,,,,
,,,,,014817,001,2025-03-28_09h44.08.849,Simon,2024.2.4,Win32,119.9040767,,,,,,,,,,1,59.224,59.72,,,,,,,,,,,images/yellow_butterfly.png,images/white_butterfly.png,right_image, ,,,,,,58.235,59.224,[0.18227482560633074],[0.03139575510671757],[1],[0],[0],[0.9870000000000019],"[""right_image""]",4,2,18,2,1,,,,,
,,,,,014817,001,2025-03-28_09h44.08.849,Simon,2024.2.4,Win32,119.9040767,,,,,,,,,,1,60.691,61.187,,,,,,,,,,,images/purple_butterfly.png,images/white_butterfly.png,left_image, ,,,,,,59.72,60.691,[-0.10692498707027046],[0.032113394516533236],[1],[0],[0],[0.9699999999999989],"[""left_image""]",4,3,19,0,1,,,,,
,,,,,014817,001,2025-03-28_09h44.08.849,Simon,2024.2.4,Win32,119.9040767,,,,,,,,,,,,,,,,,,,,,,,,,,,,,,,,,,,,,,,,,,,,,,61.187,62.149,1,[62.148999999999994],[62.148999999999994]
