﻿instructions.started,instructions.stopped,start_button.numClicks,start_button.timesOn,start_button.timesOff,participant,session,date,expName,psychopyVersion,OS,frameRate,practice_trial.started,practice_trial.stopped,mouse_2.x,mouse_2.y,mouse_2.leftButton,mouse_2.midButton,mouse_2.rightButton,mouse_2.time,mouse_2.clicked_name,correct,feedback.started,feedback.stopped,loop_until_correct.thisRepN,loop_until_correct.thisTrialN,loop_until_correct.thisN,loop_until_correct.thisIndex,loop_until_correct.ran,prac_trials.thisRepN,prac_trials.thisTrialN,prac_trials.thisN,prac_trials.thisIndex,prac_trials.ran,left_color,right_color,correct_response,top_txt,instructions_2.started,instructions_2.stopped,start_button_2.numClicks,start_button_2.timesOn,start_button_2.timesOff,trial.started,trial.stopped,mouse.x,mouse.y,mouse.leftButton,mouse.midButton,mouse.rightButton,mouse.time,mouse.clicked_name,trials.thisRepN,trials.thisTrialN,trials.thisN,trials.thisIndex,trials.ran,end.started,end.stopped,start_button_3.numClicks,start_button_3.timesOn,start_button_3.timesOff
0,3.3239,1,[3.330800000011921],[3.330800000011921],014916,001,2025-01-23_11h18.19.076,Simon,2024.2.4,Win32,30.12048193,,,,,,,,,,,,,,,,,,,,,,,,,,,,,,,,,,,,,,,,,,,,,,,,,,
,,,,,014916,001,2025-01-23_11h18.19.076,Simon,2024.2.4,Win32,30.12048193,3.3304,4.9908,[-0.19403795692009654],[0.015989143350906166],[1],[0],[0],[1.6589999999999998],"[""left_image_2"",""left_image_2""]",1,4.9911,5.4901,0,0,0,0,1,,,,,,,,,,,,,,,,,,,,,,,,,,,,,,,,,
,,,,,014916,001,2025-01-23_11h18.19.076,Simon,2024.2.4,Win32,30.12048193,,,,,,,,,,,,,,,,,,0,0,0,0,1,images/purple_butterfly.png,images/white_butterfly.png,left_image_2,"In this example, select the LEFT butterfly.",,,,,,,,,,,,,,,,,,,,,,,,
,,,,,014916,001,2025-01-23_11h18.19.076,Simon,2024.2.4,Win32,30.12048193,5.4909,6.2903,[-0.16043355471396512],[-0.0035230435006986787],[1],[0],[0],[0.798599999964237],"[""left_image_2"",""left_image_2""]",1,6.2904,6.7903,0,0,0,0,1,,,,,,,,,,,,,,,,,,,,,,,,,,,,,,,,,
,,,,,014916,001,2025-01-23_11h18.19.076,Simon,2024.2.4,Win32,30.12048193,,,,,,,,,,,,,,,,,,0,1,1,1,1,images/white_butterfly.png,images/purple_butterfly.png,left_image_2,"In this example, select the LEFT butterfly.",,,,,,,,,,,,,,,,,,,,,,,,
,,,,,014916,001,2025-01-23_11h18.19.076,Simon,2024.2.4,Win32,30.12048193,6.7912,7.557,[0.22764227642276422],[0.052845528455284556],[1],[0],[0],[0.7650000000000006],"[""right_image_2"",""right_image_2""]",1,7.5571,8.0569,0,0,0,0,1,,,,,,,,,,,,,,,,,,,,,,,,,,,,,,,,,
,,,,,014916,001,2025-01-23_11h18.19.076,Simon,2024.2.4,Win32,30.12048193,,,,,,,,,,,,,,,,,,0,2,2,2,1,images/yellow_butterfly.png,images/white_butterfly.png,right_image_2,"In this example, select the RIGHT butterfly.",,,,,,,,,,,,,,,,,,,,,,,,
,,,,,014916,001,2025-01-23_11h18.19.076,Simon,2024.2.4,Win32,30.12048193,8.0577,8.7571,[0.26775072712885334],[0.025745257452574527],[1],[0],[0],[0.6985999999642374],"[""right_image_2"",""right_image_2""]",1,8.7571,9.2567,0,0,0,0,1,,,,,,,,,,,,,,,,,,,,,,,,,,,,,,,,,
,,,,,014916,001,2025-01-23_11h18.19.076,Simon,2024.2.4,Win32,30.12048193,,,,,,,,,,,,,,,,,,0,3,3,3,1,images/white_butterfly.png,images/yellow_butterfly.png,right_image_2,"In this example, select the RIGHT butterfly.",,,,,,,,,,,,,,,,,,,,,,,,
,,,,,014916,001,2025-01-23_11h18.19.076,Simon,2024.2.4,Win32,30.12048193,,,,,,,,,,,,,,,,,,,,,,,,,,,9.2569,11.7909,1,[11.79210000002384],[11.79210000002384],,,,,,,,,,,,,,,,,,,
,,,,,014916,001,2025-01-23_11h18.19.076,Simon,2024.2.4,Win32,30.12048193,,,,,,,,,,1,12.6238,13.1238,,,,,,,,,,,images/purple_butterfly.png,images/white_butterfly.png,left_image, ,,,,,,11.7937,12.6238,[-0.1897018970189702],[-0.03604336870395071],[1],[0],[0],[0.8296999999880796],"[""left_image""]",0,0,0,0,1,,,,,
,,,,,014916,001,2025-01-23_11h18.19.076,Simon,2024.2.4,Win32,30.12048193,,,,,,,,,,1,14.1236,14.6235,,,,,,,,,,,images/white_butterfly.png,images/yellow_butterfly.png,right_image, ,,,,,,13.1241,14.1236,[0.2146341794228489],[0.02032520325203252],[1],[0],[0],[0.999300000011921],"[""right_image""]",0,1,1,3,1,,,,,
,,,,,014916,001,2025-01-23_11h18.19.076,Simon,2024.2.4,Win32,30.12048193,,,,,,,,,,1,15.1239,15.6236,,,,,,,,,,,images/yellow_butterfly.png,images/white_butterfly.png,right_image, ,,,,,,14.6239,15.1238,[0.21355018512343327],[0.02032520325203252],[1],[0],[0],[0.49959999996423576],"[""right_image""]",0,2,2,2,1,,,,,
,,,,,014916,001,2025-01-23_11h18.19.076,Simon,2024.2.4,Win32,30.12048193,,,,,,,,,,1,16.39,16.89,,,,,,,,,,,images/white_butterfly.png,images/purple_butterfly.png,left_image, ,,,,,,15.6241,16.39,[-0.21029811952172256],[0.01056908915036416],[1],[0],[0],[0.7654999999999994],"[""left_image""]",0,3,3,1,1,,,,,
,,,,,014916,001,2025-01-23_11h18.19.076,Simon,2024.2.4,Win32,30.12048193,,,,,,,,,,1,17.6566,18.157,,,,,,,,,,,images/white_butterfly.png,images/yellow_butterfly.png,right_image, ,,,,,,16.8903,17.6566,[0.12140926371421917],[0.002981004999258977],[1],[0],[0],[0.7657999999523177],"[""right_image""]",1,0,4,3,1,,,,,
,,,,,014916,001,2025-01-23_11h18.19.076,Simon,2024.2.4,Win32,30.12048193,,,,,,,,,,1,18.8564,19.3564,,,,,,,,,,,images/white_butterfly.png,images/purple_butterfly.png,left_image, ,,,,,,18.1574,18.8563,[-0.3284552349307673],[-0.0035230435006986787],[1],[0],[0],[0.6986999999880759],"[""left_image""]",1,1,5,1,1,,,,,
,,,,,014916,001,2025-01-23_11h18.19.076,Simon,2024.2.4,Win32,30.12048193,,,,,,,,,,1,20.023,20.5236,,,,,,,,,,,images/purple_butterfly.png,images/white_butterfly.png,left_image, ,,,,,,19.3567,20.0229,[-0.15609757751630252],[-0.006775067750677507],[1],[0],[0],[0.6658999999761548],"[""left_image""]",1,2,6,0,1,,,,,
,,,,,014916,001,2025-01-23_11h18.19.076,Simon,2024.2.4,Win32,30.12048193,,,,,,,,,,1,21.1566,21.6569,,,,,,,,,,,images/yellow_butterfly.png,images/white_butterfly.png,right_image, ,,,,,,20.524,21.1566,[0.1474254577140498],[0.027913287403137702],[1],[0],[0],[0.6323000000119201],"[""right_image""]",1,3,7,2,1,,,,,
,,,,,014916,001,2025-01-23_11h18.19.076,Simon,2024.2.4,Win32,30.12048193,,,,,,,,,,1,22.3235,22.8239,,,,,,,,,,,images/purple_butterfly.png,images/white_butterfly.png,left_image, ,,,,,,21.6573,22.3234,[-0.2731706986259316],[0.036585365853658534],[1],[0],[0],[0.6658999999761583],"[""left_image""]",2,0,8,0,1,,,,,
,,,,,014916,001,2025-01-23_11h18.19.076,Simon,2024.2.4,Win32,30.12048193,,,,,,,,,,1,23.2897,23.7896,,,,,,,,,,,images/white_butterfly.png,images/purple_butterfly.png,left_image, ,,,,,,22.8244,23.2896,[-0.20813004821942752],[0.033333341603679706],[1],[0],[0],[0.46499999999999986],"[""left_image""]",2,1,9,1,1,,,,,
,,,,,014916,001,2025-01-23_11h18.19.076,Simon,2024.2.4,Win32,30.12048193,,,,,,,,,,1,24.3568,24.8568,,,,,,,,,,,images/yellow_butterfly.png,images/white_butterfly.png,right_image, ,,,,,,23.79,24.3567,[0.17777779431847052],[0.01707317900205369],[1],[0],[0],[0.5663999999761593],"[""right_image""]",2,2,10,2,1,,,,,
,,,,,014916,001,2025-01-23_11h18.19.076,Simon,2024.2.4,Win32,30.12048193,,,,,,,,,,1,25.523,26.0234,,,,,,,,,,,images/white_butterfly.png,images/yellow_butterfly.png,right_image, ,,,,,,24.8572,25.523,[0.16260162601626016],[-0.020867200401740345],[1],[0],[0],[0.66560000002384],"[""right_image""]",2,3,11,3,1,,,,,
,,,,,014916,001,2025-01-23_11h18.19.076,Simon,2024.2.4,Win32,30.12048193,,,,,,,,,,1,26.7235,27.2234,,,,,,,,,,,images/purple_butterfly.png,images/white_butterfly.png,left_image, ,,,,,,26.0238,26.7234,[-0.20704605392001185],[-0.0013550135501355014],[1],[0],[0],[0.6993000000119203],"[""left_image""]",3,0,12,0,1,,,,,
,,,,,014916,001,2025-01-23_11h18.19.076,Simon,2024.2.4,Win32,30.12048193,,,,,,,,,,1,27.8241,28.3233,,,,,,,,,,,images/white_butterfly.png,images/purple_butterfly.png,left_image, ,,,,,,27.2238,27.824,[-0.20704605392001185],[-0.0013550135501355014],[1],[0],[0],[0.5997999999523174],"[""left_image""]",3,1,13,1,1,,,,,
,,,,,014916,001,2025-01-23_11h18.19.076,Simon,2024.2.4,Win32,30.12048193,,,,,,,,,,1,29.323,29.823,,,,,,,,,,,images/white_butterfly.png,images/yellow_butterfly.png,right_image, ,,,,,,28.3237,29.323,"[0.04661249920604675,0.15392958891747122]","[0.005149034949822154,-0.017615176151761516]","[1,1]","[0,0]","[0,0]","[0.6660999999642314,0.9990999999642369]","[null,""right_image""]",3,2,14,3,1,,,,,
,,,,,014916,001,2025-01-23_11h18.19.076,Simon,2024.2.4,Win32,30.12048193,,,,,,,,,,1,30.4234,30.9233,,,,,,,,,,,images/yellow_butterfly.png,images/white_butterfly.png,right_image, ,,,,,,29.8234,30.4232,[0.15176151761517614],[-0.016531181852345866],[1],[0],[0],[0.599499999999999],"[""right_image""]",3,3,15,2,1,,,,,
,,,,,014916,001,2025-01-23_11h18.19.076,Simon,2024.2.4,Win32,30.12048193,,,,,,,,,,1,31.5572,32.0568,,,,,,,,,,,images/white_butterfly.png,images/purple_butterfly.png,left_image, ,,,,,,30.9236,31.5572,[-0.20162599971946985],[-0.04146342290449272],[1],[0],[0],[0.6331000000238376],"[""left_image""]",4,0,16,1,1,,,,,
,,,,,014916,001,2025-01-23_11h18.19.076,Simon,2024.2.4,Win32,30.12048193,,,,,,,,,,1,32.7569,33.2563,,,,,,,,,,,images/yellow_butterfly.png,images/white_butterfly.png,right_image, ,,,,,,32.0571,32.7568,[0.16043363741742886],[-0.027371290253429877],[1],[0],[0],[0.6994000000357659],"[""right_image""]",4,1,17,2,1,,,,,
,,,,,014916,001,2025-01-23_11h18.19.076,Simon,2024.2.4,Win32,30.12048193,,,,,,,,,,1,34.09,34.59,,,,,,,,,,,images/purple_butterfly.png,images/white_butterfly.png,left_image, ,,,,,,33.2566,34.0899,[-0.2222222222222222],[0.002981004999258977],[1],[0],[0],[0.8331000000238404],"[""left_image""]",4,2,18,0,1,,,,,
,,,,,014916,001,2025-01-23_11h18.19.076,Simon,2024.2.4,Win32,30.12048193,,,,,,,,,,1,35.3561,35.8565,,,,,,,,,,,images/white_butterfly.png,images/yellow_butterfly.png,right_image, ,,,,,,34.5903,35.3561,[0.2352304019256013],[-0.011111127651803861],[1],[0],[0],[0.7653999999761538],"[""right_image""]",4,3,19,3,1,,,,,
,,,,,014916,001,2025-01-23_11h18.19.076,Simon,2024.2.4,Win32,30.12048193,,,,,,,,,,,,,,,,,,,,,,,,,,,,,,,,,,,,,,,,,,,,,,35.8566,36.9566,1,[36.9565],[36.9565]
