﻿instructions.started,instructions.stopped,start_button.numClicks,start_button.timesOn,start_button.timesOff,participant,session,date,expName,psychopyVersion,OS,frameRate,practice_trial.started,practice_trial.stopped,mouse_2.x,mouse_2.y,mouse_2.leftButton,mouse_2.midButton,mouse_2.rightButton,mouse_2.time,mouse_2.clicked_name,correct,feedback.started,feedback.stopped,loop_until_correct.thisRepN,loop_until_correct.thisTrialN,loop_until_correct.thisN,loop_until_correct.thisIndex,loop_until_correct.ran,prac_trials.thisRepN,prac_trials.thisTrialN,prac_trials.thisN,prac_trials.thisIndex,prac_trials.ran,left_color,right_color,correct_response,top_txt,instructions_2.started,instructions_2.stopped,start_button_2.numClicks,start_button_2.timesOn,start_button_2.timesOff,trial.started,trial.stopped,mouse.x,mouse.y,mouse.leftButton,mouse.midButton,mouse.rightButton,mouse.time,mouse.clicked_name,trials.thisRepN,trials.thisTrialN,trials.thisN,trials.thisIndex,trials.ran,end.started,end.stopped,start_button_3.numClicks,start_button_3.timesOn,start_button_3.timesOff
0,7.953,1,[7.963000000000003],[7.963000000000003],015415,001,2025-08-20_09h20.55.188,Simon,2024.2.4,Win32,59.95203837,,,,,,,,,,,,,,,,,,,,,,,,,,,,,,,,,,,,,,,,,,,,,,,,,,
,,,,,015415,001,2025-08-20_09h20.55.188,Simon,2024.2.4,Win32,59.95203837,7.964,9.936,[-0.15574363699270707],[-0.07750907630413013],[1],[0],[0],[1.9690000000000012],"[""left_image_2"",""left_image_2""]",1,9.937,10.436,0,0,0,0,1,,,,,,,,,,,,,,,,,,,,,,,,,,,,,,,,,
,,,,,015415,001,2025-08-20_09h20.55.188,Simon,2024.2.4,Win32,59.95203837,,,,,,,,,,,,,,,,,,0,0,0,0,1,images/purple_butterfly.png,images/white_butterfly.png,left_image_2,"In this example, select the LEFT butterfly.",,,,,,,,,,,,,,,,,,,,,,,,
,,,,,015415,001,2025-08-20_09h20.55.188,Simon,2024.2.4,Win32,59.95203837,10.438,11.67,[-0.15574363699270707],[-0.07750907630413013],[1],[0],[0],[1.2299999999999969],"[""left_image_2"",""left_image_2""]",1,11.67,12.17,0,0,0,0,1,,,,,,,,,,,,,,,,,,,,,,,,,,,,,,,,,
,,,,,015415,001,2025-08-20_09h20.55.188,Simon,2024.2.4,Win32,59.95203837,,,,,,,,,,,,,,,,,,0,1,1,1,1,images/white_butterfly.png,images/purple_butterfly.png,left_image_2,"In this example, select the LEFT butterfly.",,,,,,,,,,,,,,,,,,,,,,,,
,,,,,015415,001,2025-08-20_09h20.55.188,Simon,2024.2.4,Win32,59.95203837,12.171,13.452,[0.24280530567469014],[0.016324062877871828],[1],[0],[0],[1.2800000000000011],"[""right_image_2"",""right_image_2""]",1,13.453,13.953,0,0,0,0,1,,,,,,,,,,,,,,,,,,,,,,,,,,,,,,,,,
,,,,,015415,001,2025-08-20_09h20.55.188,Simon,2024.2.4,Win32,59.95203837,,,,,,,,,,,,,,,,,,0,2,2,2,1,images/yellow_butterfly.png,images/white_butterfly.png,right_image_2,"In this example, select the RIGHT butterfly.",,,,,,,,,,,,,,,,,,,,,,,,
,,,,,015415,001,2025-08-20_09h20.55.188,Simon,2024.2.4,Win32,59.95203837,13.954,15.119,[0.24280530567469014],[0.016324062877871828],[1],[0],[0],[1.1629999999999967],"[""right_image_2"",""right_image_2""]",1,15.12,15.62,0,0,0,0,1,,,,,,,,,,,,,,,,,,,,,,,,,,,,,,,,,
,,,,,015415,001,2025-08-20_09h20.55.188,Simon,2024.2.4,Win32,59.95203837,,,,,,,,,,,,,,,,,,0,3,3,3,1,images/white_butterfly.png,images/yellow_butterfly.png,right_image_2,"In this example, select the RIGHT butterfly.",,,,,,,,,,,,,,,,,,,,,,,,
,,,,,015415,001,2025-08-20_09h20.55.188,Simon,2024.2.4,Win32,59.95203837,,,,,,,,,,,,,,,,,,,,,,,,,,,15.62,17.753,1,[17.754000000000005],[17.754000000000005],,,,,,,,,,,,,,,,,,,
,,,,,015415,001,2025-08-20_09h20.55.188,Simon,2024.2.4,Win32,59.95203837,,,,,,,,,,1,20.636,21.136,,,,,,,,,,,images/white_butterfly.png,images/yellow_butterfly.png,right_image, ,,,,,,17.763,20.636,[0.154776299879081],[-0.050423231205600064],[1],[0],[0],[2.872],"[""right_image""]",0,0,0,3,1,,,,,
,,,,,015415,001,2025-08-20_09h20.55.188,Simon,2024.2.4,Win32,59.95203837,,,,,,,,,,1,22.453,22.952,,,,,,,,,,,images/white_butterfly.png,images/purple_butterfly.png,left_image, ,,,,,,21.137,22.453,[-0.12769041787900545],[-0.047521146061630895],[1],[0],[0],[1.3150000000000048],"[""left_image""]",0,1,1,1,1,,,,,
,,,,,015415,001,2025-08-20_09h20.55.188,Simon,2024.2.4,Win32,59.95203837,,,,,,,,,,1,23.82,24.319,,,,,,,,,,,images/purple_butterfly.png,images/white_butterfly.png,left_image, ,,,,,,22.954,23.82,[-0.12769041787900545],[-0.047521146061630895],[1],[0],[0],[0.8659999999999997],"[""left_image""]",0,2,2,0,1,,,,,
,,,,,015415,001,2025-08-20_09h20.55.188,Simon,2024.2.4,Win32,59.95203837,,,,,,,,,,1,25.769,26.269,,,,,,,,,,,images/yellow_butterfly.png,images/white_butterfly.png,right_image, ,,,,,,24.321,25.769,[0.14123335887904323],[-0.007859733978234583],[1],[0],[0],[1.4480000000000004],"[""right_image""]",0,3,3,2,1,,,,,
,,,,,015415,001,2025-08-20_09h20.55.188,Simon,2024.2.4,Win32,59.95203837,,,,,,,,,,1,27.503,28.003,,,,,,,,,,,images/purple_butterfly.png,images/white_butterfly.png,left_image, ,,,,,,26.27,27.502,[-0.1596130592503023],[-0.016565915607051087],[1],[0],[0],[1.2310000000000016],"[""left_image""]",1,0,4,0,1,,,,,
,,,,,015415,001,2025-08-20_09h20.55.188,Simon,2024.2.4,Win32,59.95203837,,,,,,,,,,1,29.185,29.686,,,,,,,,,,,images/white_butterfly.png,images/yellow_butterfly.png,right_image, ,,,,,,28.004,29.185,[0.13155984013660066],[-0.023337349205524487],[1],[0],[0],[1.1809999999999974],"[""right_image""]",1,1,5,3,1,,,,,
,,,,,015415,001,2025-08-20_09h20.55.188,Simon,2024.2.4,Win32,59.95203837,,,,,,,,,,1,31.185,31.686,,,,,,,,,,,images/yellow_butterfly.png,images/white_butterfly.png,right_image, ,,,,,,29.686,31.185,[0.13155984013660066],[-0.023337349205524487],[1],[0],[0],[1.4990000000000023],"[""right_image""]",1,2,6,2,1,,,,,
,,,,,015415,001,2025-08-20_09h20.55.188,Simon,2024.2.4,Win32,59.95203837,,,,,,,,,,1,33.419,33.919,,,,,,,,,,,images/white_butterfly.png,images/purple_butterfly.png,left_image, ,,,,,,31.687,33.419,[-0.10253928390927297],[-0.04171704957678356],[1],[0],[0],[1.7319999999999993],"[""left_image""]",1,3,7,1,1,,,,,
,,,,,015415,001,2025-08-20_09h20.55.188,Simon,2024.2.4,Win32,59.95203837,,,,,,,,,,1,35.269,35.769,,,,,,,,,,,images/yellow_butterfly.png,images/white_butterfly.png,right_image, ,,,,,,33.92,35.269,[0.17896009673518742],[-0.03204353083434099],[1],[0],[0],[1.3490000000000038],"[""right_image""]",2,0,8,2,1,,,,,
,,,,,015415,001,2025-08-20_09h20.55.188,Simon,2024.2.4,Win32,59.95203837,,,,,,,,,,1,37.285,37.786,,,,,,,,,,,images/white_butterfly.png,images/purple_butterfly.png,left_image, ,,,,,,35.77,37.285,[-0.14316810690938633],[-0.023337349205524487],[1],[0],[0],[1.5150000000000006],"[""left_image""]",2,1,9,1,1,,,,,
,,,,,015415,001,2025-08-20_09h20.55.188,Simon,2024.2.4,Win32,59.95203837,,,,,,,,,,1,38.786,39.285,,,,,,,,,,,images/purple_butterfly.png,images/white_butterfly.png,left_image, ,,,,,,37.787,38.786,[-0.14316810690938633],[-0.023337349205524487],[1],[0],[0],[0.9980000000000047],"[""left_image""]",2,2,10,0,1,,,,,
,,,,,015415,001,2025-08-20_09h20.55.188,Simon,2024.2.4,Win32,59.95203837,,,,,,,,,,1,40.586,41.085,,,,,,,,,,,images/white_butterfly.png,images/yellow_butterfly.png,right_image, ,,,,,,39.286,40.586,[0.1392986846517911],[-0.007859733978234583],[1],[0],[0],[1.2989999999999995],"[""right_image""]",2,3,11,3,1,,,,,
,,,,,015415,001,2025-08-20_09h20.55.188,Simon,2024.2.4,Win32,59.95203837,,,,,,,,,,1,42.802,43.303,,,,,,,,,,,images/purple_butterfly.png,images/white_butterfly.png,left_image, ,,,,,,41.086,42.802,[-0.1731560002503401],[-0.02817410857674577],[1],[0],[0],[1.7150000000000034],"[""left_image""]",3,0,12,0,1,,,,,
,,,,,015415,001,2025-08-20_09h20.55.188,Simon,2024.2.4,Win32,59.95203837,,,,,,,,,,1,44.469,44.969,,,,,,,,,,,images/white_butterfly.png,images/purple_butterfly.png,left_image, ,,,,,,43.303,44.469,[-0.1731560002503401],[-0.02817410857674577],[1],[0],[0],[1.1650000000000063],"[""left_image""]",3,1,13,1,1,,,,,
,,,,,015415,001,2025-08-20_09h20.55.188,Simon,2024.2.4,Win32,59.95203837,,,,,,,,,,1,46.469,46.969,,,,,,,,,,,images/white_butterfly.png,images/yellow_butterfly.png,right_image, ,,,,,,44.97,46.469,[0.1818621818791566],[-0.010761782220658253],[1],[0],[0],[1.4980000000000047],"[""right_image""]",3,2,14,3,1,,,,,
,,,,,015415,001,2025-08-20_09h20.55.188,Simon,2024.2.4,Win32,59.95203837,,,,,,,,,,1,48.035,48.536,,,,,,,,,,,images/yellow_butterfly.png,images/white_butterfly.png,right_image, ,,,,,,46.97,48.035,[0.1818621818791566],[-0.010761782220658253],[1],[0],[0],[1.0649999999999977],"[""right_image""]",3,3,15,2,1,,,,,
,,,,,015415,001,2025-08-20_09h20.55.188,Simon,2024.2.4,Win32,59.95203837,,,,,,,,,,1,49.369,49.869,,,,,,,,,,,images/yellow_butterfly.png,images/white_butterfly.png,right_image, ,,,,,,48.538,49.369,[0.1818621818791566],[-0.010761782220658253],[1],[0],[0],[0.8299999999999983],"[""right_image""]",4,0,16,2,1,,,,,
,,,,,015415,001,2025-08-20_09h20.55.188,Simon,2024.2.4,Win32,59.95203837,,,,,,,,,,1,52.302,52.802,,,,,,,,,,,images/white_butterfly.png,images/yellow_butterfly.png,right_image, ,,,,,,49.87,52.302,[0.1818621818791566],[-0.010761782220658253],[1],[0],[0],[2.4309999999999974],"[""right_image""]",4,1,17,3,1,,,,,
,,,,,015415,001,2025-08-20_09h20.55.188,Simon,2024.2.4,Win32,59.95203837,,,,,,,,,,1,53.885,54.385,,,,,,,,,,,images/purple_butterfly.png,images/white_butterfly.png,left_image, ,,,,,,52.803,53.885,[-0.18282951899278266],[-0.014631204478253477],[1],[0],[0],[1.081000000000003],"[""left_image""]",4,2,18,0,1,,,,,
,,,,,015415,001,2025-08-20_09h20.55.188,Simon,2024.2.4,Win32,59.95203837,,,,,,,,,,1,55.669,56.169,,,,,,,,,,,images/white_butterfly.png,images/purple_butterfly.png,left_image, ,,,,,,54.386,55.669,[-0.154776299879081],[-0.012696493349455865],[1],[0],[0],[1.2819999999999965],"[""left_image""]",4,3,19,1,1,,,,,
,,,,,015415,001,2025-08-20_09h20.55.188,Simon,2024.2.4,Win32,59.95203837,,,,,,,,,,,,,,,,,,,,,,,,,,,,,,,,,,,,,,,,,,,,,,56.169,57.803,1,[57.80200000000001],[57.80200000000001]
