﻿instructions.started,instructions.stopped,start_button.numClicks,start_button.timesOn,start_button.timesOff,participant,session,date,expName,psychopyVersion,OS,frameRate,practice_trial.started,practice_trial.stopped,mouse_2.x,mouse_2.y,mouse_2.leftButton,mouse_2.midButton,mouse_2.rightButton,mouse_2.time,mouse_2.clicked_name,correct,feedback.started,feedback.stopped,loop_until_correct.thisRepN,loop_until_correct.thisTrialN,loop_until_correct.thisN,loop_until_correct.thisIndex,loop_until_correct.ran,prac_trials.thisRepN,prac_trials.thisTrialN,prac_trials.thisN,prac_trials.thisIndex,prac_trials.ran,left_color,right_color,correct_response,top_txt
0.0005,34.4241,1,[34.445499999999996],[34.445499999999996],015870,001,2025-11-08_22h26.37.174,Simon,2024.2.4,Win32,59.88023952,,,,,,,,,,,,,,,,,,,,,,,,,,
,,,,,015870,001,2025-11-08_22h26.37.174,Simon,2024.2.4,Win32,59.88023952,34.4444,51.318,[-0.13224928941183944],[-0.14850957606866108],[1],[0],[0],[16.870600000143057],"[""left_image_2"",""left_image_2""]",1,51.3194,51.8173,0,0,0,0,1,,,,,,,,,
,,,,,015870,001,2025-11-08_22h26.37.174,Simon,2024.2.4,Win32,59.88023952,,,,,,,,,,,,,,,,,,0,0,0,0,1,images/purple_butterfly.png,images/white_butterfly.png,left_image_2,"In this example, select the LEFT butterfly."
,,,,,015870,001,2025-11-08_22h26.37.174,Simon,2024.2.4,Win32,59.88023952,51.8212,57.2319,[-0.12791322951071307],[-0.10406506546144563],[1],[0],[0],[5.408399999856954],"[""left_image_2"",""left_image_2""]",1,57.2322,57.7316,0,0,0,0,1,,,,,,,,,
,,,,,015870,001,2025-11-08_22h26.37.174,Simon,2024.2.4,Win32,59.88023952,,,,,,,,,,,,,,,,,,0,1,1,1,1,images/white_butterfly.png,images/purple_butterfly.png,left_image_2,"In this example, select the LEFT butterfly."
,,,,,015870,001,2025-11-08_22h26.37.174,Simon,2024.2.4,Win32,59.88023952,57.7345,59.231,[-0.12791322951071307],[-0.0661246860576516],[1],[0],[0],[1.4937000000476957],"[""left_image_2"",""left_image_2""]",0,59.2331,59.7309,0,0,0,0,1,,,,,,,,,
,,,,,015870,001,2025-11-08_22h26.37.174,Simon,2024.2.4,Win32,59.88023952,59.7326,60.8808,[-0.12791322951071307],[-0.0661246860576516],[1],[0],[0],[1.1469999999999914],"[""left_image_2"",""left_image_2""]",0,60.8812,61.3802,1,0,1,0,1,,,,,,,,,
,,,,,015870,001,2025-11-08_22h26.37.174,Simon,2024.2.4,Win32,59.88023952,61.381,69.1612,[0.13875342061526083],[0.05203251205485688],[1],[0],[0],[7.77830000019074],"[""right_image_2"",""right_image_2""]",1,69.1628,69.661,2,0,2,0,1,,,,,,,,,
,,,,,015870,001,2025-11-08_22h26.37.174,Simon,2024.2.4,Win32,59.88023952,,,,,,,,,,,,,,,,,,0,2,2,2,1,images/yellow_butterfly.png,images/white_butterfly.png,right_image_2,"In this example, select the RIGHT butterfly."
,,,,,015870,001,2025-11-08_22h26.37.174,Simon,2024.2.4,Win32,59.88023952,69.6642,75.7257,[0.13875342061526083],[0.05203251205485688],[1],[0],[0],[6.059400000095366],"[""right_image_2"",""right_image_2""]",1,75.7267,76.2257,0,0,0,0,1,,,,,,,,,
,,,,,015870,001,2025-11-08_22h26.37.174,Simon,2024.2.4,Win32,59.88023952,,,,,,,,,,,,,,,,,,0,3,3,3,1,images/white_butterfly.png,images/yellow_butterfly.png,right_image_2,"In this example, select the RIGHT butterfly."
