﻿instructions.started,instructions.stopped,start_button.numClicks,start_button.timesOn,start_button.timesOff,participant,session,date,expName,psychopyVersion,OS,frameRate,practice_trial.started,practice_trial.stopped,mouse_2.x,mouse_2.y,mouse_2.leftButton,mouse_2.midButton,mouse_2.rightButton,mouse_2.time,mouse_2.clicked_name,correct,feedback.started,feedback.stopped,loop_until_correct.thisRepN,loop_until_correct.thisTrialN,loop_until_correct.thisN,loop_until_correct.thisIndex,loop_until_correct.ran,prac_trials.thisRepN,prac_trials.thisTrialN,prac_trials.thisN,prac_trials.thisIndex,prac_trials.ran,left_color,right_color,correct_response,top_txt,instructions_2.started,instructions_2.stopped,start_button_2.numClicks,start_button_2.timesOn,start_button_2.timesOff,trial.started,trial.stopped,mouse.x,mouse.y,mouse.leftButton,mouse.midButton,mouse.rightButton,mouse.time,mouse.clicked_name,trials.thisRepN,trials.thisTrialN,trials.thisN,trials.thisIndex,trials.ran,end.started,end.stopped,start_button_3.numClicks,start_button_3.timesOn,start_button_3.timesOff
0.0006,17.6404,1,[17.65940000000596],[17.65940000000596],017230,001,2026-01-28_10h28.34.087,Simon,2024.2.4,Win32,59.88023952,,,,,,,,,,,,,,,,,,,,,,,,,,,,,,,,,,,,,,,,,,,,,,,,,,
,,,,,017230,001,2026-01-28_10h28.34.087,Simon,2024.2.4,Win32,59.88023952,17.6804,20.6069,[-0.14883720930232558],[-0.003875968992248062],[1],[0],[0],[2.920699999988077],"[""left_image_2"",""left_image_2""]",1,20.6083,21.1066,0,0,0,0,1,,,,,,,,,,,,,,,,,,,,,,,,,,,,,,,,,
,,,,,017230,001,2026-01-28_10h28.34.087,Simon,2024.2.4,Win32,59.88023952,,,,,,,,,,,,,,,,,,0,0,0,0,1,images/purple_butterfly.png,images/white_butterfly.png,left_image_2,"In this example, select the LEFT butterfly.",,,,,,,,,,,,,,,,,,,,,,,,
,,,,,017230,001,2026-01-28_10h28.34.087,Simon,2024.2.4,Win32,59.88023952,21.1102,22.9114,[-0.13953488372093023],[-0.07054263565891473],[1],[0],[0],[1.79790000000596],"[""left_image_2"",""left_image_2""]",1,22.9116,23.411,0,0,0,0,1,,,,,,,,,,,,,,,,,,,,,,,,,,,,,,,,,
,,,,,017230,001,2026-01-28_10h28.34.087,Simon,2024.2.4,Win32,59.88023952,,,,,,,,,,,,,,,,,,0,1,1,1,1,images/white_butterfly.png,images/purple_butterfly.png,left_image_2,"In this example, select the LEFT butterfly.",,,,,,,,,,,,,,,,,,,,,,,,
,,,,,017230,001,2026-01-28_10h28.34.087,Simon,2024.2.4,Win32,59.88023952,23.4131,24.4402,[0.262015503875969],[0.017829457364341085],[1],[0],[0],[1.025400000005959],"[""right_image_2"",""right_image_2""]",1,24.4405,24.9393,0,0,0,0,1,,,,,,,,,,,,,,,,,,,,,,,,,,,,,,,,,
,,,,,017230,001,2026-01-28_10h28.34.087,Simon,2024.2.4,Win32,59.88023952,,,,,,,,,,,,,,,,,,0,2,2,2,1,images/yellow_butterfly.png,images/white_butterfly.png,right_image_2,"In this example, select the RIGHT butterfly.",,,,,,,,,,,,,,,,,,,,,,,,
,,,,,017230,001,2026-01-28_10h28.34.087,Simon,2024.2.4,Win32,59.88023952,24.9425,25.6286,[0.25116279069767444],[0.01627906976744186],[1],[0],[0],[0.6848000000119221],"[""right_image_2"",""right_image_2""]",1,25.6291,26.1255,0,0,0,0,1,,,,,,,,,,,,,,,,,,,,,,,,,,,,,,,,,
,,,,,017230,001,2026-01-28_10h28.34.087,Simon,2024.2.4,Win32,59.88023952,,,,,,,,,,,,,,,,,,0,3,3,3,1,images/white_butterfly.png,images/yellow_butterfly.png,right_image_2,"In this example, select the RIGHT butterfly.",,,,,,,,,,,,,,,,,,,,,,,,
,,,,,017230,001,2026-01-28_10h28.34.087,Simon,2024.2.4,Win32,59.88023952,,,,,,,,,,,,,,,,,,,,,,,,,,,26.1261,27.2443,1,[27.248199999988078],[27.24830000001192],,,,,,,,,,,,,,,,,,,
,,,,,017230,001,2026-01-28_10h28.34.087,Simon,2024.2.4,Win32,59.88023952,,,,,,,,,,1,28.306,28.8061,,,,,,,,,,,images/white_butterfly.png,images/yellow_butterfly.png,right_image, ,,,,,,27.2616,28.3058,[0.11782945736434108],[-0.08139534883720931],[1],[0],[0],[1.0429000000059645],"[""right_image""]",0,0,0,3,1,,,,,
,,,,,017230,001,2026-01-28_10h28.34.087,Simon,2024.2.4,Win32,59.88023952,,,,,,,,,,1,29.4736,29.9726,,,,,,,,,,,images/yellow_butterfly.png,images/white_butterfly.png,right_image, ,,,,,,28.809,29.4733,[0.13643410852713178],[-0.08759689922480621],[1],[0],[0],[0.6632999999821152],"[""right_image""]",0,1,1,2,1,,,,,
,,,,,017230,001,2026-01-28_10h28.34.087,Simon,2024.2.4,Win32,59.88023952,,,,,,,,,,1,30.6789,31.1728,,,,,,,,,,,images/white_butterfly.png,images/purple_butterfly.png,left_image, ,,,,,,29.9738,30.6788,[-0.10542635658914729],[-0.05503875968992248],[1],[0],[0],[0.7035999999940401],"[""left_image""]",0,2,2,1,1,,,,,
,,,,,017230,001,2026-01-28_10h28.34.087,Simon,2024.2.4,Win32,59.88023952,,,,,,,,,,1,31.7225,32.2219,,,,,,,,,,,images/purple_butterfly.png,images/white_butterfly.png,left_image, ,,,,,,31.1739,31.7224,[-0.10542635658914729],[-0.05503875968992248],[1],[0],[0],[0.5478000000119252],"[""left_image""]",0,3,3,0,1,,,,,
,,,,,017230,001,2026-01-28_10h28.34.087,Simon,2024.2.4,Win32,59.88023952,,,,,,,,,,1,32.7554,33.2555,,,,,,,,,,,images/purple_butterfly.png,images/white_butterfly.png,left_image, ,,,,,,32.2229,32.7552,[-0.10542635658914729],[-0.05503875968992248],[1],[0],[0],[0.5320999999940383],"[""left_image""]",1,0,4,0,1,,,,,
,,,,,017230,001,2026-01-28_10h28.34.087,Simon,2024.2.4,Win32,59.88023952,,,,,,,,,,1,34.0061,34.505,,,,,,,,,,,images/yellow_butterfly.png,images/white_butterfly.png,right_image, ,,,,,,33.2568,34.0059,[0.12403100775193798],[-0.02248062015503876],[1],[0],[0],[0.7487000000178838],"[""right_image""]",1,1,5,2,1,,,,,
,,,,,017230,001,2026-01-28_10h28.34.087,Simon,2024.2.4,Win32,59.88023952,,,,,,,,,,1,35.0595,35.5557,,,,,,,,,,,images/white_butterfly.png,images/yellow_butterfly.png,right_image, ,,,,,,34.5061,35.0594,[0.12403100775193798],[-0.02248062015503876],[1],[0],[0],[0.5527000000178859],"[""right_image""]",1,2,6,3,1,,,,,
,,,,,017230,001,2026-01-28_10h28.34.087,Simon,2024.2.4,Win32,59.88023952,,,,,,,,,,1,36.3217,36.8233,,,,,,,,,,,images/white_butterfly.png,images/purple_butterfly.png,left_image, ,,,,,,35.5569,36.3217,[-0.29457364341085274],[-0.06124031007751938],[1],[0],[0],[0.7641999999880795],"[""left_image""]",1,3,7,1,1,,,,,
,,,,,017230,001,2026-01-28_10h28.34.087,Simon,2024.2.4,Win32,59.88023952,,,,,,,,,,1,37.3727,37.8721,,,,,,,,,,,images/purple_butterfly.png,images/white_butterfly.png,left_image, ,,,,,,36.825,37.3726,[-0.20465116279069767],[-0.056589147286821705],[1],[0],[0],[0.546999999999997],"[""left_image""]",2,0,8,0,1,,,,,
,,,,,017230,001,2026-01-28_10h28.34.087,Simon,2024.2.4,Win32,59.88023952,,,,,,,,,,1,38.8896,39.3885,,,,,,,,,,,images/white_butterfly.png,images/purple_butterfly.png,left_image, ,,,,,,37.8739,38.8895,[-0.13488372093023257],[-0.02558139534883721],[1],[0],[0],[1.01459999999404],"[""left_image""]",2,1,9,1,1,,,,,
,,,,,017230,001,2026-01-28_10h28.34.087,Simon,2024.2.4,Win32,59.88023952,,,,,,,,,,1,40.1549,40.6548,,,,,,,,,,,images/white_butterfly.png,images/yellow_butterfly.png,right_image, ,,,,,,39.3898,40.1549,[0.19689922480620156],[-0.011627906976744186],[1],[0],[0],[0.7643000000119216],"[""right_image""]",2,2,10,3,1,,,,,
,,,,,017230,001,2026-01-28_10h28.34.087,Simon,2024.2.4,Win32,59.88023952,,,,,,,,,,1,41.1389,41.638,,,,,,,,,,,images/yellow_butterfly.png,images/white_butterfly.png,right_image, ,,,,,,40.6561,41.1388,[0.19689922480620156],[-0.011627906976744186],[1],[0],[0],[0.4819999999999993],"[""right_image""]",2,3,11,2,1,,,,,
,,,,,017230,001,2026-01-28_10h28.34.087,Simon,2024.2.4,Win32,59.88023952,,,,,,,,,,1,42.5053,43.0049,,,,,,,,,,,images/white_butterfly.png,images/purple_butterfly.png,left_image, ,,,,,,41.6393,42.505,[-0.262015503875969],[-0.03333333333333333],[1],[0],[0],[0.8647000000178835],"[""left_image""]",3,0,12,1,1,,,,,
,,,,,017230,001,2026-01-28_10h28.34.087,Simon,2024.2.4,Win32,59.88023952,,,,,,,,,,1,43.6552,44.1546,,,,,,,,,,,images/purple_butterfly.png,images/white_butterfly.png,left_image, ,,,,,,43.0063,43.655,[-0.262015503875969],[-0.03333333333333333],[1],[0],[0],[0.6480999999940451],"[""left_image""]",3,1,13,0,1,,,,,
,,,,,017230,001,2026-01-28_10h28.34.087,Simon,2024.2.4,Win32,59.88023952,,,,,,,,,,1,44.9217,45.4215,,,,,,,,,,,images/white_butterfly.png,images/yellow_butterfly.png,right_image, ,,,,,,44.1561,44.9216,[0.2713178294573643],[0.011627906976744186],[1],[0],[0],[0.7648000000119168],"[""right_image""]",3,2,14,3,1,,,,,
,,,,,017230,001,2026-01-28_10h28.34.087,Simon,2024.2.4,Win32,59.88023952,,,,,,,,,,1,45.8714,46.3712,,,,,,,,,,,images/yellow_butterfly.png,images/white_butterfly.png,right_image, ,,,,,,45.4228,45.8713,[0.23410852713178296],[0.011627906976744186],[1],[0],[0],[0.447499999999998],"[""right_image""]",3,3,15,2,1,,,,,
,,,,,017230,001,2026-01-28_10h28.34.087,Simon,2024.2.4,Win32,59.88023952,,,,,,,,,,1,47.0213,47.5209,,,,,,,,,,,images/yellow_butterfly.png,images/white_butterfly.png,right_image, ,,,,,,46.3721,47.0213,[0.23410852713178296],[0.011627906976744186],[1],[0],[0],[0.648900000005959],"[""right_image""]",4,0,16,2,1,,,,,
,,,,,017230,001,2026-01-28_10h28.34.087,Simon,2024.2.4,Win32,59.88023952,,,,,,,,,,1,48.121,48.6211,,,,,,,,,,,images/white_butterfly.png,images/purple_butterfly.png,left_image, ,,,,,,47.5218,48.121,[-0.15658914728682172],[-0.0069767441860465115],[1],[0],[0],[0.5985999999940361],"[""left_image""]",4,1,17,1,1,,,,,
,,,,,017230,001,2026-01-28_10h28.34.087,Simon,2024.2.4,Win32,59.88023952,,,,,,,,,,1,49.0439,49.5436,,,,,,,,,,,images/purple_butterfly.png,images/white_butterfly.png,left_image, ,,,,,,48.6225,49.0439,[-0.15658914728682172],[-0.0069767441860465115],[1],[0],[0],[0.42019999998808544],"[""left_image""]",4,2,18,0,1,,,,,
,,,,,017230,001,2026-01-28_10h28.34.087,Simon,2024.2.4,Win32,59.88023952,,,,,,,,,,1,50.2772,50.7712,,,,,,,,,,,images/white_butterfly.png,images/yellow_butterfly.png,right_image, ,,,,,,49.5445,50.2771,[0.2310077519379845],[-0.014728682170542635],[1],[0],[0],[0.7318000000119156],"[""right_image""]",4,3,19,3,1,,,,,
,,,,,017230,001,2026-01-28_10h28.34.087,Simon,2024.2.4,Win32,59.88023952,,,,,,,,,,,,,,,,,,,,,,,,,,,,,,,,,,,,,,,,,,,,,,50.7719,51.9214,1,[51.92100000000001],[51.92100000000001]
