﻿instructions.started,instructions.stopped,start_button.numClicks,start_button.timesOn,start_button.timesOff,participant,session,date,expName,psychopyVersion,OS,frameRate,practice_trial.started,practice_trial.stopped,mouse_2.x,mouse_2.y,mouse_2.leftButton,mouse_2.midButton,mouse_2.rightButton,mouse_2.time,mouse_2.clicked_name,correct,feedback.started,feedback.stopped,loop_until_correct.thisRepN,loop_until_correct.thisTrialN,loop_until_correct.thisN,loop_until_correct.thisIndex,loop_until_correct.ran,prac_trials.thisRepN,prac_trials.thisTrialN,prac_trials.thisN,prac_trials.thisIndex,prac_trials.ran,left_color,right_color,correct_response,top_txt,instructions_2.started,instructions_2.stopped,start_button_2.numClicks,start_button_2.timesOn,start_button_2.timesOff,trial.started,trial.stopped,mouse.x,mouse.y,mouse.leftButton,mouse.midButton,mouse.rightButton,mouse.time,mouse.clicked_name,trials.thisRepN,trials.thisTrialN,trials.thisN,trials.thisIndex,trials.ran,end.started,end.stopped,start_button_3.numClicks,start_button_3.timesOn,start_button_3.timesOff
0.0006,17.0619,1,[17.08589999997616],[17.08589999997616],017206,001,2025-02-24_17h33.55.667,Simon,2024.2.4,Win32,61.34969325,,,,,,,,,,,,,,,,,,,,,,,,,,,,,,,,,,,,,,,,,,,,,,,,,,
,,,,,017206,001,2025-02-24_17h33.55.667,Simon,2024.2.4,Win32,61.34969325,17.0851,24.3377,[-0.08796821793416572],[-0.03518728717366629],[1],[0],[0],[7.249100000023841],"[""left_image_2"",""left_image_2""]",1,24.3383,24.8374,0,0,0,0,1,,,,,,,,,,,,,,,,,,,,,,,,,,,,,,,,,
,,,,,017206,001,2025-02-24_17h33.55.667,Simon,2024.2.4,Win32,61.34969325,,,,,,,,,,,,,,,,,,0,0,0,0,1,images/purple_butterfly.png,images/white_butterfly.png,left_image_2,"In this example, select the LEFT butterfly.",,,,,,,,,,,,,,,,,,,,,,,,
,,,,,017206,001,2025-02-24_17h33.55.667,Simon,2024.2.4,Win32,61.34969325,24.8391,29.5437,[-0.14982973893303064],[0.009080590238365494],[1],[0],[0],[4.703000000000003],"[""left_image_2"",""left_image_2""]",1,29.5438,30.0345,0,0,0,0,1,,,,,,,,,,,,,,,,,,,,,,,,,,,,,,,,,
,,,,,017206,001,2025-02-24_17h33.55.667,Simon,2024.2.4,Win32,61.34969325,,,,,,,,,,,,,,,,,,0,1,1,1,1,images/white_butterfly.png,images/purple_butterfly.png,left_image_2,"In this example, select the LEFT butterfly.",,,,,,,,,,,,,,,,,,,,,,,,
,,,,,017206,001,2025-02-24_17h33.55.667,Simon,2024.2.4,Win32,61.34969325,30.0359,35.1145,[0.3172531214528944],[0.007945516458569807],[1],[0],[0],[5.070999999999998],"[""right_image_2"",""right_image_2""]",1,35.1146,35.6112,0,0,0,0,1,,,,,,,,,,,,,,,,,,,,,,,,,,,,,,,,,
,,,,,017206,001,2025-02-24_17h33.55.667,Simon,2024.2.4,Win32,61.34969325,,,,,,,,,,,,,,,,,,0,2,2,2,1,images/yellow_butterfly.png,images/white_butterfly.png,right_image_2,"In this example, select the RIGHT butterfly.",,,,,,,,,,,,,,,,,,,,,,,,
,,,,,017206,001,2025-02-24_17h33.55.667,Simon,2024.2.4,Win32,61.34969325,35.613,36.7596,[0.2673098751418842],[-0.02553916004540295],[1],[0],[0],[1.1457000000476896],"[""right_image_2"",""right_image_2""]",1,36.7598,37.2587,0,0,0,0,1,,,,,,,,,,,,,,,,,,,,,,,,,,,,,,,,,
,,,,,017206,001,2025-02-24_17h33.55.667,Simon,2024.2.4,Win32,61.34969325,,,,,,,,,,,,,,,,,,0,3,3,3,1,images/white_butterfly.png,images/yellow_butterfly.png,right_image_2,"In this example, select the RIGHT butterfly.",,,,,,,,,,,,,,,,,,,,,,,,
,,,,,017206,001,2025-02-24_17h33.55.667,Simon,2024.2.4,Win32,61.34969325,,,,,,,,,,,,,,,,,,,,,,,,,,,37.2591,37.9963,1,[37.999699999928474],[37.999699999928474],,,,,,,,,,,,,,,,,,,
,,,,,017206,001,2025-02-24_17h33.55.667,Simon,2024.2.4,Win32,61.34969325,,,,,,,,,,1,39.2773,39.7755,,,,,,,,,,,images/yellow_butterfly.png,images/white_butterfly.png,right_image, ,,,,,,38.0036,39.2772,[0.24687854710556187],[0.009648127128263337],[1],[0],[0],[1.2726999999284772],"[""right_image""]",0,0,0,2,1,,,,,
,,,,,017206,001,2025-02-24_17h33.55.667,Simon,2024.2.4,Win32,61.34969325,,,,,,,,,,1,41.123,41.621,,,,,,,,,,,images/purple_butterfly.png,images/white_butterfly.png,left_image, ,,,,,,39.7769,41.1229,[-0.16458569807037457],[-0.011350737797956867],[1],[0],[0],[1.345400000095367],"[""left_image""]",0,1,1,0,1,,,,,
,,,,,017206,001,2025-02-24_17h33.55.667,Simon,2024.2.4,Win32,61.34969325,,,,,,,,,,1,43.2511,43.7498,,,,,,,,,,,images/white_butterfly.png,images/purple_butterfly.png,left_image, ,,,,,,41.622,43.2509,[-0.11748013620885357],[-0.031214528944381384],[1],[0],[0],[1.6280999999046273],"[""left_image""]",0,2,2,1,1,,,,,
,,,,,017206,001,2025-02-24_17h33.55.667,Simon,2024.2.4,Win32,61.34969325,,,,,,,,,,1,44.7144,45.2129,,,,,,,,,,,images/white_butterfly.png,images/yellow_butterfly.png,right_image, ,,,,,,43.7511,44.7143,[0.27298524404086266],[0.010783200908059024],[1],[0],[0],[0.9624999999999986],"[""right_image""]",0,3,3,3,1,,,,,
,,,,,017206,001,2025-02-24_17h33.55.667,Simon,2024.2.4,Win32,61.34969325,,,,,,,,,,1,46.0441,46.5437,,,,,,,,,,,images/white_butterfly.png,images/yellow_butterfly.png,right_image, ,,,,,,45.2139,46.044,[0.3229284903518729],[0.018161180476730987],[1],[0],[0],[0.8298999999761634],"[""right_image""]",1,0,4,3,1,,,,,
,,,,,017206,001,2025-02-24_17h33.55.667,Simon,2024.2.4,Win32,61.34969325,,,,,,,,,,1,47.524,48.0229,,,,,,,,,,,images/white_butterfly.png,images/purple_butterfly.png,left_image, ,,,,,,46.5448,47.5239,[-0.22531214528944382],[0.0005675368898978433],[1],[0],[0],[0.9786999999284731],"[""left_image""]",1,1,5,1,1,,,,,
,,,,,017206,001,2025-02-24_17h33.55.667,Simon,2024.2.4,Win32,61.34969325,,,,,,,,,,1,48.9051,49.4038,,,,,,,,,,,images/purple_butterfly.png,images/white_butterfly.png,left_image, ,,,,,,48.0241,48.905,[-0.20771850170261066],[-0.006242905788876277],[1],[0],[0],[0.8801999999284718],"[""left_image""]",1,2,6,0,1,,,,,
,,,,,017206,001,2025-02-24_17h33.55.667,Simon,2024.2.4,Win32,61.34969325,,,,,,,,,,1,50.5512,51.0499,,,,,,,,,,,images/yellow_butterfly.png,images/white_butterfly.png,right_image, ,,,,,,49.4047,50.5511,[0.3036322360953462],[0.034619750283768444],[1],[0],[0],[1.1457999999523167],"[""right_image""]",1,3,7,2,1,,,,,
,,,,,017206,001,2025-02-24_17h33.55.667,Simon,2024.2.4,Win32,61.34969325,,,,,,,,,,1,52.1802,52.6796,,,,,,,,,,,images/purple_butterfly.png,images/white_butterfly.png,left_image, ,,,,,,51.051,52.1801,[-0.14585698070374575],[0.012485811577752554],[1],[0],[0],[1.1285000000000096],"[""left_image""]",2,0,8,0,1,,,,,
,,,,,017206,001,2025-02-24_17h33.55.667,Simon,2024.2.4,Win32,61.34969325,,,,,,,,,,1,54.1262,54.6249,,,,,,,,,,,images/white_butterfly.png,images/purple_butterfly.png,left_image, ,,,,,,52.6806,54.1261,[-0.2275822928490352],[0.014188422247446084],[1],[0],[0],[1.4448999999761583],"[""left_image""]",2,1,9,1,1,,,,,
,,,,,017206,001,2025-02-24_17h33.55.667,Simon,2024.2.4,Win32,61.34969325,,,,,,,,,,1,56.5538,57.0521,,,,,,,,,,,images/yellow_butterfly.png,images/white_butterfly.png,right_image, ,,,,,,54.6259,56.5537,[0.27185017026106695],[0.04199772985244041],[1],[0],[0],[1.9273000000715257],"[""right_image""]",2,2,10,2,1,,,,,
,,,,,017206,001,2025-02-24_17h33.55.667,Simon,2024.2.4,Win32,61.34969325,,,,,,,,,,1,57.8003,58.2995,,,,,,,,,,,images/white_butterfly.png,images/yellow_butterfly.png,right_image, ,,,,,,57.0533,57.8003,[0.2695800227014756],[0.03575482406356413],[1],[0],[0],[0.7464999999999975],"[""right_image""]",2,3,11,3,1,,,,,
,,,,,017206,001,2025-02-24_17h33.55.667,Simon,2024.2.4,Win32,61.34969325,,,,,,,,,,1,58.8986,59.3967,,,,,,,,,,,images/yellow_butterfly.png,images/white_butterfly.png,right_image, ,,,,,,58.3004,58.8985,[0.2695800227014756],[0.036322360953461974],[1],[0],[0],[0.5972999999523125],"[""right_image""]",3,0,12,2,1,,,,,
,,,,,017206,001,2025-02-24_17h33.55.667,Simon,2024.2.4,Win32,61.34969325,,,,,,,,,,1,60.6772,61.1766,,,,,,,,,,,images/white_butterfly.png,images/purple_butterfly.png,left_image, ,,,,,,59.3976,60.6771,[-0.282633371169126],[0.030079455164585697],[1],[0],[0],[1.2787999999523265],"[""left_image""]",3,1,13,1,1,,,,,
,,,,,017206,001,2025-02-24_17h33.55.667,Simon,2024.2.4,Win32,61.34969325,,,,,,,,,,1,62.2735,62.7725,,,,,,,,,,,images/white_butterfly.png,images/yellow_butterfly.png,right_image, ,,,,,,61.1777,62.2734,[0.27525539160045404],[0.049943246311010214],[1],[0],[0],[1.0952999999523172],"[""right_image""]",3,2,14,3,1,,,,,
,,,,,017206,001,2025-02-24_17h33.55.667,Simon,2024.2.4,Win32,61.34969325,,,,,,,,,,1,63.9866,64.4857,,,,,,,,,,,images/purple_butterfly.png,images/white_butterfly.png,left_image, ,,,,,,62.7733,63.9866,[-0.23893303064699206],[0.022701475595913734],[1],[0],[0],[1.212799999952324],"[""left_image""]",3,3,15,0,1,,,,,
,,,,,017206,001,2025-02-24_17h33.55.667,Simon,2024.2.4,Win32,61.34969325,,,,,,,,,,1,65.6997,66.1888,,,,,,,,,,,images/white_butterfly.png,images/yellow_butterfly.png,right_image, ,,,,,,64.4866,65.6995,"[0.3569807037457435,0.24006810442678775]","[0.053348467650397274,0.06242905788876277]","[1,1]","[0,0]","[0,0]","[0.8793999999761581,1.2123999999761708]","[null,""right_image""]",4,0,16,3,1,,,,,
,,,,,017206,001,2025-02-24_17h33.55.667,Simon,2024.2.4,Win32,61.34969325,,,,,,,,,,1,67.2961,67.7945,,,,,,,,,,,images/yellow_butterfly.png,images/white_butterfly.png,right_image, ,,,,,,66.1896,67.296,[0.32349602724177073],[0.043132803632236094],[1],[0],[0],[1.1058999999761596],"[""right_image""]",4,1,17,2,1,,,,,
,,,,,017206,001,2025-02-24_17h33.55.667,Simon,2024.2.4,Win32,61.34969325,,,,,,,,,,1,69.2581,69.7563,,,,,,,,,,,images/purple_butterfly.png,images/white_butterfly.png,left_image, ,,,,,,67.7954,69.2579,[-0.29625425652667425],[0.032917139614074914],[1],[0],[0],[1.4621999999284725],"[""left_image""]",4,2,18,0,1,,,,,
,,,,,017206,001,2025-02-24_17h33.55.667,Simon,2024.2.4,Win32,61.34969325,,,,,,,,,,1,70.8205,71.3199,,,,,,,,,,,images/white_butterfly.png,images/purple_butterfly.png,left_image, ,,,,,,69.7569,70.8204,[-0.2695800227014756],[0.02894438138479001],[1],[0],[0],[1.0629999999999882],"[""left_image""]",4,3,19,1,1,,,,,
,,,,,017206,001,2025-02-24_17h33.55.667,Simon,2024.2.4,Win32,61.34969325,,,,,,,,,,,,,,,,,,,,,,,,,,,,,,,,,,,,,,,,,,,,,,71.3204,72.584,1,[72.5835],[72.5835]
