﻿instructions.started,instructions.stopped,start_button.numClicks,start_button.timesOn,start_button.timesOff,participant,session,date,expName,psychopyVersion,OS,frameRate,practice_trial.started,practice_trial.stopped,mouse_2.x,mouse_2.y,mouse_2.leftButton,mouse_2.midButton,mouse_2.rightButton,mouse_2.time,mouse_2.clicked_name,correct,feedback.started,feedback.stopped,loop_until_correct.thisRepN,loop_until_correct.thisTrialN,loop_until_correct.thisN,loop_until_correct.thisIndex,loop_until_correct.ran,prac_trials.thisRepN,prac_trials.thisTrialN,prac_trials.thisN,prac_trials.thisIndex,prac_trials.ran,left_color,right_color,correct_response,top_txt,instructions_2.started,instructions_2.stopped,start_button_2.numClicks,start_button_2.timesOn,start_button_2.timesOff,trial.started,trial.stopped,mouse.x,mouse.y,mouse.leftButton,mouse.midButton,mouse.rightButton,mouse.time,mouse.clicked_name,trials.thisRepN,trials.thisTrialN,trials.thisN,trials.thisIndex,trials.ran,end.started,end.stopped,start_button_3.numClicks,start_button_3.timesOn,start_button_3.timesOff
0.0004,1.2649,1,[1.276199999999255],[1.276199999999255],018138,001,2025-02-23_18h56.58.486,Simon,2024.2.4,Win32,12.78772379,,,,,,,,,,,,,,,,,,,,,,,,,,,,,,,,,,,,,,,,,,,,,,,,,,
,,,,,018138,001,2025-02-23_18h56.58.486,Simon,2024.2.4,Win32,12.78772379,1.2829,4.1707,[-0.1875],[-0.09159482758620689],[1],[0],[0],[2.884700000001118],"[""left_image_2"",""left_image_2""]",1,4.1713,4.6172,0,0,0,0,1,,,,,,,,,,,,,,,,,,,,,,,,,,,,,,,,,
,,,,,018138,001,2025-02-23_18h56.58.486,Simon,2024.2.4,Win32,12.78772379,,,,,,,,,,,,,,,,,,0,0,0,0,1,images/purple_butterfly.png,images/white_butterfly.png,left_image_2,"In this example, select the LEFT butterfly.",,,,,,,,,,,,,,,,,,,,,,,,
,,,,,018138,001,2025-02-23_18h56.58.486,Simon,2024.2.4,Win32,12.78772379,4.6184,9.1581,[-0.21443965517241378],[-0.05064655172413793],[1],[0],[0],[4.538400000000372],"[""left_image_2"",""left_image_2""]",1,9.1582,9.5725,0,0,0,0,1,,,,,,,,,,,,,,,,,,,,,,,,,,,,,,,,,
,,,,,018138,001,2025-02-23_18h56.58.486,Simon,2024.2.4,Win32,12.78772379,,,,,,,,,,,,,,,,,,0,1,1,1,1,images/white_butterfly.png,images/purple_butterfly.png,left_image_2,"In this example, select the LEFT butterfly.",,,,,,,,,,,,,,,,,,,,,,,,
,,,,,018138,001,2025-02-23_18h56.58.486,Simon,2024.2.4,Win32,12.78772379,9.5734,13.659,[0.17672413793103448],[-0.008620689655172414],[1],[0],[0],[4.084199999999257],"[""right_image_2"",""right_image_2""]",1,13.659,14.074,0,0,0,0,1,,,,,,,,,,,,,,,,,,,,,,,,,,,,,,,,,
,,,,,018138,001,2025-02-23_18h56.58.486,Simon,2024.2.4,Win32,12.78772379,,,,,,,,,,,,,,,,,,0,2,2,2,1,images/yellow_butterfly.png,images/white_butterfly.png,right_image_2,"In this example, select the RIGHT butterfly.",,,,,,,,,,,,,,,,,,,,,,,,
,,,,,018138,001,2025-02-23_18h56.58.486,Simon,2024.2.4,Win32,12.78772379,14.0751,18.8615,[0.17672413793103448],[-0.020474137931034482],[1],[0],[0],[4.785600000001494],"[""right_image_2"",""right_image_2""]",1,18.8616,19.2817,0,0,0,0,1,,,,,,,,,,,,,,,,,,,,,,,,,,,,,,,,,
,,,,,018138,001,2025-02-23_18h56.58.486,Simon,2024.2.4,Win32,12.78772379,,,,,,,,,,,,,,,,,,0,3,3,3,1,images/white_butterfly.png,images/yellow_butterfly.png,right_image_2,"In this example, select the RIGHT butterfly.",,,,,,,,,,,,,,,,,,,,,,,,
,,,,,018138,001,2025-02-23_18h56.58.486,Simon,2024.2.4,Win32,12.78772379,,,,,,,,,,,,,,,,,,,,,,,,,,,19.282,21.5116,1,[21.51440000000037],[21.51440000000037],,,,,,,,,,,,,,,,,,,
,,,,,018138,001,2025-02-23_18h56.58.486,Simon,2024.2.4,Win32,12.78772379,,,,,,,,,,1,23.9668,24.3809,,,,,,,,,,,images/white_butterfly.png,images/purple_butterfly.png,left_image, ,,,,,,21.5174,23.9667,[-0.16379310344827586],[-0.0894396551724138],[1],[0],[0],[2.448700000001118],"[""left_image""]",0,0,0,1,1,,,,,
,,,,,018138,001,2025-02-23_18h56.58.486,Simon,2024.2.4,Win32,12.78772379,,,,,,,,,,0,25.3693,25.7866,,,,,,,,,,,images/white_butterfly.png,images/yellow_butterfly.png,right_image, ,,,,,,24.3815,25.3687,[-0.2036637931034483],[-0.05387931034482758],[1],[0],[0],[0.986900000000368],"[""left_image""]",0,1,1,3,1,,,,,
,,,,,018138,001,2025-02-23_18h56.58.486,Simon,2024.2.4,Win32,12.78772379,,,,,,,,,,1,27.5702,28.0193,,,,,,,,,,,images/yellow_butterfly.png,images/white_butterfly.png,right_image, ,,,,,,25.787,27.5698,[0.20581896551724138],[-0.023706896551724137],[1],[0],[0],[1.7824000000003792],"[""right_image""]",0,2,2,2,1,,,,,
,,,,,018138,001,2025-02-23_18h56.58.486,Simon,2024.2.4,Win32,12.78772379,,,,,,,,,,0,28.9565,29.3588,,,,,,,,,,,images/purple_butterfly.png,images/white_butterfly.png,left_image, ,,,,,,28.0198,28.9559,[0.1411637931034483],[-0.014008620689655173],[1],[0],[0],[0.9357999999988778],"[""right_image""]",0,3,3,0,1,,,,,
,,,,,018138,001,2025-02-23_18h56.58.486,Simon,2024.2.4,Win32,12.78772379,,,,,,,,,,0,30.4565,30.8685,,,,,,,,,,,images/white_butterfly.png,images/yellow_butterfly.png,right_image, ,,,,,,29.3592,30.4564,[-0.1206896551724138],[-0.010775862068965518],[1],[0],[0],[1.0966999999992524],"[""left_image""]",1,0,4,3,1,,,,,
,,,,,018138,001,2025-02-23_18h56.58.486,Simon,2024.2.4,Win32,12.78772379,,,,,,,,,,0,31.4559,31.8662,,,,,,,,,,,images/white_butterfly.png,images/purple_butterfly.png,left_image, ,,,,,,30.8689,31.4558,[0.13900862068965517],[0.00646551724137931],[1],[0],[0],[0.5865000000000009],"[""right_image""]",1,1,5,1,1,,,,,
,,,,,018138,001,2025-02-23_18h56.58.486,Simon,2024.2.4,Win32,12.78772379,,,,,,,,,,0,32.544,32.9547,,,,,,,,,,,images/purple_butterfly.png,images/white_butterfly.png,left_image, ,,,,,,31.8667,32.5439,[0.16056034482758622],[-0.0021551724137931034],[1],[0],[0],[0.6769999999999996],"[""right_image""]",1,2,6,0,1,,,,,
,,,,,018138,001,2025-02-23_18h56.58.486,Simon,2024.2.4,Win32,12.78772379,,,,,,,,,,1,33.711,34.2488,,,,,,,,,,,images/yellow_butterfly.png,images/white_butterfly.png,right_image, ,,,,,,32.9552,33.7105,[0.19073275862068967],[-0.009698275862068966],[1],[0],[0],[0.7552000000011176],"[""right_image""]",1,3,7,2,1,,,,,
,,,,,018138,001,2025-02-23_18h56.58.486,Simon,2024.2.4,Win32,12.78772379,,,,,,,,,,1,34.9339,35.3406,,,,,,,,,,,images/purple_butterfly.png,images/white_butterfly.png,left_image, ,,,,,,34.2492,34.9339,[-0.12284482758620689],[-0.040948275862068964],[1],[0],[0],[0.6846000000014882],"[""left_image""]",2,0,8,0,1,,,,,
,,,,,018138,001,2025-02-23_18h56.58.486,Simon,2024.2.4,Win32,12.78772379,,,,,,,,,,1,35.927,36.375,,,,,,,,,,,images/white_butterfly.png,images/yellow_butterfly.png,right_image, ,,,,,,35.341,35.9269,[0.25754310344827586],[-0.04633620689655173],[1],[0],[0],[0.5857000000011183],"[""right_image""]",2,1,9,3,1,,,,,
,,,,,018138,001,2025-02-23_18h56.58.486,Simon,2024.2.4,Win32,12.78772379,,,,,,,,,,0,36.9575,37.3626,,,,,,,,,,,images/yellow_butterfly.png,images/white_butterfly.png,right_image, ,,,,,,36.3755,36.9571,[-0.12607758620689655],[-0.04310344827586207],[1],[0],[0],[0.5814000000003716],"[""left_image""]",2,2,10,2,1,,,,,
,,,,,018138,001,2025-02-23_18h56.58.486,Simon,2024.2.4,Win32,12.78772379,,,,,,,,,,0,37.8428,38.2488,,,,,,,,,,,images/white_butterfly.png,images/purple_butterfly.png,left_image, ,,,,,,37.363,37.8428,[0.1713362068965517],[0.009698275862068966],[1],[0],[0],[0.47940000000037486],"[""right_image""]",2,3,11,1,1,,,,,
,,,,,018138,001,2025-02-23_18h56.58.486,Simon,2024.2.4,Win32,12.78772379,,,,,,,,,,0,38.9349,39.36,,,,,,,,,,,images/white_butterfly.png,images/yellow_butterfly.png,right_image, ,,,,,,38.2493,38.9349,[-0.2941810344827586],[0.059267241379310345],[1],[0],[0],[0.6855000000000047],"[""left_image""]",3,0,12,3,1,,,,,
,,,,,018138,001,2025-02-23_18h56.58.486,Simon,2024.2.4,Win32,12.78772379,,,,,,,,,,0,39.8326,40.2392,,,,,,,,,,,images/yellow_butterfly.png,images/white_butterfly.png,right_image, ,,,,,,39.3604,39.8326,[-0.2025862068965517],[0.020474137931034482],[1],[0],[0],[0.4719000000003746],"[""left_image""]",3,1,13,2,1,,,,,
,,,,,018138,001,2025-02-23_18h56.58.486,Simon,2024.2.4,Win32,12.78772379,,,,,,,,,,1,42.1177,42.5383,,,,,,,,,,,images/white_butterfly.png,images/purple_butterfly.png,left_image, ,,,,,,40.2396,42.1172,[-0.16810344827586207],[0.018318965517241378],[1],[0],[0],[1.8772999999988826],"[""left_image""]",3,2,14,1,1,,,,,
,,,,,018138,001,2025-02-23_18h56.58.486,Simon,2024.2.4,Win32,12.78772379,,,,,,,,,,1,45.3082,45.7531,,,,,,,,,,,images/purple_butterfly.png,images/white_butterfly.png,left_image, ,,,,,,42.5387,45.3082,[-0.23814655172413793],[-0.029094827586206896],[1],[0],[0],[2.769199999999252],"[""left_image""]",3,3,15,0,1,,,,,
,,,,,018138,001,2025-02-23_18h56.58.486,Simon,2024.2.4,Win32,12.78772379,,,,,,,,,,0,49.815,50.2228,,,,,,,,,,,images/white_butterfly.png,images/yellow_butterfly.png,right_image, ,,,,,,45.7536,49.8144,[-0.19827586206896552],[0.011853448275862068],[1],[0],[0],[4.060600000001493],"[""left_image""]",4,0,16,3,1,,,,,
,,,,,018138,001,2025-02-23_18h56.58.486,Simon,2024.2.4,Win32,12.78772379,,,,,,,,,,1,50.8059,51.2173,,,,,,,,,,,images/yellow_butterfly.png,images/white_butterfly.png,right_image, ,,,,,,50.2234,50.8054,[0.12284482758620689],[0.007543103448275862],[1],[0],[0],[0.5818000000007473],"[""right_image""]",4,1,17,2,1,,,,,
,,,,,018138,001,2025-02-23_18h56.58.486,Simon,2024.2.4,Win32,12.78772379,,,,,,,,,,0,51.9159,52.3225,,,,,,,,,,,images/purple_butterfly.png,images/white_butterfly.png,left_image, ,,,,,,51.2178,51.9155,[0.12931034482758622],[0.022629310344827586],[1],[0],[0],[0.697499999999998],"[""right_image""]",4,2,18,0,1,,,,,
,,,,,018138,001,2025-02-23_18h56.58.486,Simon,2024.2.4,Win32,12.78772379,,,,,,,,,,0,52.9033,53.3114,,,,,,,,,,,images/white_butterfly.png,images/purple_butterfly.png,left_image, ,,,,,,52.3229,52.9032,[0.11314655172413793],[-0.015086206896551725],[1],[0],[0],[0.580099999999625],"[""right_image""]",4,3,19,1,1,,,,,
,,,,,018138,001,2025-02-23_18h56.58.486,Simon,2024.2.4,Win32,12.78772379,,,,,,,,,,,,,,,,,,,,,,,,,,,,,,,,,,,,,,,,,,,,,,53.3116,54.33,1,[54.32979999999888],[54.32979999999888]
