﻿instructions.started,instructions.stopped,start_button.numClicks,start_button.timesOn,start_button.timesOff,participant,session,date,expName,psychopyVersion,OS,frameRate,practice_trial.started,practice_trial.stopped,mouse_2.x,mouse_2.y,mouse_2.leftButton,mouse_2.midButton,mouse_2.rightButton,mouse_2.time,mouse_2.clicked_name,correct,feedback.started,feedback.stopped,loop_until_correct.thisRepN,loop_until_correct.thisTrialN,loop_until_correct.thisN,loop_until_correct.thisIndex,loop_until_correct.ran,prac_trials.thisRepN,prac_trials.thisTrialN,prac_trials.thisN,prac_trials.thisIndex,prac_trials.ran,left_color,right_color,correct_response,top_txt,instructions_2.started,instructions_2.stopped,start_button_2.numClicks,start_button_2.timesOn,start_button_2.timesOff,trial.started,trial.stopped,mouse.x,mouse.y,mouse.leftButton,mouse.midButton,mouse.rightButton,mouse.time,mouse.clicked_name,trials.thisRepN,trials.thisTrialN,trials.thisN,trials.thisIndex,trials.ran,end.started,end.stopped,start_button_3.numClicks,start_button_3.timesOn,start_button_3.timesOff
0.0004,8.5612,1,[8.575600000023842],[8.575600000023842],018415,001,2025-03-18_20h32.17.406,Simon,2024.2.4,MacIntel,60.24096386,,,,,,,,,,,,,,,,,,,,,,,,,,,,,,,,,,,,,,,,,,,,,,,,,,
,,,,,018415,001,2025-03-18_20h32.17.406,Simon,2024.2.4,MacIntel,60.24096386,8.5812,11.7943,[-0.1505052450117371],[-0.02390056484741784],[1],[0],[0],[3.211300000071528],"[""left_image_2"",""left_image_2""]",1,11.7949,12.2943,0,0,0,0,1,,,,,,,,,,,,,,,,,,,,,,,,,,,,,,,,,
,,,,,018415,001,2025-03-18_20h32.17.406,Simon,2024.2.4,MacIntel,60.24096386,,,,,,,,,,,,,,,,,,0,0,0,0,1,images/purple_butterfly.png,images/white_butterfly.png,left_image_2,"In this example, select the LEFT butterfly.",,,,,,,,,,,,,,,,,,,,,,,,
,,,,,018415,001,2025-03-18_20h32.17.406,Simon,2024.2.4,MacIntel,60.24096386,12.2958,14.6611,[-0.15121588908450703],[-0.019677963615023473],[1],[0],[0],[2.3634999999999984],"[""left_image_2"",""left_image_2""]",1,14.6613,15.1609,0,0,0,0,1,,,,,,,,,,,,,,,,,,,,,,,,,,,,,,,,,
,,,,,018415,001,2025-03-18_20h32.17.406,Simon,2024.2.4,MacIntel,60.24096386,,,,,,,,,,,,,,,,,,0,1,1,1,1,images/white_butterfly.png,images/purple_butterfly.png,left_image_2,"In this example, select the LEFT butterfly.",,,,,,,,,,,,,,,,,,,,,,,,
,,,,,018415,001,2025-03-18_20h32.17.406,Simon,2024.2.4,MacIntel,60.24096386,15.1626,16.7614,[0.19388662705399062],[0.02207581426056338],[1],[0],[0],[1.5968999999761557],"[""right_image_2"",""right_image_2""]",1,16.7617,17.2606,0,0,0,0,1,,,,,,,,,,,,,,,,,,,,,,,,,,,,,,,,,
,,,,,018415,001,2025-03-18_20h32.17.406,Simon,2024.2.4,MacIntel,60.24096386,,,,,,,,,,,,,,,,,,0,2,2,2,1,images/yellow_butterfly.png,images/white_butterfly.png,right_image_2,"In this example, select the RIGHT butterfly.",,,,,,,,,,,,,,,,,,,,,,,,
,,,,,018415,001,2025-03-18_20h32.17.406,Simon,2024.2.4,MacIntel,60.24096386,17.2619,18.6107,[0.19388662705399062],[0.02207581426056338],[1],[0],[0],[1.347999999999999],"[""right_image_2"",""right_image_2""]",1,18.6108,19.1109,0,0,0,0,1,,,,,,,,,,,,,,,,,,,,,,,,,,,,,,,,,
,,,,,018415,001,2025-03-18_20h32.17.406,Simon,2024.2.4,MacIntel,60.24096386,,,,,,,,,,,,,,,,,,0,3,3,3,1,images/white_butterfly.png,images/yellow_butterfly.png,right_image_2,"In this example, select the RIGHT butterfly.",,,,,,,,,,,,,,,,,,,,,,,,
,,,,,018415,001,2025-03-18_20h32.17.406,Simon,2024.2.4,MacIntel,60.24096386,,,,,,,,,,,,,,,,,,,,,,,,,,,19.1116,20.1609,1,[20.162699999928478],[20.162699999928478],,,,,,,,,,,,,,,,,,,
,,,,,018415,001,2025-03-18_20h32.17.406,Simon,2024.2.4,MacIntel,60.24096386,,,,,,,,,,1,21.1109,21.6109,,,,,,,,,,,images/white_butterfly.png,images/yellow_butterfly.png,right_image, ,,,,,,20.1692,21.1109,[0.19267623973004694],[-0.027531726819248828],[1],[0],[0],[0.9405000000000001],"[""right_image""]",0,0,0,3,1,,,,,
,,,,,018415,001,2025-03-18_20h32.17.406,Simon,2024.2.4,MacIntel,60.24096386,,,,,,,,,,1,22.9778,23.4773,,,,,,,,,,,images/white_butterfly.png,images/purple_butterfly.png,left_image, ,,,,,,21.6119,22.9778,[-0.1954775528169014],[-0.01804118984741784],[1],[0],[0],[1.3655000000000008],"[""left_image""]",0,1,1,1,1,,,,,
,,,,,018415,001,2025-03-18_20h32.17.406,Simon,2024.2.4,MacIntel,60.24096386,,,,,,,,,,1,24.4773,24.9773,,,,,,,,,,,images/yellow_butterfly.png,images/white_butterfly.png,right_image, ,,,,,,23.4779,24.4773,[0.1720996552230047],[-0.003278132335680751],[1],[0],[0],[0.9991000000238408],"[""right_image""]",0,2,2,2,1,,,,,
,,,,,018415,001,2025-03-18_20h32.17.406,Simon,2024.2.4,MacIntel,60.24096386,,,,,,,,,,1,25.9439,26.4442,,,,,,,,,,,images/purple_butterfly.png,images/white_butterfly.png,left_image, ,,,,,,24.9779,25.9439,[-0.1330371552230047],[-0.011379474765258217],[1],[0],[0],[0.9656000000238478],"[""left_image""]",0,3,3,0,1,,,,,
,,,,,018415,001,2025-03-18_20h32.17.406,Simon,2024.2.4,MacIntel,60.24096386,,,,,,,,,,1,27.6606,28.161,,,,,,,,,,,images/yellow_butterfly.png,images/white_butterfly.png,right_image, ,,,,,,26.4453,27.6606,[0.14282570422535212],[-0.018032020246478875],[1],[0],[0],[1.2147000000476815],"[""right_image""]",1,0,4,2,1,,,,,
,,,,,018415,001,2025-03-18_20h32.17.406,Simon,2024.2.4,MacIntel,60.24096386,,,,,,,,,,1,29.1607,29.6609,,,,,,,,,,,images/white_butterfly.png,images/yellow_butterfly.png,right_image, ,,,,,,28.1622,29.1606,[0.14138607687793428],[-0.014231220657276996],[1],[0],[0],[0.9976000000238443],"[""right_image""]",1,1,5,3,1,,,,,
,,,,,018415,001,2025-03-18_20h32.17.406,Simon,2024.2.4,MacIntel,60.24096386,,,,,,,,,,1,30.3941,30.8941,,,,,,,,,,,images/white_butterfly.png,images/purple_butterfly.png,left_image, ,,,,,,29.662,30.394,[-0.09676679870892019],[-0.03085112235915493],[1],[0],[0],[0.7314999999999969],"[""left_image""]",1,2,6,1,1,,,,,
,,,,,018415,001,2025-03-18_20h32.17.406,Simon,2024.2.4,MacIntel,60.24096386,,,,,,,,,,1,31.9777,32.4774,,,,,,,,,,,images/purple_butterfly.png,images/white_butterfly.png,left_image, ,,,,,,30.8946,31.9776,[-0.1552963615023474],[-0.02784807805164319],[1],[0],[0],[1.0827999999523144],"[""left_image""]",1,3,7,0,1,,,,,
,,,,,018415,001,2025-03-18_20h32.17.406,Simon,2024.2.4,MacIntel,60.24096386,,,,,,,,,,1,33.211,33.711,,,,,,,,,,,images/white_butterfly.png,images/yellow_butterfly.png,right_image, ,,,,,,32.478,33.2109,[0.1721546728286385],[0.0070743471244131455],[1],[0],[0],[0.7325000000000017],"[""right_image""]",2,0,8,3,1,,,,,
,,,,,018415,001,2025-03-18_20h32.17.406,Simon,2024.2.4,MacIntel,60.24096386,,,,,,,,,,1,34.744,35.2439,,,,,,,,,,,images/yellow_butterfly.png,images/white_butterfly.png,right_image, ,,,,,,33.7115,34.744,[0.22310556044600938],[-0.0321440360915493],[1],[0],[0],[1.0320000000000036],"[""right_image""]",2,1,9,2,1,,,,,
,,,,,018415,001,2025-03-18_20h32.17.406,Simon,2024.2.4,MacIntel,60.24096386,,,,,,,,,,1,36.2107,36.7111,,,,,,,,,,,images/white_butterfly.png,images/purple_butterfly.png,left_image, ,,,,,,35.2444,36.2107,[-0.11689407276995305],[-0.030548525528169015],[1],[0],[0],[0.9661000000238431],"[""left_image""]",2,2,10,1,1,,,,,
,,,,,018415,001,2025-03-18_20h32.17.406,Simon,2024.2.4,MacIntel,60.24096386,,,,,,,,,,1,37.5273,38.0272,,,,,,,,,,,images/purple_butterfly.png,images/white_butterfly.png,left_image, ,,,,,,36.7121,37.5273,[-0.13143705985915494],[-0.03118581279342723],[1],[0],[0],[0.8143999999761533],"[""left_image""]",2,3,11,0,1,,,,,
,,,,,018415,001,2025-03-18_20h32.17.406,Simon,2024.2.4,MacIntel,60.24096386,,,,,,,,,,1,39.2607,39.7599,,,,,,,,,,,images/white_butterfly.png,images/purple_butterfly.png,left_image, ,,,,,,38.0282,39.2607,[-0.1424635049882629],[-0.02940232541079812],[1],[0],[0],[1.2316999999284803],"[""left_image""]",3,0,12,1,1,,,,,
,,,,,018415,001,2025-03-18_20h32.17.406,Simon,2024.2.4,MacIntel,60.24096386,,,,,,,,,,1,40.7941,41.2943,,,,,,,,,,,images/yellow_butterfly.png,images/white_butterfly.png,right_image, ,,,,,,39.761,40.794,[0.21724618544600938],[-0.009408010563380281],[1],[0],[0],[1.0323000000715226],"[""right_image""]",3,1,13,2,1,,,,,
,,,,,018415,001,2025-03-18_20h32.17.406,Simon,2024.2.4,MacIntel,60.24096386,,,,,,,,,,1,42.144,42.6441,,,,,,,,,,,images/purple_butterfly.png,images/white_butterfly.png,left_image, ,,,,,,41.2953,42.144,[-0.197540713028169],[-0.02867792693661972],[1],[0],[0],[0.848200000047683],"[""left_image""]",3,2,14,0,1,,,,,
,,,,,018415,001,2025-03-18_20h32.17.406,Simon,2024.2.4,MacIntel,60.24096386,,,,,,,,,,1,43.5942,44.0941,,,,,,,,,,,images/white_butterfly.png,images/yellow_butterfly.png,right_image, ,,,,,,42.6446,43.5942,[0.1837588028169014],[-0.01399281103286385],[1],[0],[0],[0.9492999999523093],"[""right_image""]",3,3,15,3,1,,,,,
,,,,,018415,001,2025-03-18_20h32.17.406,Simon,2024.2.4,MacIntel,60.24096386,,,,,,,,,,1,44.594,45.094,,,,,,,,,,,images/white_butterfly.png,images/yellow_butterfly.png,right_image, ,,,,,,44.0946,44.5939,[0.18403389084507044],[-0.015404929577464789],[1],[0],[0],[0.4993000000715284],"[""right_image""]",4,0,16,3,1,,,,,
,,,,,018415,001,2025-03-18_20h32.17.406,Simon,2024.2.4,MacIntel,60.24096386,,,,,,,,,,1,46.1276,46.6276,,,,,,,,,,,images/yellow_butterfly.png,images/white_butterfly.png,right_image, ,,,,,,45.0946,46.1276,[0.1719896200117371],[-0.012782423708920188],[1],[0],[0],[1.032700000047683],"[""right_image""]",4,1,17,2,1,,,,,
,,,,,018415,001,2025-03-18_20h32.17.406,Simon,2024.2.4,MacIntel,60.24096386,,,,,,,,,,1,47.5443,48.0441,,,,,,,,,,,images/purple_butterfly.png,images/white_butterfly.png,left_image, ,,,,,,46.6285,47.5442,[-0.2595684785798122],[-0.013039172535211268],[1],[0],[0],[0.9151999999284754],"[""left_image""]",4,2,18,0,1,,,,,
,,,,,018415,001,2025-03-18_20h32.17.406,Simon,2024.2.4,MacIntel,60.24096386,,,,,,,,,,1,48.7108,49.2098,,,,,,,,,,,images/white_butterfly.png,images/purple_butterfly.png,left_image, ,,,,,,48.0446,48.7108,[-0.24736832453051644],[-0.012731990903755869],[1],[0],[0],[0.6658999999761548],"[""left_image""]",4,3,19,1,1,,,,,
,,,,,018415,001,2025-03-18_20h32.17.406,Simon,2024.2.4,MacIntel,60.24096386,,,,,,,,,,,,,,,,,,,,,,,,,,,,,,,,,,,,,,,,,,,,,,49.2102,50.3946,1,[50.394099999904626],[50.394199999928475]
