﻿instructions.started,instructions.stopped,start_button.numClicks,start_button.timesOn,start_button.timesOff,participant,session,date,expName,psychopyVersion,OS,frameRate,practice_trial.started,practice_trial.stopped,mouse_2.x,mouse_2.y,mouse_2.leftButton,mouse_2.midButton,mouse_2.rightButton,mouse_2.time,mouse_2.clicked_name,correct,feedback.started,feedback.stopped,loop_until_correct.thisRepN,loop_until_correct.thisTrialN,loop_until_correct.thisN,loop_until_correct.thisIndex,loop_until_correct.ran,prac_trials.thisRepN,prac_trials.thisTrialN,prac_trials.thisN,prac_trials.thisIndex,prac_trials.ran,left_color,right_color,correct_response,top_txt,instructions_2.started,instructions_2.stopped,start_button_2.numClicks,start_button_2.timesOn,start_button_2.timesOff,trial.started,trial.stopped,mouse.x,mouse.y,mouse.leftButton,mouse.midButton,mouse.rightButton,mouse.time,mouse.clicked_name,trials.thisRepN,trials.thisTrialN,trials.thisN,trials.thisIndex,trials.ran,end.started,end.stopped,start_button_3.numClicks,start_button_3.timesOn,start_button_3.timesOff
0.001,33.084,1,[33.09800000000001],[33.09800000000001],018846,001,2025-10-09_13h16.20.091,Simon,2024.2.4,MacIntel,47.61904762,,,,,,,,,,,,,,,,,,,,,,,,,,,,,,,,,,,,,,,,,,,,,,,,,,
,,,,,018846,001,2025-10-09_13h16.20.091,Simon,2024.2.4,MacIntel,47.61904762,33.114,34.651,[-0.21798365122615804],[-0.004087193460490463],[1],[0],[0],[1.5339999999999918],"[""left_image_2"",""left_image_2""]",1,34.652,35.145,0,0,0,0,1,,,,,,,,,,,,,,,,,,,,,,,,,,,,,,,,,
,,,,,018846,001,2025-10-09_13h16.20.091,Simon,2024.2.4,MacIntel,47.61904762,,,,,,,,,,,,,,,,,,0,0,0,0,1,images/purple_butterfly.png,images/white_butterfly.png,left_image_2,"In this example, select the LEFT butterfly.",,,,,,,,,,,,,,,,,,,,,,,,
,,,,,018846,001,2025-10-09_13h16.20.091,Simon,2024.2.4,MacIntel,47.61904762,35.15,35.599,[-0.20572207084468666],[-0.02997275204359673],[1],[0],[0],[0.44599999999999795],"[""left_image_2"",""left_image_2""]",1,35.599,36.095,0,0,0,0,1,,,,,,,,,,,,,,,,,,,,,,,,,,,,,,,,,
,,,,,018846,001,2025-10-09_13h16.20.091,Simon,2024.2.4,MacIntel,47.61904762,,,,,,,,,,,,,,,,,,0,1,1,1,1,images/white_butterfly.png,images/purple_butterfly.png,left_image_2,"In this example, select the LEFT butterfly.",,,,,,,,,,,,,,,,,,,,,,,,
,,,,,018846,001,2025-10-09_13h16.20.091,Simon,2024.2.4,MacIntel,47.61904762,36.096,36.634,[0.21662125340599456],[-0.025885558583106268],[1],[0],[0],[0.5339999999999918],"[""right_image_2"",""right_image_2""]",1,36.634,37.128,0,0,0,0,1,,,,,,,,,,,,,,,,,,,,,,,,,,,,,,,,,
,,,,,018846,001,2025-10-09_13h16.20.091,Simon,2024.2.4,MacIntel,47.61904762,,,,,,,,,,,,,,,,,,0,2,2,2,1,images/yellow_butterfly.png,images/white_butterfly.png,right_image_2,"In this example, select the RIGHT butterfly.",,,,,,,,,,,,,,,,,,,,,,,,
,,,,,018846,001,2025-10-09_13h16.20.091,Simon,2024.2.4,MacIntel,47.61904762,37.13,37.888,[0.23841961852861035],[0.005449591280653951],[1],[0],[0],[0.7549999999999955],"[""right_image_2"",""right_image_2""]",1,37.888,38.378,0,0,0,0,1,,,,,,,,,,,,,,,,,,,,,,,,,,,,,,,,,
,,,,,018846,001,2025-10-09_13h16.20.091,Simon,2024.2.4,MacIntel,47.61904762,,,,,,,,,,,,,,,,,,0,3,3,3,1,images/white_butterfly.png,images/yellow_butterfly.png,right_image_2,"In this example, select the RIGHT butterfly.",,,,,,,,,,,,,,,,,,,,,,,,
,,,,,018846,001,2025-10-09_13h16.20.091,Simon,2024.2.4,MacIntel,47.61904762,,,,,,,,,,,,,,,,,,,,,,,,,,,38.379,39.572,1,[39.572],[39.572],,,,,,,,,,,,,,,,,,,
,,,,,018846,001,2025-10-09_13h16.20.091,Simon,2024.2.4,MacIntel,47.61904762,,,,,,,,,,1,40.636,41.128,,,,,,,,,,,images/purple_butterfly.png,images/white_butterfly.png,left_image, ,,,,,,39.582,40.636,[-0.21525885558583105],[-0.004087193460490463],[1],[0],[0],[1.0519999999999925],"[""left_image""]",0,0,0,0,1,,,,,
,,,,,018846,001,2025-10-09_13h16.20.091,Simon,2024.2.4,MacIntel,47.61904762,,,,,,,,,,1,41.652,42.144,,,,,,,,,,,images/yellow_butterfly.png,images/white_butterfly.png,right_image, ,,,,,,41.13,41.652,[0.23705722070844687],[-0.021798365122615803],[1],[0],[0],[0.5209999999999866],"[""right_image""]",0,1,1,2,1,,,,,
,,,,,018846,001,2025-10-09_13h16.20.091,Simon,2024.2.4,MacIntel,47.61904762,,,,,,,,,,1,42.964,43.461,,,,,,,,,,,images/white_butterfly.png,images/yellow_butterfly.png,right_image, ,,,,,,42.145,42.963,[0.2438692098092643],[-0.014986376021798364],[1],[0],[0],[0.8160000000000025],"[""right_image""]",0,2,2,3,1,,,,,
,,,,,018846,001,2025-10-09_13h16.20.091,Simon,2024.2.4,MacIntel,47.61904762,,,,,,,,,,1,44.084,44.577,,,,,,,,,,,images/white_butterfly.png,images/purple_butterfly.png,left_image, ,,,,,,43.462,44.084,[-0.23841961852861035],[0.004087193460490463],[1],[0],[0],[0.6220000000000141],"[""left_image""]",0,3,3,1,1,,,,,
,,,,,018846,001,2025-10-09_13h16.20.091,Simon,2024.2.4,MacIntel,47.61904762,,,,,,,,,,1,45.137,45.627,,,,,,,,,,,images/purple_butterfly.png,images/white_butterfly.png,left_image, ,,,,,,44.578,45.137,[-0.24114441416893734],[0.01907356948228883],[1],[0],[0],[0.556999999999988],"[""left_image""]",1,0,4,0,1,,,,,
,,,,,018846,001,2025-10-09_13h16.20.091,Simon,2024.2.4,MacIntel,47.61904762,,,,,,,,,,1,46.386,46.877,,,,,,,,,,,images/white_butterfly.png,images/purple_butterfly.png,left_image, ,,,,,,45.628,46.386,[-0.22479564032697547],[0.008174386920980926],[1],[0],[0],[0.757000000000005],"[""left_image""]",1,1,5,1,1,,,,,
,,,,,018846,001,2025-10-09_13h16.20.091,Simon,2024.2.4,MacIntel,47.61904762,,,,,,,,,,1,47.392,47.893,,,,,,,,,,,images/yellow_butterfly.png,images/white_butterfly.png,right_image, ,,,,,,46.878,47.392,[0.2670299727520436],[0.006811989100817439],[1],[0],[0],[0.5130000000000052],"[""right_image""]",1,2,6,2,1,,,,,
,,,,,018846,001,2025-10-09_13h16.20.091,Simon,2024.2.4,MacIntel,47.61904762,,,,,,,,,,1,48.42,48.91,,,,,,,,,,,images/white_butterfly.png,images/yellow_butterfly.png,right_image, ,,,,,,47.895,48.419,[0.26430517711171664],[-0.004087193460490463],[1],[0],[0],[0.5229999999999961],"[""right_image""]",1,3,7,3,1,,,,,
,,,,,018846,001,2025-10-09_13h16.20.091,Simon,2024.2.4,MacIntel,47.61904762,,,,,,,,,,1,49.417,49.91,,,,,,,,,,,images/purple_butterfly.png,images/white_butterfly.png,left_image, ,,,,,,48.911,49.416,[-0.23024523160762944],[-0.006811989100817439],[1],[0],[0],[0.5039999999999907],"[""left_image""]",2,0,8,0,1,,,,,
,,,,,018846,001,2025-10-09_13h16.20.091,Simon,2024.2.4,MacIntel,47.61904762,,,,,,,,,,1,50.301,50.793,,,,,,,,,,,images/white_butterfly.png,images/yellow_butterfly.png,right_image, ,,,,,,49.911,50.301,[0.27520435967302453],[0.01226158038147139],[1],[0],[0],[0.3889999999999816],"[""right_image""]",2,1,9,3,1,,,,,
,,,,,018846,001,2025-10-09_13h16.20.091,Simon,2024.2.4,MacIntel,47.61904762,,,,,,,,,,1,51.484,51.977,,,,,,,,,,,images/white_butterfly.png,images/purple_butterfly.png,left_image, ,,,,,,50.794,51.484,[-0.23433242506811988],[0.020435967302452316],[1],[0],[0],[0.6890000000000214],"[""left_image""]",2,2,10,1,1,,,,,
,,,,,018846,001,2025-10-09_13h16.20.091,Simon,2024.2.4,MacIntel,47.61904762,,,,,,,,,,1,52.534,53.026,,,,,,,,,,,images/yellow_butterfly.png,images/white_butterfly.png,right_image, ,,,,,,51.977,52.533,[0.279291553133515],[-0.0013623978201634877],[1],[0],[0],[0.554000000000002],"[""right_image""]",2,3,11,2,1,,,,,
,,,,,018846,001,2025-10-09_13h16.20.091,Simon,2024.2.4,MacIntel,47.61904762,,,,,,,,,,1,53.669,54.16,,,,,,,,,,,images/yellow_butterfly.png,images/white_butterfly.png,right_image, ,,,,,,53.027,53.669,[0.2724795640326976],[0.0027247956403269754],[1],[0],[0],[0.6419999999999959],"[""right_image""]",3,0,12,2,1,,,,,
,,,,,018846,001,2025-10-09_13h16.20.091,Simon,2024.2.4,MacIntel,47.61904762,,,,,,,,,,1,54.683,55.176,,,,,,,,,,,images/white_butterfly.png,images/purple_butterfly.png,left_image, ,,,,,,54.161,54.683,[-0.2452316076294278],[0.01907356948228883],[1],[0],[0],[0.5209999999999866],"[""left_image""]",3,1,13,1,1,,,,,
,,,,,018846,001,2025-10-09_13h16.20.091,Simon,2024.2.4,MacIntel,47.61904762,,,,,,,,,,1,55.916,56.409,,,,,,,,,,,images/purple_butterfly.png,images/white_butterfly.png,left_image, ,,,,,,55.177,55.916,[-0.24114441416893734],[0.008174386920980926],[1],[0],[0],[0.7379999999999995],"[""left_image""]",3,2,14,0,1,,,,,
,,,,,018846,001,2025-10-09_13h16.20.091,Simon,2024.2.4,MacIntel,47.61904762,,,,,,,,,,1,56.867,57.359,,,,,,,,,,,images/white_butterfly.png,images/yellow_butterfly.png,right_image, ,,,,,,56.41,56.867,[0.28337874659400547],[0.009536784741144414],[1],[0],[0],[0.45599999999998886],"[""right_image""]",3,3,15,3,1,,,,,
,,,,,018846,001,2025-10-09_13h16.20.091,Simon,2024.2.4,MacIntel,47.61904762,,,,,,,,,,1,57.862,58.359,,,,,,,,,,,images/purple_butterfly.png,images/white_butterfly.png,left_image, ,,,,,,57.36,57.861,[-0.2220708446866485],[0],[1],[0],[0],[0.5],"[""left_image""]",4,0,16,0,1,,,,,
,,,,,018846,001,2025-10-09_13h16.20.091,Simon,2024.2.4,MacIntel,47.61904762,,,,,,,,,,1,59.087,59.576,,,,,,,,,,,images/white_butterfly.png,images/purple_butterfly.png,left_image, ,,,,,,58.36,59.086,[-0.24114441416893734],[0.025885558583106268],[1],[0],[0],[0.7239999999999895],"[""left_image""]",4,1,17,1,1,,,,,
,,,,,018846,001,2025-10-09_13h16.20.091,Simon,2024.2.4,MacIntel,47.61904762,,,,,,,,,,1,60.419,60.909,,,,,,,,,,,images/white_butterfly.png,images/yellow_butterfly.png,right_image, ,,,,,,59.577,60.419,[0.26975476839237056],[-0.006811989100817439],[1],[0],[0],[0.8419999999999845],"[""right_image""]",4,2,18,3,1,,,,,
,,,,,018846,001,2025-10-09_13h16.20.091,Simon,2024.2.4,MacIntel,47.61904762,,,,,,,,,,1,61.46,61.959,,,,,,,,,,,images/yellow_butterfly.png,images/white_butterfly.png,right_image, ,,,,,,60.91,61.46,[0.273841961852861],[-0.008174386920980926],[1],[0],[0],[0.5490000000000066],"[""right_image""]",4,3,19,2,1,,,,,
,,,,,018846,001,2025-10-09_13h16.20.091,Simon,2024.2.4,MacIntel,47.61904762,,,,,,,,,,,,,,,,,,,,,,,,,,,,,,,,,,,,,,,,,,,,,,61.961,62.65,1,[62.649],[62.649]
