﻿instructions.started,instructions.stopped,start_button.numClicks,start_button.timesOn,start_button.timesOff,participant,session,date,expName,psychopyVersion,OS,frameRate,practice_trial.started,practice_trial.stopped,mouse_2.x,mouse_2.y,mouse_2.leftButton,mouse_2.midButton,mouse_2.rightButton,mouse_2.time,mouse_2.clicked_name,correct,feedback.started,feedback.stopped,loop_until_correct.thisRepN,loop_until_correct.thisTrialN,loop_until_correct.thisN,loop_until_correct.thisIndex,loop_until_correct.ran,prac_trials.thisRepN,prac_trials.thisTrialN,prac_trials.thisN,prac_trials.thisIndex,prac_trials.ran,left_color,right_color,correct_response,top_txt,instructions_2.started,instructions_2.stopped,start_button_2.numClicks,start_button_2.timesOn,start_button_2.timesOff,trial.started,trial.stopped,mouse.x,mouse.y,mouse.leftButton,mouse.midButton,mouse.rightButton,mouse.time,mouse.clicked_name,trials.thisRepN,trials.thisTrialN,trials.thisN,trials.thisIndex,trials.ran,end.started,end.stopped,start_button_3.numClicks,start_button_3.timesOn,start_button_3.timesOff
0.0003,10.4828,1,[10.49259999999963],[10.49259999999963],018960,001,2025-04-14_19h17.02.751,Simon,2024.2.4,MacIntel,59.88023952,,,,,,,,,,,,,,,,,,,,,,,,,,,,,,,,,,,,,,,,,,,,,,,,,,
,,,,,018960,001,2025-04-14_19h17.02.751,Simon,2024.2.4,MacIntel,59.88023952,10.5072,16.6495,[-0.13975819524495678],[-0.06623176332853026],[1],[0],[0],[6.139599999999632],"[""left_image_2"",""left_image_2""]",1,16.6503,17.1494,0,0,0,0,1,,,,,,,,,,,,,,,,,,,,,,,,,,,,,,,,,
,,,,,018960,001,2025-04-14_19h17.02.751,Simon,2024.2.4,MacIntel,59.88023952,,,,,,,,,,,,,,,,,,0,0,0,0,1,images/purple_butterfly.png,images/white_butterfly.png,left_image_2,"In this example, select the LEFT butterfly.",,,,,,,,,,,,,,,,,,,,,,,,
,,,,,018960,001,2025-04-14_19h17.02.751,Simon,2024.2.4,MacIntel,59.88023952,17.1518,20.6826,[0.1301951999279539],[0.013356673270893371],[1],[0],[0],[3.5281000000000944],"[""right_image_2"",""right_image_2""]",0,20.6836,21.1824,0,0,0,0,1,,,,,,,,,,,,,,,,,,,,,,,,,,,,,,,,,
,,,,,018960,001,2025-04-14_19h17.02.751,Simon,2024.2.4,MacIntel,59.88023952,21.1834,25.2824,[-0.20551152737752162],[-0.017989012968299713],[1],[0],[0],[4.098100000000088],"[""left_image_2"",""left_image_2""]",1,25.283,25.7825,1,0,1,0,1,,,,,,,,,,,,,,,,,,,,,,,,,,,,,,,,,
,,,,,018960,001,2025-04-14_19h17.02.751,Simon,2024.2.4,MacIntel,59.88023952,,,,,,,,,,,,,,,,,,0,1,1,1,1,images/white_butterfly.png,images/purple_butterfly.png,left_image_2,"In this example, select the LEFT butterfly.",,,,,,,,,,,,,,,,,,,,,,,,
,,,,,018960,001,2025-04-14_19h17.02.751,Simon,2024.2.4,MacIntel,59.88023952,25.7846,28.3496,[0.24942025396253603],[0.0005065742074927954],[1],[0],[0],[2.5629000000003685],"[""right_image_2"",""right_image_2""]",1,28.3497,28.8492,0,0,0,0,1,,,,,,,,,,,,,,,,,,,,,,,,,,,,,,,,,
,,,,,018960,001,2025-04-14_19h17.02.751,Simon,2024.2.4,MacIntel,59.88023952,,,,,,,,,,,,,,,,,,0,2,2,2,1,images/yellow_butterfly.png,images/white_butterfly.png,right_image_2,"In this example, select the RIGHT butterfly.",,,,,,,,,,,,,,,,,,,,,,,,
,,,,,018960,001,2025-04-14_19h17.02.751,Simon,2024.2.4,MacIntel,59.88023952,28.8512,30.5157,[0.1561543137608069],[0.0025384996397694523],[1],[0],[0],[1.6628999999999081],"[""right_image_2"",""right_image_2""]",1,30.5158,31.0158,0,0,0,0,1,,,,,,,,,,,,,,,,,,,,,,,,,,,,,,,,,
,,,,,018960,001,2025-04-14_19h17.02.751,Simon,2024.2.4,MacIntel,59.88023952,,,,,,,,,,,,,,,,,,0,3,3,3,1,images/white_butterfly.png,images/yellow_butterfly.png,right_image_2,"In this example, select the RIGHT butterfly.",,,,,,,,,,,,,,,,,,,,,,,,
,,,,,018960,001,2025-04-14_19h17.02.751,Simon,2024.2.4,MacIntel,59.88023952,,,,,,,,,,,,,,,,,,,,,,,,,,,31.0165,32.6329,1,[32.63440000000037],[32.63440000000037],,,,,,,,,,,,,,,,,,,
,,,,,018960,001,2025-04-14_19h17.02.751,Simon,2024.2.4,MacIntel,59.88023952,,,,,,,,,,1,34.3332,34.8327,,,,,,,,,,,images/white_butterfly.png,images/yellow_butterfly.png,right_image, ,,,,,,32.6425,34.3331,[0.25309573126801155],[0.015304169668587896],[1],[0],[0],[1.6897000000001867],"[""right_image""]",0,0,0,3,1,,,,,
,,,,,018960,001,2025-04-14_19h17.02.751,Simon,2024.2.4,MacIntel,59.88023952,,,,,,,,,,1,36.0493,36.5492,,,,,,,,,,,images/white_butterfly.png,images/purple_butterfly.png,left_image, ,,,,,,34.8337,36.0493,[-0.11765467399135447],[-0.01245609690201729],[1],[0],[0],[1.214799999999812],"[""left_image""]",0,1,1,1,1,,,,,
,,,,,018960,001,2025-04-14_19h17.02.751,Simon,2024.2.4,MacIntel,59.88023952,,,,,,,,,,1,38.0149,38.5161,,,,,,,,,,,images/yellow_butterfly.png,images/white_butterfly.png,right_image, ,,,,,,36.5502,38.0149,[0.15273775216138327],[-0.014291021253602305],[1],[0],[0],[1.46389999999991],"[""right_image""]",0,2,2,2,1,,,,,
,,,,,018960,001,2025-04-14_19h17.02.751,Simon,2024.2.4,MacIntel,59.88023952,,,,,,,,,,1,39.4489,39.9484,,,,,,,,,,,images/purple_butterfly.png,images/white_butterfly.png,left_image, ,,,,,,38.517,39.4488,[-0.22505966318443804],[-0.0022345551152737754],[1],[0],[0],[0.9312999999998226],"[""left_image""]",0,3,3,0,1,,,,,
,,,,,018960,001,2025-04-14_19h17.02.751,Simon,2024.2.4,MacIntel,59.88023952,,,,,,,,,,1,40.7326,41.2321,,,,,,,,,,,images/yellow_butterfly.png,images/white_butterfly.png,right_image, ,,,,,,39.9493,40.7325,[0.20127318984149856],[0.03864598342939481],[1],[0],[0],[0.7827999999998241],"[""right_image""]",1,0,4,2,1,,,,,
,,,,,018960,001,2025-04-14_19h17.02.751,Simon,2024.2.4,MacIntel,59.88023952,,,,,,,,,,1,41.8327,42.3328,,,,,,,,,,,images/purple_butterfly.png,images/white_butterfly.png,left_image, ,,,,,,41.2331,41.8327,[-0.2120407060518732],[0.006123919308357349],[1],[0],[0],[0.5990000000000038],"[""left_image""]",1,1,5,0,1,,,,,
,,,,,018960,001,2025-04-14_19h17.02.751,Simon,2024.2.4,MacIntel,59.88023952,,,,,,,,,,1,44.0485,44.5496,,,,,,,,,,,images/white_butterfly.png,images/purple_butterfly.png,left_image, ,,,,,,42.3337,44.0485,[-0.2575254412824208],[-0.018022784582132564],[1],[0],[0],[1.7141000000001014],"[""left_image""]",1,2,6,1,1,,,,,
,,,,,018960,001,2025-04-14_19h17.02.751,Simon,2024.2.4,MacIntel,59.88023952,,,,,,,,,,1,45.5998,46.0985,,,,,,,,,,,images/white_butterfly.png,images/yellow_butterfly.png,right_image, ,,,,,,44.5506,45.5996,[0.1389251621037464],[-0.020206682276657062],[1],[0],[0],[1.0485000000000042],"[""right_image""]",1,3,7,3,1,,,,,
,,,,,018960,001,2025-04-14_19h17.02.751,Simon,2024.2.4,MacIntel,59.88023952,,,,,,,,,,1,47.733,48.2329,,,,,,,,,,,images/white_butterfly.png,images/purple_butterfly.png,left_image, ,,,,,,46.0994,47.7329,[-0.15984667687319884],[0.0009005763688760807],[1],[0],[0],[1.6331000000000984],"[""left_image""]",2,0,8,1,1,,,,,
,,,,,018960,001,2025-04-14_19h17.02.751,Simon,2024.2.4,MacIntel,59.88023952,,,,,,,,,,1,49.4485,49.9496,,,,,,,,,,,images/white_butterfly.png,images/yellow_butterfly.png,right_image, ,,,,,,48.2336,49.4484,[0.28222937680115273],[-0.023251756123919307],[1],[0],[0],[1.214500000000001],"[""right_image""]",2,1,9,3,1,,,,,
,,,,,018960,001,2025-04-14_19h17.02.751,Simon,2024.2.4,MacIntel,59.88023952,,,,,,,,,,1,50.7496,51.2496,,,,,,,,,,,images/purple_butterfly.png,images/white_butterfly.png,left_image, ,,,,,,49.9503,50.7495,[-0.1693027287463977],[-0.010024540706051873],[1],[0],[0],[0.7986000000000928],"[""left_image""]",2,2,10,0,1,,,,,
,,,,,018960,001,2025-04-14_19h17.02.751,Simon,2024.2.4,MacIntel,59.88023952,,,,,,,,,,1,52.1165,52.6163,,,,,,,,,,,images/yellow_butterfly.png,images/white_butterfly.png,right_image, ,,,,,,51.2505,52.1163,[0.2800173360951009],[-0.012337896253602305],[1],[0],[0],[0.8652999999998201],"[""right_image""]",2,3,11,2,1,,,,,
,,,,,018960,001,2025-04-14_19h17.02.751,Simon,2024.2.4,MacIntel,59.88023952,,,,,,,,,,1,53.2986,53.7986,,,,,,,,,,,images/white_butterfly.png,images/purple_butterfly.png,left_image, ,,,,,,52.6171,53.2985,[-0.1333415886167147],[-0.03224626260806916],[1],[0],[0],[0.6810000000000116],"[""left_image""]",3,0,12,1,1,,,,,
,,,,,018960,001,2025-04-14_19h17.02.751,Simon,2024.2.4,MacIntel,59.88023952,,,,,,,,,,1,54.4486,54.9493,,,,,,,,,,,images/white_butterfly.png,images/yellow_butterfly.png,right_image, ,,,,,,53.7991,54.4485,[0.1388576188760807],[-0.011369776657060519],[1],[0],[0],[0.6490000000000009],"[""right_image""]",3,1,13,3,1,,,,,
,,,,,018960,001,2025-04-14_19h17.02.751,Simon,2024.2.4,MacIntel,59.88023952,,,,,,,,,,0,55.4336,55.9326,,,,,,,,,,,images/yellow_butterfly.png,images/white_butterfly.png,right_image, ,,,,,,54.9502,55.4328,[-0.14651814661383286],[-0.017133465417867436],[1],[0],[0],[0.4819999999999993],"[""left_image""]",3,2,14,2,1,,,,,
,,,,,018960,001,2025-04-14_19h17.02.751,Simon,2024.2.4,MacIntel,59.88023952,,,,,,,,,,1,58.0504,58.5497,,,,,,,,,,,images/purple_butterfly.png,images/white_butterfly.png,left_image, ,,,,,,55.9334,58.0496,[-0.11851585014409222],[-0.001908096181556196],[1],[0],[0],[2.1157999999998083],"[""left_image""]",3,3,15,0,1,,,,,
,,,,,018960,001,2025-04-14_19h17.02.751,Simon,2024.2.4,MacIntel,59.88023952,,,,,,,,,,1,59.8831,60.383,,,,,,,,,,,images/white_butterfly.png,images/purple_butterfly.png,left_image, ,,,,,,58.5506,59.883,[-0.1996577809798271],[-0.013137157780979828],[1],[0],[0],[1.331900000000374],"[""left_image""]",4,0,16,1,1,,,,,
,,,,,018960,001,2025-04-14_19h17.02.751,Simon,2024.2.4,MacIntel,59.88023952,,,,,,,,,,1,61.2333,61.733,,,,,,,,,,,images/white_butterfly.png,images/yellow_butterfly.png,right_image, ,,,,,,60.3839,61.2332,[0.1484600144092219],[-0.015467399135446687],[1],[0],[0],[0.8486999999997238],"[""right_image""]",4,1,17,3,1,,,,,
,,,,,018960,001,2025-04-14_19h17.02.751,Simon,2024.2.4,MacIntel,59.88023952,,,,,,,,,,1,62.5164,63.0166,,,,,,,,,,,images/yellow_butterfly.png,images/white_butterfly.png,right_image, ,,,,,,61.7339,62.5164,[0.14450310698847263],[-0.01618786023054755],[1],[0],[0],[0.781800000000274],"[""right_image""]",4,2,18,2,1,,,,,
,,,,,018960,001,2025-04-14_19h17.02.751,Simon,2024.2.4,MacIntel,59.88023952,,,,,,,,,,1,64.2821,64.783,,,,,,,,,,,images/purple_butterfly.png,images/white_butterfly.png,left_image, ,,,,,,63.0173,64.282,"[-0.3592173991354467,-0.27678651837175794]","[-0.04688062860230548,-0.02437747658501441]","[1,1]","[0,0]","[0,0]","[0.7983999999999014,1.2641000000000986]","[null,""left_image""]",4,3,19,0,1,,,,,
,,,,,018960,001,2025-04-14_19h17.02.751,Simon,2024.2.4,MacIntel,59.88023952,,,,,,,,,,,,,,,,,,,,,,,,,,,,,,,,,,,,,,,,,,,,,,64.7835,65.8662,1,[65.86570000000019],[65.86570000000019]
