﻿instructions.started,instructions.stopped,start_button.numClicks,start_button.timesOn,start_button.timesOff,participant,session,date,expName,psychopyVersion,OS,frameRate,practice_trial.started,practice_trial.stopped,mouse_2.x,mouse_2.y,mouse_2.leftButton,mouse_2.midButton,mouse_2.rightButton,mouse_2.time,mouse_2.clicked_name,correct,feedback.started,feedback.stopped,loop_until_correct.thisRepN,loop_until_correct.thisTrialN,loop_until_correct.thisN,loop_until_correct.thisIndex,loop_until_correct.ran,prac_trials.thisRepN,prac_trials.thisTrialN,prac_trials.thisN,prac_trials.thisIndex,prac_trials.ran,left_color,right_color,correct_response,top_txt,instructions_2.started,instructions_2.stopped,start_button_2.numClicks,start_button_2.timesOn,start_button_2.timesOff,trial.started,trial.stopped,mouse.x,mouse.y,mouse.leftButton,mouse.midButton,mouse.rightButton,mouse.time,mouse.clicked_name,trials.thisRepN,trials.thisTrialN,trials.thisN,trials.thisIndex,trials.ran,end.started,end.stopped,start_button_3.numClicks,start_button_3.timesOn,start_button_3.timesOff
0,0.975,1,[0.9800000000000004],[0.9800000000000004],018972,001,2025-01-23_09h17.02.883,Simon,2024.2.4,MacIntel,58.82352941,,,,,,,,,,,,,,,,,,,,,,,,,,,,,,,,,,,,,,,,,,,,,,,,,,
,,,,,018972,001,2025-01-23_09h17.02.883,Simon,2024.2.4,MacIntel,58.82352941,0.984,6.243,[-0.16829268292682928],[-0.03536585365853658],[1],[0],[0],[5.256],"[""left_image_2"",""left_image_2""]",1,6.243,6.742,0,0,0,0,1,,,,,,,,,,,,,,,,,,,,,,,,,,,,,,,,,
,,,,,018972,001,2025-01-23_09h17.02.883,Simon,2024.2.4,MacIntel,58.82352941,,,,,,,,,,,,,,,,,,0,0,0,0,1,images/purple_butterfly.png,images/white_butterfly.png,left_image_2,"In this example, select the LEFT butterfly.",,,,,,,,,,,,,,,,,,,,,,,,
,,,,,018972,001,2025-01-23_09h17.02.883,Simon,2024.2.4,MacIntel,58.82352941,6.745,9.776,[-0.15],[0.0012195121951219512],[1],[0],[0],[3.0259999999999962],"[""left_image_2"",""left_image_2""]",1,9.776,10.275,0,0,0,0,1,,,,,,,,,,,,,,,,,,,,,,,,,,,,,,,,,
,,,,,018972,001,2025-01-23_09h17.02.883,Simon,2024.2.4,MacIntel,58.82352941,,,,,,,,,,,,,,,,,,0,1,1,1,1,images/white_butterfly.png,images/purple_butterfly.png,left_image_2,"In this example, select the LEFT butterfly.",,,,,,,,,,,,,,,,,,,,,,,,
,,,,,018972,001,2025-01-23_09h17.02.883,Simon,2024.2.4,MacIntel,58.82352941,10.278,15.276,[0.2097560975609756],[-0.0012195121951219512],[1],[0],[0],[4.994999999999997],"[""right_image_2"",""right_image_2""]",1,15.276,15.776,0,0,0,0,1,,,,,,,,,,,,,,,,,,,,,,,,,,,,,,,,,
,,,,,018972,001,2025-01-23_09h17.02.883,Simon,2024.2.4,MacIntel,58.82352941,,,,,,,,,,,,,,,,,,0,2,2,2,1,images/yellow_butterfly.png,images/white_butterfly.png,right_image_2,"In this example, select the RIGHT butterfly.",,,,,,,,,,,,,,,,,,,,,,,,
,,,,,018972,001,2025-01-23_09h17.02.883,Simon,2024.2.4,MacIntel,58.82352941,15.778,18.859,[0.24146341463414633],[-0.018292682926829267],[1],[0],[0],[3.0790000000000006],"[""right_image_2"",""right_image_2""]",1,18.86,19.359,0,0,0,0,1,,,,,,,,,,,,,,,,,,,,,,,,,,,,,,,,,
,,,,,018972,001,2025-01-23_09h17.02.883,Simon,2024.2.4,MacIntel,58.82352941,,,,,,,,,,,,,,,,,,0,3,3,3,1,images/white_butterfly.png,images/yellow_butterfly.png,right_image_2,"In this example, select the RIGHT butterfly.",,,,,,,,,,,,,,,,,,,,,,,,
,,,,,018972,001,2025-01-23_09h17.02.883,Simon,2024.2.4,MacIntel,58.82352941,,,,,,,,,,,,,,,,,,,,,,,,,,,19.36,20.526,1,[20.525999999999996],[20.525999999999996],,,,,,,,,,,,,,,,,,,
,,,,,018972,001,2025-01-23_09h17.02.883,Simon,2024.2.4,MacIntel,58.82352941,,,,,,,,,,1,22.393,22.892,,,,,,,,,,,images/yellow_butterfly.png,images/white_butterfly.png,right_image, ,,,,,,20.531,22.393,[0.21097560975609755],[-0.02926829268292683],[1],[0],[0],[1.8599999999999994],"[""right_image""]",0,0,0,2,1,,,,,
,,,,,018972,001,2025-01-23_09h17.02.883,Simon,2024.2.4,MacIntel,58.82352941,,,,,,,,,,1,24.076,24.576,,,,,,,,,,,images/white_butterfly.png,images/yellow_butterfly.png,right_image, ,,,,,,22.894,24.076,[0.2304878048780488],[-0.012195121951219513],[1],[0],[0],[1.1799999999999997],"[""right_image""]",0,1,1,3,1,,,,,
,,,,,018972,001,2025-01-23_09h17.02.883,Simon,2024.2.4,MacIntel,58.82352941,,,,,,,,,,1,25.459,25.959,,,,,,,,,,,images/purple_butterfly.png,images/white_butterfly.png,left_image, ,,,,,,24.577,25.459,[-0.17560975609756097],[-0.003658536585365854],[1],[0],[0],[0.8810000000000002],"[""left_image""]",0,2,2,0,1,,,,,
,,,,,018972,001,2025-01-23_09h17.02.883,Simon,2024.2.4,MacIntel,58.82352941,,,,,,,,,,1,27.593,28.093,,,,,,,,,,,images/white_butterfly.png,images/purple_butterfly.png,left_image, ,,,,,,25.96,27.593,[-0.12073170731707317],[0.007317073170731708],[1],[0],[0],[1.6299999999999955],"[""left_image""]",0,3,3,1,1,,,,,
,,,,,018972,001,2025-01-23_09h17.02.883,Simon,2024.2.4,MacIntel,58.82352941,,,,,,,,,,1,29.043,29.543,,,,,,,,,,,images/white_butterfly.png,images/yellow_butterfly.png,right_image, ,,,,,,28.094,29.043,[0.18048780487804877],[-0.01707317073170732],[1],[0],[0],[0.9470000000000027],"[""right_image""]",1,0,4,3,1,,,,,
,,,,,018972,001,2025-01-23_09h17.02.883,Simon,2024.2.4,MacIntel,58.82352941,,,,,,,,,,1,30.41,30.91,,,,,,,,,,,images/purple_butterfly.png,images/white_butterfly.png,left_image, ,,,,,,29.544,30.409,[-0.12073170731707317],[0.0024390243902439024],[1],[0],[0],[0.8639999999999972],"[""left_image""]",1,1,5,0,1,,,,,
,,,,,018972,001,2025-01-23_09h17.02.883,Simon,2024.2.4,MacIntel,58.82352941,,,,,,,,,,1,31.993,32.493,,,,,,,,,,,images/yellow_butterfly.png,images/white_butterfly.png,right_image, ,,,,,,30.911,31.993,[0.1475609756097561],[-0.007317073170731708],[1],[0],[0],[1.081000000000003],"[""right_image""]",1,2,6,2,1,,,,,
,,,,,018972,001,2025-01-23_09h17.02.883,Simon,2024.2.4,MacIntel,58.82352941,,,,,,,,,,1,33.926,34.426,,,,,,,,,,,images/white_butterfly.png,images/purple_butterfly.png,left_image, ,,,,,,32.496,33.926,[-0.10853658536585366],[0],[1],[0],[0],[1.429000000000002],"[""left_image""]",1,3,7,1,1,,,,,
,,,,,018972,001,2025-01-23_09h17.02.883,Simon,2024.2.4,MacIntel,58.82352941,,,,,,,,,,1,35.544,36.043,,,,,,,,,,,images/purple_butterfly.png,images/white_butterfly.png,left_image, ,,,,,,34.428,35.544,[-0.14390243902439023],[-0.01097560975609756],[1],[0],[0],[1.1139999999999972],"[""left_image""]",2,0,8,0,1,,,,,
,,,,,018972,001,2025-01-23_09h17.02.883,Simon,2024.2.4,MacIntel,58.82352941,,,,,,,,,,1,37.177,37.677,,,,,,,,,,,images/yellow_butterfly.png,images/white_butterfly.png,right_image, ,,,,,,36.044,37.177,[0.16951219512195123],[-0.05121951219512195],[1],[0],[0],[1.131999999999998],"[""right_image""]",2,1,9,2,1,,,,,
,,,,,018972,001,2025-01-23_09h17.02.883,Simon,2024.2.4,MacIntel,58.82352941,,,,,,,,,,1,38.56,39.06,,,,,,,,,,,images/white_butterfly.png,images/yellow_butterfly.png,right_image, ,,,,,,37.678,38.56,[0.19634146341463415],[-0.045121951219512194],[1],[0],[0],[0.8810000000000002],"[""right_image""]",2,2,10,3,1,,,,,
,,,,,018972,001,2025-01-23_09h17.02.883,Simon,2024.2.4,MacIntel,58.82352941,,,,,,,,,,1,40.059,40.56,,,,,,,,,,,images/white_butterfly.png,images/purple_butterfly.png,left_image, ,,,,,,39.06,40.059,[-0.08902439024390243],[-0.007317073170731708],[1],[0],[0],[0.9969999999999999],"[""left_image""]",2,3,11,1,1,,,,,
,,,,,018972,001,2025-01-23_09h17.02.883,Simon,2024.2.4,MacIntel,58.82352941,,,,,,,,,,1,41.36,41.86,,,,,,,,,,,images/white_butterfly.png,images/yellow_butterfly.png,right_image, ,,,,,,40.561,41.36,[0.22073170731707317],[-0.024390243902439025],[1],[0],[0],[0.7980000000000018],"[""right_image""]",3,0,12,3,1,,,,,
,,,,,018972,001,2025-01-23_09h17.02.883,Simon,2024.2.4,MacIntel,58.82352941,,,,,,,,,,1,43.36,43.86,,,,,,,,,,,images/yellow_butterfly.png,images/white_butterfly.png,right_image, ,,,,,,41.861,43.359,[0.2329268292682927],[-0.03414634146341464],[1],[0],[0],[1.4969999999999999],"[""right_image""]",3,1,13,2,1,,,,,
,,,,,018972,001,2025-01-23_09h17.02.883,Simon,2024.2.4,MacIntel,58.82352941,,,,,,,,,,0,46.346,46.844,,,,,,,,,,,images/purple_butterfly.png,images/white_butterfly.png,left_image, ,,,,,,43.862,46.344,[0.17560975609756097],[-0.007317073170731708],[1],[0],[0],[2.4809999999999945],"[""right_image""]",3,2,14,0,1,,,,,
,,,,,018972,001,2025-01-23_09h17.02.883,Simon,2024.2.4,MacIntel,58.82352941,,,,,,,,,,1,49.845,50.344,,,,,,,,,,,images/white_butterfly.png,images/purple_butterfly.png,left_image, ,,,,,,46.845,49.844,[-0.1402439024390244],[0.004878048780487805],[1],[0],[0],[2.997],"[""left_image""]",3,3,15,1,1,,,,,
,,,,,018972,001,2025-01-23_09h17.02.883,Simon,2024.2.4,MacIntel,58.82352941,,,,,,,,,,1,51.461,51.961,,,,,,,,,,,images/white_butterfly.png,images/yellow_butterfly.png,right_image, ,,,,,,50.345,51.461,[0.19146341463414634],[-0.01951219512195122],[1],[0],[0],[1.1140000000000043],"[""right_image""]",4,0,16,3,1,,,,,
,,,,,018972,001,2025-01-23_09h17.02.883,Simon,2024.2.4,MacIntel,58.82352941,,,,,,,,,,1,52.877,53.378,,,,,,,,,,,images/purple_butterfly.png,images/white_butterfly.png,left_image, ,,,,,,51.962,52.877,[-0.19878048780487806],[-0.04024390243902439],[1],[0],[0],[0.9150000000000063],"[""left_image""]",4,1,17,0,1,,,,,
,,,,,018972,001,2025-01-23_09h17.02.883,Simon,2024.2.4,MacIntel,58.82352941,,,,,,,,,,1,54.361,54.861,,,,,,,,,,,images/white_butterfly.png,images/purple_butterfly.png,left_image, ,,,,,,53.378,54.361,[-0.16829268292682928],[-0.026829268292682926],[1],[0],[0],[0.9810000000000088],"[""left_image""]",4,2,18,1,1,,,,,
,,,,,018972,001,2025-01-23_09h17.02.883,Simon,2024.2.4,MacIntel,58.82352941,,,,,,,,,,1,57.944,58.444,,,,,,,,,,,images/yellow_butterfly.png,images/white_butterfly.png,right_image, ,,,,,,54.862,57.944,[0.21097560975609755],[-0.006097560975609756],[1],[0],[0],[3.080999999999989],"[""right_image""]",4,3,19,2,1,,,,,
,,,,,018972,001,2025-01-23_09h17.02.883,Simon,2024.2.4,MacIntel,58.82352941,,,,,,,,,,,,,,,,,,,,,,,,,,,,,,,,,,,,,,,,,,,,,,58.445,59.745,1,[59.744],[59.744]
