﻿instructions.started,instructions.stopped,start_button.numClicks,start_button.timesOn,start_button.timesOff,participant,session,date,expName,psychopyVersion,OS,frameRate,practice_trial.started,practice_trial.stopped,mouse_2.x,mouse_2.y,mouse_2.leftButton,mouse_2.midButton,mouse_2.rightButton,mouse_2.time,mouse_2.clicked_name,correct,feedback.started,feedback.stopped,loop_until_correct.thisRepN,loop_until_correct.thisTrialN,loop_until_correct.thisN,loop_until_correct.thisIndex,loop_until_correct.ran,prac_trials.thisRepN,prac_trials.thisTrialN,prac_trials.thisN,prac_trials.thisIndex,prac_trials.ran,left_color,right_color,correct_response,top_txt,instructions_2.started,instructions_2.stopped,start_button_2.numClicks,start_button_2.timesOn,start_button_2.timesOff,trial.started,trial.stopped,mouse.x,mouse.y,mouse.leftButton,mouse.midButton,mouse.rightButton,mouse.time,mouse.clicked_name,trials.thisRepN,trials.thisTrialN,trials.thisN,trials.thisIndex,trials.ran,end.started,end.stopped,start_button_3.numClicks,start_button_3.timesOn,start_button_3.timesOff
0.0002,13.8326,1,[13.839199999999256],[13.839199999999256],019046,001,2025-09-13_22h21.54.301,Simon,2024.2.4,Linux x86_64,163.9344262,,,,,,,,,,,,,,,,,,,,,,,,,,,,,,,,,,,,,,,,,,,,,,,,,,
,,,,,019046,001,2025-09-13_22h21.54.301,Simon,2024.2.4,Linux x86_64,163.9344262,13.861,19.0451,[-0.22473604826546004],[0.00904977375565611],[1],[0],[0],[5.181399999998508],"[""left_image_2"",""left_image_2""]",1,19.0468,19.5473,0,0,0,0,1,,,,,,,,,,,,,,,,,,,,,,,,,,,,,,,,,
,,,,,019046,001,2025-09-13_22h21.54.301,Simon,2024.2.4,Linux x86_64,163.9344262,,,,,,,,,,,,,,,,,,0,0,0,0,1,images/purple_butterfly.png,images/white_butterfly.png,left_image_2,"In this example, select the LEFT butterfly.",,,,,,,,,,,,,,,,,,,,,,,,
,,,,,019046,001,2025-09-13_22h21.54.301,Simon,2024.2.4,Linux x86_64,163.9344262,19.5498,21.597,[-0.22473604826546004],[0.00904977375565611],[1],[0],[0],[2.0440000000000005],"[""left_image_2"",""left_image_2""]",1,21.5973,22.0932,0,0,0,0,1,,,,,,,,,,,,,,,,,,,,,,,,,,,,,,,,,
,,,,,019046,001,2025-09-13_22h21.54.301,Simon,2024.2.4,Linux x86_64,163.9344262,,,,,,,,,,,,,,,,,,0,1,1,1,1,images/white_butterfly.png,images/purple_butterfly.png,left_image_2,"In this example, select the LEFT butterfly.",,,,,,,,,,,,,,,,,,,,,,,,
,,,,,019046,001,2025-09-13_22h21.54.301,Simon,2024.2.4,Linux x86_64,163.9344262,22.0946,24.9709,[0.14404223227752638],[0.02790346907993967],[1],[0],[0],[2.874899999998508],"[""right_image_2"",""right_image_2""]",1,24.9712,25.4677,0,0,0,0,1,,,,,,,,,,,,,,,,,,,,,,,,,,,,,,,,,
,,,,,019046,001,2025-09-13_22h21.54.301,Simon,2024.2.4,Linux x86_64,163.9344262,,,,,,,,,,,,,,,,,,0,2,2,2,1,images/yellow_butterfly.png,images/white_butterfly.png,right_image_2,"In this example, select the RIGHT butterfly.",,,,,,,,,,,,,,,,,,,,,,,,
,,,,,019046,001,2025-09-13_22h21.54.301,Simon,2024.2.4,Linux x86_64,163.9344262,25.47,27.3465,[0.14404223227752638],[0.02790346907993967],[1],[0],[0],[1.8750999999977687],"[""right_image_2"",""right_image_2""]",1,27.3467,27.8437,0,0,0,0,1,,,,,,,,,,,,,,,,,,,,,,,,,,,,,,,,,
,,,,,019046,001,2025-09-13_22h21.54.301,Simon,2024.2.4,Linux x86_64,163.9344262,,,,,,,,,,,,,,,,,,0,3,3,3,1,images/white_butterfly.png,images/yellow_butterfly.png,right_image_2,"In this example, select the RIGHT butterfly.",,,,,,,,,,,,,,,,,,,,,,,,
,,,,,019046,001,2025-09-13_22h21.54.301,Simon,2024.2.4,Linux x86_64,163.9344262,,,,,,,,,,,,,,,,,,,,,,,,,,,27.8442,30.2859,1,[30.286599999997765],[30.286699999999254],,,,,,,,,,,,,,,,,,,
,,,,,019046,001,2025-09-13_22h21.54.301,Simon,2024.2.4,Linux x86_64,163.9344262,,,,,,,,,,1,31.9233,32.4196,,,,,,,,,,,images/purple_butterfly.png,images/white_butterfly.png,left_image, ,,,,,,30.2962,31.9232,[-0.14630467571644043],[0.0022624434389140274],[1],[0],[0],[1.6261000000014931],"[""left_image""]",0,0,0,0,1,,,,,
,,,,,019046,001,2025-09-13_22h21.54.301,Simon,2024.2.4,Linux x86_64,163.9344262,,,,,,,,,,1,33.7338,34.2306,,,,,,,,,,,images/white_butterfly.png,images/purple_butterfly.png,left_image, ,,,,,,32.4207,33.7338,[-0.14630467571644043],[0.0022624434389140274],[1],[0],[0],[1.3125],"[""left_image""]",0,1,1,1,1,,,,,
,,,,,019046,001,2025-09-13_22h21.54.301,Simon,2024.2.4,Linux x86_64,163.9344262,,,,,,,,,,1,35.6976,36.1944,,,,,,,,,,,images/yellow_butterfly.png,images/white_butterfly.png,right_image, ,,,,,,34.2317,35.6976,[0.12669683257918551],[0.03770739064856712],[1],[0],[0],[1.4645999999977661],"[""right_image""]",0,2,2,2,1,,,,,
,,,,,019046,001,2025-09-13_22h21.54.301,Simon,2024.2.4,Linux x86_64,163.9344262,,,,,,,,,,1,37.3055,37.8062,,,,,,,,,,,images/white_butterfly.png,images/yellow_butterfly.png,right_image, ,,,,,,36.1951,37.3055,[0.12669683257918551],[0.03770739064856712],[1],[0],[0],[1.109499999999997],"[""right_image""]",0,3,3,3,1,,,,,
,,,,,019046,001,2025-09-13_22h21.54.301,Simon,2024.2.4,Linux x86_64,163.9344262,,,,,,,,,,0,39.1973,39.6919,,,,,,,,,,,images/yellow_butterfly.png,images/white_butterfly.png,right_image, ,,,,,,37.8073,39.1955,[-0.12895927601809956],[0.0196078431372549],[1],[0],[0],[1.3871000000014888],"[""left_image""]",1,0,4,2,1,,,,,
,,,,,019046,001,2025-09-13_22h21.54.301,Simon,2024.2.4,Linux x86_64,163.9344262,,,,,,,,,,1,43.0259,43.5214,,,,,,,,,,,images/white_butterfly.png,images/purple_butterfly.png,left_image, ,,,,,,39.6935,43.0244,[-0.12895927601809956],[0.0196078431372549],[1],[0],[0],[3.3299999999999983],"[""left_image""]",1,1,5,1,1,,,,,
,,,,,019046,001,2025-09-13_22h21.54.301,Simon,2024.2.4,Linux x86_64,163.9344262,,,,,,,,,,1,44.4489,44.9459,,,,,,,,,,,images/purple_butterfly.png,images/white_butterfly.png,left_image, ,,,,,,43.5225,44.4488,[-0.12895927601809956],[0.0196078431372549],[1],[0],[0],[0.9258000000007485],"[""left_image""]",1,2,6,0,1,,,,,
,,,,,019046,001,2025-09-13_22h21.54.301,Simon,2024.2.4,Linux x86_64,163.9344262,,,,,,,,,,1,46.5579,47.0554,,,,,,,,,,,images/white_butterfly.png,images/yellow_butterfly.png,right_image, ,,,,,,44.9469,46.5579,[0.15610859728506787],[0.03469079939668175],[1],[0],[0],[1.6103999999985064],"[""right_image""]",1,3,7,3,1,,,,,
,,,,,019046,001,2025-09-13_22h21.54.301,Simon,2024.2.4,Linux x86_64,163.9344262,,,,,,,,,,1,47.9337,48.4305,,,,,,,,,,,images/yellow_butterfly.png,images/white_butterfly.png,right_image, ,,,,,,47.0562,47.9337,[0.15610859728506787],[0.03469079939668175],[1],[0],[0],[0.8770999999977604],"[""right_image""]",2,0,8,2,1,,,,,
,,,,,019046,001,2025-09-13_22h21.54.301,Simon,2024.2.4,Linux x86_64,163.9344262,,,,,,,,,,1,49.1854,49.6854,,,,,,,,,,,images/white_butterfly.png,images/yellow_butterfly.png,right_image, ,,,,,,48.4319,49.1852,[0.15610859728506787],[0.03469079939668175],[1],[0],[0],[0.7523999999985094],"[""right_image""]",2,1,9,3,1,,,,,
,,,,,019046,001,2025-09-13_22h21.54.301,Simon,2024.2.4,Linux x86_64,163.9344262,,,,,,,,,,1,50.9945,51.4913,,,,,,,,,,,images/purple_butterfly.png,images/white_butterfly.png,left_image, ,,,,,,49.6861,50.9944,[-0.14027149321266968],[0.020361990950226245],[1],[0],[0],[1.3079000000022347],"[""left_image""]",2,2,10,0,1,,,,,
,,,,,019046,001,2025-09-13_22h21.54.301,Simon,2024.2.4,Linux x86_64,163.9344262,,,,,,,,,,1,52.5824,53.0791,,,,,,,,,,,images/white_butterfly.png,images/purple_butterfly.png,left_image, ,,,,,,51.4921,52.5823,[-0.1515837104072398],[0.021116138763197588],[1],[0],[0],[1.0893999999985127],"[""left_image""]",2,3,11,1,1,,,,,
,,,,,019046,001,2025-09-13_22h21.54.301,Simon,2024.2.4,Linux x86_64,163.9344262,,,,,,,,,,1,54.9583,55.4553,,,,,,,,,,,images/white_butterfly.png,images/yellow_butterfly.png,right_image, ,,,,,,53.0805,54.9581,[0.14102564102564102],[0.00980392156862745],[1],[0],[0],[1.8770000000000024],"[""right_image""]",3,0,12,3,1,,,,,
,,,,,019046,001,2025-09-13_22h21.54.301,Simon,2024.2.4,Linux x86_64,163.9344262,,,,,,,,,,1,57.1103,57.6065,,,,,,,,,,,images/yellow_butterfly.png,images/white_butterfly.png,right_image, ,,,,,,55.4565,57.1103,[0.15082956259426847],[0.013574660633484163],[1],[0],[0],[1.652799999997022],"[""right_image""]",3,1,13,2,1,,,,,
,,,,,019046,001,2025-09-13_22h21.54.301,Simon,2024.2.4,Linux x86_64,163.9344262,,,,,,,,,,1,59.249,59.7454,,,,,,,,,,,images/white_butterfly.png,images/purple_butterfly.png,left_image, ,,,,,,57.6074,59.2489,[-0.15233785822021115],[0.024132730015082957],[1],[0],[0],[1.6409000000022331],"[""left_image""]",3,2,14,1,1,,,,,
,,,,,019046,001,2025-09-13_22h21.54.301,Simon,2024.2.4,Linux x86_64,163.9344262,,,,,,,,,,1,60.4789,60.9761,,,,,,,,,,,images/purple_butterfly.png,images/white_butterfly.png,left_image, ,,,,,,59.7464,60.4788,[-0.15233785822021115],[0.024132730015082957],[1],[0],[0],[0.7318000000007459],"[""left_image""]",3,3,15,0,1,,,,,
,,,,,019046,001,2025-09-13_22h21.54.301,Simon,2024.2.4,Linux x86_64,163.9344262,,,,,,,,,,1,61.8126,62.3098,,,,,,,,,,,images/purple_butterfly.png,images/white_butterfly.png,left_image, ,,,,,,60.9768,61.8124,[-0.15233785822021115],[0.024132730015082957],[1],[0],[0],[0.8354000000022381],"[""left_image""]",4,0,16,0,1,,,,,
,,,,,019046,001,2025-09-13_22h21.54.301,Simon,2024.2.4,Linux x86_64,163.9344262,,,,,,,,,,1,63.8489,64.3461,,,,,,,,,,,images/white_butterfly.png,images/purple_butterfly.png,left_image, ,,,,,,62.3107,63.8489,[-0.1334841628959276],[0.03167420814479638],[1],[0],[0],[1.5373000000007409],"[""left_image""]",4,1,17,1,1,,,,,
,,,,,019046,001,2025-09-13_22h21.54.301,Simon,2024.2.4,Linux x86_64,163.9344262,,,,,,,,,,1,66.6299,67.127,,,,,,,,,,,images/yellow_butterfly.png,images/white_butterfly.png,right_image, ,,,,,,64.3471,66.6298,[0.16063348416289594],[0.032428355957767725],[1],[0],[0],[2.2821000000014777],"[""right_image""]",4,2,18,2,1,,,,,
,,,,,019046,001,2025-09-13_22h21.54.301,Simon,2024.2.4,Linux x86_64,163.9344262,,,,,,,,,,1,68.6424,69.1389,,,,,,,,,,,images/white_butterfly.png,images/yellow_butterfly.png,right_image, ,,,,,,67.1279,68.6423,[0.1493212669683258],[0.01809954751131222],[1],[0],[0],[1.5138999999985003],"[""right_image""]",4,3,19,3,1,,,,,
,,,,,019046,001,2025-09-13_22h21.54.301,Simon,2024.2.4,Linux x86_64,163.9344262,,,,,,,,,,,,,,,,,,,,,,,,,,,,,,,,,,,,,,,,,,,,,,69.1397,70.8737,1,[70.87319999999926],[70.87319999999926]
