﻿instructions.started,instructions.stopped,start_button.numClicks,start_button.timesOn,start_button.timesOff,participant,session,date,expName,psychopyVersion,OS,frameRate,practice_trial.started,practice_trial.stopped,mouse_2.x,mouse_2.y,mouse_2.leftButton,mouse_2.midButton,mouse_2.rightButton,mouse_2.time,mouse_2.clicked_name,correct,feedback.started,feedback.stopped,loop_until_correct.thisRepN,loop_until_correct.thisTrialN,loop_until_correct.thisN,loop_until_correct.thisIndex,loop_until_correct.ran,prac_trials.thisRepN,prac_trials.thisTrialN,prac_trials.thisN,prac_trials.thisIndex,prac_trials.ran,left_color,right_color,correct_response,top_txt,instructions_2.started,instructions_2.stopped,start_button_2.numClicks,start_button_2.timesOn,start_button_2.timesOff,trial.started,trial.stopped,mouse.x,mouse.y,mouse.leftButton,mouse.midButton,mouse.rightButton,mouse.time,mouse.clicked_name,trials.thisRepN,trials.thisTrialN,trials.thisN,trials.thisIndex,trials.ran,end.started,end.stopped,start_button_3.numClicks,start_button_3.timesOn,start_button_3.timesOff
0.001,24.97,1,[25.001],[25.001],020525,001,2025-04-03_14h09.40.753,Simon,2024.2.4,Linux x86_64,61.95786865,,,,,,,,,,,,,,,,,,,,,,,,,,,,,,,,,,,,,,,,,,,,,,,,,,
,,,,,020525,001,2025-04-03_14h09.40.753,Simon,2024.2.4,Linux x86_64,61.95786865,25.006,28.287,[-0.20095693779904306],[-0.01674641148325359],[1],[0],[0],[3.272000000000002],"[""left_image_2"",""left_image_2""]",1,28.289,28.791,0,0,0,0,1,,,,,,,,,,,,,,,,,,,,,,,,,,,,,,,,,
,,,,,020525,001,2025-04-03_14h09.40.753,Simon,2024.2.4,Linux x86_64,61.95786865,,,,,,,,,,,,,,,,,,0,0,0,0,1,images/purple_butterfly.png,images/white_butterfly.png,left_image_2,"In this example, select the LEFT butterfly.",,,,,,,,,,,,,,,,,,,,,,,,
,,,,,020525,001,2025-04-03_14h09.40.753,Simon,2024.2.4,Linux x86_64,61.95786865,28.799,30.707,[-0.18022328548644337],[-0.043859649122807015],[1],[0],[0],[1.9050000000000047],"[""left_image_2"",""left_image_2""]",1,30.708,31.207,0,0,0,0,1,,,,,,,,,,,,,,,,,,,,,,,,,,,,,,,,,
,,,,,020525,001,2025-04-03_14h09.40.753,Simon,2024.2.4,Linux x86_64,61.95786865,,,,,,,,,,,,,,,,,,0,1,1,1,1,images/white_butterfly.png,images/purple_butterfly.png,left_image_2,"In this example, select the LEFT butterfly.",,,,,,,,,,,,,,,,,,,,,,,,
,,,,,020525,001,2025-04-03_14h09.40.753,Simon,2024.2.4,Linux x86_64,61.95786865,31.212,32.189,[0.15151515151515152],[-0.029505582137161084],[1],[0],[0],[0.9740000000000038],"[""right_image_2"",""right_image_2""]",1,32.19,32.689,0,0,0,0,1,,,,,,,,,,,,,,,,,,,,,,,,,,,,,,,,,
,,,,,020525,001,2025-04-03_14h09.40.753,Simon,2024.2.4,Linux x86_64,61.95786865,,,,,,,,,,,,,,,,,,0,2,2,2,1,images/yellow_butterfly.png,images/white_butterfly.png,right_image_2,"In this example, select the RIGHT butterfly.",,,,,,,,,,,,,,,,,,,,,,,,
,,,,,020525,001,2025-04-03_14h09.40.753,Simon,2024.2.4,Linux x86_64,61.95786865,32.693,33.703,[0.19138755980861244],[-0.045454545454545456],[1],[0],[0],[1.0060000000000002],"[""right_image_2"",""right_image_2""]",1,33.704,34.206,0,0,0,0,1,,,,,,,,,,,,,,,,,,,,,,,,,,,,,,,,,
,,,,,020525,001,2025-04-03_14h09.40.753,Simon,2024.2.4,Linux x86_64,61.95786865,,,,,,,,,,,,,,,,,,0,3,3,3,1,images/white_butterfly.png,images/yellow_butterfly.png,right_image_2,"In this example, select the RIGHT butterfly.",,,,,,,,,,,,,,,,,,,,,,,,
,,,,,020525,001,2025-04-03_14h09.40.753,Simon,2024.2.4,Linux x86_64,61.95786865,,,,,,,,,,,,,,,,,,,,,,,,,,,34.207,36.724,1,[36.730000000000004],[36.731],,,,,,,,,,,,,,,,,,,
,,,,,020525,001,2025-04-03_14h09.40.753,Simon,2024.2.4,Linux x86_64,61.95786865,,,,,,,,,,1,38.02,38.519,,,,,,,,,,,images/yellow_butterfly.png,images/white_butterfly.png,right_image, ,,,,,,36.754,38.02,[0.20733652312599682],[-0.07097288676236045],[1],[0],[0],[1.2630000000000052],"[""right_image""]",0,0,0,2,1,,,,,
,,,,,020525,001,2025-04-03_14h09.40.753,Simon,2024.2.4,Linux x86_64,61.95786865,,,,,,,,,,1,39.303,39.803,,,,,,,,,,,images/white_butterfly.png,images/purple_butterfly.png,left_image, ,,,,,,38.522,39.303,[-0.14035087719298245],[-0.0342902711323764],[1],[0],[0],[0.7789999999999964],"[""left_image""]",0,1,1,1,1,,,,,
,,,,,020525,001,2025-04-03_14h09.40.753,Simon,2024.2.4,Linux x86_64,61.95786865,,,,,,,,,,1,40.572,41.038,,,,,,,,,,,images/white_butterfly.png,images/yellow_butterfly.png,right_image, ,,,,,,39.804,40.571,[0.16267942583732056],[-0.027910685805422646],[1],[0],[0],[0.7650000000000006],"[""right_image""]",0,2,2,3,1,,,,,
,,,,,020525,001,2025-04-03_14h09.40.753,Simon,2024.2.4,Linux x86_64,61.95786865,,,,,,,,,,1,41.956,42.453,,,,,,,,,,,images/purple_butterfly.png,images/white_butterfly.png,left_image, ,,,,,,41.04,41.956,[-0.22169059011164274],[-0.0007974481658692185],[1],[0],[0],[0.9129999999999967],"[""left_image""]",0,3,3,0,1,,,,,
,,,,,020525,001,2025-04-03_14h09.40.753,Simon,2024.2.4,Linux x86_64,61.95786865,,,,,,,,,,1,42.906,43.402,,,,,,,,,,,images/purple_butterfly.png,images/white_butterfly.png,left_image, ,,,,,,42.455,42.906,[-0.22169059011164274],[-0.0007974481658692185],[1],[0],[0],[0.4510000000000005],"[""left_image""]",1,0,4,0,1,,,,,
,,,,,020525,001,2025-04-03_14h09.40.753,Simon,2024.2.4,Linux x86_64,61.95786865,,,,,,,,,,1,44.403,44.906,,,,,,,,,,,images/white_butterfly.png,images/yellow_butterfly.png,right_image, ,,,,,,43.404,44.403,[0.33811802232854865],[-0.024720893141945772],[1],[0],[0],[0.9969999999999999],"[""right_image""]",1,1,5,3,1,,,,,
,,,,,020525,001,2025-04-03_14h09.40.753,Simon,2024.2.4,Linux x86_64,61.95786865,,,,,,,,,,1,45.873,46.373,,,,,,,,,,,images/white_butterfly.png,images/purple_butterfly.png,left_image, ,,,,,,44.907,45.873,[-0.215311004784689],[0.018341307814992026],[1],[0],[0],[0.9639999999999986],"[""left_image""]",1,2,6,1,1,,,,,
,,,,,020525,001,2025-04-03_14h09.40.753,Simon,2024.2.4,Linux x86_64,61.95786865,,,,,,,,,,1,47.191,47.688,,,,,,,,,,,images/yellow_butterfly.png,images/white_butterfly.png,right_image, ,,,,,,46.377,47.191,[0.266347687400319],[-0.003987240829346092],[1],[0],[0],[0.8130000000000024],"[""right_image""]",1,3,7,2,1,,,,,
,,,,,020525,001,2025-04-03_14h09.40.753,Simon,2024.2.4,Linux x86_64,61.95786865,,,,,,,,,,1,48.669,49.169,,,,,,,,,,,images/white_butterfly.png,images/purple_butterfly.png,left_image, ,,,,,,47.69,48.669,[-0.22488038277511962],[-0.0023923444976076554],[1],[0],[0],[0.9789999999999992],"[""left_image""]",2,0,8,1,1,,,,,
,,,,,020525,001,2025-04-03_14h09.40.753,Simon,2024.2.4,Linux x86_64,61.95786865,,,,,,,,,,1,50.273,50.772,,,,,,,,,,,images/purple_butterfly.png,images/white_butterfly.png,left_image, ,,,,,,49.17,50.272,[-0.19936204146730463],[0.023125996810207338],[1],[0],[0],[1.1019999999999968],"[""left_image""]",2,1,9,0,1,,,,,
,,,,,020525,001,2025-04-03_14h09.40.753,Simon,2024.2.4,Linux x86_64,61.95786865,,,,,,,,,,1,51.571,52.069,,,,,,,,,,,images/yellow_butterfly.png,images/white_butterfly.png,right_image, ,,,,,,50.776,51.57,[0.17065390749601275],[0.003987240829346092],[1],[0],[0],[0.794000000000004],"[""right_image""]",2,2,10,2,1,,,,,
,,,,,020525,001,2025-04-03_14h09.40.753,Simon,2024.2.4,Linux x86_64,61.95786865,,,,,,,,,,1,53.056,53.553,,,,,,,,,,,images/white_butterfly.png,images/yellow_butterfly.png,right_image, ,,,,,,52.07,53.056,[0.21052631578947367],[-0.0215311004784689],[1],[0],[0],[0.9849999999999994],"[""right_image""]",2,3,11,3,1,,,,,
,,,,,020525,001,2025-04-03_14h09.40.753,Simon,2024.2.4,Linux x86_64,61.95786865,,,,,,,,,,1,54.269,54.772,,,,,,,,,,,images/purple_butterfly.png,images/white_butterfly.png,left_image, ,,,,,,53.554,54.269,[-0.16905901116427433],[-0.0007974481658692185],[1],[0],[0],[0.7139999999999986],"[""left_image""]",3,0,12,0,1,,,,,
,,,,,020525,001,2025-04-03_14h09.40.753,Simon,2024.2.4,Linux x86_64,61.95786865,,,,,,,,,,1,55.636,56.135,,,,,,,,,,,images/white_butterfly.png,images/yellow_butterfly.png,right_image, ,,,,,,54.774,55.636,[0.24561403508771928],[-0.0215311004784689],[1],[0],[0],[0.8610000000000042],"[""right_image""]",3,1,13,3,1,,,,,
,,,,,020525,001,2025-04-03_14h09.40.753,Simon,2024.2.4,Linux x86_64,61.95786865,,,,,,,,,,1,57.086,57.585,,,,,,,,,,,images/yellow_butterfly.png,images/white_butterfly.png,right_image, ,,,,,,56.136,57.086,[0.2503987240829346],[-0.007177033492822967],[1],[0],[0],[0.9470000000000027],"[""right_image""]",3,2,14,2,1,,,,,
,,,,,020525,001,2025-04-03_14h09.40.753,Simon,2024.2.4,Linux x86_64,61.95786865,,,,,,,,,,1,58.42,58.919,,,,,,,,,,,images/white_butterfly.png,images/purple_butterfly.png,left_image, ,,,,,,57.587,58.42,[-0.1850079744816587],[0.0215311004784689],[1],[0],[0],[0.830999999999996],"[""left_image""]",3,3,15,1,1,,,,,
,,,,,020525,001,2025-04-03_14h09.40.753,Simon,2024.2.4,Linux x86_64,61.95786865,,,,,,,,,,1,59.622,60.123,,,,,,,,,,,images/white_butterfly.png,images/purple_butterfly.png,left_image, ,,,,,,58.921,59.622,[-0.1722488038277512],[0.029505582137161084],[1],[0],[0],[0.7010000000000005],"[""left_image""]",4,0,16,1,1,,,,,
,,,,,020525,001,2025-04-03_14h09.40.753,Simon,2024.2.4,Linux x86_64,61.95786865,,,,,,,,,,1,60.939,61.435,,,,,,,,,,,images/white_butterfly.png,images/yellow_butterfly.png,right_image, ,,,,,,60.124,60.939,[0.20095693779904306],[-0.013556618819776715],[1],[0],[0],[0.8149999999999977],"[""right_image""]",4,1,17,3,1,,,,,
,,,,,020525,001,2025-04-03_14h09.40.753,Simon,2024.2.4,Linux x86_64,61.95786865,,,,,,,,,,1,62.218,62.719,,,,,,,,,,,images/purple_butterfly.png,images/white_butterfly.png,left_image, ,,,,,,61.437,62.218,[-0.1291866028708134],[-0.0007974481658692185],[1],[0],[0],[0.7809999999999917],"[""left_image""]",4,2,18,0,1,,,,,
,,,,,020525,001,2025-04-03_14h09.40.753,Simon,2024.2.4,Linux x86_64,61.95786865,,,,,,,,,,1,63.623,64.123,,,,,,,,,,,images/yellow_butterfly.png,images/white_butterfly.png,right_image, ,,,,,,62.72,63.622,[0.15151515151515152],[0.018341307814992026],[1],[0],[0],[0.9009999999999962],"[""right_image""]",4,3,19,2,1,,,,,
,,,,,020525,001,2025-04-03_14h09.40.753,Simon,2024.2.4,Linux x86_64,61.95786865,,,,,,,,,,,,,,,,,,,,,,,,,,,,,,,,,,,,,,,,,,,,,,64.123,67.34,1,[67.339],[67.339]
