﻿instructions.started,instructions.stopped,start_button.numClicks,start_button.timesOn,start_button.timesOff,participant,session,date,expName,psychopyVersion,OS,frameRate,practice_trial.started,practice_trial.stopped,mouse_2.x,mouse_2.y,mouse_2.leftButton,mouse_2.midButton,mouse_2.rightButton,mouse_2.time,mouse_2.clicked_name,correct,feedback.started,feedback.stopped,loop_until_correct.thisRepN,loop_until_correct.thisTrialN,loop_until_correct.thisN,loop_until_correct.thisIndex,loop_until_correct.ran,prac_trials.thisRepN,prac_trials.thisTrialN,prac_trials.thisN,prac_trials.thisIndex,prac_trials.ran,left_color,right_color,correct_response,top_txt,instructions_2.started,instructions_2.stopped,start_button_2.numClicks,start_button_2.timesOn,start_button_2.timesOff,trial.started,trial.stopped,mouse.x,mouse.y,mouse.leftButton,mouse.midButton,mouse.rightButton,mouse.time,mouse.clicked_name,trials.thisRepN,trials.thisTrialN,trials.thisN,trials.thisIndex,trials.ran,end.started,end.stopped,start_button_3.numClicks,start_button_3.timesOn,start_button_3.timesOff
0.001,7.9744,1,[8.005],[8.005],020768,001,2026-01-28_10h25.51.307,Simon,2024.2.4,Win32,60.24096386,,,,,,,,,,,,,,,,,,,,,,,,,,,,,,,,,,,,,,,,,,,,,,,,,,
,,,,,020768,001,2026-01-28_10h25.51.307,Simon,2024.2.4,Win32,60.24096386,8.0116,14.0532,[-0.17687074829931973],[-0.06349208079227785],[1],[0],[0],[6.037200000286102],"[""left_image_2"",""left_image_2""]",1,14.0543,14.5503,0,0,0,0,1,,,,,,,,,,,,,,,,,,,,,,,,,,,,,,,,,
,,,,,020768,001,2026-01-28_10h25.51.307,Simon,2024.2.4,Win32,60.24096386,,,,,,,,,,,,,,,,,,0,0,0,0,1,images/purple_butterfly.png,images/white_butterfly.png,left_image_2,"In this example, select the LEFT butterfly.",,,,,,,,,,,,,,,,,,,,,,,,
,,,,,020768,001,2026-01-28_10h25.51.307,Simon,2024.2.4,Win32,60.24096386,14.5531,17.8446,[-0.12244897959183673],[-0.036281196438536355],[1],[0],[0],[3.288900000095367],"[""left_image_2"",""left_image_2""]",1,17.8448,18.3203,0,0,0,0,1,,,,,,,,,,,,,,,,,,,,,,,,,,,,,,,,,
,,,,,020768,001,2026-01-28_10h25.51.307,Simon,2024.2.4,Win32,60.24096386,,,,,,,,,,,,,,,,,,0,1,1,1,1,images/white_butterfly.png,images/purple_butterfly.png,left_image_2,"In this example, select the LEFT butterfly.",,,,,,,,,,,,,,,,,,,,,,,,
,,,,,020768,001,2026-01-28_10h25.51.307,Simon,2024.2.4,Win32,60.24096386,18.3222,21.418,[-0.16439902376966412],[-0.035147426890678145],[1],[0],[0],[3.0939000000953705],"[""left_image_2"",""left_image_2""]",0,21.4212,21.9178,0,0,0,0,1,,,,,,,,,,,,,,,,,,,,,,,,,,,,,,,,,
,,,,,020768,001,2026-01-28_10h25.51.307,Simon,2024.2.4,Win32,60.24096386,21.9188,23.1808,[0.19614519391741073],[-0.034013605442176874],[1],[0],[0],[1.260399999618528],"[""right_image_2"",""right_image_2""]",1,23.1816,23.6871,1,0,1,0,1,,,,,,,,,,,,,,,,,,,,,,,,,,,,,,,,,
,,,,,020768,001,2026-01-28_10h25.51.307,Simon,2024.2.4,Win32,60.24096386,,,,,,,,,,,,,,,,,,0,2,2,2,1,images/yellow_butterfly.png,images/white_butterfly.png,right_image_2,"In this example, select the RIGHT butterfly.",,,,,,,,,,,,,,,,,,,,,,,,
,,,,,020768,001,2026-01-28_10h25.51.307,Simon,2024.2.4,Win32,60.24096386,23.6899,27.0408,[-0.17913828739503615],[-0.02607711480588329],[1],[0],[0],[3.3497000002860986],"[""left_image_2"",""left_image_2""]",0,27.0417,27.5224,0,0,0,0,1,,,,,,,,,,,,,,,,,,,,,,,,,,,,,,,,,
,,,,,020768,001,2026-01-28_10h25.51.307,Simon,2024.2.4,Win32,60.24096386,27.5235,31.8748,[0.22222225682265093],[0.0011337695478582058],[1],[0],[0],[4.350099999904636],"[""right_image_2"",""right_image_2""]",1,31.8758,32.3655,1,0,1,0,1,,,,,,,,,,,,,,,,,,,,,,,,,,,,,,,,,
,,,,,020768,001,2026-01-28_10h25.51.307,Simon,2024.2.4,Win32,60.24096386,,,,,,,,,,,,,,,,,,0,3,3,3,1,images/white_butterfly.png,images/yellow_butterfly.png,right_image_2,"In this example, select the RIGHT butterfly.",,,,,,,,,,,,,,,,,,,,,,,,
,,,,,020768,001,2026-01-28_10h25.51.307,Simon,2024.2.4,Win32,60.24096386,,,,,,,,,,,,,,,,,,,,,,,,,,,32.3661,33.8227,1,[33.8285],[33.8285],,,,,,,,,,,,,,,,,,,
,,,,,020768,001,2026-01-28_10h25.51.307,Simon,2024.2.4,Win32,60.24096386,,,,,,,,,,0,36.3212,36.8149,,,,,,,,,,,images/yellow_butterfly.png,images/white_butterfly.png,right_image, ,,,,,,33.84,36.3204,"[-0.19614509011612458,-0.143990860504358]","[-0.1587301760303731,0.005668899639934099]","[1,1]","[0,0]","[0,0]","[1.88459999990463,2.4790999999046335]","[null,""left_image""]",0,0,0,2,1,,,,,
,,,,,020768,001,2026-01-28_10h25.51.307,Simon,2024.2.4,Win32,60.24096386,,,,,,,,,,0,39.0511,39.543,,,,,,,,,,,images/white_butterfly.png,images/purple_butterfly.png,left_image, ,,,,,,36.8159,39.051,[0.10997735886346727],[-0.005668951540577168],[1],[0],[0],[2.234500000000004],"[""right_image""]",0,1,1,1,1,,,,,
,,,,,020768,001,2026-01-28_10h25.51.307,Simon,2024.2.4,Win32,60.24096386,,,,,,,,,,1,42.9227,43.4147,,,,,,,,,,,images/white_butterfly.png,images/yellow_butterfly.png,right_image, ,,,,,,39.5438,42.9215,[0.12358280104033802],[-0.036281196438536355],[1],[0],[0],[3.377199999809264],"[""right_image""]",0,2,2,3,1,,,,,
,,,,,020768,001,2026-01-28_10h25.51.307,Simon,2024.2.4,Win32,60.24096386,,,,,,,,,,1,44.5855,45.0686,,,,,,,,,,,images/purple_butterfly.png,images/white_butterfly.png,left_image, ,,,,,,43.4156,44.5855,[-0.17687074829931973],[-0.07029480188071323],[1],[0],[0],[1.169400000095365],"[""left_image""]",0,3,3,0,1,,,,,
,,,,,020768,001,2026-01-28_10h25.51.307,Simon,2024.2.4,Win32,60.24096386,,,,,,,,,,1,46.3558,46.8626,,,,,,,,,,,images/yellow_butterfly.png,images/white_butterfly.png,right_image, ,,,,,,45.0695,46.3557,[0.18594111228475765],[-0.01587303317323023],[1],[0],[0],[1.2855999999046333],"[""right_image""]",1,0,4,2,1,,,,,
,,,,,020768,001,2026-01-28_10h25.51.307,Simon,2024.2.4,Win32,60.24096386,,,,,,,,,,1,47.5687,48.0641,,,,,,,,,,,images/purple_butterfly.png,images/white_butterfly.png,left_image, ,,,,,,46.8635,47.5686,[-0.09297045234109269],[-0.03968255698275404],[1],[0],[0],[0.7046999998092645],"[""left_image""]",1,1,5,0,1,,,,,
,,,,,020768,001,2026-01-28_10h25.51.307,Simon,2024.2.4,Win32,60.24096386,,,,,,,,,,1,48.8385,49.344,,,,,,,,,,,images/white_butterfly.png,images/yellow_butterfly.png,right_image, ,,,,,,48.065,48.8384,[0.19047619047619047],[-0.02040816326530612],[1],[0],[0],[0.7726999998092623],"[""right_image""]",1,2,6,3,1,,,,,
,,,,,020768,001,2026-01-28_10h25.51.307,Simon,2024.2.4,Win32,60.24096386,,,,,,,,,,1,50.5586,51.0609,,,,,,,,,,,images/white_butterfly.png,images/purple_butterfly.png,left_image, ,,,,,,49.3452,50.5586,[-0.10997725506218112],[-0.036281196438536355],[1],[0],[0],[1.2126999998092671],"[""left_image""]",1,3,7,1,1,,,,,
,,,,,020768,001,2026-01-28_10h25.51.307,Simon,2024.2.4,Win32,60.24096386,,,,,,,,,,0,52.261,52.7608,,,,,,,,,,,images/purple_butterfly.png,images/white_butterfly.png,left_image, ,,,,,,51.0618,52.2602,[0.12358280104033802],[-0.02040816326530612],[1],[0],[0],[1.1977999997138937],"[""right_image""]",2,0,8,0,1,,,,,
,,,,,020768,001,2026-01-28_10h25.51.307,Simon,2024.2.4,Win32,60.24096386,,,,,,,,,,0,53.6481,54.1513,,,,,,,,,,,images/white_butterfly.png,images/purple_butterfly.png,left_image, ,,,,,,52.7617,53.6481,[0.08956919559816114],[-0.036281196438536355],[1],[0],[0],[0.8854999999999933],"[""right_image""]",2,1,9,1,1,,,,,
,,,,,020768,001,2026-01-28_10h25.51.307,Simon,2024.2.4,Win32,60.24096386,,,,,,,,,,1,55.9217,56.4153,,,,,,,,,,,images/yellow_butterfly.png,images/white_butterfly.png,right_image, ,,,,,,54.1521,55.921,[0.12244897959183673],[-0.005668951540577168],[1],[0],[0],[1.7684000000953688],"[""right_image""]",2,2,10,2,1,,,,,
,,,,,020768,001,2026-01-28_10h25.51.307,Simon,2024.2.4,Win32,60.24096386,,,,,,,,,,0,58.3194,58.8143,,,,,,,,,,,images/white_butterfly.png,images/yellow_butterfly.png,right_image, ,,,,,,56.416,58.3187,[-0.1054421768707483],[-0.03174606634646046],[1],[0],[0],[1.9021000003814734],"[""left_image""]",2,3,11,3,1,,,,,
,,,,,020768,001,2026-01-28_10h25.51.307,Simon,2024.2.4,Win32,60.24096386,,,,,,,,,,1,60.9283,61.4341,,,,,,,,,,,images/white_butterfly.png,images/purple_butterfly.png,left_image, ,,,,,,58.8152,60.9276,[-0.19160990812340561],[-0.06575967178863733],[1],[0],[0],[2.1117999997139023],"[""left_image""]",3,0,12,1,1,,,,,
,,,,,020768,001,2026-01-28_10h25.51.307,Simon,2024.2.4,Win32,60.24096386,,,,,,,,,,1,63.1264,63.6193,,,,,,,,,,,images/white_butterfly.png,images/yellow_butterfly.png,right_image, ,,,,,,61.435,63.1263,[0.14625850340136054],[-0.062358311244419644],[1],[0],[0],[1.6907000002860997],"[""right_image""]",3,1,13,3,1,,,,,
,,,,,020768,001,2026-01-28_10h25.51.307,Simon,2024.2.4,Win32,60.24096386,,,,,,,,,,1,64.9239,65.4134,,,,,,,,,,,images/yellow_butterfly.png,images/white_butterfly.png,right_image, ,,,,,,63.6202,64.9238,[0.1179139014004039],[-0.038548787434895836],[1],[0],[0],[1.3029999999999973],"[""right_image""]",3,2,14,2,1,,,,,
,,,,,020768,001,2026-01-28_10h25.51.307,Simon,2024.2.4,Win32,60.24096386,,,,,,,,,,1,66.0994,66.5876,,,,,,,,,,,images/purple_butterfly.png,images/white_butterfly.png,left_image, ,,,,,,65.4144,66.0994,[-0.14512468195285927],[-0.03741496598639456],[1],[0],[0],[0.6844999999999999],"[""left_image""]",3,3,15,0,1,,,,,
,,,,,020768,001,2026-01-28_10h25.51.307,Simon,2024.2.4,Win32,60.24096386,,,,,,,,,,0,67.2261,67.7316,,,,,,,,,,,images/purple_butterfly.png,images/white_butterfly.png,left_image, ,,,,,,66.5883,67.2252,[0.13832206466571004],[-0.048752869067548894],[1],[0],[0],[0.6367000002861118],"[""right_image""]",4,0,16,0,1,,,,,
,,,,,020768,001,2026-01-28_10h25.51.307,Simon,2024.2.4,Win32,60.24096386,,,,,,,,,,1,70.4524,70.9583,,,,,,,,,,,images/white_butterfly.png,images/yellow_butterfly.png,right_image, ,,,,,,67.7326,70.4516,[0.1836734693877551],[0.058956898799558885],[1],[0],[0],[2.7183999996185264],"[""right_image""]",4,1,17,3,1,,,,,
,,,,,020768,001,2026-01-28_10h25.51.307,Simon,2024.2.4,Win32,60.24096386,,,,,,,,,,1,72.0346,72.5279,,,,,,,,,,,images/white_butterfly.png,images/purple_butterfly.png,left_image, ,,,,,,70.9592,72.0346,[-0.12131515814333546],[0.0022675390957164116],[1],[0],[0],[1.074699999809269],"[""left_image""]",4,2,18,1,1,,,,,
,,,,,020768,001,2026-01-28_10h25.51.307,Simon,2024.2.4,Win32,60.24096386,,,,,,,,,,1,74.6173,75.1038,,,,,,,,,,,images/yellow_butterfly.png,images/white_butterfly.png,right_image, ,,,,,,72.5288,74.6173,[0.14285714285714285],[-0.005668951540577168],[1],[0],[0],[2.0878000001907395],"[""right_image""]",4,3,19,2,1,,,,,
,,,,,020768,001,2026-01-28_10h25.51.307,Simon,2024.2.4,Win32,60.24096386,,,,,,,,,,,,,,,,,,,,,,,,,,,,,,,,,,,,,,,,,,,,,,75.1041,76.4142,1,[76.4137000002861],[76.4137000002861]
