﻿instructions.started,instructions.stopped,start_button.numClicks,start_button.timesOn,start_button.timesOff,participant,session,date,expName,psychopyVersion,OS,frameRate,practice_trial.started,practice_trial.stopped,mouse_2.x,mouse_2.y,mouse_2.leftButton,mouse_2.midButton,mouse_2.rightButton,mouse_2.time,mouse_2.clicked_name,correct,feedback.started,feedback.stopped,loop_until_correct.thisRepN,loop_until_correct.thisTrialN,loop_until_correct.thisN,loop_until_correct.thisIndex,loop_until_correct.ran,prac_trials.thisRepN,prac_trials.thisTrialN,prac_trials.thisN,prac_trials.thisIndex,prac_trials.ran,left_color,right_color,correct_response,top_txt,instructions_2.started,instructions_2.stopped,start_button_2.numClicks,start_button_2.timesOn,start_button_2.timesOff,trial.started,trial.stopped,mouse.x,mouse.y,mouse.leftButton,mouse.midButton,mouse.rightButton,mouse.time,mouse.clicked_name,trials.thisRepN,trials.thisTrialN,trials.thisN,trials.thisIndex,trials.ran,end.started,end.stopped,start_button_3.numClicks,start_button_3.timesOn,start_button_3.timesOff
0.0007,28.721,1,[28.75310000000149],[28.75310000000149],022996,001,2025-01-22_11h21.56.212,Simon,2024.2.4,Linux x86_64,59.88023952,,,,,,,,,,,,,,,,,,,,,,,,,,,,,,,,,,,,,,,,,,,,,,,,,,
,,,,,022996,001,2025-01-22_11h21.56.212,Simon,2024.2.4,Linux x86_64,59.88023952,28.7662,33.8858,[0.17811112363114318],[-0.03653256669003739],[1],[0],[0],[5.113299999997022],"[""right_image_2"",""right_image_2""]",0,33.8868,34.3849,0,0,0,0,1,,,,,,,,,,,,,,,,,,,,,,,,,,,,,,,,,
,,,,,022996,001,2025-01-22_11h21.56.212,Simon,2024.2.4,Linux x86_64,59.88023952,34.3865,37.6012,[-0.28141302125066775],[-0.04344612838875534],[1],[0],[0],[3.213200000002985],"[""left_image_2"",""left_image_2""]",1,37.603,38.1004,1,0,1,0,1,,,,,,,,,,,,,,,,,,,,,,,,,,,,,,,,,
,,,,,022996,001,2025-01-22_11h21.56.212,Simon,2024.2.4,Linux x86_64,59.88023952,,,,,,,,,,,,,,,,,,0,0,0,0,1,images/purple_butterfly.png,images/white_butterfly.png,left_image_2,"In this example, select the LEFT butterfly.",,,,,,,,,,,,,,,,,,,,,,,,
,,,,,022996,001,2025-01-22_11h21.56.212,Simon,2024.2.4,Linux x86_64,59.88023952,38.1037,40.3674,[-0.2494289300380609],[-0.03135615943843483],[1],[0],[0],[2.261500000000005],"[""left_image_2"",""left_image_2""]",1,40.3677,40.867,0,0,0,0,1,,,,,,,,,,,,,,,,,,,,,,,,,,,,,,,,,
,,,,,022996,001,2025-01-22_11h21.56.212,Simon,2024.2.4,Linux x86_64,59.88023952,,,,,,,,,,,,,,,,,,0,1,1,1,1,images/white_butterfly.png,images/purple_butterfly.png,left_image_2,"In this example, select the LEFT butterfly.",,,,,,,,,,,,,,,,,,,,,,,,
,,,,,022996,001,2025-01-22_11h21.56.212,Simon,2024.2.4,Linux x86_64,59.88023952,40.8699,42.5507,[0.22782618856837608],[0.020552571614583334],[1],[0],[0],[1.678600000001488],"[""right_image_2"",""right_image_2""]",1,42.551,43.0507,0,0,0,0,1,,,,,,,,,,,,,,,,,,,,,,,,,,,,,,,,,
,,,,,022996,001,2025-01-22_11h21.56.212,Simon,2024.2.4,Linux x86_64,59.88023952,,,,,,,,,,,,,,,,,,0,2,2,2,1,images/yellow_butterfly.png,images/white_butterfly.png,right_image_2,"In this example, select the RIGHT butterfly.",,,,,,,,,,,,,,,,,,,,,,,,
,,,,,022996,001,2025-01-22_11h21.56.212,Simon,2024.2.4,Linux x86_64,59.88023952,43.053,43.6503,[0.22782618856837608],[0.020552571614583334],[1],[0],[0],[0.5946999999955267],"[""right_image_2"",""right_image_2""]",1,43.6506,44.1504,0,0,0,0,1,,,,,,,,,,,,,,,,,,,,,,,,,,,,,,,,,
,,,,,022996,001,2025-01-22_11h21.56.212,Simon,2024.2.4,Linux x86_64,59.88023952,,,,,,,,,,,,,,,,,,0,3,3,3,1,images/white_butterfly.png,images/yellow_butterfly.png,right_image_2,"In this example, select the RIGHT butterfly.",,,,,,,,,,,,,,,,,,,,,,,,
,,,,,022996,001,2025-01-22_11h21.56.212,Simon,2024.2.4,Linux x86_64,59.88023952,,,,,,,,,,,,,,,,,,,,,,,,,,,44.1509,48.0514,1,[48.05910000000149],[48.05920000000298],,,,,,,,,,,,,,,,,,,
,,,,,022996,001,2025-01-22_11h21.56.212,Simon,2024.2.4,Linux x86_64,59.88023952,,,,,,,,,,1,49.6343,50.1344,,,,,,,,,,,images/purple_butterfly.png,images/white_butterfly.png,left_image, ,,,,,,48.065,49.6342,[-0.14621143830128205],[-0.1011238293770032],[1],[0],[0],[1.567900000005956],"[""left_image""]",0,0,0,0,1,,,,,
,,,,,022996,001,2025-01-22_11h21.56.212,Simon,2024.2.4,Linux x86_64,59.88023952,,,,,,,,,,1,51.0343,51.5336,,,,,,,,,,,images/white_butterfly.png,images/purple_butterfly.png,left_image, ,,,,,,50.1357,51.0342,[-0.14621143830128205],[-0.1011238293770032],[1],[0],[0],[0.8974999999999937],"[""left_image""]",0,1,1,1,1,,,,,
,,,,,022996,001,2025-01-22_11h21.56.212,Simon,2024.2.4,Linux x86_64,59.88023952,,,,,,,,,,1,52.6347,53.1336,,,,,,,,,,,images/yellow_butterfly.png,images/white_butterfly.png,right_image, ,,,,,,51.5347,52.6345,[0.1838035648704594],[-0.03786057692307692],[1],[0],[0],[1.0985000000000014],"[""right_image""]",0,2,2,2,1,,,,,
,,,,,022996,001,2025-01-22_11h21.56.212,Simon,2024.2.4,Linux x86_64,59.88023952,,,,,,,,,,1,53.6504,54.1502,,,,,,,,,,,images/white_butterfly.png,images/yellow_butterfly.png,right_image, ,,,,,,53.135,53.6503,[0.1838035648704594],[-0.03786057692307692],[1],[0],[0],[0.5145000000000053],"[""right_image""]",0,3,3,3,1,,,,,
,,,,,022996,001,2025-01-22_11h21.56.212,Simon,2024.2.4,Linux x86_64,59.88023952,,,,,,,,,,1,54.9344,55.4338,,,,,,,,,,,images/yellow_butterfly.png,images/white_butterfly.png,right_image, ,,,,,,54.1513,54.9343,[0.1838035648704594],[-0.03786057692307692],[1],[0],[0],[0.7820999999940383],"[""right_image""]",1,0,4,2,1,,,,,
,,,,,022996,001,2025-01-22_11h21.56.212,Simon,2024.2.4,Linux x86_64,59.88023952,,,,,,,,,,1,58.0837,58.5835,,,,,,,,,,,images/white_butterfly.png,images/purple_butterfly.png,left_image, ,,,,,,55.4349,58.0836,[-0.24525094317574786],[-0.05317414112580128],[1],[0],[0],[2.6477999999970194],"[""left_image""]",1,1,5,1,1,,,,,
,,,,,022996,001,2025-01-22_11h21.56.212,Simon,2024.2.4,Linux x86_64,59.88023952,,,,,,,,,,1,59.3347,59.8335,,,,,,,,,,,images/purple_butterfly.png,images/white_butterfly.png,left_image, ,,,,,,58.5847,59.3345,[-0.24525094317574786],[-0.05317414112580128],[1],[0],[0],[0.7485999999940418],"[""left_image""]",1,2,6,0,1,,,,,
,,,,,022996,001,2025-01-22_11h21.56.212,Simon,2024.2.4,Linux x86_64,59.88023952,,,,,,,,,,1,61.0002,61.5,,,,,,,,,,,images/white_butterfly.png,images/yellow_butterfly.png,right_image, ,,,,,,59.8346,61.0002,[0.1462047609508547],[-0.027104200053418803],[1],[0],[0],[1.164899999998518],"[""right_image""]",1,3,7,3,1,,,,,
,,,,,022996,001,2025-01-22_11h21.56.212,Simon,2024.2.4,Linux x86_64,59.88023952,,,,,,,,,,0,62.5849,63.0838,,,,,,,,,,,images/purple_butterfly.png,images/white_butterfly.png,left_image, ,,,,,,61.5013,62.5837,[0.1462047609508547],[-0.027104200053418803],[1],[0],[0],[1.0816999999955357],"[""right_image""]",2,0,8,0,1,,,,,
,,,,,022996,001,2025-01-22_11h21.56.212,Simon,2024.2.4,Linux x86_64,59.88023952,,,,,,,,,,1,64.1685,64.667,,,,,,,,,,,images/yellow_butterfly.png,images/white_butterfly.png,right_image, ,,,,,,63.0849,64.1673,[0.1462047609508547],[-0.027104200053418803],[1],[0],[0],[1.0818999999985124],"[""right_image""]",2,1,9,2,1,,,,,
,,,,,022996,001,2025-01-22_11h21.56.212,Simon,2024.2.4,Linux x86_64,59.88023952,,,,,,,,,,1,66.5348,67.0344,,,,,,,,,,,images/white_butterfly.png,images/purple_butterfly.png,left_image, ,,,,,,64.6682,66.5346,[-0.11292338575053419],[-0.02996956588875534],[1],[0],[0],[1.8654999999999973],"[""left_image""]",2,2,10,1,1,,,,,
,,,,,022996,001,2025-01-22_11h21.56.212,Simon,2024.2.4,Linux x86_64,59.88023952,,,,,,,,,,1,68.3009,68.8013,,,,,,,,,,,images/white_butterfly.png,images/yellow_butterfly.png,right_image, ,,,,,,67.0358,68.3008,[0.15691585703792735],[-0.033126857138087606],[1],[0],[0],[1.264399999998517],"[""right_image""]",2,3,11,3,1,,,,,
,,,,,022996,001,2025-01-22_11h21.56.212,Simon,2024.2.4,Linux x86_64,59.88023952,,,,,,,,,,1,69.5839,70.0834,,,,,,,,,,,images/white_butterfly.png,images/yellow_butterfly.png,right_image, ,,,,,,68.8024,69.5839,[0.15691585703792735],[-0.033126857138087606],[1],[0],[0],[0.7812000000029826],"[""right_image""]",3,0,12,3,1,,,,,
,,,,,022996,001,2025-01-22_11h21.56.212,Simon,2024.2.4,Linux x86_64,59.88023952,,,,,,,,,,1,72.1173,72.6174,,,,,,,,,,,images/purple_butterfly.png,images/white_butterfly.png,left_image, ,,,,,,70.0845,72.1172,[-0.1587310530181624],[-0.033126857138087606],[1],[0],[0],[2.031899999998501],"[""left_image""]",3,1,13,0,1,,,,,
,,,,,022996,001,2025-01-22_11h21.56.212,Simon,2024.2.4,Linux x86_64,59.88023952,,,,,,,,,,1,74.1845,74.6843,,,,,,,,,,,images/yellow_butterfly.png,images/white_butterfly.png,right_image, ,,,,,,72.6187,74.1844,[0.2761905507144765],[0.0209716796875],[1],[0],[0],[1.5652000000029744],"[""right_image""]",3,2,14,2,1,,,,,
,,,,,022996,001,2025-01-22_11h21.56.212,Simon,2024.2.4,Linux x86_64,59.88023952,,,,,,,,,,1,76.1841,76.6837,,,,,,,,,,,images/white_butterfly.png,images/purple_butterfly.png,left_image, ,,,,,,74.6855,76.184,[-0.1326779096554487],[0.005634066589877137],[1],[0],[0],[1.497300000004472],"[""left_image""]",3,3,15,1,1,,,,,
,,,,,022996,001,2025-01-22_11h21.56.212,Simon,2024.2.4,Linux x86_64,59.88023952,,,,,,,,,,1,78.9836,79.4837,,,,,,,,,,,images/yellow_butterfly.png,images/white_butterfly.png,right_image, ,,,,,,76.685,78.9835,[0.1498993180755876],[-0.007060046073717949],[1],[0],[0],[2.2976000000014807],"[""right_image""]",4,0,16,2,1,,,,,
,,,,,022996,001,2025-01-22_11h21.56.212,Simon,2024.2.4,Linux x86_64,59.88023952,,,,,,,,,,1,83.2335,83.7335,,,,,,,,,,,images/purple_butterfly.png,images/white_butterfly.png,left_image, ,,,,,,79.4848,83.2334,[-0.1563148954994658],[-0.014867538060897436],[1],[0],[0],[3.7483000000044626],"[""left_image""]",4,1,17,0,1,,,,,
,,,,,022996,001,2025-01-22_11h21.56.212,Simon,2024.2.4,Linux x86_64,59.88023952,,,,,,,,,,1,84.7674,85.2675,,,,,,,,,,,images/white_butterfly.png,images/yellow_butterfly.png,right_image, ,,,,,,83.7345,84.7673,[0.24461002186832265],[-0.04078442174145299],[1],[0],[0],[1.032100000001492],"[""right_image""]",4,2,18,3,1,,,,,
,,,,,022996,001,2025-01-22_11h21.56.212,Simon,2024.2.4,Linux x86_64,59.88023952,,,,,,,,,,1,86.684,87.1839,,,,,,,,,,,images/white_butterfly.png,images/purple_butterfly.png,left_image, ,,,,,,85.2687,86.6839,[-0.17567149105235041],[0.012039993155715812],[1],[0],[0],[1.414800000004476],"[""left_image""]",4,3,19,1,1,,,,,
,,,,,022996,001,2025-01-22_11h21.56.212,Simon,2024.2.4,Linux x86_64,59.88023952,,,,,,,,,,,,,,,,,,,,,,,,,,,,,,,,,,,,,,,,,,,,,,87.1844,89.2511,1,[89.2505],[89.25060000000148]
