﻿instructions.started,instructions.stopped,start_button.numClicks,start_button.timesOn,start_button.timesOff,participant,session,date,expName,psychopyVersion,OS,frameRate,practice_trial.started,practice_trial.stopped,mouse_2.x,mouse_2.y,mouse_2.leftButton,mouse_2.midButton,mouse_2.rightButton,mouse_2.time,mouse_2.clicked_name,correct,feedback.started,feedback.stopped,loop_until_correct.thisRepN,loop_until_correct.thisTrialN,loop_until_correct.thisN,loop_until_correct.thisIndex,loop_until_correct.ran,prac_trials.thisRepN,prac_trials.thisTrialN,prac_trials.thisN,prac_trials.thisIndex,prac_trials.ran,left_color,right_color,correct_response,top_txt,instructions_2.started,instructions_2.stopped,start_button_2.numClicks,start_button_2.timesOn,start_button_2.timesOff,trial.started,trial.stopped,mouse.x,mouse.y,mouse.leftButton,mouse.midButton,mouse.rightButton,mouse.time,mouse.clicked_name,trials.thisRepN,trials.thisTrialN,trials.thisN,trials.thisIndex,trials.ran,end.started,end.stopped,start_button_3.numClicks,start_button_3.timesOn,start_button_3.timesOff
0.0009,3.3102,1,[3.3385000000000016],[3.3386000000000937],023071,001,2025-01-21_10h24.28.248,Simon,2024.2.4,Linux armv81,30.03003003,,,,,,,,,,,,,,,,,,,,,,,,,,,,,,,,,,,,,,,,,,,,,,,,,,
,,,,,023071,001,2025-01-21_10h24.28.248,Simon,2024.2.4,Linux armv81,30.03003003,3.3592,4.2237,[-0.18247040487292757],[-0.0894900017383835],[1],[0],[0],[0.8600999999998606],"[""left_image_2"",""left_image_2""]",1,4.2249,4.7245,0,0,0,0,1,,,,,,,,,,,,,,,,,,,,,,,,,,,,,,,,,
,,,,,023071,001,2025-01-21_10h24.28.248,Simon,2024.2.4,Linux armv81,30.03003003,,,,,,,,,,,,,,,,,,0,0,0,0,1,images/purple_butterfly.png,images/white_butterfly.png,left_image_2,"In this example, select the LEFT butterfly.",,,,,,,,,,,,,,,,,,,,,,,,
,,,,,023071,001,2025-01-21_10h24.28.248,Simon,2024.2.4,Linux armv81,30.03003003,4.7324,6.1752,[-0.1374830209355912],[-0.07320149739583333],[1],[0],[0],[1.4354999999999993],"[""left_image_2"",""left_image_2""]",1,6.1827,6.6736,0,0,0,0,1,,,,,,,,,,,,,,,,,,,,,,,,,,,,,,,,,
,,,,,023071,001,2025-01-21_10h24.28.248,Simon,2024.2.4,Linux armv81,30.03003003,,,,,,,,,,,,,,,,,,0,1,1,1,1,images/white_butterfly.png,images/purple_butterfly.png,left_image_2,"In this example, select the LEFT butterfly.",,,,,,,,,,,,,,,,,,,,,,,,
,,,,,023071,001,2025-01-21_10h24.28.248,Simon,2024.2.4,Linux armv81,30.03003003,6.6794,7.4277,[0.19139037872900305],[-0.04062438219213569],[1],[0],[0],[0.7436000000000931],"[""right_image_2"",""right_image_2""]",1,7.4281,7.9238,0,0,0,0,1,,,,,,,,,,,,,,,,,,,,,,,,,,,,,,,,,
,,,,,023071,001,2025-01-21_10h24.28.248,Simon,2024.2.4,Linux armv81,30.03003003,,,,,,,,,,,,,,,,,,0,2,2,2,1,images/yellow_butterfly.png,images/white_butterfly.png,right_image_2,"In this example, select the RIGHT butterfly.",,,,,,,,,,,,,,,,,,,,,,,,
,,,,,023071,001,2025-01-21_10h24.28.248,Simon,2024.2.4,Linux armv81,30.03003003,7.93,8.7905,[0.17820444156986257],[-0.0274384450329952],[1],[0],[0],[0.8566000000000926],"[""right_image_2"",""right_image_2""]",1,8.791,9.2897,0,0,0,0,1,,,,,,,,,,,,,,,,,,,,,,,,,,,,,,,,,
,,,,,023071,001,2025-01-21_10h24.28.248,Simon,2024.2.4,Linux armv81,30.03003003,,,,,,,,,,,,,,,,,,0,3,3,3,1,images/white_butterfly.png,images/yellow_butterfly.png,right_image_2,"In this example, select the RIGHT butterfly.",,,,,,,,,,,,,,,,,,,,,,,,
,,,,,023071,001,2025-01-21_10h24.28.248,Simon,2024.2.4,Linux armv81,30.03003003,,,,,,,,,,,,,,,,,,,,,,,,,,,9.2914,10.3749,1,[10.380199999999952],[10.380199999999952],,,,,,,,,,,,,,,,,,,
,,,,,023071,001,2025-01-21_10h24.28.248,Simon,2024.2.4,Linux armv81,30.03003003,,,,,,,,,,1,11.7424,12.2424,,,,,,,,,,,images/purple_butterfly.png,images/white_butterfly.png,left_image, ,,,,,,10.4022,11.7422,[-0.11033547819180846],[-0.05536165620227967],[1],[0],[0],[1.338100000000093],"[""left_image""]",0,0,0,0,1,,,,,
,,,,,023071,001,2025-01-21_10h24.28.248,Simon,2024.2.4,Linux armv81,30.03003003,,,,,,,,,,1,13.2252,13.724,,,,,,,,,,,images/white_butterfly.png,images/yellow_butterfly.png,right_image, ,,,,,,12.2453,13.225,[0.17432620596095114],[-0.05381037261057482],[1],[0],[0],[0.977399999999907],"[""right_image""]",0,1,1,3,1,,,,,
,,,,,023071,001,2025-01-21_10h24.28.248,Simon,2024.2.4,Linux armv81,30.03003003,,,,,,,,,,1,14.7578,15.257,,,,,,,,,,,images/yellow_butterfly.png,images/white_butterfly.png,right_image, ,,,,,,13.7263,14.7576,[0.1619158307087151],[-0.05691293979398451],[1],[0],[0],[1.028500000000001],"[""right_image""]",0,2,2,2,1,,,,,
,,,,,023071,001,2025-01-21_10h24.28.248,Simon,2024.2.4,Linux armv81,30.03003003,,,,,,,,,,1,16.3759,16.8743,,,,,,,,,,,images/white_butterfly.png,images/purple_butterfly.png,left_image, ,,,,,,15.2595,16.3757,[-0.10878419460010362],[-0.09879775654791122],[1],[0],[0],[1.1145999999998608],"[""left_image""]",0,3,3,1,1,,,,,
,,,,,023071,001,2025-01-21_10h24.28.248,Simon,2024.2.4,Linux armv81,30.03003003,,,,,,,,,,1,17.71,18.2077,,,,,,,,,,,images/white_butterfly.png,images/yellow_butterfly.png,right_image, ,,,,,,16.8775,17.7098,[0.17355053753544938],[-0.07552839615374127],[1],[0],[0],[0.8307999999998152],"[""right_image""]",1,0,4,3,1,,,,,
,,,,,023071,001,2025-01-21_10h24.28.248,Simon,2024.2.4,Linux armv81,30.03003003,,,,,,,,,,1,19.0412,19.5404,,,,,,,,,,,images/purple_butterfly.png,images/white_butterfly.png,left_image, ,,,,,,18.2098,19.041,[-0.12972660297706698],[-0.10655422776573407],[1],[0],[0],[0.8296000000000952],"[""left_image""]",1,1,5,0,1,,,,,
,,,,,023071,001,2025-01-21_10h24.28.248,Simon,2024.2.4,Linux armv81,30.03003003,,,,,,,,,,1,20.8743,21.374,,,,,,,,,,,images/white_butterfly.png,images/purple_butterfly.png,left_image, ,,,,,,19.5424,20.874,[-0.11498932896692299],[-0.07165021380412849],[1],[0],[0],[1.3300999999998595],"[""left_image""]",1,2,6,1,1,,,,,
,,,,,023071,001,2025-01-21_10h24.28.248,Simon,2024.2.4,Linux armv81,30.03003003,,,,,,,,,,1,22.2601,22.759,,,,,,,,,,,images/yellow_butterfly.png,images/white_butterfly.png,right_image, ,,,,,,21.376,22.2599,[0.1836339075111802],[-0.048380853409958555],[1],[0],[0],[0.8825000000000003],"[""right_image""]",1,3,7,2,1,,,,,
,,,,,023071,001,2025-01-21_10h24.28.248,Simon,2024.2.4,Linux armv81,30.03003003,,,,,,,,,,1,23.5585,24.0584,,,,,,,,,,,images/yellow_butterfly.png,images/white_butterfly.png,right_image, ,,,,,,22.761,23.558,[0.16579406631762653],[-0.059239891811191096],[1],[0],[0],[0.7968000000000472],"[""right_image""]",2,0,8,2,1,,,,,
,,,,,023071,001,2025-01-21_10h24.28.248,Simon,2024.2.4,Linux armv81,30.03003003,,,,,,,,,,1,24.8906,25.3921,,,,,,,,,,,images/white_butterfly.png,images/yellow_butterfly.png,right_image, ,,,,,,24.0604,24.8905,[0.17587743629335734],[-0.02976539705020179],[1],[0],[0],[0.8286000000000939],"[""right_image""]",2,1,9,3,1,,,,,
,,,,,023071,001,2025-01-21_10h24.28.248,Simon,2024.2.4,Linux armv81,30.03003003,,,,,,,,,,1,26.1412,26.6401,,,,,,,,,,,images/white_butterfly.png,images/purple_butterfly.png,left_image, ,,,,,,25.3946,26.141,[-0.14911767450302682],[-0.09259262218109184],[1],[0],[0],[0.7443000000000453],"[""left_image""]",2,2,10,1,1,,,,,
,,,,,023071,001,2025-01-21_10h24.28.248,Simon,2024.2.4,Linux armv81,30.03003003,,,,,,,,,,1,27.4604,27.9573,,,,,,,,,,,images/purple_butterfly.png,images/white_butterfly.png,left_image, ,,,,,,26.6434,27.4603,[-0.1343804537521815],[-0.10345160732302575],[1],[0],[0],[0.8134000000001329],"[""left_image""]",2,3,11,0,1,,,,,
,,,,,023071,001,2025-01-21_10h24.28.248,Simon,2024.2.4,Linux armv81,30.03003003,,,,,,,,,,1,28.7073,29.2076,,,,,,,,,,,images/purple_butterfly.png,images/white_butterfly.png,left_image, ,,,,,,27.961,28.7072,[-0.1343804537521815],[-0.10267599215682265],[1],[0],[0],[0.7457999999998108],"[""left_image""]",3,0,12,0,1,,,,,
,,,,,023071,001,2025-01-21_10h24.28.248,Simon,2024.2.4,Linux armv81,30.03003003,,,,,,,,,,1,29.8944,30.3921,,,,,,,,,,,images/yellow_butterfly.png,images/white_butterfly.png,right_image, ,,,,,,29.2104,29.8942,[0.18983904187799958],[-0.010374272264943281],[1],[0],[0],[0.6820000000000022],"[""right_image""]",3,1,13,2,1,,,,,
,,,,,023071,001,2025-01-21_10h24.28.248,Simon,2024.2.4,Linux armv81,30.03003003,,,,,,,,,,1,31.2093,31.7082,,,,,,,,,,,images/white_butterfly.png,images/purple_butterfly.png,left_image, ,,,,,,30.3942,31.2091,[-0.12197013175924411],[-0.11043241011534685],[1],[0],[0],[0.8133000000000408],"[""left_image""]",3,2,14,1,1,,,,,
,,,,,023071,001,2025-01-21_10h24.28.248,Simon,2024.2.4,Linux armv81,30.03003003,,,,,,,,,,1,32.3917,32.891,,,,,,,,,,,images/white_butterfly.png,images/yellow_butterfly.png,right_image, ,,,,,,31.7102,32.3914,[0.19526861433791448],[-0.034419247825316315],[1],[0],[0],[0.6799999999999997],"[""right_image""]",3,3,15,3,1,,,,,
,,,,,023071,001,2025-01-21_10h24.28.248,Simon,2024.2.4,Linux armv81,30.03003003,,,,,,,,,,1,33.5754,34.0746,,,,,,,,,,,images/white_butterfly.png,images/yellow_butterfly.png,right_image, ,,,,,,32.8931,33.5753,[0.16656973474312828],[-0.052259089018869984],[1],[0],[0],[0.6818000000000524],"[""right_image""]",4,0,16,3,1,,,,,
,,,,,023071,001,2025-01-21_10h24.28.248,Simon,2024.2.4,Linux armv81,30.03003003,,,,,,,,,,1,34.8254,35.3234,,,,,,,,,,,images/purple_butterfly.png,images/white_butterfly.png,left_image, ,,,,,,34.0762,34.8251,[-0.12274580018474586],[-0.10112470856511781],[1],[0],[0],[0.7479000000001363],"[""left_image""]",4,1,17,0,1,,,,,
,,,,,023071,001,2025-01-21_10h24.28.248,Simon,2024.2.4,Linux armv81,30.03003003,,,,,,,,,,1,36.5597,37.0579,,,,,,,,,,,images/yellow_butterfly.png,images/white_butterfly.png,right_image, ,,,,,,35.3254,36.5595,[0.1688966335010362],[-0.012701171022851222],[1],[0],[0],[1.2330999999998582],"[""right_image""]",4,2,18,2,1,,,,,
,,,,,023071,001,2025-01-21_10h24.28.248,Simon,2024.2.4,Linux armv81,30.03003003,,,,,,,,,,1,37.8595,38.3574,,,,,,,,,,,images/white_butterfly.png,images/purple_butterfly.png,left_image, ,,,,,,37.0602,37.8593,[-0.13127788656877182],[-0.09491952093899979],[1],[0],[0],[0.7966999999999516],"[""left_image""]",4,3,19,1,1,,,,,
,,,,,023071,001,2025-01-21_10h24.28.248,Simon,2024.2.4,Linux armv81,30.03003003,,,,,,,,,,,,,,,,,,,,,,,,,,,,,,,,,,,,,,,,,,,,,,38.3585,39.2627,1,[39.260900000000134],[39.260900000000134]
