﻿instructions.started,instructions.stopped,start_button.numClicks,start_button.timesOn,start_button.timesOff,participant,session,date,expName,psychopyVersion,OS,frameRate,practice_trial.started,practice_trial.stopped,mouse_2.x,mouse_2.y,mouse_2.leftButton,mouse_2.midButton,mouse_2.rightButton,mouse_2.time,mouse_2.clicked_name,correct,feedback.started,feedback.stopped,loop_until_correct.thisRepN,loop_until_correct.thisTrialN,loop_until_correct.thisN,loop_until_correct.thisIndex,loop_until_correct.ran,prac_trials.thisRepN,prac_trials.thisTrialN,prac_trials.thisN,prac_trials.thisIndex,prac_trials.ran,left_color,right_color,correct_response,top_txt,instructions_2.started,instructions_2.stopped,start_button_2.numClicks,start_button_2.timesOn,start_button_2.timesOff
0.0004,1.979,1,[1.994899999976158],[1.994899999976158],023444,001,2025-09-13_15h19.47.093,Simon,2024.2.4,MacIntel,60.24096386,,,,,,,,,,,,,,,,,,,,,,,,,,,,,,,
,,,,,023444,001,2025-09-13_15h19.47.093,Simon,2024.2.4,MacIntel,60.24096386,1.9971,4.1625,[-0.20207193260368664],[0.0007380472350230414],[1],[0],[0],[2.1628999999761582],"[""left_image_2"",""left_image_2""]",1,4.1631,4.6625,0,0,0,0,1,,,,,,,,,,,,,,
,,,,,023444,001,2025-09-13_15h19.47.093,Simon,2024.2.4,MacIntel,60.24096386,,,,,,,,,,,,,,,,,,0,0,0,0,1,images/purple_butterfly.png,images/white_butterfly.png,left_image_2,"In this example, select the LEFT butterfly.",,,,,
,,,,,023444,001,2025-09-13_15h19.47.093,Simon,2024.2.4,MacIntel,60.24096386,4.6642,5.4117,[0.14898653513824886],[-0.005863875288018433],[1],[0],[0],[0.7457000000476839],"[""right_image_2"",""right_image_2""]",0,5.4127,5.9121,0,0,0,0,1,,,,,,,,,,,,,,
,,,,,023444,001,2025-09-13_15h19.47.093,Simon,2024.2.4,MacIntel,60.24096386,5.9129,8.162,[-0.25450928859447003],[0.005841373847926267],[1],[0],[0],[2.248399999976158],"[""left_image_2"",""left_image_2""]",1,8.1627,8.6621,1,0,1,0,1,,,,,,,,,,,,,,
,,,,,023444,001,2025-09-13_15h19.47.093,Simon,2024.2.4,MacIntel,60.24096386,,,,,,,,,,,,,,,,,,0,1,1,1,1,images/white_butterfly.png,images/purple_butterfly.png,left_image_2,"In this example, select the LEFT butterfly.",,,,,
,,,,,023444,001,2025-09-13_15h19.47.093,Simon,2024.2.4,MacIntel,60.24096386,8.6635,10.7453,[0.18167662730414746],[-0.0036677347350230413],[1],[0],[0],[2.080499999999999],"[""right_image_2"",""right_image_2""]",1,10.7454,11.2454,0,0,0,0,1,,,,,,,,,,,,,,
,,,,,023444,001,2025-09-13_15h19.47.093,Simon,2024.2.4,MacIntel,60.24096386,,,,,,,,,,,,,,,,,,0,2,2,2,1,images/yellow_butterfly.png,images/white_butterfly.png,right_image_2,"In this example, select the RIGHT butterfly.",,,,,
,,,,,023444,001,2025-09-13_15h19.47.093,Simon,2024.2.4,MacIntel,60.24096386,11.2469,13.2786,[0.2013338853686636],[0.003208705357142857],[1],[0],[0],[2.030600000023842],"[""right_image_2"",""right_image_2""]",1,13.2788,13.7787,0,0,0,0,1,,,,,,,,,,,,,,
,,,,,023444,001,2025-09-13_15h19.47.093,Simon,2024.2.4,MacIntel,60.24096386,,,,,,,,,,,,,,,,,,0,3,3,3,1,images/white_butterfly.png,images/yellow_butterfly.png,right_image_2,"In this example, select the RIGHT butterfly.",,,,,
,,,,,023444,001,2025-09-13_15h19.47.093,Simon,2024.2.4,MacIntel,60.24096386,,,,,,,,,,,,,,,,,,,,,,,,,,,13.7792,14.8621,1,[14.864200000047685],[14.864200000047685]
