﻿instructions.started,instructions.stopped,start_button.numClicks,start_button.timesOn,start_button.timesOff,participant,session,date,expName,psychopyVersion,OS,frameRate,practice_trial.started,practice_trial.stopped,mouse_2.x,mouse_2.y,mouse_2.leftButton,mouse_2.midButton,mouse_2.rightButton,mouse_2.time,mouse_2.clicked_name,correct,feedback.started,feedback.stopped,loop_until_correct.thisRepN,loop_until_correct.thisTrialN,loop_until_correct.thisN,loop_until_correct.thisIndex,loop_until_correct.ran,prac_trials.thisRepN,prac_trials.thisTrialN,prac_trials.thisN,prac_trials.thisIndex,prac_trials.ran,left_color,right_color,correct_response,top_txt,instructions_2.started,instructions_2.stopped,start_button_2.numClicks,start_button_2.timesOn,start_button_2.timesOff,trial.started,trial.stopped,mouse.x,mouse.y,mouse.leftButton,mouse.midButton,mouse.rightButton,mouse.time,mouse.clicked_name,trials.thisRepN,trials.thisTrialN,trials.thisN,trials.thisIndex,trials.ran
0.0002,4.7116,1,[5.728400000005962],[5.728400000005962],024709,001,2025-09-13_13h30.22.234,Simon,2024.2.4,MacIntel,29.6735905,,,,,,,,,,,,,,,,,,,,,,,,,,,,,,,,,,,,,,,,,,,,,
,,,,,024709,001,2025-09-13_13h30.22.234,Simon,2024.2.4,MacIntel,29.6735905,4.7292,7.2436,[-0.16442902474293059],[-0.046362869537275066],[1],[0],[0],[2.5120999999940423],"[""left_image_2"",""left_image_2""]",1,7.2444,7.7433,0,0,0,0,1,,,,,,,,,,,,,,,,,,,,,,,,,,,,
,,,,,024709,001,2025-09-13_13h30.22.234,Simon,2024.2.4,MacIntel,29.6735905,,,,,,,,,,,,,,,,,,0,0,0,0,1,images/purple_butterfly.png,images/white_butterfly.png,left_image_2,"In this example, select the LEFT butterfly.",,,,,,,,,,,,,,,,,,,
,,,,,024709,001,2025-09-13_13h30.22.234,Simon,2024.2.4,MacIntel,29.6735905,7.7458,9.4431,[-0.17868332262210798],[0.026821577763496144],[1],[0],[0],[1.694600000023847],"[""left_image_2"",""left_image_2""]",1,9.4433,9.9429,0,0,0,0,1,,,,,,,,,,,,,,,,,,,,,,,,,,,,
,,,,,024709,001,2025-09-13_13h30.22.234,Simon,2024.2.4,MacIntel,29.6735905,,,,,,,,,,,,,,,,,,0,1,1,1,1,images/white_butterfly.png,images/purple_butterfly.png,left_image_2,"In this example, select the LEFT butterfly.",,,,,,,,,,,,,,,,,,,
,,,,,024709,001,2025-09-13_13h30.22.234,Simon,2024.2.4,MacIntel,29.6735905,9.9448,10.8088,[-0.1513847606041131],[0.01603671272493573],[1],[0],[0],[0.8623000000119205],"[""left_image_2"",""left_image_2""]",0,10.8099,11.3102,0,0,0,0,1,,,,,,,,,,,,,,,,,,,,,,,,,,,,
,,,,,024709,001,2025-09-13_13h30.22.234,Simon,2024.2.4,MacIntel,29.6735905,11.3111,12.0766,[0.13703004498714652],[-0.013240078727506427],[1],[0],[0],[0.7643000000119216],"[""right_image_2"",""right_image_2""]",1,12.0777,12.5753,1,0,1,0,1,,,,,,,,,,,,,,,,,,,,,,,,,,,,
,,,,,024709,001,2025-09-13_13h30.22.234,Simon,2024.2.4,MacIntel,29.6735905,,,,,,,,,,,,,,,,,,0,2,2,2,1,images/yellow_butterfly.png,images/white_butterfly.png,right_image_2,"In this example, select the RIGHT butterfly.",,,,,,,,,,,,,,,,,,,
,,,,,024709,001,2025-09-13_13h30.22.234,Simon,2024.2.4,MacIntel,29.6735905,12.5777,13.842,[0.1637612467866324],[-0.014776470115681234],[1],[0],[0],[1.2626000000238449],"[""right_image_2"",""right_image_2""]",1,13.8422,14.3428,0,0,0,0,1,,,,,,,,,,,,,,,,,,,,,,,,,,,,
,,,,,024709,001,2025-09-13_13h30.22.234,Simon,2024.2.4,MacIntel,29.6735905,,,,,,,,,,,,,,,,,,0,3,3,3,1,images/white_butterfly.png,images/yellow_butterfly.png,right_image_2,"In this example, select the RIGHT butterfly.",,,,,,,,,,,,,,,,,,,
,,,,,024709,001,2025-09-13_13h30.22.234,Simon,2024.2.4,MacIntel,29.6735905,,,,,,,,,,,,,,,,,,,,,,,,,,,14.3435,15.7093,1,[15.710199999988077],[15.710199999988077],,,,,,,,,,,,,,
,,,,,024709,001,2025-09-13_13h30.22.234,Simon,2024.2.4,MacIntel,29.6735905,,,,,,,,,,0,16.8428,17.342,,,,,,,,,,,images/yellow_butterfly.png,images/white_butterfly.png,right_image, ,,,,,,15.7199,16.8421,[-0.1885845115681234],[-0.05179546915167095],[1],[0],[0],[1.1214000000059592],"[""left_image""]",0,0,0,2,1
,,,,,024709,001,2025-09-13_13h30.22.234,Simon,2024.2.4,MacIntel,29.6735905,,,,,,,,,,1,20.1107,20.6086,,,,,,,,,,,images/white_butterfly.png,images/purple_butterfly.png,left_image, ,,,,,,17.3433,20.1096,[-0.09783198104113111],[-0.014671031491002571],[1],[0],[0],[2.765400000005968],"[""left_image""]",0,1,1,1,1
,,,,,024709,001,2025-09-13_13h30.22.234,Simon,2024.2.4,MacIntel,29.6735905,,,,,,,,,,1,21.8088,22.3094,,,,,,,,,,,images/purple_butterfly.png,images/white_butterfly.png,left_image, ,,,,,,20.6098,21.8087,[-0.13134640102827763],[-0.007225056233933162],[1],[0],[0],[1.198199999988077],"[""left_image""]",0,2,2,0,1
,,,,,024709,001,2025-09-13_13h30.22.234,Simon,2024.2.4,MacIntel,29.6735905,,,,,,,,,,1,25.3088,25.8095,,,,,,,,,,,images/white_butterfly.png,images/yellow_butterfly.png,right_image, ,,,,,,22.3105,25.3087,[0.2688032214010283],[-0.0129789926092545],[1],[0],[0],[2.9974000000059675],"[""right_image""]",0,3,3,3,1
,,,,,024709,001,2025-09-13_13h30.22.234,Simon,2024.2.4,MacIntel,29.6735905,,,,,,,,,,1,27.4762,27.9757,,,,,,,,,,,images/white_butterfly.png,images/yellow_butterfly.png,right_image, ,,,,,,25.8102,27.4761,[0.19776269280205655],[-0.018768075192802058],[1],[0],[0],[1.6656999999880782],"[""right_image""]",1,0,4,3,1
,,,,,024709,001,2025-09-13_13h30.22.234,Simon,2024.2.4,MacIntel,29.6735905,,,,,,,,,,1,30.1426,30.6428,,,,,,,,,,,images/white_butterfly.png,images/purple_butterfly.png,left_image, ,,,,,,27.9765,30.1425,[-0.1376626767352185],[0.022393155526992288],[1],[0],[0],[2.1654999999999944],"[""left_image""]",1,1,5,1,1
,,,,,024709,001,2025-09-13_13h30.22.234,Simon,2024.2.4,MacIntel,29.6735905,,,,,,,,,,1,31.1761,31.6761,,,,,,,,,,,images/purple_butterfly.png,images/white_butterfly.png,left_image, ,,,,,,30.6439,31.1761,[-0.1376626767352185],[0.022393155526992288],[1],[0],[0],[0.5314000000059593],"[""left_image""]",1,2,6,0,1
,,,,,024709,001,2025-09-13_13h30.22.234,Simon,2024.2.4,MacIntel,29.6735905,,,,,,,,,,1,32.9427,33.4431,,,,,,,,,,,images/yellow_butterfly.png,images/white_butterfly.png,right_image, ,,,,,,31.6772,32.9427,[0.11402936214652956],[-0.019360539845758355],[1],[0],[0],[1.2650000000000006],"[""right_image""]",1,3,7,2,1
,,,,,024709,001,2025-09-13_13h30.22.234,Simon,2024.2.4,MacIntel,29.6735905,,,,,,,,,,0,33.8769,34.3761,,,,,,,,,,,images/white_butterfly.png,images/purple_butterfly.png,left_image, ,,,,,,33.444,33.876,[0.1578617046915167],[-0.025571376928020566],[1],[0],[0],[0.431400000005965],"[""right_image""]",2,0,8,1,1
,,,,,024709,001,2025-09-13_13h30.22.234,Simon,2024.2.4,MacIntel,29.6735905,,,,,,,,,,1,35.2101,35.7085,,,,,,,,,,,images/purple_butterfly.png,images/white_butterfly.png,left_image, ,,,,,,34.3772,35.2093,[-0.12196738431876607],[-0.014540488431876606],[1],[0],[0],[0.8312999999821216],"[""left_image""]",2,1,9,0,1
,,,,,024709,001,2025-09-13_13h30.22.234,Simon,2024.2.4,MacIntel,29.6735905,,,,,,,,,,0,40.5101,41.0094,,,,,,,,,,,images/white_butterfly.png,images/yellow_butterfly.png,right_image, ,,,,,,35.7095,40.5093,[-0.1465345838688946],[-0.027569689910025705],[1],[0],[0],[4.799099999994056],"[""left_image""]",2,2,10,3,1
,,,,,024709,001,2025-09-13_13h30.22.234,Simon,2024.2.4,MacIntel,29.6735905,,,,,,,,,,1,41.7104,42.2096,,,,,,,,,,,images/yellow_butterfly.png,images/white_butterfly.png,right_image, ,,,,,,41.0105,41.7093,[0.18863974132390746],[-0.033675088367609254],[1],[0],[0],[0.6982000000178772],"[""right_image""]",2,3,11,2,1
