﻿instructions.started,instructions.stopped,start_button.numClicks,start_button.timesOn,start_button.timesOff,participant,session,date,expName,psychopyVersion,OS,frameRate,practice_trial.started,practice_trial.stopped,mouse_2.x,mouse_2.y,mouse_2.leftButton,mouse_2.midButton,mouse_2.rightButton,mouse_2.time,mouse_2.clicked_name,correct,feedback.started,feedback.stopped,loop_until_correct.thisRepN,loop_until_correct.thisTrialN,loop_until_correct.thisN,loop_until_correct.thisIndex,loop_until_correct.ran,prac_trials.thisRepN,prac_trials.thisTrialN,prac_trials.thisN,prac_trials.thisIndex,prac_trials.ran,left_color,right_color,correct_response,top_txt,instructions_2.started,instructions_2.stopped,start_button_2.numClicks,start_button_2.timesOn,start_button_2.timesOff,trial.started,trial.stopped,mouse.x,mouse.y,mouse.leftButton,mouse.midButton,mouse.rightButton,mouse.time,mouse.clicked_name,trials.thisRepN,trials.thisTrialN,trials.thisN,trials.thisIndex,trials.ran,end.started,end.stopped,start_button_3.numClicks,start_button_3.timesOn,start_button_3.timesOff
0.0004,30.7045,1,[30.717400000095367],[30.717400000095367],025129,001,2025-10-12_11h27.15.543,Simon,2024.2.4,Win32,59.88023952,,,,,,,,,,,,,,,,,,,,,,,,,,,,,,,,,,,,,,,,,,,,,,,,,,
,,,,,025129,001,2025-10-12_11h27.15.543,Simon,2024.2.4,Win32,59.88023952,30.7191,32.5561,[0.15696289658692003],[-0.025694533873244812],[1],[0],[0],[1.8331000001430482],"[""right_image_2"",""right_image_2""]",0,32.5566,33.0517,0,0,0,0,1,,,,,,,,,,,,,,,,,,,,,,,,,,,,,,,,,
,,,,,025129,001,2025-10-12_11h27.15.543,Simon,2024.2.4,Win32,59.88023952,33.0523,33.9507,[-0.17399267399267399],[0.05142129937662164],[1],[0],[0],[0.897900000095369],"[""left_image_2"",""left_image_2""]",1,33.9519,34.4502,1,0,1,0,1,,,,,,,,,,,,,,,,,,,,,,,,,,,,,,,,,
,,,,,025129,001,2025-10-12_11h27.15.543,Simon,2024.2.4,Win32,59.88023952,,,,,,,,,,,,,,,,,,0,0,0,0,1,images/purple_butterfly.png,images/white_butterfly.png,left_image_2,"In this example, select the LEFT butterfly.",,,,,,,,,,,,,,,,,,,,,,,,
,,,,,025129,001,2025-10-12_11h27.15.543,Simon,2024.2.4,Win32,59.88023952,34.4529,35.3661,[0.15803395551930707],[-0.006415622138278388],[1],[0],[0],[0.9123999998569516],"[""right_image_2"",""right_image_2""]",0,35.3665,35.8656,0,0,0,0,1,,,,,,,,,,,,,,,,,,,,,,,,,,,,,,,,,
,,,,,025129,001,2025-10-12_11h27.15.543,Simon,2024.2.4,Win32,59.88023952,35.8661,39.3628,[0.15910501445169414],[-0.007486643808665293],[1],[0],[0],[3.496100000143052],"[""right_image_2"",""right_image_2""]",0,39.3629,39.8622,1,0,1,0,1,,,,,,,,,,,,,,,,,,,,,,,,,,,,,,,,,
,,,,,025129,001,2025-10-12_11h27.15.543,Simon,2024.2.4,Win32,59.88023952,39.8625,40.8614,[-0.15792686453086843],[0.000010731456043956045],[1],[0],[0],[0.9975999999046294],"[""left_image_2"",""left_image_2""]",1,40.862,41.3612,2,0,2,0,1,,,,,,,,,,,,,,,,,,,,,,,,,,,,,,,,,
,,,,,025129,001,2025-10-12_11h27.15.543,Simon,2024.2.4,Win32,59.88023952,,,,,,,,,,,,,,,,,,0,1,1,1,1,images/white_butterfly.png,images/purple_butterfly.png,left_image_2,"In this example, select the LEFT butterfly.",,,,,,,,,,,,,,,,,,,,,,,,
,,,,,025129,001,2025-10-12_11h27.15.543,Simon,2024.2.4,Win32,59.88023952,41.3625,42.6601,[0.16017607338408119],[0.000010731456043956045],[1],[0],[0],[1.2953999998569472],"[""right_image_2"",""right_image_2""]",1,42.6603,43.1596,0,0,0,0,1,,,,,,,,,,,,,,,,,,,,,,,,,,,,,,,,,
,,,,,025129,001,2025-10-12_11h27.15.543,Simon,2024.2.4,Win32,59.88023952,,,,,,,,,,,,,,,,,,0,2,2,2,1,images/yellow_butterfly.png,images/white_butterfly.png,right_image_2,"In this example, select the RIGHT butterfly.",,,,,,,,,,,,,,,,,,,,,,,,
,,,,,025129,001,2025-10-12_11h27.15.543,Simon,2024.2.4,Win32,59.88023952,43.1606,44.1592,[-0.1889874245220925],[0.0010817531264308608],[1],[0],[0],[0.9971999998092684],"[""left_image_2"",""left_image_2""]",0,44.1597,44.6579,0,0,0,0,1,,,,,,,,,,,,,,,,,,,,,,,,,,,,,,,,,
,,,,,025129,001,2025-10-12_11h27.15.543,Simon,2024.2.4,Win32,59.88023952,44.6584,45.674,[-0.1889874245220925],[0.0010817531264308608],[1],[0],[0],[1.0150000000000006],"[""left_image_2"",""left_image_2""]",0,45.674,46.1735,1,0,1,0,1,,,,,,,,,,,,,,,,,,,,,,,,,,,,,,,,,
,,,,,025129,001,2025-10-12_11h27.15.543,Simon,2024.2.4,Win32,59.88023952,46.174,56.7807,[0.17945505964304792],[-0.021410372667696888],[1],[0],[0],[10.606200000047686],"[""right_image_2"",""right_image_2""]",1,56.7811,57.2801,2,0,2,0,1,,,,,,,,,,,,,,,,,,,,,,,,,,,,,,,,,
,,,,,025129,001,2025-10-12_11h27.15.543,Simon,2024.2.4,Win32,59.88023952,,,,,,,,,,,,,,,,,,0,3,3,3,1,images/white_butterfly.png,images/yellow_butterfly.png,right_image_2,"In this example, select the RIGHT butterfly.",,,,,,,,,,,,,,,,,,,,,,,,
,,,,,025129,001,2025-10-12_11h27.15.543,Simon,2024.2.4,Win32,59.88023952,,,,,,,,,,,,,,,,,,,,,,,,,,,57.2803,58.746,1,[58.749799999952316],[58.749799999952316],,,,,,,,,,,,,,,,,,,
,,,,,025129,001,2025-10-12_11h27.15.543,Simon,2024.2.4,Win32,59.88023952,,,,,,,,,,1,60.7774,61.2768,,,,,,,,,,,images/white_butterfly.png,images/purple_butterfly.png,left_image, ,,,,,,58.7536,60.7773,[-0.21040860316983365],[-0.022481431600083944],[1],[0],[0],[2.0232000000476944],"[""left_image""]",0,0,0,1,1,,,,,
,,,,,025129,001,2025-10-12_11h27.15.543,Simon,2024.2.4,Win32,59.88023952,,,,,,,,,,1,63.5249,64.0244,,,,,,,,,,,images/purple_butterfly.png,images/white_butterfly.png,left_image, ,,,,,,61.2773,63.5248,[-0.19969793932196275],[-0.004273504273504274],[1],[0],[0],[2.247099999904634],"[""left_image""]",0,1,1,0,1,,,,,
,,,,,025129,001,2025-10-12_11h27.15.543,Simon,2024.2.4,Win32,59.88023952,,,,,,,,,,1,68.2872,68.7868,,,,,,,,,,,images/yellow_butterfly.png,images/white_butterfly.png,right_image, ,,,,,,64.0247,68.2872,[0.18909451551053114],[-0.03533406426472833],[1],[0],[0],[4.262299999952305],"[""right_image""]",0,2,2,2,1,,,,,
,,,,,025129,001,2025-10-12_11h27.15.543,Simon,2024.2.4,Win32,59.88023952,,,,,,,,,,1,72.4338,72.9332,,,,,,,,,,,images/white_butterfly.png,images/yellow_butterfly.png,right_image, ,,,,,,68.7873,72.4337,[0.21587083977220695],[-0.011770879538213522],[1],[0],[0],[3.646200000047685],"[""right_image""]",0,3,3,3,1,,,,,
,,,,,025129,001,2025-10-12_11h27.15.543,Simon,2024.2.4,Win32,59.88023952,,,,,,,,,,1,73.7159,74.2153,,,,,,,,,,,images/yellow_butterfly.png,images/white_butterfly.png,right_image, ,,,,,,72.9336,73.7159,[0.21587083977220695],[-0.011770879538213522],[1],[0],[0],[0.7819999999999965],"[""right_image""]",1,0,4,2,1,,,,,
,,,,,025129,001,2025-10-12_11h27.15.543,Simon,2024.2.4,Win32,59.88023952,,,,,,,,,,1,75.5975,76.0972,,,,,,,,,,,images/purple_butterfly.png,images/white_butterfly.png,left_image, ,,,,,,74.2159,75.5974,[-0.22004798451331656],[-0.0010603274763431013],[1],[0],[0],[1.3814000000953683],"[""left_image""]",1,1,5,0,1,,,,,
,,,,,025129,001,2025-10-12_11h27.15.543,Simon,2024.2.4,Win32,59.88023952,,,,,,,,,,1,79.8937,80.3932,,,,,,,,,,,images/white_butterfly.png,images/purple_butterfly.png,left_image, ,,,,,,76.0976,79.8936,[-0.22004798451331656],[-0.0010603274763431013],[1],[0],[0],[3.7956999998092726],"[""left_image""]",1,2,6,1,1,,,,,
,,,,,025129,001,2025-10-12_11h27.15.543,Simon,2024.2.4,Win32,59.88023952,,,,,,,,,,1,82.9744,83.4741,,,,,,,,,,,images/white_butterfly.png,images/yellow_butterfly.png,right_image, ,,,,,,80.3937,82.9743,[0.17624188284588677],[0.0010817531264308608],[1],[0],[0],[2.5805000000000007],"[""right_image""]",1,3,7,3,1,,,,,
,,,,,025129,001,2025-10-12_11h27.15.543,Simon,2024.2.4,Win32,59.88023952,,,,,,,,,,1,84.1235,84.6229,,,,,,,,,,,images/white_butterfly.png,images/yellow_butterfly.png,right_image, ,,,,,,83.4744,84.1235,[0.17624188284588677],[0.0010817531264308608],[1],[0],[0],[0.6489999999999867],"[""right_image""]",2,0,8,3,1,,,,,
,,,,,025129,001,2025-10-12_11h27.15.543,Simon,2024.2.4,Win32,59.88023952,,,,,,,,,,1,85.8387,86.3381,,,,,,,,,,,images/white_butterfly.png,images/purple_butterfly.png,left_image, ,,,,,,84.6233,85.8387,[-0.15578474666609432],[-0.00855770274105235],[1],[0],[0],[1.2150999999046377],"[""left_image""]",2,1,9,1,1,,,,,
,,,,,025129,001,2025-10-12_11h27.15.543,Simon,2024.2.4,Win32,59.88023952,,,,,,,,,,1,87.3372,87.8368,,,,,,,,,,,images/yellow_butterfly.png,images/white_butterfly.png,right_image, ,,,,,,86.3385,87.3371,[0.2201550755017552],[-0.007486643808665293],[1],[0],[0],[0.9984000000953728],"[""right_image""]",2,2,10,2,1,,,,,
,,,,,025129,001,2025-10-12_11h27.15.543,Simon,2024.2.4,Win32,59.88023952,,,,,,,,,,1,92.3334,92.8325,,,,,,,,,,,images/purple_butterfly.png,images/white_butterfly.png,left_image, ,,,,,,87.8373,92.3331,[-0.16221110026041666],[-0.0010603274763431013],[1],[0],[0],[4.4954000000953585],"[""left_image""]",2,3,11,0,1,,,,,
,,,,,025129,001,2025-10-12_11h27.15.543,Simon,2024.2.4,Win32,59.88023952,,,,,,,,,,1,93.4323,93.9315,,,,,,,,,,,images/purple_butterfly.png,images/white_butterfly.png,left_image, ,,,,,,92.8337,93.4321,[-0.16221110026041666],[-0.0010603274763431013],[1],[0],[0],[0.5981000001430488],"[""left_image""]",3,0,12,0,1,,,,,
,,,,,025129,001,2025-10-12_11h27.15.543,Simon,2024.2.4,Win32,59.88023952,,,,,,,,,,1,95.1472,95.6469,,,,,,,,,,,images/white_butterfly.png,images/yellow_butterfly.png,right_image, ,,,,,,93.9331,95.147,[0.13875496926034037],[-0.0010603274763431013],[1],[0],[0],[1.2131000001430579],"[""right_image""]",3,1,13,3,1,,,,,
,,,,,025129,001,2025-10-12_11h27.15.543,Simon,2024.2.4,Win32,59.88023952,,,,,,,,,,1,96.3297,96.829,,,,,,,,,,,images/yellow_butterfly.png,images/white_butterfly.png,right_image, ,,,,,,95.6485,96.3296,[0.13875496926034037],[-0.0010603274763431013],[1],[0],[0],[0.6803999998569452],"[""right_image""]",3,2,14,2,1,,,,,
,,,,,025129,001,2025-10-12_11h27.15.543,Simon,2024.2.4,Win32,59.88023952,,,,,,,,,,1,97.8947,98.3942,,,,,,,,,,,images/white_butterfly.png,images/purple_butterfly.png,left_image, ,,,,,,96.8304,97.8947,[-0.16006898239564255],[-0.005344563205891331],[1],[0],[0],[1.0634999999999906],"[""left_image""]",3,3,15,1,1,,,,,
,,,,,025129,001,2025-10-12_11h27.15.543,Simon,2024.2.4,Win32,59.88023952,,,,,,,,,,1,98.9771,99.4766,,,,,,,,,,,images/white_butterfly.png,images/purple_butterfly.png,left_image, ,,,,,,98.3945,98.9771,[-0.16006898239564255],[-0.005344563205891331],[1],[0],[0],[0.5825000000000102],"[""left_image""]",4,0,16,1,1,,,,,
,,,,,025129,001,2025-10-12_11h27.15.543,Simon,2024.2.4,Win32,59.88023952,,,,,,,,,,1,100.4923,100.992,,,,,,,,,,,images/white_butterfly.png,images/yellow_butterfly.png,right_image, ,,,,,,99.4769,100.4923,[0.19552086910485347],[-0.019268254802922772],[1],[0],[0],[1.0150999999046206],"[""right_image""]",4,1,17,3,1,,,,,
,,,,,025129,001,2025-10-12_11h27.15.543,Simon,2024.2.4,Win32,59.88023952,,,,,,,,,,1,101.6747,102.1743,,,,,,,,,,,images/yellow_butterfly.png,images/white_butterfly.png,right_image, ,,,,,,100.9923,101.6747,[0.19552086910485347],[-0.017126136938148656],[1],[0],[0],[0.6821000001430519],"[""right_image""]",4,2,18,2,1,,,,,
,,,,,025129,001,2025-10-12_11h27.15.543,Simon,2024.2.4,Win32,59.88023952,,,,,,,,,,1,103.1567,103.6564,,,,,,,,,,,images/purple_butterfly.png,images/white_butterfly.png,left_image, ,,,,,,102.1748,103.1566,[-0.13436379159035408],[-0.011770879538213522],[1],[0],[0],[0.981700000047681],"[""left_image""]",4,3,19,0,1,,,,,
,,,,,025129,001,2025-10-12_11h27.15.543,Simon,2024.2.4,Win32,59.88023952,,,,,,,,,,,,,,,,,,,,,,,,,,,,,,,,,,,,,,,,,,,,,,103.6566,106.1208,1,[106.12060000014304],[106.12070000004768]
