﻿instructions.started,instructions.stopped,start_button.numClicks,start_button.timesOn,start_button.timesOff,participant,session,date,expName,psychopyVersion,OS,frameRate,practice_trial.started,practice_trial.stopped,mouse_2.x,mouse_2.y,mouse_2.leftButton,mouse_2.midButton,mouse_2.rightButton,mouse_2.time,mouse_2.clicked_name,correct,feedback.started,feedback.stopped,loop_until_correct.thisRepN,loop_until_correct.thisTrialN,loop_until_correct.thisN,loop_until_correct.thisIndex,loop_until_correct.ran,prac_trials.thisRepN,prac_trials.thisTrialN,prac_trials.thisN,prac_trials.thisIndex,prac_trials.ran,left_color,right_color,correct_response,top_txt,instructions_2.started,instructions_2.stopped,start_button_2.numClicks,start_button_2.timesOn,start_button_2.timesOff,trial.started,trial.stopped,mouse.x,mouse.y,mouse.leftButton,mouse.midButton,mouse.rightButton,mouse.time,mouse.clicked_name,trials.thisRepN,trials.thisTrialN,trials.thisN,trials.thisIndex,trials.ran,end.started,end.stopped,start_button_3.numClicks,start_button_3.timesOn,start_button_3.timesOff
0.0024,8.8641,1,[8.88270000000298],[8.88270000000298],026058,001,2025-09-05_18h25.20.237,Simon,2024.2.4,Linux armv81,59.52380952,,,,,,,,,,,,,,,,,,,,,,,,,,,,,,,,,,,,,,,,,,,,,,,,,,
,,,,,026058,001,2025-09-05_18h25.20.237,Simon,2024.2.4,Linux armv81,59.52380952,8.8996,11.3637,[-0.20802919708029197],[-0.027575045026421836],[1],[0],[0],[2.4603999999985113],"[""left_image_2"",""left_image_2""]",1,11.3654,11.8662,0,0,0,0,1,,,,,,,,,,,,,,,,,,,,,,,,,,,,,,,,,
,,,,,026058,001,2025-09-05_18h25.20.237,Simon,2024.2.4,Linux armv81,59.52380952,,,,,,,,,,,,,,,,,,0,0,0,0,1,images/purple_butterfly.png,images/white_butterfly.png,left_image_2,"In this example, select the LEFT butterfly.",,,,,,,,,,,,,,,,,,,,,,,,
,,,,,026058,001,2025-09-05_18h25.20.237,Simon,2024.2.4,Linux armv81,59.52380952,11.8695,13.3937,[-0.2108098607863823],[-0.01552542804801551],[1],[0],[0],[1.5206999999955286],"[""left_image_2"",""left_image_2""]",1,13.3939,13.8962,0,0,0,0,1,,,,,,,,,,,,,,,,,,,,,,,,,,,,,,,,,
,,,,,026058,001,2025-09-05_18h25.20.237,Simon,2024.2.4,Linux armv81,59.52380952,,,,,,,,,,,,,,,,,,0,1,1,1,1,images/white_butterfly.png,images/purple_butterfly.png,left_image_2,"In this example, select the LEFT butterfly.",,,,,,,,,,,,,,,,,,,,,,,,
,,,,,026058,001,2025-09-05_18h25.20.237,Simon,2024.2.4,Linux armv81,59.52380952,13.901,15.1047,[0.2322442641803528],[0.00023174053851125303],[1],[0],[0],[1.2007999999970203],"[""right_image_2"",""right_image_2""]",1,15.1051,15.6069,0,0,0,0,1,,,,,,,,,,,,,,,,,,,,,,,,,,,,,,,,,
,,,,,026058,001,2025-09-05_18h25.20.237,Simon,2024.2.4,Linux armv81,59.52380952,,,,,,,,,,,,,,,,,,0,2,2,2,1,images/yellow_butterfly.png,images/white_butterfly.png,right_image_2,"In this example, select the RIGHT butterfly.",,,,,,,,,,,,,,,,,,,,,,,,
,,,,,026058,001,2025-09-05_18h25.20.237,Simon,2024.2.4,Linux armv81,59.52380952,15.6102,16.2446,[0.22112153510397659],[-0.02108682971221107],[1],[0],[0],[0.6318000000044712],"[""right_image_2"",""right_image_2""]",1,16.2448,16.7478,0,0,0,0,1,,,,,,,,,,,,,,,,,,,,,,,,,,,,,,,,,
,,,,,026058,001,2025-09-05_18h25.20.237,Simon,2024.2.4,Linux armv81,59.52380952,,,,,,,,,,,,,,,,,,0,3,3,3,1,images/white_butterfly.png,images/yellow_butterfly.png,right_image_2,"In this example, select the RIGHT butterfly.",,,,,,,,,,,,,,,,,,,,,,,,
,,,,,026058,001,2025-09-05_18h25.20.237,Simon,2024.2.4,Linux armv81,59.52380952,,,,,,,,,,,,,,,,,,,,,,,,,,,16.7486,17.5705,1,[17.575700000002982],[17.575700000002982],,,,,,,,,,,,,,,,,,,
,,,,,026058,001,2025-09-05_18h25.20.237,Simon,2024.2.4,Linux armv81,59.52380952,,,,,,,,,,1,18.3262,18.8286,,,,,,,,,,,images/white_butterfly.png,images/yellow_butterfly.png,right_image, ,,,,,,17.587,18.3261,[0.2331711520823829],[-0.02479438132033151],[1],[0],[0],[0.737700000002981],"[""right_image""]",0,0,0,3,1,,,,,
,,,,,026058,001,2025-09-05_18h25.20.237,Simon,2024.2.4,Linux armv81,59.52380952,,,,,,,,,,1,19.466,19.9693,,,,,,,,,,,images/purple_butterfly.png,images/white_butterfly.png,left_image, ,,,,,,18.8302,19.4659,[-0.16631909298490724],[-0.027575045026421836],[1],[0],[0],[0.634999999999998],"[""left_image""]",0,1,1,0,1,,,,,
,,,,,026058,001,2025-09-05_18h25.20.237,Simon,2024.2.4,Linux armv81,59.52380952,,,,,,,,,,1,20.475,20.9777,,,,,,,,,,,images/white_butterfly.png,images/purple_butterfly.png,left_image, ,,,,,,19.9709,20.4748,[-0.15612325181056114],[-0.05908938219947536],[1],[0],[0],[0.5024999999999977],"[""left_image""]",0,2,2,1,1,,,,,
,,,,,026058,001,2025-09-05_18h25.20.237,Simon,2024.2.4,Linux armv81,59.52380952,,,,,,,,,,1,22.0496,22.5531,,,,,,,,,,,images/yellow_butterfly.png,images/white_butterfly.png,right_image, ,,,,,,20.9787,22.0495,[0.21834087139788624],[-0.014598540145985401],[1],[0],[0],[1.0700999999940386],"[""right_image""]",0,3,3,2,1,,,,,
,,,,,026058,001,2025-09-05_18h25.20.237,Simon,2024.2.4,Linux armv81,59.52380952,,,,,,,,,,1,23.5259,24.0295,,,,,,,,,,,images/white_butterfly.png,images/yellow_butterfly.png,right_image, ,,,,,,22.5543,23.5258,[0.21092576818164538],[-0.04147843780888838],[1],[0],[0],[0.9707000000029815],"[""right_image""]",1,0,4,3,1,,,,,
,,,,,026058,001,2025-09-05_18h25.20.237,Simon,2024.2.4,Linux armv81,59.52380952,,,,,,,,,,1,24.97,25.4726,,,,,,,,,,,images/yellow_butterfly.png,images/white_butterfly.png,right_image, ,,,,,,24.0311,24.9698,[0.16180048661800486],[-0.009037212733804744],[1],[0],[0],[0.9376000000014884],"[""right_image""]",1,1,5,2,1,,,,,
,,,,,026058,001,2025-09-05_18h25.20.237,Simon,2024.2.4,Linux armv81,59.52380952,,,,,,,,,,1,26.2614,26.7644,,,,,,,,,,,images/purple_butterfly.png,images/white_butterfly.png,left_image, ,,,,,,25.4741,26.2613,[-0.15148881230041059],[-0.06835826121977646],[1],[0],[0],[0.7863999999985083],"[""left_image""]",1,2,6,0,1,,,,,
,,,,,026058,001,2025-09-05_18h25.20.237,Simon,2024.2.4,Linux armv81,59.52380952,,,,,,,,,,1,27.3015,27.8046,,,,,,,,,,,images/white_butterfly.png,images/purple_butterfly.png,left_image, ,,,,,,26.7668,27.3014,[-0.1533425881044708],[-0.07021203702383667],[1],[0],[0],[0.5334999999999965],"[""left_image""]",1,3,7,1,1,,,,,
,,,,,026058,001,2025-09-05_18h25.20.237,Simon,2024.2.4,Linux armv81,59.52380952,,,,,,,,,,1,28.4087,28.9123,,,,,,,,,,,images/white_butterfly.png,images/purple_butterfly.png,left_image, ,,,,,,27.8059,28.4085,[-0.14870814859432024],[-0.06928514912180657],[1],[0],[0],[0.6023999999985108],"[""left_image""]",2,0,8,1,1,,,,,
,,,,,026058,001,2025-09-05_18h25.20.237,Simon,2024.2.4,Linux armv81,59.52380952,,,,,,,,,,1,29.4653,29.9688,,,,,,,,,,,images/purple_butterfly.png,images/white_butterfly.png,left_image, ,,,,,,28.9144,29.4653,[-0.14778126069229014],[-0.0813347661002129],[1],[0],[0],[0.5496000000014902],"[""left_image""]",2,1,9,0,1,,,,,
,,,,,026058,001,2025-09-05_18h25.20.237,Simon,2024.2.4,Linux armv81,59.52380952,,,,,,,,,,1,30.6897,31.193,,,,,,,,,,,images/yellow_butterfly.png,images/white_butterfly.png,right_image, ,,,,,,29.9705,30.6896,[0.23502492788644314],[-0.012744764341925183],[1],[0],[0],[0.7183999999985105],"[""right_image""]",2,2,10,2,1,,,,,
,,,,,026058,001,2025-09-05_18h25.20.237,Simon,2024.2.4,Linux armv81,59.52380952,,,,,,,,,,1,31.7978,32.3013,,,,,,,,,,,images/white_butterfly.png,images/yellow_butterfly.png,right_image, ,,,,,,31.1945,31.7976,[0.21092576818164538],[-0.03591703614469282],[1],[0],[0],[0.6022999999970153],"[""right_image""]",2,3,11,3,1,,,,,
,,,,,026058,001,2025-09-05_18h25.20.237,Simon,2024.2.4,Linux armv81,59.52380952,,,,,,,,,,0,32.8407,33.3413,,,,,,,,,,,images/yellow_butterfly.png,images/white_butterfly.png,right_image, ,,,,,,32.303,32.8387,[-0.1589039526426589],[-0.05816242004543035],[1],[0],[0],[0.5345000000000013],"[""left_image""]",3,0,12,2,1,,,,,
,,,,,026058,001,2025-09-05_18h25.20.237,Simon,2024.2.4,Linux armv81,59.52380952,,,,,,,,,,1,34.0141,34.5156,,,,,,,,,,,images/purple_butterfly.png,images/white_butterfly.png,left_image, ,,,,,,33.3432,34.0123,[-0.11812073644930429],[-0.0813347661002129],[1],[0],[0],[0.6681000000014947],"[""left_image""]",3,1,13,0,1,,,,,
,,,,,026058,001,2025-09-05_18h25.20.237,Simon,2024.2.4,Linux armv81,59.52380952,,,,,,,,,,0,35.0368,35.5391,,,,,,,,,,,images/white_butterfly.png,images/purple_butterfly.png,left_image, ,,,,,,34.5173,35.0353,[0.20165681490932938],[-0.060943158003535586],[1],[0],[0],[0.5168999999985076],"[""right_image""]",3,2,14,1,1,,,,,
,,,,,026058,001,2025-09-05_18h25.20.237,Simon,2024.2.4,Linux armv81,59.52380952,,,,,,,,,,1,36.1114,36.6135,,,,,,,,,,,images/white_butterfly.png,images/yellow_butterfly.png,right_image, ,,,,,,35.5407,36.1099,[0.22019464720194648],[-0.04703976522106904],[1],[0],[0],[0.5682000000029817],"[""right_image""]",3,3,15,3,1,,,,,
,,,,,026058,001,2025-09-05_18h25.20.237,Simon,2024.2.4,Linux armv81,59.52380952,,,,,,,,,,1,37.2852,37.7879,,,,,,,,,,,images/white_butterfly.png,images/purple_butterfly.png,left_image, ,,,,,,36.6157,37.2851,[-0.11255937191111617],[-0.11006836531516119],[1],[0],[0],[0.6681999999955295],"[""left_image""]",4,0,16,1,1,,,,,
,,,,,026058,001,2025-09-05_18h25.20.237,Simon,2024.2.4,Linux armv81,59.52380952,,,,,,,,,,1,38.6445,39.146,,,,,,,,,,,images/white_butterfly.png,images/yellow_butterfly.png,right_image, ,,,,,,37.7898,38.6443,[0.21648709559382603],[-0.05908938219947536],[1],[0],[0],[0.8536000000014923],"[""right_image""]",4,1,17,3,1,,,,,
,,,,,026058,001,2025-09-05_18h25.20.237,Simon,2024.2.4,Linux armv81,59.52380952,,,,,,,,,,1,39.6838,40.1868,,,,,,,,,,,images/yellow_butterfly.png,images/white_butterfly.png,right_image, ,,,,,,39.1475,39.6837,[0.2405862552986238],[-0.03777081194875304],[1],[0],[0],[0.5352000000029804],"[""right_image""]",4,2,18,2,1,,,,,
,,,,,026058,001,2025-09-05_18h25.20.237,Simon,2024.2.4,Linux armv81,59.52380952,,,,,,,,,,1,41.2614,41.7639,,,,,,,,,,,images/purple_butterfly.png,images/white_butterfly.png,left_image, ,,,,,,40.1884,41.2614,[-0.12738965259561283],[-0.08318854190427312],[1],[0],[0],[1.0723999999985097],"[""left_image""]",4,3,19,0,1,,,,,
,,,,,026058,001,2025-09-05_18h25.20.237,Simon,2024.2.4,Linux armv81,59.52380952,,,,,,,,,,,,,,,,,,,,,,,,,,,,,,,,,,,,,,,,,,,,,,41.7646,42.6223,1,[42.621500000000005],[42.621500000000005]
