﻿instructions.started,instructions.stopped,start_button.numClicks,start_button.timesOn,start_button.timesOff,participant,session,date,expName,psychopyVersion,OS,frameRate,practice_trial.started,practice_trial.stopped,mouse_2.x,mouse_2.y,mouse_2.leftButton,mouse_2.midButton,mouse_2.rightButton,mouse_2.time,mouse_2.clicked_name,correct,feedback.started,feedback.stopped,loop_until_correct.thisRepN,loop_until_correct.thisTrialN,loop_until_correct.thisN,loop_until_correct.thisIndex,loop_until_correct.ran,prac_trials.thisRepN,prac_trials.thisTrialN,prac_trials.thisN,prac_trials.thisIndex,prac_trials.ran,left_color,right_color,correct_response,top_txt,instructions_2.started,instructions_2.stopped,start_button_2.numClicks,start_button_2.timesOn,start_button_2.timesOff,trial.started,trial.stopped,mouse.x,mouse.y,mouse.leftButton,mouse.midButton,mouse.rightButton,mouse.time,mouse.clicked_name,trials.thisRepN,trials.thisTrialN,trials.thisN,trials.thisIndex,trials.ran,end.started,end.stopped,start_button_3.numClicks,start_button_3.timesOn,start_button_3.timesOff
0.0002,2.4297,1,[2.4345000000000003],[2.4345000000000003],029259,001,2026-01-21_15h28.10.700,Simon,2024.2.4,Win32,32.05128205,,,,,,,,,,,,,,,,,,,,,,,,,,,,,,,,,,,,,,,,,,,,,,,,,,
,,,,,029259,001,2026-01-21_15h28.10.700,Simon,2024.2.4,Win32,32.05128205,2.4376,5.0573,[-0.29979035639413],[-0.0010482180293501049],[1],[0],[0],[2.6181999999880787],"[""left_image_2"",""left_image_2""]",1,5.0576,5.5577,0,0,0,0,1,,,,,,,,,,,,,,,,,,,,,,,,,,,,,,,,,
,,,,,029259,001,2026-01-21_15h28.10.700,Simon,2024.2.4,Win32,32.05128205,,,,,,,,,,,,,,,,,,0,0,0,0,1,images/purple_butterfly.png,images/white_butterfly.png,left_image_2,"In this example, select the LEFT butterfly.",,,,,,,,,,,,,,,,,,,,,,,,
,,,,,029259,001,2026-01-21_15h28.10.700,Simon,2024.2.4,Win32,32.05128205,5.5601,6.4894,[-0.18867924528301888],[0.039832285115303984],[1],[0],[0],[0.9282999999523156],"[""left_image_2"",""left_image_2""]",1,6.4897,6.974,0,0,0,0,1,,,,,,,,,,,,,,,,,,,,,,,,,,,,,,,,,
,,,,,029259,001,2026-01-21_15h28.10.700,Simon,2024.2.4,Win32,32.05128205,,,,,,,,,,,,,,,,,,0,1,1,1,1,images/white_butterfly.png,images/purple_butterfly.png,left_image_2,"In this example, select the LEFT butterfly.",,,,,,,,,,,,,,,,,,,,,,,,
,,,,,029259,001,2026-01-21_15h28.10.700,Simon,2024.2.4,Win32,32.05128205,6.975,7.881,[0.1488469601677149],[0.011530398322851153],[1],[0],[0],[0.9053000000119198],"[""right_image_2"",""right_image_2""]",1,7.8812,8.3833,0,0,0,0,1,,,,,,,,,,,,,,,,,,,,,,,,,,,,,,,,,
,,,,,029259,001,2026-01-21_15h28.10.700,Simon,2024.2.4,Win32,32.05128205,,,,,,,,,,,,,,,,,,0,2,2,2,1,images/yellow_butterfly.png,images/white_butterfly.png,right_image_2,"In this example, select the RIGHT butterfly.",,,,,,,,,,,,,,,,,,,,,,,,
,,,,,029259,001,2026-01-21_15h28.10.700,Simon,2024.2.4,Win32,32.05128205,8.3842,9.4563,[0.2169811320754717],[0.007337526205450734],[1],[0],[0],[1.07119999998808],"[""right_image_2"",""right_image_2""]",1,9.4566,9.955,0,0,0,0,1,,,,,,,,,,,,,,,,,,,,,,,,,,,,,,,,,
,,,,,029259,001,2026-01-21_15h28.10.700,Simon,2024.2.4,Win32,32.05128205,,,,,,,,,,,,,,,,,,0,3,3,3,1,images/white_butterfly.png,images/yellow_butterfly.png,right_image_2,"In this example, select the RIGHT butterfly.",,,,,,,,,,,,,,,,,,,,,,,,
,,,,,029259,001,2026-01-21_15h28.10.700,Simon,2024.2.4,Win32,32.05128205,,,,,,,,,,,,,,,,,,,,,,,,,,,9.9552,13.0061,1,[13.00730000001192],[13.00730000001192],,,,,,,,,,,,,,,,,,,
,,,,,029259,001,2026-01-21_15h28.10.700,Simon,2024.2.4,Win32,32.05128205,,,,,,,,,,1,13.936,14.4456,,,,,,,,,,,images/white_butterfly.png,images/yellow_butterfly.png,right_image, ,,,,,,13.0102,13.936,[0.18134171907756813],[-0.06708595387840671],[1],[0],[0],[0.9254000000357632],"[""right_image""]",0,0,0,3,1,,,,,
,,,,,029259,001,2026-01-21_15h28.10.700,Simon,2024.2.4,Win32,32.05128205,,,,,,,,,,1,15.2059,15.6952,,,,,,,,,,,images/yellow_butterfly.png,images/white_butterfly.png,right_image, ,,,,,,14.4462,15.2058,[0.19392033542976939],[-0.08280922431865828],[1],[0],[0],[0.7586999999880781],"[""right_image""]",0,1,1,2,1,,,,,
,,,,,029259,001,2026-01-21_15h28.10.700,Simon,2024.2.4,Win32,32.05128205,,,,,,,,,,1,16.5061,17.0131,,,,,,,,,,,images/white_butterfly.png,images/purple_butterfly.png,left_image, ,,,,,,15.6956,16.5061,[-0.1960167714884696],[-0.006289308176100629],[1],[0],[0],[0.8101000000238407],"[""left_image""]",0,2,2,1,1,,,,,
,,,,,029259,001,2026-01-21_15h28.10.700,Simon,2024.2.4,Win32,32.05128205,,,,,,,,,,1,18.1937,18.6957,,,,,,,,,,,images/purple_butterfly.png,images/white_butterfly.png,left_image, ,,,,,,17.0141,18.1936,[-0.15513626834381553],[-0.009433962264150943],[1],[0],[0],[1.1791999999880787],"[""left_image""]",0,3,3,0,1,,,,,
,,,,,029259,001,2026-01-21_15h28.10.700,Simon,2024.2.4,Win32,32.05128205,,,,,,,,,,1,19.3878,19.8878,,,,,,,,,,,images/yellow_butterfly.png,images/white_butterfly.png,right_image, ,,,,,,18.6963,19.3878,[0.12368972746331237],[-0.02830188679245283],[1],[0],[0],[0.6910999999642371],"[""right_image""]",1,0,4,2,1,,,,,
,,,,,029259,001,2026-01-21_15h28.10.700,Simon,2024.2.4,Win32,32.05128205,,,,,,,,,,1,20.9679,21.4493,,,,,,,,,,,images/white_butterfly.png,images/yellow_butterfly.png,right_image, ,,,,,,19.8883,20.9679,[0.18867924528301888],[-0.013626834381551363],[1],[0],[0],[1.0792000000476847],"[""right_image""]",1,1,5,3,1,,,,,
,,,,,029259,001,2026-01-21_15h28.10.700,Simon,2024.2.4,Win32,32.05128205,,,,,,,,,,1,21.9945,22.4746,,,,,,,,,,,images/white_butterfly.png,images/purple_butterfly.png,left_image, ,,,,,,21.4499,21.9944,[-0.11320754716981132],[0.0041928721174004195],[1],[0],[0],[0.5440000000000005],"[""left_image""]",1,2,6,1,1,,,,,
,,,,,029259,001,2026-01-21_15h28.10.700,Simon,2024.2.4,Win32,32.05128205,,,,,,,,,,1,23.2342,23.7205,,,,,,,,,,,images/purple_butterfly.png,images/white_butterfly.png,left_image, ,,,,,,22.4752,23.2341,[-0.19392033542976939],[0.016771488469601678],[1],[0],[0],[0.7585000000000015],"[""left_image""]",1,3,7,0,1,,,,,
,,,,,029259,001,2026-01-21_15h28.10.700,Simon,2024.2.4,Win32,32.05128205,,,,,,,,,,1,24.4509,24.9331,,,,,,,,,,,images/white_butterfly.png,images/purple_butterfly.png,left_image, ,,,,,,23.7211,24.4508,[-0.09643605870020965],[0.012578616352201259],[1],[0],[0],[0.7294000000357634],"[""left_image""]",2,0,8,1,1,,,,,
,,,,,029259,001,2026-01-21_15h28.10.700,Simon,2024.2.4,Win32,32.05128205,,,,,,,,,,1,25.5657,26.0559,,,,,,,,,,,images/yellow_butterfly.png,images/white_butterfly.png,right_image, ,,,,,,24.9336,25.5656,[0.18448637316561844],[-0.02410901467505241],[1],[0],[0],[0.6315999999642372],"[""right_image""]",2,1,9,2,1,,,,,
,,,,,029259,001,2026-01-21_15h28.10.700,Simon,2024.2.4,Win32,32.05128205,,,,,,,,,,1,26.8034,27.2812,,,,,,,,,,,images/white_butterfly.png,images/yellow_butterfly.png,right_image, ,,,,,,26.0565,26.8033,[0.16247379454926625],[-0.013626834381551363],[1],[0],[0],[0.7466000000238431],"[""right_image""]",2,2,10,3,1,,,,,
,,,,,029259,001,2026-01-21_15h28.10.700,Simon,2024.2.4,Win32,32.05128205,,,,,,,,,,1,27.9338,28.4311,,,,,,,,,,,images/purple_butterfly.png,images/white_butterfly.png,left_image, ,,,,,,27.2817,27.9338,[-0.11530398322851153],[-0.0020964360587002098],[1],[0],[0],[0.6515999999642403],"[""left_image""]",2,3,11,0,1,,,,,
,,,,,029259,001,2026-01-21_15h28.10.700,Simon,2024.2.4,Win32,32.05128205,,,,,,,,,,1,28.9556,29.4412,,,,,,,,,,,images/white_butterfly.png,images/yellow_butterfly.png,right_image, ,,,,,,28.4318,28.9555,[0.1519916142557652],[-0.020964360587002098],[1],[0],[0],[0.5231999999880763],"[""right_image""]",3,0,12,3,1,,,,,
,,,,,029259,001,2026-01-21_15h28.10.700,Simon,2024.2.4,Win32,32.05128205,,,,,,,,,,1,29.9829,30.4745,,,,,,,,,,,images/purple_butterfly.png,images/white_butterfly.png,left_image, ,,,,,,29.4449,29.9828,[-0.13731656184486374],[-0.010482180293501049],[1],[0],[0],[0.5372999999523174],"[""left_image""]",3,1,13,0,1,,,,,
,,,,,029259,001,2026-01-21_15h28.10.700,Simon,2024.2.4,Win32,32.05128205,,,,,,,,,,1,31.0823,31.5848,,,,,,,,,,,images/yellow_butterfly.png,images/white_butterfly.png,right_image, ,,,,,,30.4751,31.0823,[0.09433962264150944],[-0.025157232704402517],[1],[0],[0],[0.6068999999761573],"[""right_image""]",3,2,14,2,1,,,,,
,,,,,029259,001,2026-01-21_15h28.10.700,Simon,2024.2.4,Win32,32.05128205,,,,,,,,,,1,32.2728,32.7739,,,,,,,,,,,images/white_butterfly.png,images/purple_butterfly.png,left_image, ,,,,,,31.5854,32.2728,[-0.1519916142557652],[-0.020964360587002098],[1],[0],[0],[0.6869999999999976],"[""left_image""]",3,3,15,1,1,,,,,
,,,,,029259,001,2026-01-21_15h28.10.700,Simon,2024.2.4,Win32,32.05128205,,,,,,,,,,1,33.6401,34.1436,,,,,,,,,,,images/purple_butterfly.png,images/white_butterfly.png,left_image, ,,,,,,32.7744,33.6401,[-0.2431865828092243],[-0.0041928721174004195],[1],[0],[0],[0.8651999999880786],"[""left_image""]",4,0,16,0,1,,,,,
,,,,,029259,001,2026-01-21_15h28.10.700,Simon,2024.2.4,Win32,32.05128205,,,,,,,,,,1,35.1958,35.7023,,,,,,,,,,,images/white_butterfly.png,images/yellow_butterfly.png,right_image, ,,,,,,34.1442,35.1957,[0.17295597484276728],[-0.014675052410901468],[1],[0],[0],[1.0511999999880786],"[""right_image""]",4,1,17,3,1,,,,,
,,,,,029259,001,2026-01-21_15h28.10.700,Simon,2024.2.4,Win32,32.05128205,,,,,,,,,,1,36.4304,36.9251,,,,,,,,,,,images/yellow_butterfly.png,images/white_butterfly.png,right_image, ,,,,,,35.7031,36.4303,[0.24528301886792453],[-0.013626834381551363],[1],[0],[0],[0.7265000000000015],"[""right_image""]",4,2,18,2,1,,,,,
,,,,,029259,001,2026-01-21_15h28.10.700,Simon,2024.2.4,Win32,32.05128205,,,,,,,,,,1,37.5167,38.0153,,,,,,,,,,,images/white_butterfly.png,images/purple_butterfly.png,left_image, ,,,,,,36.9257,37.5165,[-0.13836477987421383],[-0.0031446540880503146],[1],[0],[0],[0.5905000000000058],"[""left_image""]",4,3,19,1,1,,,,,
,,,,,029259,001,2026-01-21_15h28.10.700,Simon,2024.2.4,Win32,32.05128205,,,,,,,,,,,,,,,,,,,,,,,,,,,,,,,,,,,,,,,,,,,,,,38.0155,39.1586,1,[39.15830000001192],[39.158399999976155]
