﻿instructions.started,instructions.stopped,start_button.numClicks,start_button.timesOn,start_button.timesOff,participant,session,date,expName,psychopyVersion,OS,frameRate,practice_trial.started,practice_trial.stopped,mouse_2.x,mouse_2.y,mouse_2.leftButton,mouse_2.midButton,mouse_2.rightButton,mouse_2.time,mouse_2.clicked_name,correct,feedback.started,feedback.stopped,loop_until_correct.thisRepN,loop_until_correct.thisTrialN,loop_until_correct.thisN,loop_until_correct.thisIndex,loop_until_correct.ran,prac_trials.thisRepN,prac_trials.thisTrialN,prac_trials.thisN,prac_trials.thisIndex,prac_trials.ran,left_color,right_color,correct_response,top_txt,instructions_2.started,instructions_2.stopped,start_button_2.numClicks,start_button_2.timesOn,start_button_2.timesOff,trial.started,trial.stopped,mouse.x,mouse.y,mouse.leftButton,mouse.midButton,mouse.rightButton,mouse.time,mouse.clicked_name,trials.thisRepN,trials.thisTrialN,trials.thisN,trials.thisIndex,trials.ran,end.started,end.stopped,start_button_3.numClicks,start_button_3.timesOn,start_button_3.timesOff
0.0007,25.4417,1,[25.463399999998508],[25.463399999998508],031107,001,2026-01-22_20h14.07.566,Simon,2024.2.4,MacIntel,56.81818182,,,,,,,,,,,,,,,,,,,,,,,,,,,,,,,,,,,,,,,,,,,,,,,,,,
,,,,,031107,001,2026-01-22_20h14.07.566,Simon,2024.2.4,MacIntel,56.81818182,25.4974,32.1375,[-0.15321849761380324],[-0.07441296906548274],[1],[0],[0],[6.6320000000000086],"[""left_image_2"",""left_image_2""]",1,32.1394,32.6349,0,0,0,0,1,,,,,,,,,,,,,,,,,,,,,,,,,,,,,,,,,
,,,,,031107,001,2026-01-22_20h14.07.566,Simon,2024.2.4,MacIntel,56.81818182,,,,,,,,,,,,,,,,,,0,0,0,0,1,images/purple_butterfly.png,images/white_butterfly.png,left_image_2,"In this example, select the LEFT butterfly.",,,,,,,,,,,,,,,,,,,,,,,,
,,,,,031107,001,2026-01-22_20h14.07.566,Simon,2024.2.4,MacIntel,56.81818182,32.6387,36.5663,[-0.16778815405309289],[-0.015510189375688327],[1],[0],[0],[3.924899999998509],"[""left_image_2"",""left_image_2""]",1,36.5666,37.0663,0,0,0,0,1,,,,,,,,,,,,,,,,,,,,,,,,,,,,,,,,,
,,,,,031107,001,2026-01-22_20h14.07.566,Simon,2024.2.4,MacIntel,56.81818182,,,,,,,,,,,,,,,,,,0,1,1,1,1,images/white_butterfly.png,images/purple_butterfly.png,left_image_2,"In this example, select the LEFT butterfly.",,,,,,,,,,,,,,,,,,,,,,,,
,,,,,031107,001,2026-01-22_20h14.07.566,Simon,2024.2.4,MacIntel,56.81818182,37.0712,39.3165,[0.14426900496741923],[0.0035721250917767986],[1],[0],[0],[2.24140000000223],"[""right_image_2"",""right_image_2""]",1,39.3173,39.8138,0,0,0,0,1,,,,,,,,,,,,,,,,,,,,,,,,,,,,,,,,,
,,,,,031107,001,2026-01-22_20h14.07.566,Simon,2024.2.4,MacIntel,56.81818182,,,,,,,,,,,,,,,,,,0,2,2,2,1,images/yellow_butterfly.png,images/white_butterfly.png,right_image_2,"In this example, select the RIGHT butterfly.",,,,,,,,,,,,,,,,,,,,,,,,
,,,,,031107,001,2026-01-22_20h14.07.566,Simon,2024.2.4,MacIntel,56.81818182,39.8164,42.0125,[0.18577559999082233],[0.01294716094208884],[1],[0],[0],[2.1939999999999955],"[""right_image_2"",""right_image_2""]",1,42.0128,42.5131,0,0,0,0,1,,,,,,,,,,,,,,,,,,,,,,,,,,,,,,,,,
,,,,,031107,001,2026-01-22_20h14.07.566,Simon,2024.2.4,MacIntel,56.81818182,,,,,,,,,,,,,,,,,,0,3,3,3,1,images/white_butterfly.png,images/yellow_butterfly.png,right_image_2,"In this example, select the RIGHT butterfly.",,,,,,,,,,,,,,,,,,,,,,,,
,,,,,031107,001,2026-01-22_20h14.07.566,Simon,2024.2.4,MacIntel,56.81818182,,,,,,,,,,,,,,,,,,,,,,,,,,,42.5143,43.882,1,[43.884699999999256],[43.884699999999256],,,,,,,,,,,,,,,,,,,
,,,,,031107,001,2026-01-22_20h14.07.566,Simon,2024.2.4,MacIntel,56.81818182,,,,,,,,,,1,45.2596,45.7592,,,,,,,,,,,images/purple_butterfly.png,images/white_butterfly.png,left_image, ,,,,,,43.9229,45.2595,[-0.15266864345287262],[0.03977215692685389],[1],[0],[0],[1.3345999999977636],"[""left_image""]",0,0,0,0,1,,,,,
,,,,,031107,001,2026-01-22_20h14.07.566,Simon,2024.2.4,MacIntel,56.81818182,,,,,,,,,,1,49.5074,50.0067,,,,,,,,,,,images/yellow_butterfly.png,images/white_butterfly.png,right_image, ,,,,,,45.761,49.5073,[0.20703689642414647],[-0.025578615073765604],[1],[0],[0],[3.7449999999999974],"[""right_image""]",0,1,1,2,1,,,,,
,,,,,031107,001,2026-01-22_20h14.07.566,Simon,2024.2.4,MacIntel,56.81818182,,,,,,,,,,1,52.1885,52.6885,,,,,,,,,,,images/white_butterfly.png,images/purple_butterfly.png,left_image, ,,,,,,50.0083,52.1882,[-0.15373680350013766],[0.027363736548962923],[1],[0],[0],[2.1788999999985066],"[""left_image""]",0,2,2,1,1,,,,,
,,,,,031107,001,2026-01-22_20h14.07.566,Simon,2024.2.4,MacIntel,56.81818182,,,,,,,,,,1,55.2056,55.7028,,,,,,,,,,,images/white_butterfly.png,images/yellow_butterfly.png,right_image, ,,,,,,52.6904,55.2054,[0.12505099706887848],[0.013193183708470998],[1],[0],[0],[2.513999999999996],"[""right_image""]",0,3,3,3,1,,,,,
,,,,,031107,001,2026-01-22_20h14.07.566,Simon,2024.2.4,MacIntel,56.81818182,,,,,,,,,,1,58.634,59.1339,,,,,,,,,,,images/purple_butterfly.png,images/white_butterfly.png,left_image, ,,,,,,55.7043,58.6339,[-0.1705188723212647],[0.01954962328492107],[1],[0],[0],[2.928999999999995],"[""left_image""]",1,0,4,0,1,,,,,
,,,,,031107,001,2026-01-22_20h14.07.566,Simon,2024.2.4,MacIntel,56.81818182,,,,,,,,,,1,60.1172,60.6171,,,,,,,,,,,images/yellow_butterfly.png,images/white_butterfly.png,right_image, ,,,,,,59.1351,60.117,[0.1990899577539923],[0.005163878946402349],[1],[0],[0],[0.9813000000007506],"[""right_image""]",1,1,5,2,1,,,,,
,,,,,031107,001,2026-01-22_20h14.07.566,Simon,2024.2.4,MacIntel,56.81818182,,,,,,,,,,1,62.167,62.6653,,,,,,,,,,,images/white_butterfly.png,images/purple_butterfly.png,left_image, ,,,,,,60.6181,62.1668,[-0.17397206400284507],[0.018682404236646476],[1],[0],[0],[1.5479000000022438],"[""left_image""]",1,2,6,1,1,,,,,
,,,,,031107,001,2026-01-22_20h14.07.566,Simon,2024.2.4,MacIntel,56.81818182,,,,,,,,,,1,64.1975,64.6971,,,,,,,,,,,images/white_butterfly.png,images/yellow_butterfly.png,right_image, ,,,,,,62.6668,64.1973,[0.1598279507674835],[-0.00748066054916942],[1],[0],[0],[1.5301000000014824],"[""right_image""]",1,3,7,3,1,,,,,
,,,,,031107,001,2026-01-22_20h14.07.566,Simon,2024.2.4,MacIntel,56.81818182,,,,,,,,,,1,65.6314,66.1291,,,,,,,,,,,images/white_butterfly.png,images/purple_butterfly.png,left_image, ,,,,,,64.6979,65.6314,[-0.1699342433576542],[-0.010397576375504772],[1],[0],[0],[0.9331000000014882],"[""left_image""]",2,0,8,1,1,,,,,
,,,,,031107,001,2026-01-22_20h14.07.566,Simon,2024.2.4,MacIntel,56.81818182,,,,,,,,,,1,68.1945,68.6948,,,,,,,,,,,images/yellow_butterfly.png,images/white_butterfly.png,right_image, ,,,,,,66.1299,68.1944,[0.23765351103616006],[-0.015145950205350587],[1],[0],[0],[2.064000000000007],"[""right_image""]",2,1,9,2,1,,,,,
,,,,,031107,001,2026-01-22_20h14.07.566,Simon,2024.2.4,MacIntel,56.81818182,,,,,,,,,,1,69.4938,69.9938,,,,,,,,,,,images/purple_butterfly.png,images/white_butterfly.png,left_image, ,,,,,,68.6968,69.4937,[-0.19117627024825623],[0.026631045796622614],[1],[0],[0],[0.7960999999977645],"[""left_image""]",2,2,10,0,1,,,,,
,,,,,031107,001,2026-01-22_20h14.07.566,Simon,2024.2.4,MacIntel,56.81818182,,,,,,,,,,1,71.8605,72.3598,,,,,,,,,,,images/white_butterfly.png,images/yellow_butterfly.png,right_image, ,,,,,,69.9959,71.8596,[0.16038963553138766],[-0.009390899613390236],[1],[0],[0],[1.8621000000014902],"[""right_image""]",2,3,11,3,1,,,,,
,,,,,031107,001,2026-01-22_20h14.07.566,Simon,2024.2.4,MacIntel,56.81818182,,,,,,,,,,1,73.1582,73.6576,,,,,,,,,,,images/white_butterfly.png,images/purple_butterfly.png,left_image, ,,,,,,72.3616,73.1581,[-0.24355751967465125],[0.0037110450509361234],[1],[0],[0],[0.7956999999992576],"[""left_image""]",3,0,12,1,1,,,,,
,,,,,031107,001,2026-01-22_20h14.07.566,Simon,2024.2.4,MacIntel,56.81818182,,,,,,,,,,1,74.8906,75.39,,,,,,,,,,,images/yellow_butterfly.png,images/white_butterfly.png,right_image, ,,,,,,73.6597,74.8905,[0.21903420334870594],[0.004343175678001101],[1],[0],[0],[1.230099999997762],"[""right_image""]",3,1,13,2,1,,,,,
,,,,,031107,001,2026-01-22_20h14.07.566,Simon,2024.2.4,MacIntel,56.81818182,,,,,,,,,,1,76.3894,76.8881,,,,,,,,,,,images/purple_butterfly.png,images/white_butterfly.png,left_image, ,,,,,,75.3907,76.3893,[-0.1834948031387665],[0.02036297723935389],[1],[0],[0],[0.9981000000014859],"[""left_image""]",3,2,14,0,1,,,,,
,,,,,031107,001,2026-01-22_20h14.07.566,Simon,2024.2.4,MacIntel,56.81818182,,,,,,,,,,1,77.8223,78.3215,,,,,,,,,,,images/white_butterfly.png,images/yellow_butterfly.png,right_image, ,,,,,,76.8902,77.822,[0.15956131407167767],[-0.01233873633386105],[1],[0],[0],[0.9309000000022252],"[""right_image""]",3,3,15,3,1,,,,,
,,,,,031107,001,2026-01-22_20h14.07.566,Simon,2024.2.4,MacIntel,56.81818182,,,,,,,,,,1,79.2377,79.7365,,,,,,,,,,,images/yellow_butterfly.png,images/white_butterfly.png,right_image, ,,,,,,78.3229,79.2376,[0.20635627825004588],[0.012661613206681351],[1],[0],[0],[0.9140000000000015],"[""right_image""]",4,0,16,2,1,,,,,
,,,,,031107,001,2026-01-22_20h14.07.566,Simon,2024.2.4,MacIntel,56.81818182,,,,,,,,,,1,81.9196,82.4233,,,,,,,,,,,images/white_butterfly.png,images/purple_butterfly.png,left_image, ,,,,,,79.7385,81.9194,[-0.18948099861761197],[0.0032321745078469164],[1],[0],[0],[2.179800000000739],"[""left_image""]",4,1,17,1,1,,,,,
,,,,,031107,001,2026-01-22_20h14.07.566,Simon,2024.2.4,MacIntel,56.81818182,,,,,,,,,,1,83.3967,83.8846,,,,,,,,,,,images/purple_butterfly.png,images/white_butterfly.png,left_image, ,,,,,,82.4254,83.3965,[-0.1694462309849945],[0.036269581440436856],[1],[0],[0],[0.9683000000007382],"[""left_image""]",4,2,18,0,1,,,,,
,,,,,031107,001,2026-01-22_20h14.07.566,Simon,2024.2.4,MacIntel,56.81818182,,,,,,,,,,1,84.9004,85.4,,,,,,,,,,,images/white_butterfly.png,images/yellow_butterfly.png,right_image, ,,,,,,83.8874,84.9002,[0.1440755925339574],[0.012964906846549192],[1],[0],[0],[1.011499999999998],"[""right_image""]",4,3,19,3,1,,,,,
,,,,,031107,001,2026-01-22_20h14.07.566,Simon,2024.2.4,MacIntel,56.81818182,,,,,,,,,,,,,,,,,,,,,,,,,,,,,,,,,,,,,,,,,,,,,,85.4005,86.4483,1,[86.44739999999851],[86.44739999999851]
