﻿instructions.started,instructions.stopped,start_button.numClicks,start_button.timesOn,start_button.timesOff,participant,session,date,expName,psychopyVersion,OS,frameRate,practice_trial.started,practice_trial.stopped,mouse_2.x,mouse_2.y,mouse_2.leftButton,mouse_2.midButton,mouse_2.rightButton,mouse_2.time,mouse_2.clicked_name,correct,feedback.started,feedback.stopped,loop_until_correct.thisRepN,loop_until_correct.thisTrialN,loop_until_correct.thisN,loop_until_correct.thisIndex,loop_until_correct.ran,prac_trials.thisRepN,prac_trials.thisTrialN,prac_trials.thisN,prac_trials.thisIndex,prac_trials.ran,left_color,right_color,correct_response,top_txt,instructions_2.started,instructions_2.stopped,start_button_2.numClicks,start_button_2.timesOn,start_button_2.timesOff,trial.started,trial.stopped,mouse.x,mouse.y,mouse.leftButton,mouse.midButton,mouse.rightButton,mouse.time,mouse.clicked_name,trials.thisRepN,trials.thisTrialN,trials.thisN,trials.thisIndex,trials.ran,end.started,end.stopped,start_button_3.numClicks,start_button_3.timesOn,start_button_3.timesOff
0.0003,8.8208,1,[8.857900000095368],[8.857999999999999],031274,001,2025-10-03_15h20.08.610,Simon,2024.2.4,MacIntel,59.88023952,,,,,,,,,,,,,,,,,,,,,,,,,,,,,,,,,,,,,,,,,,,,,,,,,,
,,,,,031274,001,2025-10-03_15h20.08.610,Simon,2024.2.4,MacIntel,59.88023952,8.8425,10.6207,[-0.19626077586206897],[-0.008820043103448276],[1],[0],[0],[1.775699999809266],"[""left_image_2"",""left_image_2""]",1,10.6215,11.1202,0,0,0,0,1,,,,,,,,,,,,,,,,,,,,,,,,,,,,,,,,,
,,,,,031274,001,2025-10-03_15h20.08.610,Simon,2024.2.4,MacIntel,59.88023952,,,,,,,,,,,,,,,,,,0,0,0,0,1,images/purple_butterfly.png,images/white_butterfly.png,left_image_2,"In this example, select the LEFT butterfly.",,,,,,,,,,,,,,,,,,,,,,,,
,,,,,031274,001,2025-10-03_15h20.08.610,Simon,2024.2.4,MacIntel,59.88023952,11.1228,12.2369,[-0.19626077586206897],[-0.008820043103448276],[1],[0],[0],[1.1114000000953688],"[""left_image_2"",""left_image_2""]",1,12.2372,12.7368,0,0,0,0,1,,,,,,,,,,,,,,,,,,,,,,,,,,,,,,,,,
,,,,,031274,001,2025-10-03_15h20.08.610,Simon,2024.2.4,MacIntel,59.88023952,,,,,,,,,,,,,,,,,,0,1,1,1,1,images/white_butterfly.png,images/purple_butterfly.png,left_image_2,"In this example, select the LEFT butterfly.",,,,,,,,,,,,,,,,,,,,,,,,
,,,,,031274,001,2025-10-03_15h20.08.610,Simon,2024.2.4,MacIntel,59.88023952,12.739,13.6699,[0.10783405172413793],[0.002850215517241379],[1],[0],[0],[0.9291999998092635],"[""right_image_2"",""right_image_2""]",1,13.6701,14.1702,0,0,0,0,1,,,,,,,,,,,,,,,,,,,,,,,,,,,,,,,,,
,,,,,031274,001,2025-10-03_15h20.08.610,Simon,2024.2.4,MacIntel,59.88023952,,,,,,,,,,,,,,,,,,0,2,2,2,1,images/yellow_butterfly.png,images/white_butterfly.png,right_image_2,"In this example, select the RIGHT butterfly.",,,,,,,,,,,,,,,,,,,,,,,,
,,,,,031274,001,2025-10-03_15h20.08.610,Simon,2024.2.4,MacIntel,59.88023952,14.1719,14.9531,[0.13789870689655173],[0.0034967672413793102],[1],[0],[0],[0.7798000001907361],"[""right_image_2"",""right_image_2""]",1,14.9533,15.4527,0,0,0,0,1,,,,,,,,,,,,,,,,,,,,,,,,,,,,,,,,,
,,,,,031274,001,2025-10-03_15h20.08.610,Simon,2024.2.4,MacIntel,59.88023952,,,,,,,,,,,,,,,,,,0,3,3,3,1,images/white_butterfly.png,images/yellow_butterfly.png,right_image_2,"In this example, select the RIGHT butterfly.",,,,,,,,,,,,,,,,,,,,,,,,
,,,,,031274,001,2025-10-03_15h20.08.610,Simon,2024.2.4,MacIntel,59.88023952,,,,,,,,,,,,,,,,,,,,,,,,,,,15.4533,17.5371,1,[17.537999999999997],[17.537999999999997],,,,,,,,,,,,,,,,,,,
,,,,,031274,001,2025-10-03_15h20.08.610,Simon,2024.2.4,MacIntel,59.88023952,,,,,,,,,,1,18.3695,18.87,,,,,,,,,,,images/yellow_butterfly.png,images/white_butterfly.png,right_image, ,,,,,,17.5467,18.3694,[0.21276939655172414],[-0.05829741379310345],[1],[0],[0],[0.8219000000953649],"[""right_image""]",0,0,0,2,1,,,,,
,,,,,031274,001,2025-10-03_15h20.08.610,Simon,2024.2.4,MacIntel,59.88023952,,,,,,,,,,1,19.5032,20.0032,,,,,,,,,,,images/purple_butterfly.png,images/white_butterfly.png,left_image, ,,,,,,18.8715,19.5032,[-0.1553178879310345],[-0.022586206896551723],[1],[0],[0],[0.6310999999046345],"[""left_image""]",0,1,1,0,1,,,,,
,,,,,031274,001,2025-10-03_15h20.08.610,Simon,2024.2.4,MacIntel,59.88023952,,,,,,,,,,1,20.7531,21.2533,,,,,,,,,,,images/white_butterfly.png,images/yellow_butterfly.png,right_image, ,,,,,,20.004,20.7531,[0.15128232758620688],[-0.042591594827586204],[1],[0],[0],[0.748300000190735],"[""right_image""]",0,2,2,3,1,,,,,
,,,,,031274,001,2025-10-03_15h20.08.610,Simon,2024.2.4,MacIntel,59.88023952,,,,,,,,,,1,22.2031,22.7033,,,,,,,,,,,images/white_butterfly.png,images/purple_butterfly.png,left_image, ,,,,,,21.2542,22.2031,[-0.21683189655172413],[-0.012855603448275863],[1],[0],[0],[0.9481000003814728],"[""left_image""]",0,3,3,1,1,,,,,
,,,,,031274,001,2025-10-03_15h20.08.610,Simon,2024.2.4,MacIntel,59.88023952,,,,,,,,,,1,23.4031,23.9028,,,,,,,,,,,images/white_butterfly.png,images/yellow_butterfly.png,right_image, ,,,,,,22.7042,23.403,[0.09338362068965517],[-0.07092133620689656],[1],[0],[0],[0.6981999998092654],"[""right_image""]",1,0,4,3,1,,,,,
,,,,,031274,001,2025-10-03_15h20.08.610,Simon,2024.2.4,MacIntel,59.88023952,,,,,,,,,,1,24.6871,25.1866,,,,,,,,,,,images/white_butterfly.png,images/purple_butterfly.png,left_image, ,,,,,,23.9036,24.6869,[-0.26988685344827584],[-0.05075431034482759],[1],[0],[0],[0.7827999997139017],"[""left_image""]",1,1,5,1,1,,,,,
,,,,,031274,001,2025-10-03_15h20.08.610,Simon,2024.2.4,MacIntel,59.88023952,,,,,,,,,,1,25.9192,26.4202,,,,,,,,,,,images/yellow_butterfly.png,images/white_butterfly.png,right_image, ,,,,,,25.1876,25.9191,[0.09283405172413793],[-0.06519396551724138],[1],[0],[0],[0.7306999998092678],"[""right_image""]",1,2,6,2,1,,,,,
,,,,,031274,001,2025-10-03_15h20.08.610,Simon,2024.2.4,MacIntel,59.88023952,,,,,,,,,,1,27.32,27.82,,,,,,,,,,,images/purple_butterfly.png,images/white_butterfly.png,left_image, ,,,,,,26.4216,27.3199,[-0.1356842672413793],[-0.05633620689655172],[1],[0],[0],[0.8976999998092658],"[""left_image""]",1,3,7,0,1,,,,,
,,,,,031274,001,2025-10-03_15h20.08.610,Simon,2024.2.4,MacIntel,59.88023952,,,,,,,,,,1,28.4364,28.9366,,,,,,,,,,,images/white_butterfly.png,images/yellow_butterfly.png,right_image, ,,,,,,27.8211,28.4363,[0.2305657327586207],[-0.09363685344827587],[1],[0],[0],[0.6145000000000067],"[""right_image""]",2,0,8,3,1,,,,,
,,,,,031274,001,2025-10-03_15h20.08.610,Simon,2024.2.4,MacIntel,59.88023952,,,,,,,,,,1,29.5532,30.0533,,,,,,,,,,,images/white_butterfly.png,images/purple_butterfly.png,left_image, ,,,,,,28.9371,29.5531,[-0.22892241379310344],[-0.050102370689655173],[1],[0],[0],[0.615700000286111],"[""left_image""]",2,1,9,1,1,,,,,
,,,,,031274,001,2025-10-03_15h20.08.610,Simon,2024.2.4,MacIntel,59.88023952,,,,,,,,,,1,31.0198,31.5193,,,,,,,,,,,images/purple_butterfly.png,images/white_butterfly.png,left_image, ,,,,,,30.0546,31.0198,[-0.20496228448275863],[-0.01511853448275862],[1],[0],[0],[0.9644000000953667],"[""left_image""]",2,2,10,0,1,,,,,
,,,,,031274,001,2025-10-03_15h20.08.610,Simon,2024.2.4,MacIntel,59.88023952,,,,,,,,,,1,32.2535,32.7533,,,,,,,,,,,images/yellow_butterfly.png,images/white_butterfly.png,right_image, ,,,,,,31.5205,32.2534,[0.08316810344827587],[-0.00744073275862069],[1],[0],[0],[0.7324000000953674],"[""right_image""]",2,3,11,2,1,,,,,
,,,,,031274,001,2025-10-03_15h20.08.610,Simon,2024.2.4,MacIntel,59.88023952,,,,,,,,,,1,33.5865,34.0866,,,,,,,,,,,images/purple_butterfly.png,images/white_butterfly.png,left_image, ,,,,,,32.7542,33.5864,[-0.13837823275862068],[-0.03074353448275862],[1],[0],[0],[0.8316999998092598],"[""left_image""]",3,0,12,0,1,,,,,
,,,,,031274,001,2025-10-03_15h20.08.610,Simon,2024.2.4,MacIntel,59.88023952,,,,,,,,,,1,35.0536,35.5533,,,,,,,,,,,images/white_butterfly.png,images/yellow_butterfly.png,right_image, ,,,,,,34.0876,35.0535,[0.11182650862068966],[-0.027731681034482758],[1],[0],[0],[0.965299999713892],"[""right_image""]",3,1,13,3,1,,,,,
,,,,,031274,001,2025-10-03_15h20.08.610,Simon,2024.2.4,MacIntel,59.88023952,,,,,,,,,,1,36.3189,36.8201,,,,,,,,,,,images/yellow_butterfly.png,images/white_butterfly.png,right_image, ,,,,,,35.5546,36.3189,[0.12204202586206897],[-0.010641163793103448],[1],[0],[0],[0.7634000000953591],"[""right_image""]",3,2,14,2,1,,,,,
,,,,,031274,001,2025-10-03_15h20.08.610,Simon,2024.2.4,MacIntel,59.88023952,,,,,,,,,,1,37.42,37.92,,,,,,,,,,,images/white_butterfly.png,images/purple_butterfly.png,left_image, ,,,,,,36.8212,37.42,[-0.1255603448275862],[-0.011831896551724138],[1],[0],[0],[0.597999999999999],"[""left_image""]",3,3,15,1,1,,,,,
,,,,,031274,001,2025-10-03_15h20.08.610,Simon,2024.2.4,MacIntel,59.88023952,,,,,,,,,,1,38.5698,39.0701,,,,,,,,,,,images/white_butterfly.png,images/yellow_butterfly.png,right_image, ,,,,,,37.9212,38.5698,[0.16613685344827586],[-0.013351293103448276],[1],[0],[0],[0.6480999999046304],"[""right_image""]",4,0,16,3,1,,,,,
,,,,,031274,001,2025-10-03_15h20.08.610,Simon,2024.2.4,MacIntel,59.88023952,,,,,,,,,,1,39.8865,40.3866,,,,,,,,,,,images/yellow_butterfly.png,images/white_butterfly.png,right_image, ,,,,,,39.0714,39.8864,[0.21967672413793105],[-0.01861530172413793],[1],[0],[0],[0.8144000000953753],"[""right_image""]",4,1,17,2,1,,,,,
,,,,,031274,001,2025-10-03_15h20.08.610,Simon,2024.2.4,MacIntel,59.88023952,,,,,,,,,,1,40.9864,41.4865,,,,,,,,,,,images/white_butterfly.png,images/purple_butterfly.png,left_image, ,,,,,,40.3877,40.9864,[-0.19344288793103448],[-0.0031088362068965518],[1],[0],[0],[0.597999999999999],"[""left_image""]",4,2,18,1,1,,,,,
,,,,,031274,001,2025-10-03_15h20.08.610,Simon,2024.2.4,MacIntel,59.88023952,,,,,,,,,,1,41.9035,42.4032,,,,,,,,,,,images/purple_butterfly.png,images/white_butterfly.png,left_image, ,,,,,,41.4874,41.9034,[-0.19148168103448276],[-0.0031088362068965518],[1],[0],[0],[0.4153000001907401],"[""left_image""]",4,3,19,0,1,,,,,
,,,,,031274,001,2025-10-03_15h20.08.610,Simon,2024.2.4,MacIntel,59.88023952,,,,,,,,,,,,,,,,,,,,,,,,,,,,,,,,,,,,,,,,,,,,,,42.404,46.1706,1,[46.17009999990463],[46.17009999990463]
