﻿instructions.started,instructions.stopped,start_button.numClicks,start_button.timesOn,start_button.timesOff,participant,session,date,expName,psychopyVersion,OS,frameRate,practice_trial.started,practice_trial.stopped,mouse_2.x,mouse_2.y,mouse_2.leftButton,mouse_2.midButton,mouse_2.rightButton,mouse_2.time,mouse_2.clicked_name,correct,feedback.started,feedback.stopped,loop_until_correct.thisRepN,loop_until_correct.thisTrialN,loop_until_correct.thisN,loop_until_correct.thisIndex,loop_until_correct.ran,prac_trials.thisRepN,prac_trials.thisTrialN,prac_trials.thisN,prac_trials.thisIndex,prac_trials.ran,left_color,right_color,correct_response,top_txt,instructions_2.started,instructions_2.stopped,start_button_2.numClicks,start_button_2.timesOn,start_button_2.timesOff,trial.started,trial.stopped,mouse.x,mouse.y,mouse.leftButton,mouse.midButton,mouse.rightButton,mouse.time,mouse.clicked_name,trials.thisRepN,trials.thisTrialN,trials.thisN,trials.thisIndex,trials.ran,end.started,end.stopped,start_button_3.numClicks,start_button_3.timesOn,start_button_3.timesOff
0.0009,16.8386,1,[16.859499999999997],[16.859499999999997],035019,001,2025-01-21_10h17.09.333,Simon,2024.2.4,Win32,59.88023952,,,,,,,,,,,,,,,,,,,,,,,,,,,,,,,,,,,,,,,,,,,,,,,,,,
,,,,,035019,001,2025-01-21_10h17.09.333,Simon,2024.2.4,Win32,59.88023952,16.8611,18.5214,[-0.14563844779649968],[0.06030339025215313],[1],[0],[0],[1.6568000000119234],"[""left_image_2"",""left_image_2""]",1,18.5225,19.0252,0,0,0,0,1,,,,,,,,,,,,,,,,,,,,,,,,,,,,,,,,,
,,,,,035019,001,2025-01-21_10h17.09.333,Simon,2024.2.4,Win32,59.88023952,,,,,,,,,,,,,,,,,,0,0,0,0,1,images/purple_butterfly.png,images/white_butterfly.png,left_image_2,"In this example, select the LEFT butterfly.",,,,,,,,,,,,,,,,,,,,,,,,
,,,,,035019,001,2025-01-21_10h17.09.333,Simon,2024.2.4,Win32,59.88023952,19.0286,23.1715,[-0.12945633802643014],[-0.002402053620812263],[1],[0],[0],[4.1393000000119216],"[""left_image_2"",""left_image_2""]",1,23.1719,23.6704,0,0,0,0,1,,,,,,,,,,,,,,,,,,,,,,,,,,,,,,,,,
,,,,,035019,001,2025-01-21_10h17.09.333,Simon,2024.2.4,Win32,59.88023952,,,,,,,,,,,,,,,,,,0,1,1,1,1,images/white_butterfly.png,images/purple_butterfly.png,left_image_2,"In this example, select the LEFT butterfly.",,,,,,,,,,,,,,,,,,,,,,,,
,,,,,035019,001,2025-01-21_10h17.09.333,Simon,2024.2.4,Win32,59.88023952,23.673,27.3256,[0.09709227281032712],[0.01580278128950695],[1],[0],[0],[3.6501999999880788],"[""right_image_2"",""right_image_2""]",1,27.3258,27.821,0,0,0,0,1,,,,,,,,,,,,,,,,,,,,,,,,,,,,,,,,,
,,,,,035019,001,2025-01-21_10h17.09.333,Simon,2024.2.4,Win32,59.88023952,,,,,,,,,,,,,,,,,,0,2,2,2,1,images/yellow_butterfly.png,images/white_butterfly.png,right_image_2,"In this example, select the RIGHT butterfly.",,,,,,,,,,,,,,,,,,,,,,,,
,,,,,035019,001,2025-01-21_10h17.09.333,Simon,2024.2.4,Win32,59.88023952,27.8234,30.0703,[0.14867261266889223],[0.00164347382170512],[1],[0],[0],[2.2453999999761614],"[""right_image_2"",""right_image_2""]",1,30.0709,30.5702,0,0,0,0,1,,,,,,,,,,,,,,,,,,,,,,,,,,,,,,,,,
,,,,,035019,001,2025-01-21_10h17.09.333,Simon,2024.2.4,Win32,59.88023952,,,,,,,,,,,,,,,,,,0,3,3,3,1,images/white_butterfly.png,images/yellow_butterfly.png,right_image_2,"In this example, select the RIGHT butterfly.",,,,,,,,,,,,,,,,,,,,,,,,
,,,,,035019,001,2025-01-21_10h17.09.333,Simon,2024.2.4,Win32,59.88023952,,,,,,,,,,,,,,,,,,,,,,,,,,,30.5709,32.1907,1,[32.19460000002384],[32.19460000002384],,,,,,,,,,,,,,,,,,,
,,,,,035019,001,2025-01-21_10h17.09.333,Simon,2024.2.4,Win32,59.88023952,,,,,,,,,,1,33.3873,33.8863,,,,,,,,,,,images/purple_butterfly.png,images/white_butterfly.png,left_image, ,,,,,,32.2014,33.3872,[-0.14664981036662453],[0.020859671302149177],[1],[0],[0],[1.1848000000119185],"[""left_image""]",0,0,0,0,1,,,,,
,,,,,035019,001,2025-01-21_10h17.09.333,Simon,2024.2.4,Win32,59.88023952,,,,,,,,,,0,35.2907,35.787,,,,,,,,,,,images/white_butterfly.png,images/purple_butterfly.png,left_image, ,,,,,,33.8882,35.2877,[0.1254108877459308],[0.0461441213653603],[1],[0],[0],[1.3988000000119243],"[""right_image""]",0,1,1,1,1,,,,,
,,,,,035019,001,2025-01-21_10h17.09.333,Simon,2024.2.4,Win32,59.88023952,,,,,,,,,,1,37.5541,38.0523,,,,,,,,,,,images/white_butterfly.png,images/yellow_butterfly.png,right_image, ,,,,,,35.7878,37.5526,[0.13957019521373262],[0.027939325036050094],[1],[0],[0],[1.7630999999642398],"[""right_image""]",0,2,2,3,1,,,,,
,,,,,035019,001,2025-01-21_10h17.09.333,Simon,2024.2.4,Win32,59.88023952,,,,,,,,,,1,39.0196,39.5199,,,,,,,,,,,images/yellow_butterfly.png,images/white_butterfly.png,right_image, ,,,,,,38.0537,39.0195,[0.13957019521373262],[0.027939325036050094],[1],[0],[0],[0.9649999999999963],"[""right_image""]",0,3,3,2,1,,,,,
,,,,,035019,001,2025-01-21_10h17.09.333,Simon,2024.2.4,Win32,59.88023952,,,,,,,,,,1,40.2897,40.7856,,,,,,,,,,,images/yellow_butterfly.png,images/white_butterfly.png,right_image, ,,,,,,39.5213,40.2895,[0.13957019521373262],[0.027939325036050094],[1],[0],[0],[0.767800000011924],"[""right_image""]",1,0,4,2,1,,,,,
,,,,,035019,001,2025-01-21_10h17.09.333,Simon,2024.2.4,Win32,59.88023952,,,,,,,,,,1,41.3566,41.8559,,,,,,,,,,,images/white_butterfly.png,images/yellow_butterfly.png,right_image, ,,,,,,40.7871,41.3565,[0.13957019521373262],[0.027939325036050094],[1],[0],[0],[0.5686999999880769],"[""right_image""]",1,1,5,3,1,,,,,
,,,,,035019,001,2025-01-21_10h17.09.333,Simon,2024.2.4,Win32,59.88023952,,,,,,,,,,1,43.6895,44.187,,,,,,,,,,,images/white_butterfly.png,images/purple_butterfly.png,left_image, ,,,,,,41.8573,43.6895,[-0.17597978787235302],[0.024905160163657555],[1],[0],[0],[1.831699999988075],"[""left_image""]",1,2,6,1,1,,,,,
,,,,,035019,001,2025-01-21_10h17.09.333,Simon,2024.2.4,Win32,59.88023952,,,,,,,,,,1,45.1026,45.603,,,,,,,,,,,images/purple_butterfly.png,images/white_butterfly.png,left_image, ,,,,,,44.1893,45.1026,[-0.17597978787235302],[0.024905160163657555],[1],[0],[0],[0.9126999999880852],"[""left_image""]",1,3,7,0,1,,,,,
,,,,,035019,001,2025-01-21_10h17.09.333,Simon,2024.2.4,Win32,59.88023952,,,,,,,,,,1,46.6033,47.1028,,,,,,,,,,,images/white_butterfly.png,images/yellow_butterfly.png,right_image, ,,,,,,45.6047,46.6032,[0.1972187104930468],[0.0036661603809457965],[1],[0],[0],[0.9980000000000047],"[""right_image""]",2,0,8,3,1,,,,,
,,,,,035019,001,2025-01-21_10h17.09.333,Simon,2024.2.4,Win32,59.88023952,,,,,,,,,,1,47.72,48.2197,,,,,,,,,,,images/yellow_butterfly.png,images/white_butterfly.png,right_image, ,,,,,,47.1046,47.7199,[0.1972187104930468],[0.0036661603809457965],[1],[0],[0],[0.6144000000357579],"[""right_image""]",2,1,9,2,1,,,,,
,,,,,035019,001,2025-01-21_10h17.09.333,Simon,2024.2.4,Win32,59.88023952,,,,,,,,,,1,49.4353,49.9359,,,,,,,,,,,images/white_butterfly.png,images/purple_butterfly.png,left_image, ,,,,,,48.2219,49.4353,[-0.17496834814021017],[0.03603034134007586],[1],[0],[0],[1.2126999999880752],"[""left_image""]",2,2,10,1,1,,,,,
,,,,,035019,001,2025-01-21_10h17.09.333,Simon,2024.2.4,Win32,59.88023952,,,,,,,,,,1,50.8531,51.353,,,,,,,,,,,images/purple_butterfly.png,images/white_butterfly.png,left_image, ,,,,,,49.9371,50.853,[-0.17496834814021017],[0.03603034134007586],[1],[0],[0],[0.9149999999999991],"[""left_image""]",2,3,11,0,1,,,,,
,,,,,035019,001,2025-01-21_10h17.09.333,Simon,2024.2.4,Win32,59.88023952,,,,,,,,,,1,51.9529,52.4529,,,,,,,,,,,images/white_butterfly.png,images/purple_butterfly.png,left_image, ,,,,,,51.3607,51.9528,[-0.17496834814021017],[0.03603034134007586],[1],[0],[0],[0.5904999999999987],"[""left_image""]",3,0,12,1,1,,,,,
,,,,,035019,001,2025-01-21_10h17.09.333,Simon,2024.2.4,Win32,59.88023952,,,,,,,,,,1,53.6363,54.136,,,,,,,,,,,images/white_butterfly.png,images/yellow_butterfly.png,right_image, ,,,,,,52.4542,53.6363,[0.14361572265625],[-0.03780024512829883],[1],[0],[0],[1.181400000035758],"[""right_image""]",3,1,13,3,1,,,,,
,,,,,035019,001,2025-01-21_10h17.09.333,Simon,2024.2.4,Win32,59.88023952,,,,,,,,,,1,54.9859,55.4862,,,,,,,,,,,images/yellow_butterfly.png,images/white_butterfly.png,right_image, ,,,,,,54.1373,54.9859,[0.14361572265625],[-0.03780024512829883],[1],[0],[0],[0.847899999976157],"[""right_image""]",3,2,14,2,1,,,,,
,,,,,035019,001,2025-01-21_10h17.09.333,Simon,2024.2.4,Win32,59.88023952,,,,,,,,,,1,56.3027,56.8027,,,,,,,,,,,images/purple_butterfly.png,images/white_butterfly.png,left_image, ,,,,,,55.4877,56.3027,[-0.12844497545630532],[0.0461441213653603],[1],[0],[0],[0.8143000000119258],"[""left_image""]",3,3,15,0,1,,,,,
,,,,,035019,001,2025-01-21_10h17.09.333,Simon,2024.2.4,Win32,59.88023952,,,,,,,,,,0,57.3403,57.8349,,,,,,,,,,,images/yellow_butterfly.png,images/white_butterfly.png,right_image, ,,,,,,56.8042,57.3392,[-0.12844497545630532],[0.0461441213653603],[1],[0],[0],[0.5343000000119247],"[""left_image""]",4,0,16,2,1,,,,,
,,,,,035019,001,2025-01-21_10h17.09.333,Simon,2024.2.4,Win32,59.88023952,,,,,,,,,,1,58.857,59.3551,,,,,,,,,,,images/white_butterfly.png,images/purple_butterfly.png,left_image, ,,,,,,57.8362,58.8559,[-0.11731983286089602],[0.024905160163657555],[1],[0],[0],[1.0189999999999984],"[""left_image""]",4,1,17,1,1,,,,,
,,,,,035019,001,2025-01-21_10h17.09.333,Simon,2024.2.4,Win32,59.88023952,,,,,,,,,,1,59.936,60.4382,,,,,,,,,,,images/purple_butterfly.png,images/white_butterfly.png,left_image, ,,,,,,59.3569,59.9359,[-0.11731983286089602],[0.024905160163657555],[1],[0],[0],[0.5783000000119216],"[""left_image""]",4,2,18,0,1,,,,,
,,,,,035019,001,2025-01-21_10h17.09.333,Simon,2024.2.4,Win32,59.88023952,,,,,,,,,,1,61.1859,61.6857,,,,,,,,,,,images/white_butterfly.png,images/yellow_butterfly.png,right_image, ,,,,,,60.4422,61.1858,[0.24070799546657712],[0.005689001264222503],[1],[0],[0],[0.741500000000002],"[""right_image""]",4,3,19,3,1,,,,,
,,,,,035019,001,2025-01-21_10h17.09.333,Simon,2024.2.4,Win32,59.88023952,,,,,,,,,,,,,,,,,,,,,,,,,,,,,,,,,,,,,,,,,,,,,,61.6861,62.9563,1,[62.95590000003577],[62.95590000003577]
