﻿instructions.started,instructions.stopped,start_button.numClicks,start_button.timesOn,start_button.timesOff,participant,session,date,expName,psychopyVersion,OS,frameRate,practice_trial.started,practice_trial.stopped,mouse_2.x,mouse_2.y,mouse_2.leftButton,mouse_2.midButton,mouse_2.rightButton,mouse_2.time,mouse_2.clicked_name,correct,feedback.started,feedback.stopped,loop_until_correct.thisRepN,loop_until_correct.thisTrialN,loop_until_correct.thisN,loop_until_correct.thisIndex,loop_until_correct.ran,prac_trials.thisRepN,prac_trials.thisTrialN,prac_trials.thisN,prac_trials.thisIndex,prac_trials.ran,left_color,right_color,correct_response,top_txt,instructions_2.started,instructions_2.stopped,start_button_2.numClicks,start_button_2.timesOn,start_button_2.timesOff
0.0012,3.8074,1,[3.8346000000238405],[3.8346999999880786],037320,001,2025-05-22_15h40.50.432,Simon,2024.2.4,Win32,59.52380952,,,,,,,,,,,,,,,,,,,,,,,,,,,,,,,
,,,,,037320,001,2025-05-22_15h40.50.432,Simon,2024.2.4,Win32,59.52380952,3.8858,12.6165,[-0.13067545843282807],[0.05592467856169539],[1],[0],[0],[8.724300000011924],"[""left_image_2"",""left_image_2""]",1,12.6182,13.1149,0,0,0,0,1,,,,,,,,,,,,,,
,,,,,037320,001,2025-05-22_15h40.50.432,Simon,2024.2.4,Win32,59.52380952,,,,,,,,,,,,,,,,,,0,0,0,0,1,images/purple_butterfly.png,images/white_butterfly.png,left_image_2,"In this example, select the LEFT butterfly.",,,,,
,,,,,037320,001,2025-05-22_15h40.50.432,Simon,2024.2.4,Win32,59.52380952,13.1181,21.1748,[-0.12181613453202865],[-0.008305647840531562],[1],[0],[0],[8.05389999997616],"[""left_image_2"",""left_image_2""]",1,21.1757,21.6743,0,0,0,0,1,,,,,,,,,,,,,,
,,,,,037320,001,2025-05-22_15h40.50.432,Simon,2024.2.4,Win32,59.52380952,,,,,,,,,,,,,,,,,,0,1,1,1,1,images/white_butterfly.png,images/purple_butterfly.png,left_image_2,"In this example, select the LEFT butterfly.",,,,,
,,,,,037320,001,2025-05-22_15h40.50.432,Simon,2024.2.4,Win32,59.52380952,21.6768,23.9227,[0.14285714285714285],[-0.007198245026344477],[1],[0],[0],[2.2433999999761625],"[""right_image_2"",""right_image_2""]",1,23.9234,24.422,0,0,0,0,1,,,,,,,,,,,,,,
,,,,,037320,001,2025-05-22_15h40.50.432,Simon,2024.2.4,Win32,59.52380952,,,,,,,,,,,,,,,,,,0,2,2,2,1,images/yellow_butterfly.png,images/white_butterfly.png,right_image_2,"In this example, select the RIGHT butterfly.",,,,,
,,,,,037320,001,2025-05-22_15h40.50.432,Simon,2024.2.4,Win32,59.52380952,24.4249,25.6547,[0.14285714285714285],[-0.007198245026344477],[1],[0],[0],[1.2282999999523199],"[""right_image_2"",""right_image_2""]",1,25.6554,26.154,0,0,0,0,1,,,,,,,,,,,,,,
,,,,,037320,001,2025-05-22_15h40.50.432,Simon,2024.2.4,Win32,59.52380952,,,,,,,,,,,,,,,,,,0,3,3,3,1,images/white_butterfly.png,images/yellow_butterfly.png,right_image_2,"In this example, select the RIGHT butterfly.",,,,,
,,,,,037320,001,2025-05-22_15h40.50.432,Simon,2024.2.4,Win32,59.52380952,,,,,,,,,,,,,,,,,,,,,,,,,,,26.1546,28.1693,1,[28.174800000011928],[28.174800000011928]
