﻿instructions.started,instructions.stopped,start_button.numClicks,start_button.timesOn,start_button.timesOff,participant,session,date,expName,psychopyVersion,OS,frameRate,practice_trial.started,practice_trial.stopped,mouse_2.x,mouse_2.y,mouse_2.leftButton,mouse_2.midButton,mouse_2.rightButton,mouse_2.time,mouse_2.clicked_name,correct,feedback.started,feedback.stopped,loop_until_correct.thisRepN,loop_until_correct.thisTrialN,loop_until_correct.thisN,loop_until_correct.thisIndex,loop_until_correct.ran,prac_trials.thisRepN,prac_trials.thisTrialN,prac_trials.thisN,prac_trials.thisIndex,prac_trials.ran,left_color,right_color,correct_response,top_txt,instructions_2.started,instructions_2.stopped,start_button_2.numClicks,start_button_2.timesOn,start_button_2.timesOff,trial.started,trial.stopped,mouse.x,mouse.y,mouse.leftButton,mouse.midButton,mouse.rightButton,mouse.time,mouse.clicked_name,trials.thisRepN,trials.thisTrialN,trials.thisN,trials.thisIndex,trials.ran,end.started,end.stopped,start_button_3.numClicks,start_button_3.timesOn,start_button_3.timesOff
0,20.718,1,[20.726],[20.726],038841,001,2025-03-25_16h32.22.060,Simon,2024.2.4,MacIntel,29.41176471,,,,,,,,,,,,,,,,,,,,,,,,,,,,,,,,,,,,,,,,,,,,,,,,,,
,,,,,038841,001,2025-03-25_16h32.22.060,Simon,2024.2.4,MacIntel,29.41176471,20.738,23.285,[-0.19189511323003575],[-0.03635280095351609],[1],[0],[0],[2.544000000000011],"[""left_image_2"",""left_image_2""]",1,23.285,23.784,0,0,0,0,1,,,,,,,,,,,,,,,,,,,,,,,,,,,,,,,,,
,,,,,038841,001,2025-03-25_16h32.22.060,Simon,2024.2.4,MacIntel,29.41176471,,,,,,,,,,,,,,,,,,0,0,0,0,1,images/purple_butterfly.png,images/white_butterfly.png,left_image_2,"In this example, select the LEFT butterfly.",,,,,,,,,,,,,,,,,,,,,,,,
,,,,,038841,001,2025-03-25_16h32.22.060,Simon,2024.2.4,MacIntel,29.41176471,23.787,25.551,[-0.18831942789034564],[0.02562574493444577],[1],[0],[0],[1.7599999999999625],"[""left_image_2"",""left_image_2""]",1,25.551,26.051,0,0,0,0,1,,,,,,,,,,,,,,,,,,,,,,,,,,,,,,,,,
,,,,,038841,001,2025-03-25_16h32.22.060,Simon,2024.2.4,MacIntel,29.41176471,,,,,,,,,,,,,,,,,,0,1,1,1,1,images/white_butterfly.png,images/purple_butterfly.png,left_image_2,"In this example, select the LEFT butterfly.",,,,,,,,,,,,,,,,,,,,,,,,
,,,,,038841,001,2025-03-25_16h32.22.060,Simon,2024.2.4,MacIntel,29.41176471,26.053,27.484,[0.18593563766388557],[0.0005959475566150178],[1],[0],[0],[1.4279999999999973],"[""right_image_2"",""right_image_2""]",1,27.484,27.984,0,0,0,0,1,,,,,,,,,,,,,,,,,,,,,,,,,,,,,,,,,
,,,,,038841,001,2025-03-25_16h32.22.060,Simon,2024.2.4,MacIntel,29.41176471,,,,,,,,,,,,,,,,,,0,2,2,2,1,images/yellow_butterfly.png,images/white_butterfly.png,right_image_2,"In this example, select the RIGHT butterfly.",,,,,,,,,,,,,,,,,,,,,,,,
,,,,,038841,001,2025-03-25_16h32.22.060,Simon,2024.2.4,MacIntel,29.41176471,27.986,29.084,[0.18116805721096543],[-0.010131108462455305],[1],[0],[0],[1.0949999999999704],"[""right_image_2"",""right_image_2""]",1,29.084,29.584,0,0,0,0,1,,,,,,,,,,,,,,,,,,,,,,,,,,,,,,,,,
,,,,,038841,001,2025-03-25_16h32.22.060,Simon,2024.2.4,MacIntel,29.41176471,,,,,,,,,,,,,,,,,,0,3,3,3,1,images/white_butterfly.png,images/yellow_butterfly.png,right_image_2,"In this example, select the RIGHT butterfly.",,,,,,,,,,,,,,,,,,,,,,,,
,,,,,038841,001,2025-03-25_16h32.22.060,Simon,2024.2.4,MacIntel,29.41176471,,,,,,,,,,,,,,,,,,,,,,,,,,,29.585,32.151,1,[32.15199999999996],[32.15199999999996],,,,,,,,,,,,,,,,,,,
,,,,,038841,001,2025-03-25_16h32.22.060,Simon,2024.2.4,MacIntel,29.41176471,,,,,,,,,,1,33.985,34.483,,,,,,,,,,,images/yellow_butterfly.png,images/white_butterfly.png,right_image, ,,,,,,32.164,33.984,[0.12038140643623362],[-0.14839094159713945],[1],[0],[0],[1.8179999999999836],"[""right_image""]",0,0,0,2,1,,,,,
,,,,,038841,001,2025-03-25_16h32.22.060,Simon,2024.2.4,MacIntel,29.41176471,,,,,,,,,,1,35.917,36.417,,,,,,,,,,,images/purple_butterfly.png,images/white_butterfly.png,left_image, ,,,,,,34.485,35.917,[-0.12157330154946365],[-0.05899880810488677],[1],[0],[0],[1.4319999999999595],"[""left_image""]",0,1,1,0,1,,,,,
,,,,,038841,001,2025-03-25_16h32.22.060,Simon,2024.2.4,MacIntel,29.41176471,,,,,,,,,,1,37.751,38.25,,,,,,,,,,,images/white_butterfly.png,images/purple_butterfly.png,left_image, ,,,,,,36.418,37.75,[-0.15494636471990464],[-0.030393325387365912],[1],[0],[0],[1.3310000000000173],"[""left_image""]",0,2,2,1,1,,,,,
,,,,,038841,001,2025-03-25_16h32.22.060,Simon,2024.2.4,MacIntel,29.41176471,,,,,,,,,,1,39.617,40.117,,,,,,,,,,,images/white_butterfly.png,images/yellow_butterfly.png,right_image, ,,,,,,38.251,39.617,[0.15613825983313467],[-0.016090584028605484],[1],[0],[0],[1.365000000000009],"[""right_image""]",0,3,3,3,1,,,,,
,,,,,038841,001,2025-03-25_16h32.22.060,Simon,2024.2.4,MacIntel,29.41176471,,,,,,,,,,1,40.984,41.484,,,,,,,,,,,images/white_butterfly.png,images/yellow_butterfly.png,right_image, ,,,,,,40.118,40.984,[0.1537544696066746],[-0.018474374255065554],[1],[0],[0],[0.8659999999999854],"[""right_image""]",1,0,4,3,1,,,,,
,,,,,038841,001,2025-03-25_16h32.22.060,Simon,2024.2.4,MacIntel,29.41176471,,,,,,,,,,1,42.617,43.117,,,,,,,,,,,images/white_butterfly.png,images/purple_butterfly.png,left_image, ,,,,,,41.485,42.617,[-0.12514898688915377],[-0.02800953516090584],[1],[0],[0],[1.132000000000005],"[""left_image""]",1,1,5,1,1,,,,,
,,,,,038841,001,2025-03-25_16h32.22.060,Simon,2024.2.4,MacIntel,29.41176471,,,,,,,,,,1,44.884,45.384,,,,,,,,,,,images/yellow_butterfly.png,images/white_butterfly.png,right_image, ,,,,,,43.118,44.884,[0.12276519666269368],[-0.03635280095351609],[1],[0],[0],[1.76400000000001],"[""right_image""]",1,2,6,2,1,,,,,
,,,,,038841,001,2025-03-25_16h32.22.060,Simon,2024.2.4,MacIntel,29.41176471,,,,,,,,,,1,46.617,47.117,,,,,,,,,,,images/purple_butterfly.png,images/white_butterfly.png,left_image, ,,,,,,45.385,46.617,[-0.10488676996424315],[-0.01966626936829559],[1],[0],[0],[1.2310000000000514],"[""left_image""]",1,3,7,0,1,,,,,
,,,,,038841,001,2025-03-25_16h32.22.060,Simon,2024.2.4,MacIntel,29.41176471,,,,,,,,,,1,47.984,48.484,,,,,,,,,,,images/white_butterfly.png,images/purple_butterfly.png,left_image, ,,,,,,47.118,47.984,[-0.10488676996424315],[-0.01966626936829559],[1],[0],[0],[0.8650000000000091],"[""left_image""]",2,0,8,1,1,,,,,
,,,,,038841,001,2025-03-25_16h32.22.060,Simon,2024.2.4,MacIntel,29.41176471,,,,,,,,,,1,49.75,50.249,,,,,,,,,,,images/yellow_butterfly.png,images/white_butterfly.png,right_image, ,,,,,,48.485,49.75,[0.13706793802145412],[-0.01966626936829559],[1],[0],[0],[1.26400000000001],"[""right_image""]",2,1,9,2,1,,,,,
,,,,,038841,001,2025-03-25_16h32.22.060,Simon,2024.2.4,MacIntel,29.41176471,,,,,,,,,,1,51.517,52.017,,,,,,,,,,,images/purple_butterfly.png,images/white_butterfly.png,left_image, ,,,,,,50.25,51.517,[-0.17520858164481526],[-0.014898688915375448],[1],[0],[0],[1.2660000000000196],"[""left_image""]",2,2,10,0,1,,,,,
,,,,,038841,001,2025-03-25_16h32.22.060,Simon,2024.2.4,MacIntel,29.41176471,,,,,,,,,,1,53.584,54.084,,,,,,,,,,,images/white_butterfly.png,images/yellow_butterfly.png,right_image, ,,,,,,52.018,53.583,[0.1728247914183552],[-0.005363528009535161],[1],[0],[0],[1.5639999999999645],"[""right_image""]",2,3,11,3,1,,,,,
,,,,,038841,001,2025-03-25_16h32.22.060,Simon,2024.2.4,MacIntel,29.41176471,,,,,,,,,,1,55.284,55.784,,,,,,,,,,,images/purple_butterfly.png,images/white_butterfly.png,left_image, ,,,,,,54.084,55.283,[-0.11799761620977355],[-0.01728247914183552],[1],[0],[0],[1.1970000000000027],"[""left_image""]",3,0,12,0,1,,,,,
,,,,,038841,001,2025-03-25_16h32.22.060,Simon,2024.2.4,MacIntel,29.41176471,,,,,,,,,,1,57.017,57.517,,,,,,,,,,,images/white_butterfly.png,images/purple_butterfly.png,left_image, ,,,,,,55.784,57.017,[-0.17520858164481526],[-0.020858164481525627],[1],[0],[0],[1.2320000000000277],"[""left_image""]",3,1,13,1,1,,,,,
,,,,,038841,001,2025-03-25_16h32.22.060,Simon,2024.2.4,MacIntel,29.41176471,,,,,,,,,,1,58.851,59.35,,,,,,,,,,,images/yellow_butterfly.png,images/white_butterfly.png,right_image, ,,,,,,57.518,58.851,[0.1394517282479142],[-0.010131108462455305],[1],[0],[0],[1.3319999999999936],"[""right_image""]",3,2,14,2,1,,,,,
,,,,,038841,001,2025-03-25_16h32.22.060,Simon,2024.2.4,MacIntel,29.41176471,,,,,,,,,,1,59.95,60.45,,,,,,,,,,,images/white_butterfly.png,images/yellow_butterfly.png,right_image, ,,,,,,59.351,59.95,[0.1394517282479142],[-0.010131108462455305],[1],[0],[0],[0.5980000000000132],"[""right_image""]",3,3,15,3,1,,,,,
,,,,,038841,001,2025-03-25_16h32.22.060,Simon,2024.2.4,MacIntel,29.41176471,,,,,,,,,,1,61.417,61.917,,,,,,,,,,,images/yellow_butterfly.png,images/white_butterfly.png,right_image, ,,,,,,60.45,61.417,[0.1394517282479142],[-0.010131108462455305],[1],[0],[0],[0.9659999999999513],"[""right_image""]",4,0,16,2,1,,,,,
,,,,,038841,001,2025-03-25_16h32.22.060,Simon,2024.2.4,MacIntel,29.41176471,,,,,,,,,,1,62.984,63.484,,,,,,,,,,,images/purple_butterfly.png,images/white_butterfly.png,left_image, ,,,,,,61.918,62.984,[-0.12514898688915377],[-0.04231227651966627],[1],[0],[0],[1.0640000000000214],"[""left_image""]",4,1,17,0,1,,,,,
,,,,,038841,001,2025-03-25_16h32.22.060,Simon,2024.2.4,MacIntel,29.41176471,,,,,,,,,,1,64.517,65.017,,,,,,,,,,,images/white_butterfly.png,images/yellow_butterfly.png,right_image, ,,,,,,63.485,64.517,[0.12514898688915377],[-0.026817640047675805],[1],[0],[0],[1.031000000000006],"[""right_image""]",4,2,18,3,1,,,,,
,,,,,038841,001,2025-03-25_16h32.22.060,Simon,2024.2.4,MacIntel,29.41176471,,,,,,,,,,1,66.35,66.85,,,,,,,,,,,images/white_butterfly.png,images/purple_butterfly.png,left_image, ,,,,,,65.018,66.35,[-0.20858164481525626],[-0.01966626936829559],[1],[0],[0],[1.3310000000000173],"[""left_image""]",4,3,19,1,1,,,,,
,,,,,038841,001,2025-03-25_16h32.22.060,Simon,2024.2.4,MacIntel,29.41176471,,,,,,,,,,,,,,,,,,,,,,,,,,,,,,,,,,,,,,,,,,,,,,66.852,68.651,1,[68.64999999999995],[68.64999999999995]
