﻿instructions.started,instructions.stopped,start_button.numClicks,start_button.timesOn,start_button.timesOff,participant,session,date,expName,psychopyVersion,OS,frameRate,practice_trial.started,practice_trial.stopped,mouse_2.x,mouse_2.y,mouse_2.leftButton,mouse_2.midButton,mouse_2.rightButton,mouse_2.time,mouse_2.clicked_name,correct,feedback.started,feedback.stopped,loop_until_correct.thisRepN,loop_until_correct.thisTrialN,loop_until_correct.thisN,loop_until_correct.thisIndex,loop_until_correct.ran,prac_trials.thisRepN,prac_trials.thisTrialN,prac_trials.thisN,prac_trials.thisIndex,prac_trials.ran,left_color,right_color,correct_response,top_txt,instructions_2.started,instructions_2.stopped,start_button_2.numClicks,start_button_2.timesOn,start_button_2.timesOff,trial.started,trial.stopped,mouse.x,mouse.y,mouse.leftButton,mouse.midButton,mouse.rightButton,mouse.time,mouse.clicked_name,trials.thisRepN,trials.thisTrialN,trials.thisN,trials.thisIndex,trials.ran,end.started,end.stopped,start_button_3.numClicks,start_button_3.timesOn,start_button_3.timesOff
0.0001,0.7533,1,[0.762],[0.762],039141,001,2025-10-18_14h17.07.416,Simon,2024.2.4,Win32,31.94888179,,,,,,,,,,,,,,,,,,,,,,,,,,,,,,,,,,,,,,,,,,,,,,,,,,
,,,,,039141,001,2025-10-18_14h17.07.416,Simon,2024.2.4,Win32,31.94888179,0.7639,1.9124,[-0.19576719576719576],[0.026984126984126985],[1],[0],[0],[1.1470000000000002],"[""left_image_2"",""left_image_2""]",1,1.9126,2.39,0,0,0,0,1,,,,,,,,,,,,,,,,,,,,,,,,,,,,,,,,,
,,,,,039141,001,2025-10-18_14h17.07.416,Simon,2024.2.4,Win32,31.94888179,,,,,,,,,,,,,,,,,,0,0,0,0,1,images/purple_butterfly.png,images/white_butterfly.png,left_image_2,"In this example, select the LEFT butterfly.",,,,,,,,,,,,,,,,,,,,,,,,
,,,,,039141,001,2025-10-18_14h17.07.416,Simon,2024.2.4,Win32,31.94888179,2.391,2.9441,[-0.182010582010582],[0.028042328042328042],[1],[0],[0],[0.5521999999997202],"[""left_image_2"",""left_image_2""]",1,2.9442,3.4358,0,0,0,0,1,,,,,,,,,,,,,,,,,,,,,,,,,,,,,,,,,
,,,,,039141,001,2025-10-18_14h17.07.416,Simon,2024.2.4,Win32,31.94888179,,,,,,,,,,,,,,,,,,0,1,1,1,1,images/white_butterfly.png,images/purple_butterfly.png,left_image_2,"In this example, select the LEFT butterfly.",,,,,,,,,,,,,,,,,,,,,,,,
,,,,,039141,001,2025-10-18_14h17.07.416,Simon,2024.2.4,Win32,31.94888179,3.4368,3.9826,[0.34285714285714286],[0.011111111111111112],[1],[0],[0],[0.5451999999997206],"[""right_image_2"",""right_image_2""]",1,3.9826,4.4699,0,0,0,0,1,,,,,,,,,,,,,,,,,,,,,,,,,,,,,,,,,
,,,,,039141,001,2025-10-18_14h17.07.416,Simon,2024.2.4,Win32,31.94888179,,,,,,,,,,,,,,,,,,0,2,2,2,1,images/yellow_butterfly.png,images/white_butterfly.png,right_image_2,"In this example, select the RIGHT butterfly.",,,,,,,,,,,,,,,,,,,,,,,,
,,,,,039141,001,2025-10-18_14h17.07.416,Simon,2024.2.4,Win32,31.94888179,4.4707,5.0571,[-0.15555555555555556],[0.0026455026455026454],[1],[0],[0],[0.5856999999997203],"[""left_image_2"",""left_image_2""]",0,5.0576,5.5566,0,0,0,0,1,,,,,,,,,,,,,,,,,,,,,,,,,,,,,,,,,
,,,,,039141,001,2025-10-18_14h17.07.416,Simon,2024.2.4,Win32,31.94888179,5.5571,6.144,[0.24656084656084656],[-0.05767195767195767],[1],[0],[0],[0.5863999999999088],"[""right_image_2"",""right_image_2""]",1,6.1444,6.64,1,0,1,0,1,,,,,,,,,,,,,,,,,,,,,,,,,,,,,,,,,
,,,,,039141,001,2025-10-18_14h17.07.416,Simon,2024.2.4,Win32,31.94888179,,,,,,,,,,,,,,,,,,0,3,3,3,1,images/white_butterfly.png,images/yellow_butterfly.png,right_image_2,"In this example, select the RIGHT butterfly.",,,,,,,,,,,,,,,,,,,,,,,,
,,,,,039141,001,2025-10-18_14h17.07.416,Simon,2024.2.4,Win32,31.94888179,,,,,,,,,,,,,,,,,,,,,,,,,,,6.6401,7.4601,1,[7.462399999999906],[7.462399999999906],,,,,,,,,,,,,,,,,,,
,,,,,039141,001,2025-10-18_14h17.07.416,Simon,2024.2.4,Win32,31.94888179,,,,,,,,,,1,8.8009,9.2819,,,,,,,,,,,images/white_butterfly.png,images/purple_butterfly.png,left_image, ,,,,,,7.4659,8.8008,[-0.2656084656084656],[-0.05238095238095238],[1],[0],[0],[1.3345000000000002],"[""left_image""]",0,0,0,1,1,,,,,
,,,,,039141,001,2025-10-18_14h17.07.416,Simon,2024.2.4,Win32,31.94888179,,,,,,,,,,1,10.213,10.7007,,,,,,,,,,,images/yellow_butterfly.png,images/white_butterfly.png,right_image, ,,,,,,9.2823,10.2129,"[0.3925925925925926,0.22857142857142856]","[-0.040740740740740744,-0.059788359788359786]","[1,1]","[0,0]","[0,0]","[0.5505000000000013,0.9304000000003736]","[null,""right_image""]",0,1,1,2,1,,,,,
,,,,,039141,001,2025-10-18_14h17.07.416,Simon,2024.2.4,Win32,31.94888179,,,,,,,,,,1,11.1919,11.68,,,,,,,,,,,images/white_butterfly.png,images/yellow_butterfly.png,right_image, ,,,,,,10.7011,11.1919,[0.2],[-0.06190476190476191],[1],[0],[0],[0.49049999999999905],"[""right_image""]",0,2,2,3,1,,,,,
,,,,,039141,001,2025-10-18_14h17.07.416,Simon,2024.2.4,Win32,31.94888179,,,,,,,,,,1,12.2687,12.7502,,,,,,,,,,,images/purple_butterfly.png,images/white_butterfly.png,left_image, ,,,,,,11.6804,12.2686,[-0.19576719576719576],[-0.0417989417989418],[1],[0],[0],[0.587899999999907],"[""left_image""]",0,3,3,0,1,,,,,
,,,,,039141,001,2025-10-18_14h17.07.416,Simon,2024.2.4,Win32,31.94888179,,,,,,,,,,1,13.1633,13.6518,,,,,,,,,,,images/purple_butterfly.png,images/white_butterfly.png,left_image, ,,,,,,12.7507,13.1633,[-0.19047619047619047],[-0.0417989417989418],[1],[0],[0],[0.41249999999999964],"[""left_image""]",1,0,4,0,1,,,,,
,,,,,039141,001,2025-10-18_14h17.07.416,Simon,2024.2.4,Win32,31.94888179,,,,,,,,,,1,14.1437,14.6323,,,,,,,,,,,images/white_butterfly.png,images/purple_butterfly.png,left_image, ,,,,,,13.6524,14.1437,[-0.19047619047619047],[-0.0417989417989418],[1],[0],[0],[0.49079999999981183],"[""left_image""]",1,1,5,1,1,,,,,
,,,,,039141,001,2025-10-18_14h17.07.416,Simon,2024.2.4,Win32,31.94888179,,,,,,,,,,1,15.1599,15.6384,,,,,,,,,,,images/yellow_butterfly.png,images/white_butterfly.png,right_image, ,,,,,,14.6327,15.1599,[0.1523809523809524],[-0.03650793650793651],[1],[0],[0],[0.5268999999999053],"[""right_image""]",1,2,6,2,1,,,,,
,,,,,039141,001,2025-10-18_14h17.07.416,Simon,2024.2.4,Win32,31.94888179,,,,,,,,,,1,16.1357,16.619,,,,,,,,,,,images/white_butterfly.png,images/yellow_butterfly.png,right_image, ,,,,,,15.6389,16.1357,[0.15978835978835979],[-0.035449735449735446],[1],[0],[0],[0.4966000000000932],"[""right_image""]",1,3,7,3,1,,,,,
,,,,,039141,001,2025-10-18_14h17.07.416,Simon,2024.2.4,Win32,31.94888179,,,,,,,,,,1,17.1112,17.5964,,,,,,,,,,,images/white_butterfly.png,images/yellow_butterfly.png,right_image, ,,,,,,16.6194,17.1111,[0.15978835978835979],[-0.035449735449735446],[1],[0],[0],[0.4916999999997209],"[""right_image""]",2,0,8,3,1,,,,,
,,,,,039141,001,2025-10-18_14h17.07.416,Simon,2024.2.4,Win32,31.94888179,,,,,,,,,,1,18.0852,18.5712,,,,,,,,,,,images/purple_butterfly.png,images/white_butterfly.png,left_image, ,,,,,,17.5969,18.0852,[-0.28253968253968254],[-0.03333333333333333],[1],[0],[0],[0.48799999999999955],"[""left_image""]",2,1,9,0,1,,,,,
,,,,,039141,001,2025-10-18_14h17.07.416,Simon,2024.2.4,Win32,31.94888179,,,,,,,,,,1,19.1363,19.617,,,,,,,,,,,images/yellow_butterfly.png,images/white_butterfly.png,right_image, ,,,,,,18.5717,19.1362,[0.17354497354497356],[-0.021693121693121695],[1],[0],[0],[0.5643999999999068],"[""right_image""]",2,2,10,2,1,,,,,
,,,,,039141,001,2025-10-18_14h17.07.416,Simon,2024.2.4,Win32,31.94888179,,,,,,,,,,1,20.2152,20.706,,,,,,,,,,,images/white_butterfly.png,images/purple_butterfly.png,left_image, ,,,,,,19.6174,20.2152,[-0.1746031746031746],[-0.018518518518518517],[1],[0],[0],[0.5976000000000923],"[""left_image""]",2,3,11,1,1,,,,,
,,,,,039141,001,2025-10-18_14h17.07.416,Simon,2024.2.4,Win32,31.94888179,,,,,,,,,,1,21.2456,21.7276,,,,,,,,,,,images/purple_butterfly.png,images/white_butterfly.png,left_image, ,,,,,,20.7064,21.2456,[-0.1746031746031746],[-0.018518518518518517],[1],[0],[0],[0.5389999999999979],"[""left_image""]",3,0,12,0,1,,,,,
,,,,,039141,001,2025-10-18_14h17.07.416,Simon,2024.2.4,Win32,31.94888179,,,,,,,,,,1,22.368,22.8525,,,,,,,,,,,images/yellow_butterfly.png,images/white_butterfly.png,right_image, ,,,,,,21.7281,22.368,[0.3238095238095238],[-0.00582010582010582],[1],[0],[0],[0.6397999999998127],"[""right_image""]",3,1,13,2,1,,,,,
,,,,,039141,001,2025-10-18_14h17.07.416,Simon,2024.2.4,Win32,31.94888179,,,,,,,,,,0,23.3803,23.8599,,,,,,,,,,,images/white_butterfly.png,images/yellow_butterfly.png,right_image, ,,,,,,22.8529,23.3799,[-0.13968253968253969],[-0.01746031746031746],[1],[0],[0],[0.5267000000001865],"[""left_image""]",3,2,14,3,1,,,,,
,,,,,039141,001,2025-10-18_14h17.07.416,Simon,2024.2.4,Win32,31.94888179,,,,,,,,,,0,24.3839,24.864,,,,,,,,,,,images/white_butterfly.png,images/purple_butterfly.png,left_image, ,,,,,,23.8604,24.3838,[0.11005291005291006],[-0.0068783068783068784],[1],[0],[0],[0.523200000000184],"[""right_image""]",3,3,15,1,1,,,,,
,,,,,039141,001,2025-10-18_14h17.07.416,Simon,2024.2.4,Win32,31.94888179,,,,,,,,,,1,25.6414,26.127,,,,,,,,,,,images/yellow_butterfly.png,images/white_butterfly.png,right_image, ,,,,,,24.8644,25.641,[0.29947089947089944],[-0.07777777777777778],[1],[0],[0],[0.7763999999999065],"[""right_image""]",4,0,16,2,1,,,,,
,,,,,039141,001,2025-10-18_14h17.07.416,Simon,2024.2.4,Win32,31.94888179,,,,,,,,,,1,26.7701,27.25,,,,,,,,,,,images/purple_butterfly.png,images/white_butterfly.png,left_image, ,,,,,,26.1274,26.77,[-0.2455026455026455],[-0.010052910052910053],[1],[0],[0],[0.6423999999999062],"[""left_image""]",4,1,17,0,1,,,,,
,,,,,039141,001,2025-10-18_14h17.07.416,Simon,2024.2.4,Win32,31.94888179,,,,,,,,,,1,27.794,28.2833,,,,,,,,,,,images/white_butterfly.png,images/purple_butterfly.png,left_image, ,,,,,,27.2504,27.7939,[-0.2306878306878307],[-0.010052910052910053],[1],[0],[0],[0.5433000000002792],"[""left_image""]",4,2,18,1,1,,,,,
,,,,,039141,001,2025-10-18_14h17.07.416,Simon,2024.2.4,Win32,31.94888179,,,,,,,,,,0,28.7793,29.2572,,,,,,,,,,,images/white_butterfly.png,images/yellow_butterfly.png,right_image, ,,,,,,28.2837,28.7789,[-0.2253968253968254],[-0.008994708994708995],[1],[0],[0],[0.49499999999999744],"[""left_image""]",4,3,19,3,1,,,,,
,,,,,039141,001,2025-10-18_14h17.07.416,Simon,2024.2.4,Win32,31.94888179,,,,,,,,,,,,,,,,,,,,,,,,,,,,,,,,,,,,,,,,,,,,,,29.2573,30.1331,1,[30.13310000000009],[30.13310000000009]
