﻿instructions.started,instructions.stopped,start_button.numClicks,start_button.timesOn,start_button.timesOff,participant,session,date,expName,psychopyVersion,OS,frameRate,practice_trial.started,practice_trial.stopped,mouse_2.x,mouse_2.y,mouse_2.leftButton,mouse_2.midButton,mouse_2.rightButton,mouse_2.time,mouse_2.clicked_name,correct,feedback.started,feedback.stopped,loop_until_correct.thisRepN,loop_until_correct.thisTrialN,loop_until_correct.thisN,loop_until_correct.thisIndex,loop_until_correct.ran,prac_trials.thisRepN,prac_trials.thisTrialN,prac_trials.thisN,prac_trials.thisIndex,prac_trials.ran,left_color,right_color,correct_response,top_txt,instructions_2.started,instructions_2.stopped,start_button_2.numClicks,start_button_2.timesOn,start_button_2.timesOff,trial.started,trial.stopped,mouse.x,mouse.y,mouse.leftButton,mouse.midButton,mouse.rightButton,mouse.time,mouse.clicked_name,trials.thisRepN,trials.thisTrialN,trials.thisN,trials.thisIndex,trials.ran,end.started,end.stopped,start_button_3.numClicks,start_button_3.timesOn,start_button_3.timesOff
0.0005,8.6265,1,[8.634700000047683],[8.634700000047683],039536,001,2025-03-25_16h00.41.138,Simon,2024.2.4,Win32,178.5714286,,,,,,,,,,,,,,,,,,,,,,,,,,,,,,,,,,,,,,,,,,,,,,,,,,
,,,,,039536,001,2025-03-25_16h00.41.138,Simon,2024.2.4,Win32,178.5714286,8.6374,10.5985,[-0.12801678908709338],[-0.08027282266526757],[1],[0],[0],[1.9591999999880798],"[""left_image_2"",""left_image_2""]",1,10.5989,11.0983,0,0,0,0,1,,,,,,,,,,,,,,,,,,,,,,,,,,,,,,,,,
,,,,,039536,001,2025-03-25_16h00.41.138,Simon,2024.2.4,Win32,178.5714286,,,,,,,,,,,,,,,,,,0,0,0,0,1,images/purple_butterfly.png,images/white_butterfly.png,left_image_2,"In this example, select the LEFT butterfly.",,,,,,,,,,,,,,,,,,,,,,,,
,,,,,039536,001,2025-03-25_16h00.41.138,Simon,2024.2.4,Win32,178.5714286,11.0994,13.0372,[-0.1521511017838405],[-0.0676810073452256],[1],[0],[0],[1.9366999999880772],"[""left_image_2"",""left_image_2""]",1,13.0373,13.5371,0,0,0,0,1,,,,,,,,,,,,,,,,,,,,,,,,,,,,,,,,,
,,,,,039536,001,2025-03-25_16h00.41.138,Simon,2024.2.4,Win32,178.5714286,,,,,,,,,,,,,,,,,,0,1,1,1,1,images/white_butterfly.png,images/purple_butterfly.png,left_image_2,"In this example, select the LEFT butterfly.",,,,,,,,,,,,,,,,,,,,,,,,
,,,,,039536,001,2025-03-25_16h00.41.138,Simon,2024.2.4,Win32,178.5714286,13.5379,14.8205,[0.1416579223504722],[-0.0540398740818468],[1],[0],[0],[1.2818000000119234],"[""right_image_2"",""right_image_2""]",1,14.8207,15.3205,0,0,0,0,1,,,,,,,,,,,,,,,,,,,,,,,,,,,,,,,,,
,,,,,039536,001,2025-03-25_16h00.41.138,Simon,2024.2.4,Win32,178.5714286,,,,,,,,,,,,,,,,,,0,2,2,2,1,images/yellow_butterfly.png,images/white_butterfly.png,right_image_2,"In this example, select the RIGHT butterfly.",,,,,,,,,,,,,,,,,,,,,,,,
,,,,,039536,001,2025-03-25_16h00.41.138,Simon,2024.2.4,Win32,178.5714286,15.3211,16.3816,[0.12801678908709338],[-0.061385099685204614],[1],[0],[0],[1.0598999999761567],"[""right_image_2"",""right_image_2""]",1,16.3818,16.8813,0,0,0,0,1,,,,,,,,,,,,,,,,,,,,,,,,,,,,,,,,,
,,,,,039536,001,2025-03-25_16h00.41.138,Simon,2024.2.4,Win32,178.5714286,,,,,,,,,,,,,,,,,,0,3,3,3,1,images/white_butterfly.png,images/yellow_butterfly.png,right_image_2,"In this example, select the RIGHT butterfly.",,,,,,,,,,,,,,,,,,,,,,,,
,,,,,039536,001,2025-03-25_16h00.41.138,Simon,2024.2.4,Win32,178.5714286,,,,,,,,,,,,,,,,,,,,,,,,,,,16.8816,17.8705,1,[17.872899999976156],[17.872899999976156],,,,,,,,,,,,,,,,,,,
,,,,,039536,001,2025-03-25_16h00.41.138,Simon,2024.2.4,Win32,178.5714286,,,,,,,,,,1,18.9094,19.4092,,,,,,,,,,,images/purple_butterfly.png,images/white_butterfly.png,left_image, ,,,,,,17.8744,18.9093,[-0.14480587618048268],[-0.05299055613850997],[1],[0],[0],[1.0344999999999978],"[""left_image""]",0,0,0,0,1,,,,,
,,,,,039536,001,2025-03-25_16h00.41.138,Simon,2024.2.4,Win32,178.5714286,,,,,,,,,,1,20.1593,20.6591,,,,,,,,,,,images/white_butterfly.png,images/purple_butterfly.png,left_image, ,,,,,,19.4097,20.1592,[-0.1416579223504722],[-0.0540398740818468],[1],[0],[0],[0.7491000000238408],"[""left_image""]",0,1,1,1,1,,,,,
,,,,,039536,001,2025-03-25_16h00.41.138,Simon,2024.2.4,Win32,178.5714286,,,,,,,,,,1,21.4814,21.9813,,,,,,,,,,,images/yellow_butterfly.png,images/white_butterfly.png,right_image, ,,,,,,20.6596,21.4814,[0.11752360965372508],[-0.07187827911857293],[1],[0],[0],[0.8213000000119202],"[""right_image""]",0,2,2,2,1,,,,,
,,,,,039536,001,2025-03-25_16h00.41.138,Simon,2024.2.4,Win32,178.5714286,,,,,,,,,,1,22.6314,23.1313,,,,,,,,,,,images/white_butterfly.png,images/yellow_butterfly.png,right_image, ,,,,,,21.9818,22.6314,[0.11752360965372508],[-0.09076600209863589],[1],[0],[0],[0.6493000000119231],"[""right_image""]",0,3,3,3,1,,,,,
,,,,,039536,001,2025-03-25_16h00.41.138,Simon,2024.2.4,Win32,178.5714286,,,,,,,,,,1,23.7313,24.2313,,,,,,,,,,,images/white_butterfly.png,images/yellow_butterfly.png,right_image, ,,,,,,23.1318,23.7313,[0.14480587618048268],[-0.08237145855194124],[1],[0],[0],[0.599499999999999],"[""right_image""]",1,0,4,3,1,,,,,
,,,,,039536,001,2025-03-25_16h00.41.138,Simon,2024.2.4,Win32,178.5714286,,,,,,,,,,1,24.9814,25.4813,,,,,,,,,,,images/yellow_butterfly.png,images/white_butterfly.png,right_image, ,,,,,,24.2317,24.9814,[0.14795383001049317],[-0.07817418677859392],[1],[0],[0],[0.7493999999761556],"[""right_image""]",1,1,5,2,1,,,,,
,,,,,039536,001,2025-03-25_16h00.41.138,Simon,2024.2.4,Win32,178.5714286,,,,,,,,,,1,26.4592,26.959,,,,,,,,,,,images/purple_butterfly.png,images/white_butterfly.png,left_image, ,,,,,,25.4817,26.4591,[-0.0776495278069255],[-0.06558237145855195],[1],[0],[0],[0.9770999999642349],"[""left_image""]",1,2,6,0,1,,,,,
,,,,,039536,001,2025-03-25_16h00.41.138,Simon,2024.2.4,Win32,178.5714286,,,,,,,,,,1,28.0257,28.5257,,,,,,,,,,,images/white_butterfly.png,images/purple_butterfly.png,left_image, ,,,,,,26.9595,28.0257,[-0.16474291710388247],[-0.0540398740818468],[1],[0],[0],[1.066100000023841],"[""left_image""]",1,3,7,1,1,,,,,
,,,,,039536,001,2025-03-25_16h00.41.138,Simon,2024.2.4,Win32,178.5714286,,,,,,,,,,1,29.5257,30.0256,,,,,,,,,,,images/white_butterfly.png,images/yellow_butterfly.png,right_image, ,,,,,,28.526,29.5257,[0.12381951731374606],[-0.06977964323189927],[1],[0],[0],[0.9994000000357666],"[""right_image""]",2,0,8,3,1,,,,,
,,,,,039536,001,2025-03-25_16h00.41.138,Simon,2024.2.4,Win32,178.5714286,,,,,,,,,,1,30.7757,31.2757,,,,,,,,,,,images/white_butterfly.png,images/purple_butterfly.png,left_image, ,,,,,,30.0259,30.7756,[-0.10073452256033578],[-0.06348373557187828],[1],[0],[0],[0.7496000000238396],"[""left_image""]",2,1,9,1,1,,,,,
,,,,,039536,001,2025-03-25_16h00.41.138,Simon,2024.2.4,Win32,178.5714286,,,,,,,,,,1,31.9757,32.4756,,,,,,,,,,,images/purple_butterfly.png,images/white_butterfly.png,left_image, ,,,,,,31.2761,31.9757,[-0.13011542497376705],[-0.0540398740818468],[1],[0],[0],[0.6991999999880818],"[""left_image""]",2,2,10,0,1,,,,,
,,,,,039536,001,2025-03-25_16h00.41.138,Simon,2024.2.4,Win32,178.5714286,,,,,,,,,,1,33.1758,33.6756,,,,,,,,,,,images/yellow_butterfly.png,images/white_butterfly.png,right_image, ,,,,,,32.476,33.1758,[0.13641133263378805],[-0.07817418677859392],[1],[0],[0],[0.699599999964235],"[""right_image""]",2,3,11,2,1,,,,,
,,,,,039536,001,2025-03-25_16h00.41.138,Simon,2024.2.4,Win32,178.5714286,,,,,,,,,,1,34.3369,34.8367,,,,,,,,,,,images/yellow_butterfly.png,images/white_butterfly.png,right_image, ,,,,,,33.676,34.3368,[0.12067156348373557],[-0.0708289611752361],[1],[0],[0],[0.6608000000119247],"[""right_image""]",3,0,12,2,1,,,,,
,,,,,039536,001,2025-03-25_16h00.41.138,Simon,2024.2.4,Win32,178.5714286,,,,,,,,,,1,35.509,36.0089,,,,,,,,,,,images/purple_butterfly.png,images/white_butterfly.png,left_image, ,,,,,,34.8371,35.509,[-0.12696747114375656],[-0.05823714585519412],[1],[0],[0],[0.6716000000238438],"[""left_image""]",3,1,13,0,1,,,,,
,,,,,039536,001,2025-03-25_16h00.41.138,Simon,2024.2.4,Win32,178.5714286,,,,,,,,,,1,36.6423,37.1422,,,,,,,,,,,images/white_butterfly.png,images/yellow_butterfly.png,right_image, ,,,,,,36.0093,36.6422,[0.16054564533053514],[-0.07502623294858342],[1],[0],[0],[0.6326000000238423],"[""right_image""]",3,2,14,3,1,,,,,
,,,,,039536,001,2025-03-25_16h00.41.138,Simon,2024.2.4,Win32,178.5714286,,,,,,,,,,1,37.7535,38.2533,,,,,,,,,,,images/white_butterfly.png,images/purple_butterfly.png,left_image, ,,,,,,37.1425,37.7534,[-0.08499475341028331],[-0.051941238195173135],[1],[0],[0],[0.6106999999880784],"[""left_image""]",3,3,15,1,1,,,,,
,,,,,039536,001,2025-03-25_16h00.41.138,Simon,2024.2.4,Win32,178.5714286,,,,,,,,,,1,39.0034,39.5032,,,,,,,,,,,images/yellow_butterfly.png,images/white_butterfly.png,right_image, ,,,,,,38.2537,39.0033,[0.11647429171038824],[-0.061385099685204614],[1],[0],[0],[0.7493999999761627],"[""right_image""]",4,0,16,2,1,,,,,
,,,,,039536,001,2025-03-25_16h00.41.138,Simon,2024.2.4,Win32,178.5714286,,,,,,,,,,1,40.3256,40.8254,,,,,,,,,,,images/purple_butterfly.png,images/white_butterfly.png,left_image, ,,,,,,39.5037,40.3256,[-0.080797481636936],[-0.049842602308499476],[1],[0],[0],[0.8215000000000003],"[""left_image""]",4,1,17,0,1,,,,,
,,,,,039536,001,2025-03-25_16h00.41.138,Simon,2024.2.4,Win32,178.5714286,,,,,,,,,,1,41.7089,42.2087,,,,,,,,,,,images/white_butterfly.png,images/purple_butterfly.png,left_image, ,,,,,,40.8259,41.7088,[-0.1049317943336831],[-0.057187827911857295],[1],[0],[0],[0.882699999988084],"[""left_image""]",4,2,18,1,1,,,,,
,,,,,039536,001,2025-03-25_16h00.41.138,Simon,2024.2.4,Win32,178.5714286,,,,,,,,,,1,43.3144,43.8143,,,,,,,,,,,images/white_butterfly.png,images/yellow_butterfly.png,right_image, ,,,,,,42.2091,43.3144,[0.09233997901364113],[-0.06663168940188877],[1],[0],[0],[1.105000000000004],"[""right_image""]",4,3,19,3,1,,,,,
,,,,,039536,001,2025-03-25_16h00.41.138,Simon,2024.2.4,Win32,178.5714286,,,,,,,,,,,,,,,,,,,,,,,,,,,,,,,,,,,,,,,,,,,,,,43.8145,44.8312,1,[44.83090000003577],[44.83090000003577]
