﻿instructions.started,instructions.stopped,start_button.numClicks,start_button.timesOn,start_button.timesOff,participant,session,date,expName,psychopyVersion,OS,frameRate,practice_trial.started,practice_trial.stopped,mouse_2.x,mouse_2.y,mouse_2.leftButton,mouse_2.midButton,mouse_2.rightButton,mouse_2.time,mouse_2.clicked_name,correct,feedback.started,feedback.stopped,loop_until_correct.thisRepN,loop_until_correct.thisTrialN,loop_until_correct.thisN,loop_until_correct.thisIndex,loop_until_correct.ran,prac_trials.thisRepN,prac_trials.thisTrialN,prac_trials.thisN,prac_trials.thisIndex,prac_trials.ran,left_color,right_color,correct_response,top_txt,instructions_2.started,instructions_2.stopped,start_button_2.numClicks,start_button_2.timesOn,start_button_2.timesOff,trial.started,trial.stopped,mouse.x,mouse.y,mouse.leftButton,mouse.midButton,mouse.rightButton,mouse.time,mouse.clicked_name,trials.thisRepN,trials.thisTrialN,trials.thisN,trials.thisIndex,trials.ran,end.started,end.stopped,start_button_3.numClicks,start_button_3.timesOn,start_button_3.timesOff
0.0005,207.8138,1,[207.82970000001785],[207.82980000001191],040780,001,2025-07-12_15h43.38.666,Simon,2024.2.4,Win32,59.88023952,,,,,,,,,,,,,,,,,,,,,,,,,,,,,,,,,,,,,,,,,,,,,,,,,,
,,,,,040780,001,2025-07-12_15h43.38.666,Simon,2024.2.4,Win32,59.88023952,207.8266,213.7625,[-0.14079752728982936],[0.08190183112957726],[1],[0],[0],[5.933099999994056],"[""left_image_2"",""left_image_2""]",1,213.7725,214.2622,0,0,0,0,1,,,,,,,,,,,,,,,,,,,,,,,,,,,,,,,,,
,,,,,040780,001,2025-07-12_15h43.38.666,Simon,2024.2.4,Win32,59.88023952,,,,,,,,,,,,,,,,,,0,0,0,0,1,images/purple_butterfly.png,images/white_butterfly.png,left_image_2,"In this example, select the LEFT butterfly.",,,,,,,,,,,,,,,,,,,,,,,,
,,,,,040780,001,2025-07-12_15h43.38.666,Simon,2024.2.4,Win32,59.88023952,214.2644,218.6292,[-0.10521468648149923],[0.09171777268860237],[1],[0],[0],[4.3620999999940295],"[""left_image_2"",""left_image_2""]",1,218.6297,219.1289,0,0,0,0,1,,,,,,,,,,,,,,,,,,,,,,,,,,,,,,,,,
,,,,,040780,001,2025-07-12_15h43.38.666,Simon,2024.2.4,Win32,59.88023952,,,,,,,,,,,,,,,,,,0,1,1,1,1,images/white_butterfly.png,images/purple_butterfly.png,left_image_2,"In this example, select the LEFT butterfly.",,,,,,,,,,,,,,,,,,,,,,,,
,,,,,040780,001,2025-07-12_15h43.38.666,Simon,2024.2.4,Win32,59.88023952,219.143,231.9784,[0.096012326105972],[0.037730070710913534],[1],[0],[0],[12.834499999999991],"[""right_image_2"",""right_image_2""]",1,231.9791,232.478,0,0,0,0,1,,,,,,,,,,,,,,,,,,,,,,,,,,,,,,,,,
,,,,,040780,001,2025-07-12_15h43.38.666,Simon,2024.2.4,Win32,59.88023952,,,,,,,,,,,,,,,,,,0,2,2,2,1,images/yellow_butterfly.png,images/white_butterfly.png,right_image_2,"In this example, select the RIGHT butterfly.",,,,,,,,,,,,,,,,,,,,,,,,
,,,,,040780,001,2025-07-12_15h43.38.666,Simon,2024.2.4,Win32,59.88023952,232.4899,239.3283,[-0.13711650824985622],[0.062269948011527035],[1],[0],[0],[6.8375999999940404],"[""left_image_2"",""left_image_2""]",0,239.33,239.8282,0,0,0,0,1,,,,,,,,,,,,,,,,,,,,,,,,,,,,,,,,,
,,,,,040780,001,2025-07-12_15h43.38.666,Simon,2024.2.4,Win32,59.88023952,239.8291,245.2687,[0.08496936259825537],[0.05858892897155387],[1],[0],[0],[5.438400000006027],"[""right_image_2"",""right_image_2""]",1,245.27,245.7618,1,0,1,0,1,,,,,,,,,,,,,,,,,,,,,,,,,,,,,,,,,
,,,,,040780,001,2025-07-12_15h43.38.666,Simon,2024.2.4,Win32,59.88023952,,,,,,,,,,,,,,,,,,0,3,3,3,1,images/white_butterfly.png,images/yellow_butterfly.png,right_image_2,"In this example, select the RIGHT butterfly.",,,,,,,,,,,,,,,,,,,,,,,,
,,,,,040780,001,2025-07-12_15h43.38.666,Simon,2024.2.4,Win32,59.88023952,,,,,,,,,,,,,,,,,,,,,,,,,,,245.7626,253.3111,1,[253.31439999997616],[253.31439999997616],,,,,,,,,,,,,,,,,,,
,,,,,040780,001,2025-07-12_15h43.38.666,Simon,2024.2.4,Win32,59.88023952,,,,,,,,,,1,256.6293,257.1281,,,,,,,,,,,images/white_butterfly.png,images/purple_butterfly.png,left_image, ,,,,,,253.3204,256.6292,[-0.07208588957055215],[-0.027300641580593366],[1],[0],[0],[3.307699999988131],"[""left_image""]",0,0,0,1,1,,,,,
,,,,,040780,001,2025-07-12_15h43.38.666,Simon,2024.2.4,Win32,59.88023952,,,,,,,,,,1,261.6443,262.1447,,,,,,,,,,,images/white_butterfly.png,images/yellow_butterfly.png,right_image, ,,,,,,257.1401,261.6442,[0.1315950733020993],[0.032822076528350265],[1],[0],[0],[4.5037999999822205],"[""right_image""]",0,1,1,3,1,,,,,
,,,,,040780,001,2025-07-12_15h43.38.666,Simon,2024.2.4,Win32,59.88023952,,,,,,,,,,1,265.3777,265.8774,,,,,,,,,,,images/purple_butterfly.png,images/white_butterfly.png,left_image, ,,,,,,262.1455,265.3777,[-0.10644166162408934],[0.009509174370326879],[1],[0],[0],[3.2314999999999827],"[""left_image""]",0,2,2,0,1,,,,,
,,,,,040780,001,2025-07-12_15h43.38.666,Simon,2024.2.4,Win32,59.88023952,,,,,,,,,,0,268.2457,268.7445,,,,,,,,,,,images/yellow_butterfly.png,images/white_butterfly.png,right_image, ,,,,,,265.8785,268.2447,[-0.11134965580665261],[0.010736196319018405],[1],[0],[0],[2.365799999982073],"[""left_image""]",0,3,3,2,1,,,,,
,,,,,040780,001,2025-07-12_15h43.38.666,Simon,2024.2.4,Win32,59.88023952,,,,,,,,,,1,269.7957,270.2943,,,,,,,,,,,images/yellow_butterfly.png,images/white_butterfly.png,right_image, ,,,,,,268.7518,269.7946,[0.16104294478527606],[-0.008895733605133243],[1],[0],[0],[1.0426999999880309],"[""right_image""]",1,0,4,2,1,,,,,
,,,,,040780,001,2025-07-12_15h43.38.666,Simon,2024.2.4,Win32,59.88023952,,,,,,,,,,1,272.1276,272.6157,,,,,,,,,,,images/purple_butterfly.png,images/white_butterfly.png,left_image, ,,,,,,270.2949,272.1275,[-0.10276073619631902],[-0.02975459186577358],[1],[0],[0],[1.8320999999940568],"[""left_image""]",1,1,5,0,1,,,,,
,,,,,040780,001,2025-07-12_15h43.38.666,Simon,2024.2.4,Win32,59.88023952,,,,,,,,,,1,274.0278,274.528,,,,,,,,,,,images/white_butterfly.png,images/purple_butterfly.png,left_image, ,,,,,,272.6163,274.0277,[-0.13711650824985622],[-0.032208588957055216],[1],[0],[0],[1.4108999999760954],"[""left_image""]",1,2,6,1,1,,,,,
,,,,,040780,001,2025-07-12_15h43.38.666,Simon,2024.2.4,Win32,59.88023952,,,,,,,,,,0,276.8617,277.3607,,,,,,,,,,,images/white_butterfly.png,images/yellow_butterfly.png,right_image, ,,,,,,274.5285,276.8607,[-0.14570552147239263],[-0.018711675164158358],[1],[0],[0],[2.331800000011981],"[""left_image""]",1,3,7,3,1,,,,,
,,,,,040780,001,2025-07-12_15h43.38.666,Simon,2024.2.4,Win32,59.88023952,,,,,,,,,,0,280.8944,281.3942,,,,,,,,,,,images/yellow_butterfly.png,images/white_butterfly.png,right_image, ,,,,,,277.3615,280.8943,[-0.17269939586428776],[-0.030981613814465108],[1],[0],[0],[3.5321000000238882],"[""left_image""]",2,0,8,2,1,,,,,
,,,,,040780,001,2025-07-12_15h43.38.666,Simon,2024.2.4,Win32,59.88023952,,,,,,,,,,1,283.1171,283.616,,,,,,,,,,,images/white_butterfly.png,images/yellow_butterfly.png,right_image, ,,,,,,281.4085,283.1163,[0.08742331288343558],[0.010736196319018405],[1],[0],[0],[1.7074999999999818],"[""right_image""]",2,1,9,3,1,,,,,
,,,,,040780,001,2025-07-12_15h43.38.666,Simon,2024.2.4,Win32,59.88023952,,,,,,,,,,1,284.0608,284.5608,,,,,,,,,,,images/purple_butterfly.png,images/white_butterfly.png,left_image, ,,,,,,283.617,284.0608,[-0.14079752728982936],[-0.015030702930286619],[1],[0],[0],[0.4430999999940468],"[""left_image""]",2,2,10,0,1,,,,,
,,,,,040780,001,2025-07-12_15h43.38.666,Simon,2024.2.4,Win32,59.88023952,,,,,,,,,,0,285.4281,285.9273,,,,,,,,,,,images/white_butterfly.png,images/purple_butterfly.png,left_image, ,,,,,,284.5616,285.4273,[0.09110433192340875],[-0.010122708747723351],[1],[0],[0],[0.8653000000118709],"[""right_image""]",2,3,11,1,1,,,,,
,,,,,040780,001,2025-07-12_15h43.38.666,Simon,2024.2.4,Win32,59.88023952,,,,,,,,,,1,286.5286,287.0278,,,,,,,,,,,images/purple_butterfly.png,images/white_butterfly.png,left_image, ,,,,,,285.9278,286.5274,[-0.12484656959954947],[-0.03834355828220859],[1],[0],[0],[0.5991999999880591],"[""left_image""]",3,0,12,0,1,,,,,
,,,,,040780,001,2025-07-12_15h43.38.666,Simon,2024.2.4,Win32,59.88023952,,,,,,,,,,1,288.1613,288.6659,,,,,,,,,,,images/white_butterfly.png,images/yellow_butterfly.png,right_image, ,,,,,,287.0285,288.1612,[0.11809815950920245],[-0.013803680981595092],[1],[0],[0],[1.1321999999880745],"[""right_image""]",3,1,13,3,1,,,,,
,,,,,040780,001,2025-07-12_15h43.38.666,Simon,2024.2.4,Win32,59.88023952,,,,,,,,,,0,289.5788,290.0776,,,,,,,,,,,images/yellow_butterfly.png,images/white_butterfly.png,right_image, ,,,,,,288.6666,289.5778,[-0.11257663094924271],[-0.03957058023090011],[1],[0],[0],[0.9107000000178687],"[""left_image""]",3,2,14,2,1,,,,,
,,,,,040780,001,2025-07-12_15h43.38.666,Simon,2024.2.4,Win32,59.88023952,,,,,,,,,,1,294.1286,294.6273,,,,,,,,,,,images/white_butterfly.png,images/purple_butterfly.png,left_image, ,,,,,,290.0785,294.1277,[-0.1260736383543424],[-0.037116583139618485],[1],[0],[0],[4.048599999994053],"[""left_image""]",3,3,15,1,1,,,,,
,,,,,040780,001,2025-07-12_15h43.38.666,Simon,2024.2.4,Win32,59.88023952,,,,,,,,,,1,295.4604,295.9495,,,,,,,,,,,images/yellow_butterfly.png,images/white_butterfly.png,right_image, ,,,,,,294.6351,295.4603,[0.11319016532663918],[-0.01134968389031346],[1],[0],[0],[0.8249000000059823],"[""right_image""]",4,0,16,2,1,,,,,
,,,,,040780,001,2025-07-12_15h43.38.666,Simon,2024.2.4,Win32,59.88023952,,,,,,,,,,1,297.0443,297.5438,,,,,,,,,,,images/white_butterfly.png,images/yellow_butterfly.png,right_image, ,,,,,,295.9503,297.0443,[0.20398773006134968],[-0.054294469166387076],[1],[0],[0],[1.0932999999821504],"[""right_image""]",4,1,17,3,1,,,,,
,,,,,040780,001,2025-07-12_15h43.38.666,Simon,2024.2.4,Win32,59.88023952,,,,,,,,,,1,298.7775,299.2775,,,,,,,,,,,images/purple_butterfly.png,images/white_butterfly.png,left_image, ,,,,,,297.5444,298.7775,[-0.06840487053057899],[-0.06288343558282208],[1],[0],[0],[1.232499999999959],"[""left_image""]",4,2,18,0,1,,,,,
,,,,,040780,001,2025-07-12_15h43.38.666,Simon,2024.2.4,Win32,59.88023952,,,,,,,,,,1,300.2109,300.6988,,,,,,,,,,,images/white_butterfly.png,images/purple_butterfly.png,left_image, ,,,,,,299.278,300.2108,[-0.08926382240342216],[-0.035889561190926955],[1],[0],[0],[0.9324000000059414],"[""left_image""]",4,3,19,1,1,,,,,
,,,,,040780,001,2025-07-12_15h43.38.666,Simon,2024.2.4,Win32,59.88023952,,,,,,,,,,,,,,,,,,,,,,,,,,,,,,,,,,,,,,,,,,,,,,300.6994,302.2274,1,[302.2269000000059],[302.2269000000059]
