﻿instructions.started,instructions.stopped,start_button.numClicks,start_button.timesOn,start_button.timesOff,participant,session,date,expName,psychopyVersion,OS,frameRate,practice_trial.started,practice_trial.stopped,mouse_2.x,mouse_2.y,mouse_2.leftButton,mouse_2.midButton,mouse_2.rightButton,mouse_2.time,mouse_2.clicked_name,correct,feedback.started,feedback.stopped,loop_until_correct.thisRepN,loop_until_correct.thisTrialN,loop_until_correct.thisN,loop_until_correct.thisIndex,loop_until_correct.ran,prac_trials.thisRepN,prac_trials.thisTrialN,prac_trials.thisN,prac_trials.thisIndex,prac_trials.ran,left_color,right_color,correct_response,top_txt,instructions_2.started,instructions_2.stopped,start_button_2.numClicks,start_button_2.timesOn,start_button_2.timesOff,trial.started,trial.stopped,mouse.x,mouse.y,mouse.leftButton,mouse.midButton,mouse.rightButton,mouse.time,mouse.clicked_name,trials.thisRepN,trials.thisTrialN,trials.thisN,trials.thisIndex,trials.ran,end.started,end.stopped,start_button_3.numClicks,start_button_3.timesOn,start_button_3.timesOff
0.0005,20.717,1,[20.738099999994027],[20.738099999994027],041956,001,2025-05-20_14h21.16.752,Simon,2024.2.4,MacIntel,60.24096386,,,,,,,,,,,,,,,,,,,,,,,,,,,,,,,,,,,,,,,,,,,,,,,,,,
,,,,,041956,001,2025-05-20_14h21.16.752,Simon,2024.2.4,MacIntel,60.24096386,20.7417,21.3833,[-0.21280856092436976],[-0.001173516281512605],[1],[0],[0],[0.63900000000001],"[""left_image_2"",""left_image_2""]",1,21.3841,21.8832,0,0,0,0,1,,,,,,,,,,,,,,,,,,,,,,,,,,,,,,,,,
,,,,,041956,001,2025-05-20_14h21.16.752,Simon,2024.2.4,MacIntel,60.24096386,,,,,,,,,,,,,,,,,,0,0,0,0,1,images/purple_butterfly.png,images/white_butterfly.png,left_image_2,"In this example, select the LEFT butterfly.",,,,,,,,,,,,,,,,,,,,,,,,
,,,,,041956,001,2025-05-20_14h21.16.752,Simon,2024.2.4,MacIntel,60.24096386,21.8858,22.5662,[0.16246225052521007],[0.017491957720588234],[1],[0],[0],[0.6772999999970182],"[""right_image_2"",""right_image_2""]",0,22.5671,23.0651,0,0,0,0,1,,,,,,,,,,,,,,,,,,,,,,,,,,,,,,,,,
,,,,,041956,001,2025-05-20_14h21.16.752,Simon,2024.2.4,MacIntel,60.24096386,23.0664,26.7994,[0.15277458639705882],[-0.0361328125],[1],[0],[0],[3.731600000008939],"[""right_image_2"",""right_image_2""]",0,26.7997,27.2995,1,0,1,0,1,,,,,,,,,,,,,,,,,,,,,,,,,,,,,,,,,
,,,,,041956,001,2025-05-20_14h21.16.752,Simon,2024.2.4,MacIntel,60.24096386,27.3005,32.7999,[-0.14712447478991597],[-0.003200498949579832],[1],[0],[0],[5.498200000002981],"[""left_image_2"",""left_image_2""]",1,32.801,33.2997,2,0,2,0,1,,,,,,,,,,,,,,,,,,,,,,,,,,,,,,,,,
,,,,,041956,001,2025-05-20_14h21.16.752,Simon,2024.2.4,MacIntel,60.24096386,,,,,,,,,,,,,,,,,,0,1,1,1,1,images/white_butterfly.png,images/purple_butterfly.png,left_image_2,"In this example, select the LEFT butterfly.",,,,,,,,,,,,,,,,,,,,,,,,
,,,,,041956,001,2025-05-20_14h21.16.752,Simon,2024.2.4,MacIntel,60.24096386,33.3023,38.5997,[-0.1179014574579832],[-0.04545939469537815],[1],[0],[0],[5.29549999999999],"[""left_image_2"",""left_image_2""]",0,38.6008,39.0998,0,0,0,0,1,,,,,,,,,,,,,,,,,,,,,,,,,,,,,,,,,
,,,,,041956,001,2025-05-20_14h21.16.752,Simon,2024.2.4,MacIntel,60.24096386,39.1013,41.8,[0.21994813550420167],[-0.033453420430672266],[1],[0],[0],[2.6972999999970284],"[""right_image_2"",""right_image_2""]",1,41.801,42.2999,1,0,1,0,1,,,,,,,,,,,,,,,,,,,,,,,,,,,,,,,,,
,,,,,041956,001,2025-05-20_14h21.16.752,Simon,2024.2.4,MacIntel,60.24096386,,,,,,,,,,,,,,,,,,0,2,2,2,1,images/yellow_butterfly.png,images/white_butterfly.png,right_image_2,"In this example, select the RIGHT butterfly.",,,,,,,,,,,,,,,,,,,,,,,,
,,,,,041956,001,2025-05-20_14h21.16.752,Simon,2024.2.4,MacIntel,60.24096386,42.3027,44.0664,[0.14367778361344538],[0.000176437762605042],[1],[0],[0],[1.7617999999970237],"[""right_image_2"",""right_image_2""]",1,44.0666,44.5667,0,0,0,0,1,,,,,,,,,,,,,,,,,,,,,,,,,,,,,,,,,
,,,,,041956,001,2025-05-20_14h21.16.752,Simon,2024.2.4,MacIntel,60.24096386,,,,,,,,,,,,,,,,,,0,3,3,3,1,images/white_butterfly.png,images/yellow_butterfly.png,right_image_2,"In this example, select the RIGHT butterfly.",,,,,,,,,,,,,,,,,,,,,,,,
,,,,,041956,001,2025-05-20_14h21.16.752,Simon,2024.2.4,MacIntel,60.24096386,,,,,,,,,,,,,,,,,,,,,,,,,,,44.5675,46.184,1,[46.185700000002974],[46.185700000002974],,,,,,,,,,,,,,,,,,,
,,,,,041956,001,2025-05-20_14h21.16.752,Simon,2024.2.4,MacIntel,60.24096386,,,,,,,,,,0,47.051,47.55,,,,,,,,,,,images/yellow_butterfly.png,images/white_butterfly.png,right_image, ,,,,,,46.1952,47.0502,[-0.13797022715336135],[-0.02485720850840336],[1],[0],[0],[0.8541000000089412],"[""left_image""]",0,0,0,2,1,,,,,
,,,,,041956,001,2025-05-20_14h21.16.752,Simon,2024.2.4,MacIntel,60.24096386,,,,,,,,,,0,49.7332,50.2331,,,,,,,,,,,images/purple_butterfly.png,images/white_butterfly.png,left_image, ,,,,,,47.5513,49.7331,[0.2641724658613445],[-0.022296809348739496],[1],[0],[0],[2.181199999988081],"[""right_image""]",0,1,1,0,1,,,,,
,,,,,041956,001,2025-05-20_14h21.16.752,Simon,2024.2.4,MacIntel,60.24096386,,,,,,,,,,1,51.9508,52.4503,,,,,,,,,,,images/white_butterfly.png,images/yellow_butterfly.png,right_image, ,,,,,,50.2339,51.9499,[0.19019170168067226],[-0.047625886292016806],[1],[0],[0],[1.7154000000059568],"[""right_image""]",0,2,2,3,1,,,,,
,,,,,041956,001,2025-05-20_14h21.16.752,Simon,2024.2.4,MacIntel,60.24096386,,,,,,,,,,1,54.4337,54.9336,,,,,,,,,,,images/white_butterfly.png,images/purple_butterfly.png,left_image, ,,,,,,52.4511,54.4336,[-0.13900423450630253],[0.028123358718487396],[1],[0],[0],[1.9817999999970226],"[""left_image""]",0,3,3,1,1,,,,,
,,,,,041956,001,2025-05-20_14h21.16.752,Simon,2024.2.4,MacIntel,60.24096386,,,,,,,,,,1,56.0329,56.5339,,,,,,,,,,,images/purple_butterfly.png,images/white_butterfly.png,left_image, ,,,,,,54.9343,56.0327,[-0.14240579044117646],[0.023310300682773108],[1],[0],[0],[1.0977000000029733],"[""left_image""]",1,0,4,0,1,,,,,
,,,,,041956,001,2025-05-20_14h21.16.752,Simon,2024.2.4,MacIntel,60.24096386,,,,,,,,,,1,57.4338,57.9336,,,,,,,,,,,images/yellow_butterfly.png,images/white_butterfly.png,right_image, ,,,,,,56.5349,57.4336,[0.20285829175420167],[0.009667148109243698],[1],[0],[0],[0.8979999999999961],"[""right_image""]",1,1,5,2,1,,,,,
,,,,,041956,001,2025-05-20_14h21.16.752,Simon,2024.2.4,MacIntel,60.24096386,,,,,,,,,,1,59.0165,59.5164,,,,,,,,,,,images/white_butterfly.png,images/yellow_butterfly.png,right_image, ,,,,,,57.9347,59.0165,[0.13671054359243698],[0.0045791754201680674],[1],[0],[0],[1.081000000000003],"[""right_image""]",1,2,6,3,1,,,,,
,,,,,041956,001,2025-05-20_14h21.16.752,Simon,2024.2.4,MacIntel,60.24096386,,,,,,,,,,1,61.1838,61.6836,,,,,,,,,,,images/white_butterfly.png,images/purple_butterfly.png,left_image, ,,,,,,59.5177,61.1838,[-0.221839712447479],[0.05524963891806723],[1],[0],[0],[1.6655000000000086],"[""left_image""]",1,3,7,1,1,,,,,
,,,,,041956,001,2025-05-20_14h21.16.752,Simon,2024.2.4,MacIntel,60.24096386,,,,,,,,,,1,62.4335,62.9337,,,,,,,,,,,images/white_butterfly.png,images/yellow_butterfly.png,right_image, ,,,,,,61.6846,62.4334,[0.16819852941176472],[0.01523109243697479],[1],[0],[0],[0.7483000000119375],"[""right_image""]",2,0,8,3,1,,,,,
,,,,,041956,001,2025-05-20_14h21.16.752,Simon,2024.2.4,MacIntel,60.24096386,,,,,,,,,,1,63.9497,64.4504,,,,,,,,,,,images/white_butterfly.png,images/purple_butterfly.png,left_image, ,,,,,,62.9349,63.9496,[-0.09148092830882353],[0.04476595325630252],[1],[0],[0],[1.0140999999940163],"[""left_image""]",2,1,9,1,1,,,,,
,,,,,041956,001,2025-05-20_14h21.16.752,Simon,2024.2.4,MacIntel,60.24096386,,,,,,,,,,1,65.7338,66.2329,,,,,,,,,,,images/yellow_butterfly.png,images/white_butterfly.png,right_image, ,,,,,,64.4514,65.7337,[0.250168231355042],[0.028845522584033615],[1],[0],[0],[1.281799999997034],"[""right_image""]",2,2,10,2,1,,,,,
,,,,,041956,001,2025-05-20_14h21.16.752,Simon,2024.2.4,MacIntel,60.24096386,,,,,,,,,,1,66.9339,67.4339,,,,,,,,,,,images/purple_butterfly.png,images/white_butterfly.png,left_image, ,,,,,,66.234,66.9338,[-0.16619206276260504],[0.040851496848739496],[1],[0],[0],[0.6992000000029748],"[""left_image""]",2,3,11,0,1,,,,,
,,,,,041956,001,2025-05-20_14h21.16.752,Simon,2024.2.4,MacIntel,60.24096386,,,,,,,,,,1,68.0505,68.5496,,,,,,,,,,,images/purple_butterfly.png,images/white_butterfly.png,left_image, ,,,,,,67.435,68.0504,[-0.1611328125],[0.0137047006302521],[1],[0],[0],[0.6152000000029716],"[""left_image""]",3,0,12,0,1,,,,,
,,,,,041956,001,2025-05-20_14h21.16.752,Simon,2024.2.4,MacIntel,60.24096386,,,,,,,,,,1,69.4006,69.8997,,,,,,,,,,,images/yellow_butterfly.png,images/white_butterfly.png,right_image, ,,,,,,68.5506,69.4005,[0.11226365546218488],[0.012851234243697478],[1],[0],[0],[0.8492999999970436],"[""right_image""]",3,1,13,2,1,,,,,
,,,,,041956,001,2025-05-20_14h21.16.752,Simon,2024.2.4,MacIntel,60.24096386,,,,,,,,,,1,70.7172,71.2171,,,,,,,,,,,images/white_butterfly.png,images/purple_butterfly.png,left_image, ,,,,,,69.9005,70.7172,[-0.15331620929621848],[0.041245404411764705],[1],[0],[0],[0.8162000000029934],"[""left_image""]",3,2,14,1,1,,,,,
,,,,,041956,001,2025-05-20_14h21.16.752,Simon,2024.2.4,MacIntel,60.24096386,,,,,,,,,,1,72.4676,72.9675,,,,,,,,,,,images/white_butterfly.png,images/yellow_butterfly.png,right_image, ,,,,,,71.2179,72.4675,[0.23419856223739496],[-0.0048581932773109245],[1],[0],[0],[1.2489999999999952],"[""right_image""]",3,3,15,3,1,,,,,
,,,,,041956,001,2025-05-20_14h21.16.752,Simon,2024.2.4,MacIntel,60.24096386,,,,,,,,,,1,73.6997,74.1997,,,,,,,,,,,images/white_butterfly.png,images/purple_butterfly.png,left_image, ,,,,,,72.9687,73.6996,[-0.08547383797268908],[0.03877937893907563],[1],[0],[0],[0.7304000000059716],"[""left_image""]",4,0,16,1,1,,,,,
,,,,,041956,001,2025-05-20_14h21.16.752,Simon,2024.2.4,MacIntel,60.24096386,,,,,,,,,,1,75.0496,75.5498,,,,,,,,,,,images/purple_butterfly.png,images/white_butterfly.png,left_image, ,,,,,,74.2007,75.0495,[-0.08404592305672269],[0.03902146796218487],[1],[0],[0],[0.8481999999880827],"[""left_image""]",4,1,17,0,1,,,,,
,,,,,041956,001,2025-05-20_14h21.16.752,Simon,2024.2.4,MacIntel,60.24096386,,,,,,,,,,1,76.6336,77.1333,,,,,,,,,,,images/white_butterfly.png,images/yellow_butterfly.png,right_image, ,,,,,,75.5508,76.6335,[0.16019728203781514],[0.0194984243697479],[1],[0],[0],[1.081700000002968],"[""right_image""]",4,2,18,3,1,,,,,
,,,,,041956,001,2025-05-20_14h21.16.752,Simon,2024.2.4,MacIntel,60.24096386,,,,,,,,,,0,79.252,79.7509,,,,,,,,,,,images/yellow_butterfly.png,images/white_butterfly.png,right_image, ,,,,,,77.1345,79.2508,[-0.1981108849789916],[0.04387555803571429],[1],[0],[0],[2.1154000000059625],"[""left_image""]",4,3,19,2,1,,,,,
,,,,,041956,001,2025-05-20_14h21.16.752,Simon,2024.2.4,MacIntel,60.24096386,,,,,,,,,,,,,,,,,,,,,,,,,,,,,,,,,,,,,,,,,,,,,,79.7514,81.9013,1,[81.90070000000298],[81.90080000001194]
