﻿instructions.started,instructions.stopped,start_button.numClicks,start_button.timesOn,start_button.timesOff,participant,session,date,expName,psychopyVersion,OS,frameRate,practice_trial.started,practice_trial.stopped,mouse_2.x,mouse_2.y,mouse_2.leftButton,mouse_2.midButton,mouse_2.rightButton,mouse_2.time,mouse_2.clicked_name,correct,feedback.started,feedback.stopped,loop_until_correct.thisRepN,loop_until_correct.thisTrialN,loop_until_correct.thisN,loop_until_correct.thisIndex,loop_until_correct.ran,prac_trials.thisRepN,prac_trials.thisTrialN,prac_trials.thisN,prac_trials.thisIndex,prac_trials.ran,left_color,right_color,correct_response,top_txt,instructions_2.started,instructions_2.stopped,start_button_2.numClicks,start_button_2.timesOn,start_button_2.timesOff,trial.started,trial.stopped,mouse.x,mouse.y,mouse.leftButton,mouse.midButton,mouse.rightButton,mouse.time,mouse.clicked_name,trials.thisRepN,trials.thisTrialN,trials.thisN,trials.thisIndex,trials.ran,end.started,end.stopped,start_button_3.numClicks,start_button_3.timesOn,start_button_3.timesOff
0.0017,17.6566,1,[17.671599999904632],[17.671599999904632],045900,001,2026-01-14_13h13.10.355,Simon,2024.2.4,Win32,59.88023952,,,,,,,,,,,,,,,,,,,,,,,,,,,,,,,,,,,,,,,,,,,,,,,,,,
,,,,,045900,001,2026-01-14_13h13.10.355,Simon,2024.2.4,Win32,59.88023952,17.6763,25.1232,[-0.1446575008026541],[-0.01753427165828339],[1],[0],[0],[7.4443000001907365],"[""left_image_2"",""left_image_2""]",1,25.124,25.6242,0,0,0,0,1,,,,,,,,,,,,,,,,,,,,,,,,,,,,,,,,,
,,,,,045900,001,2026-01-14_13h13.10.355,Simon,2024.2.4,Win32,59.88023952,,,,,,,,,,,,,,,,,,0,0,0,0,1,images/purple_butterfly.png,images/white_butterfly.png,left_image_2,"In this example, select the LEFT butterfly.",,,,,,,,,,,,,,,,,,,,,,,,
,,,,,045900,001,2026-01-14_13h13.10.355,Simon,2024.2.4,Win32,59.88023952,25.6292,27.4059,[-0.23123285999036816],[0.013150693292487158],[1],[0],[0],[1.7739000000953666],"[""left_image_2"",""left_image_2""]",1,27.4061,27.9061,0,0,0,0,1,,,,,,,,,,,,,,,,,,,,,,,,,,,,,,,,,
,,,,,045900,001,2026-01-14_13h13.10.355,Simon,2024.2.4,Win32,59.88023952,,,,,,,,,,,,,,,,,,0,1,1,1,1,images/white_butterfly.png,images/purple_butterfly.png,left_image_2,"In this example, select the LEFT butterfly.",,,,,,,,,,,,,,,,,,,,,,,,
,,,,,045900,001,2026-01-14_13h13.10.355,Simon,2024.2.4,Win32,59.88023952,27.91,28.9901,[0.13369868030286816],[0.03506850151166524],[1],[0],[0],[1.0777999997139034],"[""right_image_2"",""right_image_2""]",1,28.9907,29.4897,0,0,0,0,1,,,,,,,,,,,,,,,,,,,,,,,,,,,,,,,,,
,,,,,045900,001,2026-01-14_13h13.10.355,Simon,2024.2.4,Win32,59.88023952,,,,,,,,,,,,,,,,,,0,2,2,2,1,images/yellow_butterfly.png,images/white_butterfly.png,right_image_2,"In this example, select the RIGHT butterfly.",,,,,,,,,,,,,,,,,,,,,,,,
,,,,,045900,001,2026-01-14_13h13.10.355,Simon,2024.2.4,Win32,59.88023952,29.4922,30.256,[0.11506849315068493],[0.03945203807255993],[1],[0],[0],[0.762900000095371],"[""right_image_2"",""right_image_2""]",1,30.2562,30.7561,0,0,0,0,1,,,,,,,,,,,,,,,,,,,,,,,,,,,,,,,,,
,,,,,045900,001,2026-01-14_13h13.10.355,Simon,2024.2.4,Win32,59.88023952,,,,,,,,,,,,,,,,,,0,3,3,3,1,images/white_butterfly.png,images/yellow_butterfly.png,right_image_2,"In this example, select the RIGHT butterfly.",,,,,,,,,,,,,,,,,,,,,,,,
,,,,,045900,001,2026-01-14_13h13.10.355,Simon,2024.2.4,Win32,59.88023952,,,,,,,,,,,,,,,,,,,,,,,,,,,30.7565,31.9739,1,[31.975300000190735],[31.975300000190735],,,,,,,,,,,,,,,,,,,
,,,,,045900,001,2026-01-14_13h13.10.355,Simon,2024.2.4,Win32,59.88023952,,,,,,,,,,1,33.0906,33.59,,,,,,,,,,,images/yellow_butterfly.png,images/white_butterfly.png,right_image, ,,,,,,31.9884,33.0904,[0.16328768795483734],[0.004383536560894692],[1],[0],[0],[1.1008000001907376],"[""right_image""]",0,0,0,2,1,,,,,
,,,,,045900,001,2026-01-14_13h13.10.355,Simon,2024.2.4,Win32,59.88023952,,,,,,,,,,1,34.3237,34.8232,,,,,,,,,,,images/white_butterfly.png,images/yellow_butterfly.png,right_image, ,,,,,,33.5919,34.3236,[0.1643835616438356],[0.007671241237692637],[1],[0],[0],[0.7310000000000016],"[""right_image""]",0,1,1,3,1,,,,,
,,,,,045900,001,2026-01-14_13h13.10.355,Simon,2024.2.4,Win32,59.88023952,,,,,,,,,,1,35.5063,36.0061,,,,,,,,,,,images/white_butterfly.png,images/purple_butterfly.png,left_image, ,,,,,,34.8244,35.5062,[-0.20821917808219179],[0.014246566981485445],[1],[0],[0],[0.6811999998092659],"[""left_image""]",0,2,2,1,1,,,,,
,,,,,045900,001,2026-01-14_13h13.10.355,Simon,2024.2.4,Win32,59.88023952,,,,,,,,,,1,36.5899,37.0901,,,,,,,,,,,images/purple_butterfly.png,images/white_butterfly.png,left_image, ,,,,,,36.0065,36.5897,[-0.20821917808219179],[0.014246566981485445],[1],[0],[0],[0.5827999997138988],"[""left_image""]",0,3,3,0,1,,,,,
,,,,,045900,001,2026-01-14_13h13.10.355,Simon,2024.2.4,Win32,59.88023952,,,,,,,,,,1,37.823,38.3233,,,,,,,,,,,images/yellow_butterfly.png,images/white_butterfly.png,right_image, ,,,,,,37.0912,37.8229,[0.1501370364672517],[0.015342440670483733],[1],[0],[0],[0.7312000002861012],"[""right_image""]",1,0,4,2,1,,,,,
,,,,,045900,001,2026-01-14_13h13.10.355,Simon,2024.2.4,Win32,59.88023952,,,,,,,,,,1,38.8063,39.3062,,,,,,,,,,,images/white_butterfly.png,images/yellow_butterfly.png,right_image, ,,,,,,38.3246,38.8063,[0.1501370364672517],[0.015342440670483733],[1],[0],[0],[0.4806999998092678],"[""right_image""]",1,1,5,3,1,,,,,
,,,,,045900,001,2026-01-14_13h13.10.355,Simon,2024.2.4,Win32,59.88023952,,,,,,,,,,1,39.9062,40.4063,,,,,,,,,,,images/purple_butterfly.png,images/white_butterfly.png,left_image, ,,,,,,39.3068,39.9061,[-0.13479447038206335],[0.01643835616438356],[1],[0],[0],[0.5989000000953695],"[""left_image""]",1,2,6,0,1,,,,,
,,,,,045900,001,2026-01-14_13h13.10.355,Simon,2024.2.4,Win32,59.88023952,,,,,,,,,,1,40.8567,41.3561,,,,,,,,,,,images/white_butterfly.png,images/purple_butterfly.png,left_image, ,,,,,,40.4069,40.8566,[-0.13479447038206335],[0.01643835616438356],[1],[0],[0],[0.44909999990463234],"[""left_image""]",1,3,7,1,1,,,,,
,,,,,045900,001,2026-01-14_13h13.10.355,Simon,2024.2.4,Win32,59.88023952,,,,,,,,,,1,41.8739,42.3729,,,,,,,,,,,images/white_butterfly.png,images/purple_butterfly.png,left_image, ,,,,,,41.3577,41.8737,[-0.13479447038206335],[0.01643835616438356],[1],[0],[0],[0.5155999999046372],"[""left_image""]",2,0,8,1,1,,,,,
,,,,,045900,001,2026-01-14_13h13.10.355,Simon,2024.2.4,Win32,59.88023952,,,,,,,,,,1,43.1395,43.6398,,,,,,,,,,,images/white_butterfly.png,images/yellow_butterfly.png,right_image, ,,,,,,42.374,43.1394,[0.27287672905072774],[0.008767114926690925],[1],[0],[0],[0.7644999999999982],"[""right_image""]",2,1,9,3,1,,,,,
,,,,,045900,001,2026-01-14_13h13.10.355,Simon,2024.2.4,Win32,59.88023952,,,,,,,,,,1,44.3396,44.8395,,,,,,,,,,,images/purple_butterfly.png,images/white_butterfly.png,left_image, ,,,,,,43.641,44.3395,[-0.07890407614511986],[0.007671241237692637],[1],[0],[0],[0.6976999998092666],"[""left_image""]",2,2,10,0,1,,,,,
,,,,,045900,001,2026-01-14_13h13.10.355,Simon,2024.2.4,Win32,59.88023952,,,,,,,,,,1,45.54,46.0401,,,,,,,,,,,images/yellow_butterfly.png,images/white_butterfly.png,right_image, ,,,,,,44.8401,45.5399,[0.22356166055757706],[0.008767114926690925],[1],[0],[0],[0.6995000000000005],"[""right_image""]",2,3,11,2,1,,,,,
,,,,,045900,001,2026-01-14_13h13.10.355,Simon,2024.2.4,Win32,59.88023952,,,,,,,,,,1,46.9231,47.4237,,,,,,,,,,,images/white_butterfly.png,images/yellow_butterfly.png,right_image, ,,,,,,46.0415,46.9229,[0.1304109756260702],[0.0021917891828981163],[1],[0],[0],[0.8806000003814702],"[""right_image""]",3,0,12,3,1,,,,,
,,,,,045900,001,2026-01-14_13h13.10.355,Simon,2024.2.4,Win32,59.88023952,,,,,,,,,,1,48.2895,48.7896,,,,,,,,,,,images/yellow_butterfly.png,images/white_butterfly.png,right_image, ,,,,,,47.4253,48.2894,[0.14684933179045376],[0.013150693292487158],[1],[0],[0],[0.8634999999999948],"[""right_image""]",3,1,13,2,1,,,,,
,,,,,045900,001,2026-01-14_13h13.10.355,Simon,2024.2.4,Win32,59.88023952,,,,,,,,,,1,49.6063,50.1065,,,,,,,,,,,images/white_butterfly.png,images/purple_butterfly.png,left_image, ,,,,,,48.7912,49.6063,[-0.136986301369863],[0.009862988615689213],[1],[0],[0],[0.8145000000000024],"[""left_image""]",3,2,14,1,1,,,,,
,,,,,045900,001,2026-01-14_13h13.10.355,Simon,2024.2.4,Win32,59.88023952,,,,,,,,,,1,50.5566,51.0567,,,,,,,,,,,images/purple_butterfly.png,images/white_butterfly.png,left_image, ,,,,,,50.108,50.5565,[-0.136986301369863],[0.009862988615689213],[1],[0],[0],[0.44780000019073185],"[""left_image""]",3,3,15,0,1,,,,,
,,,,,045900,001,2026-01-14_13h13.10.355,Simon,2024.2.4,Win32,59.88023952,,,,,,,,,,1,52.9565,53.4564,,,,,,,,,,,images/white_butterfly.png,images/yellow_butterfly.png,right_image, ,,,,,,51.0583,52.9563,[0.14575345810145549],[0.014246566981485445],[1],[0],[0],[1.8974000000953666],"[""right_image""]",4,0,16,3,1,,,,,
,,,,,045900,001,2026-01-14_13h13.10.355,Simon,2024.2.4,Win32,59.88023952,,,,,,,,,,1,54.2236,54.7241,,,,,,,,,,,images/purple_butterfly.png,images/white_butterfly.png,left_image, ,,,,,,53.4584,54.2234,[-0.17863008682041953],[0.0065753257437928085],[1],[0],[0],[0.7642000002861025],"[""left_image""]",4,1,17,0,1,,,,,
,,,,,045900,001,2026-01-14_13h13.10.355,Simon,2024.2.4,Win32,59.88023952,,,,,,,,,,1,55.5233,56.0234,,,,,,,,,,,images/white_butterfly.png,images/purple_butterfly.png,left_image, ,,,,,,54.7258,55.5233,[-0.17863008682041953],[0.0065753257437928085],[1],[0],[0],[0.7966999998092632],"[""left_image""]",4,2,18,1,1,,,,,
,,,,,045900,001,2026-01-14_13h13.10.355,Simon,2024.2.4,Win32,59.88023952,,,,,,,,,,1,56.8735,57.3732,,,,,,,,,,,images/yellow_butterfly.png,images/white_butterfly.png,right_image, ,,,,,,56.0243,56.8734,[0.12164381889447774],[0.004383536560894692],[1],[0],[0],[0.8484999999999943],"[""right_image""]",4,3,19,2,1,,,,,
,,,,,045900,001,2026-01-14_13h13.10.355,Simon,2024.2.4,Win32,59.88023952,,,,,,,,,,,,,,,,,,,,,,,,,,,,,,,,,,,,,,,,,,,,,,57.374,58.474,1,[58.47340000009536],[58.47340000009536]
