﻿instructions.started,instructions.stopped,start_button.numClicks,start_button.timesOn,start_button.timesOff,participant,session,date,expName,psychopyVersion,OS,frameRate,practice_trial.started,practice_trial.stopped,mouse_2.x,mouse_2.y,mouse_2.leftButton,mouse_2.midButton,mouse_2.rightButton,mouse_2.time,mouse_2.clicked_name,correct,feedback.started,feedback.stopped,loop_until_correct.thisRepN,loop_until_correct.thisTrialN,loop_until_correct.thisN,loop_until_correct.thisIndex,loop_until_correct.ran,prac_trials.thisRepN,prac_trials.thisTrialN,prac_trials.thisN,prac_trials.thisIndex,prac_trials.ran,left_color,right_color,correct_response,top_txt,instructions_2.started,instructions_2.stopped,start_button_2.numClicks,start_button_2.timesOn,start_button_2.timesOff,trial.started,trial.stopped,mouse.x,mouse.y,mouse.leftButton,mouse.midButton,mouse.rightButton,mouse.time,mouse.clicked_name,trials.thisRepN,trials.thisTrialN,trials.thisN,trials.thisIndex,trials.ran,end.started,end.stopped,start_button_3.numClicks,start_button_3.timesOn,start_button_3.timesOff
0.0004,0.9818,1,[0.9938999999999067],[0.9938999999999067],046778,001,2025-09-10_14h21.12.979,Simon,2024.2.4,Win32,59.88023952,,,,,,,,,,,,,,,,,,,,,,,,,,,,,,,,,,,,,,,,,,,,,,,,,,
,,,,,046778,001,2025-09-10_14h21.12.979,Simon,2024.2.4,Win32,59.88023952,0.9998,9.4316,[-0.1148068669527897],[0.03755364806866953],[1],[0],[0],[8.428999999999998],"[""left_image_2"",""left_image_2""]",1,9.4322,9.9314,0,0,0,0,1,,,,,,,,,,,,,,,,,,,,,,,,,,,,,,,,,
,,,,,046778,001,2025-09-10_14h21.12.979,Simon,2024.2.4,Win32,59.88023952,,,,,,,,,,,,,,,,,,0,0,0,0,1,images/purple_butterfly.png,images/white_butterfly.png,left_image_2,"In this example, select the LEFT butterfly.",,,,,,,,,,,,,,,,,,,,,,,,
,,,,,046778,001,2025-09-10_14h21.12.979,Simon,2024.2.4,Win32,59.88023952,9.9334,13.6815,[-0.11695278969957082],[0.033261802575107295],[1],[0],[0],[3.7463000000000495],"[""left_image_2"",""left_image_2""]",1,13.6816,14.1813,0,0,0,0,1,,,,,,,,,,,,,,,,,,,,,,,,,,,,,,,,,
,,,,,046778,001,2025-09-10_14h21.12.979,Simon,2024.2.4,Win32,59.88023952,,,,,,,,,,,,,,,,,,0,1,1,1,1,images/white_butterfly.png,images/purple_butterfly.png,left_image_2,"In this example, select the LEFT butterfly.",,,,,,,,,,,,,,,,,,,,,,,,
,,,,,046778,001,2025-09-10_14h21.12.979,Simon,2024.2.4,Win32,59.88023952,14.1828,16.1481,[0.2575107296137339],[0.004291845493562232],[0],[0],[1],[1.963100000000093],"[""right_image_2"",""right_image_2""]",1,16.1482,16.6479,0,0,0,0,1,,,,,,,,,,,,,,,,,,,,,,,,,,,,,,,,,
,,,,,046778,001,2025-09-10_14h21.12.979,Simon,2024.2.4,Win32,59.88023952,,,,,,,,,,,,,,,,,,0,2,2,2,1,images/yellow_butterfly.png,images/white_butterfly.png,right_image_2,"In this example, select the RIGHT butterfly.",,,,,,,,,,,,,,,,,,,,,,,,
,,,,,046778,001,2025-09-10_14h21.12.979,Simon,2024.2.4,Win32,59.88023952,16.6489,20.898,[0.12017167381974249],[0.018240343347639486],[0],[0],[1],[4.247400000000141],"[""right_image_2"",""right_image_2""]",1,20.8981,21.3979,0,0,0,0,1,,,,,,,,,,,,,,,,,,,,,,,,,,,,,,,,,
,,,,,046778,001,2025-09-10_14h21.12.979,Simon,2024.2.4,Win32,59.88023952,,,,,,,,,,,,,,,,,,0,3,3,3,1,images/white_butterfly.png,images/yellow_butterfly.png,right_image_2,"In this example, select the RIGHT butterfly.",,,,,,,,,,,,,,,,,,,,,,,,
,,,,,046778,001,2025-09-10_14h21.12.979,Simon,2024.2.4,Win32,59.88023952,,,,,,,,,,,,,,,,,,,,,,,,,,,21.3982,24.1315,1,[24.133800000000047],[24.133800000000047],,,,,,,,,,,,,,,,,,,
,,,,,046778,001,2025-09-10_14h21.12.979,Simon,2024.2.4,Win32,59.88023952,,,,,,,,,,1,28.2815,28.7812,,,,,,,,,,,images/white_butterfly.png,images/yellow_butterfly.png,right_image, ,,,,,,24.1391,28.2815,[0.06437768240343347],[0.004291845493562232],[0],[0],[1],[4.141800000000046],"[""right_image""]",0,0,0,3,1,,,,,
,,,,,046778,001,2025-09-10_14h21.12.979,Simon,2024.2.4,Win32,59.88023952,,,,,,,,,,0,31.4986,31.9981,,,,,,,,,,,images/yellow_butterfly.png,images/white_butterfly.png,right_image, ,,,,,,28.7818,31.498,"[-0.016094420600858368,-0.1351931330472103]","[0.0203862660944206,-0.02145922746781116]","[1,1]","[0,0]","[0,0]","[1.6323999999999046,2.715800000000044]","[null,""left_image""]",0,1,1,2,1,,,,,
,,,,,046778,001,2025-09-10_14h21.12.979,Simon,2024.2.4,Win32,59.88023952,,,,,,,,,,0,33.7313,34.2313,,,,,,,,,,,images/white_butterfly.png,images/purple_butterfly.png,left_image, ,,,,,,31.9986,33.7313,[0.1405579399141631],[-0.0203862660944206],[0],[0],[1],[1.7320999999998605],"[""right_image""]",0,2,2,1,1,,,,,
,,,,,046778,001,2025-09-10_14h21.12.979,Simon,2024.2.4,Win32,59.88023952,,,,,,,,,,1,36.3653,36.8646,,,,,,,,,,,images/purple_butterfly.png,images/white_butterfly.png,left_image, ,,,,,,34.2317,36.3646,"[0.001072961373390558,-0.13626609442060086]","[-0.05793991416309013,-0.05472103004291846]","[1,1]","[0,0]","[0,0]","[0.44919999999995497,2.132600000000096]","[null,""left_image""]",0,3,3,0,1,,,,,
,,,,,046778,001,2025-09-10_14h21.12.979,Simon,2024.2.4,Win32,59.88023952,,,,,,,,,,1,37.548,38.048,,,,,,,,,,,images/white_butterfly.png,images/purple_butterfly.png,left_image, ,,,,,,36.8651,37.548,[-0.13412017167381973],[-0.05257510729613734],[1],[0],[0],[0.6823999999999089],"[""left_image""]",1,0,4,1,1,,,,,
,,,,,046778,001,2025-09-10_14h21.12.979,Simon,2024.2.4,Win32,59.88023952,,,,,,,,,,0,38.4319,38.9313,,,,,,,,,,,images/white_butterfly.png,images/yellow_butterfly.png,right_image, ,,,,,,38.0485,38.4313,[-0.13412017167381973],[-0.05257510729613734],[1],[0],[0],[0.3823999999999046],"[""left_image""]",1,1,5,3,1,,,,,
,,,,,046778,001,2025-09-10_14h21.12.979,Simon,2024.2.4,Win32,59.88023952,,,,,,,,,,1,40.6984,41.198,,,,,,,,,,,images/purple_butterfly.png,images/white_butterfly.png,left_image, ,,,,,,38.9318,40.6979,[-0.13304721030042918],[-0.05042918454935622],[1],[0],[0],[1.7658000000000413],"[""left_image""]",1,2,6,0,1,,,,,
,,,,,046778,001,2025-09-10_14h21.12.979,Simon,2024.2.4,Win32,59.88023952,,,,,,,,,,0,41.8985,42.3979,,,,,,,,,,,images/yellow_butterfly.png,images/white_butterfly.png,right_image, ,,,,,,41.1985,41.8979,[-0.13304721030042918],[-0.05042918454935622],[1],[0],[0],[0.6992000000001894],"[""left_image""]",1,3,7,2,1,,,,,
,,,,,046778,001,2025-09-10_14h21.12.979,Simon,2024.2.4,Win32,59.88023952,,,,,,,,,,1,43.1484,43.6479,,,,,,,,,,,images/purple_butterfly.png,images/white_butterfly.png,left_image, ,,,,,,42.3984,43.148,[-0.13304721030042918],[-0.05042918454935622],[1],[0],[0],[0.7493000000000478],"[""left_image""]",2,0,8,0,1,,,,,
,,,,,046778,001,2025-09-10_14h21.12.979,Simon,2024.2.4,Win32,59.88023952,,,,,,,,,,0,44.1819,44.6812,,,,,,,,,,,images/yellow_butterfly.png,images/white_butterfly.png,right_image, ,,,,,,43.6484,44.1813,[-0.12875536480686695],[-0.043991416309012876],[1],[0],[0],[0.5326000000000946],"[""left_image""]",2,1,9,2,1,,,,,
,,,,,046778,001,2025-09-10_14h21.12.979,Simon,2024.2.4,Win32,59.88023952,,,,,,,,,,0,45.5647,46.0646,,,,,,,,,,,images/white_butterfly.png,images/yellow_butterfly.png,right_image, ,,,,,,44.6818,45.5646,[-0.12875536480686695],[-0.043991416309012876],[0],[0],[1],[0.8826999999999572],"[""left_image""]",2,2,10,3,1,,,,,
,,,,,046778,001,2025-09-10_14h21.12.979,Simon,2024.2.4,Win32,59.88023952,,,,,,,,,,1,46.7151,47.2146,,,,,,,,,,,images/white_butterfly.png,images/purple_butterfly.png,left_image, ,,,,,,46.0651,46.7147,[-0.17274678111587982],[-0.0944206008583691],[1],[0],[0],[0.6493000000000464],"[""left_image""]",2,3,11,1,1,,,,,
,,,,,046778,001,2025-09-10_14h21.12.979,Simon,2024.2.4,Win32,59.88023952,,,,,,,,,,1,47.4814,47.9814,,,,,,,,,,,images/white_butterfly.png,images/purple_butterfly.png,left_image, ,,,,,,47.215,47.4813,[-0.17381974248927037],[-0.09978540772532189],[1],[0],[0],[0.26619999999994803],"[""left_image""]",3,0,12,1,1,,,,,
,,,,,046778,001,2025-09-10_14h21.12.979,Simon,2024.2.4,Win32,59.88023952,,,,,,,,,,1,48.5314,49.0314,,,,,,,,,,,images/purple_butterfly.png,images/white_butterfly.png,left_image, ,,,,,,47.982,48.5313,[-0.17167381974248927],[-0.0890557939914163],[1],[0],[0],[0.5488999999999038],"[""left_image""]",3,1,13,0,1,,,,,
,,,,,046778,001,2025-09-10_14h21.12.979,Simon,2024.2.4,Win32,59.88023952,,,,,,,,,,0,49.7484,50.248,,,,,,,,,,,images/white_butterfly.png,images/yellow_butterfly.png,right_image, ,,,,,,49.0319,49.7479,[-0.1555793991416309],[-0.07618025751072961],[1],[0],[0],[0.7157000000001901],"[""left_image""]",3,2,14,3,1,,,,,
,,,,,046778,001,2025-09-10_14h21.12.979,Simon,2024.2.4,Win32,59.88023952,,,,,,,,,,0,54.9052,55.4051,,,,,,,,,,,images/yellow_butterfly.png,images/white_butterfly.png,right_image, ,,,,,,50.2484,54.9052,"[0.015021459227467811,0.015021459227467811,0.015021459227467811,-0.10515021459227468]","[-0.08047210300429185,-0.08476394849785408,-0.08476394849785408,-0.09334763948497854]","[0,1,0,1]","[0,0,0,0]","[1,1,1,1]","[2.7494000000001364,3.5403000000000446,3.7061000000000917,4.65640000000014]","[null,null,null,""left_image""]",3,3,15,2,1,,,,,
,,,,,046778,001,2025-09-10_14h21.12.979,Simon,2024.2.4,Win32,59.88023952,,,,,,,,,,1,56.2052,56.7051,,,,,,,,,,,images/yellow_butterfly.png,images/white_butterfly.png,right_image, ,,,,,,55.4056,56.2048,[0.1223175965665236],[-0.0740343347639485],[1],[0],[1],[0.7991999999999564],"[""right_image""]",4,0,16,2,1,,,,,
,,,,,046778,001,2025-09-10_14h21.12.979,Simon,2024.2.4,Win32,59.88023952,,,,,,,,,,0,57.2347,57.7219,,,,,,,,,,,images/white_butterfly.png,images/yellow_butterfly.png,right_image, ,,,,,,56.7055,57.2342,[-0.10836909871244635],[-0.06437768240343347],[1],[0],[1],[0.5285000000000011],"[""left_image""]",4,1,17,3,1,,,,,
,,,,,046778,001,2025-09-10_14h21.12.979,Simon,2024.2.4,Win32,59.88023952,,,,,,,,,,0,58.048,58.5481,,,,,,,,,,,images/white_butterfly.png,images/purple_butterfly.png,left_image, ,,,,,,57.7223,58.048,[0.1555793991416309],[-0.05472103004291846],[1],[0],[1],[0.32559999999985934],"[""right_image""]",4,2,18,1,1,,,,,
,,,,,046778,001,2025-09-10_14h21.12.979,Simon,2024.2.4,Win32,59.88023952,,,,,,,,,,1,59.1317,59.6312,,,,,,,,,,,images/purple_butterfly.png,images/white_butterfly.png,left_image, ,,,,,,58.5486,59.1313,[-0.08369098712446352],[-0.04935622317596566],[1],[0],[1],[0.5820000000000007],"[""left_image""]",4,3,19,0,1,,,,,
,,,,,046778,001,2025-09-10_14h21.12.979,Simon,2024.2.4,Win32,59.88023952,,,,,,,,,,,,,,,,,,,,,,,,,,,,,,,,,,,,,,,,,,,,,,59.6316,60.5983,1,[60.59799999999999],[60.59799999999999]
