﻿instructions.started,instructions.stopped,start_button.numClicks,start_button.timesOn,start_button.timesOff,participant,session,date,expName,psychopyVersion,OS,frameRate,practice_trial.started,practice_trial.stopped,mouse_2.x,mouse_2.y,mouse_2.leftButton,mouse_2.midButton,mouse_2.rightButton,mouse_2.time,mouse_2.clicked_name,correct,feedback.started,feedback.stopped,loop_until_correct.thisRepN,loop_until_correct.thisTrialN,loop_until_correct.thisN,loop_until_correct.thisIndex,loop_until_correct.ran,prac_trials.thisRepN,prac_trials.thisTrialN,prac_trials.thisN,prac_trials.thisIndex,prac_trials.ran,left_color,right_color,correct_response,top_txt,instructions_2.started,instructions_2.stopped,start_button_2.numClicks,start_button_2.timesOn,start_button_2.timesOff,trial.started,trial.stopped,mouse.x,mouse.y,mouse.leftButton,mouse.midButton,mouse.rightButton,mouse.time,mouse.clicked_name,trials.thisRepN,trials.thisTrialN,trials.thisN,trials.thisIndex,trials.ran,end.started,end.stopped,start_button_3.numClicks,start_button_3.timesOn,start_button_3.timesOff
0.001,13.371,1,[13.383],[13.383],047608,001,2025-12-18_14h18.18.950,Simon,2024.2.4,iPhone,50,,,,,,,,,,,,,,,,,,,,,,,,,,,,,,,,,,,,,,,,,,,,,,,,,,
,,,,,047608,001,2025-12-18_14h18.18.950,Simon,2024.2.4,iPhone,50,13.397,20.004,[-0.23076923076923078],[-0.017948717948717947],[1],[0],[0],[6.6030000000000015],"[""left_image_2"",""left_image_2""]",1,20.008,20.509,0,0,0,0,1,,,,,,,,,,,,,,,,,,,,,,,,,,,,,,,,,
,,,,,047608,001,2025-12-18_14h18.18.950,Simon,2024.2.4,iPhone,50,,,,,,,,,,,,,,,,,,0,0,0,0,1,images/purple_butterfly.png,images/white_butterfly.png,left_image_2,"In this example, select the LEFT butterfly.",,,,,,,,,,,,,,,,,,,,,,,,
,,,,,047608,001,2025-12-18_14h18.18.950,Simon,2024.2.4,iPhone,50,20.512,21.422,[-0.23333333333333334],[0.015384615384615385],[1],[0],[0],[0.9059999999999988],"[""left_image_2"",""left_image_2""]",1,21.422,21.925,0,0,0,0,1,,,,,,,,,,,,,,,,,,,,,,,,,,,,,,,,,
,,,,,047608,001,2025-12-18_14h18.18.950,Simon,2024.2.4,iPhone,50,,,,,,,,,,,,,,,,,,0,1,1,1,1,images/white_butterfly.png,images/purple_butterfly.png,left_image_2,"In this example, select the LEFT butterfly.",,,,,,,,,,,,,,,,,,,,,,,,
,,,,,047608,001,2025-12-18_14h18.18.950,Simon,2024.2.4,iPhone,50,21.928,22.806,[0.23846153846153847],[0.007692307692307693],[1],[0],[0],[0.8759999999999977],"[""right_image_2"",""right_image_2""]",1,22.806,23.309,0,0,0,0,1,,,,,,,,,,,,,,,,,,,,,,,,,,,,,,,,,
,,,,,047608,001,2025-12-18_14h18.18.950,Simon,2024.2.4,iPhone,50,,,,,,,,,,,,,,,,,,0,2,2,2,1,images/yellow_butterfly.png,images/white_butterfly.png,right_image_2,"In this example, select the RIGHT butterfly.",,,,,,,,,,,,,,,,,,,,,,,,
,,,,,047608,001,2025-12-18_14h18.18.950,Simon,2024.2.4,iPhone,50,23.311,23.937,[0.23333333333333334],[-0.002564102564102564],[1],[0],[0],[0.6229999999999976],"[""right_image_2"",""right_image_2""]",1,23.938,24.442,0,0,0,0,1,,,,,,,,,,,,,,,,,,,,,,,,,,,,,,,,,
,,,,,047608,001,2025-12-18_14h18.18.950,Simon,2024.2.4,iPhone,50,,,,,,,,,,,,,,,,,,0,3,3,3,1,images/white_butterfly.png,images/yellow_butterfly.png,right_image_2,"In this example, select the RIGHT butterfly.",,,,,,,,,,,,,,,,,,,,,,,,
,,,,,047608,001,2025-12-18_14h18.18.950,Simon,2024.2.4,iPhone,50,,,,,,,,,,,,,,,,,,,,,,,,,,,24.443,25.387,1,[25.387],[25.387],,,,,,,,,,,,,,,,,,,
,,,,,047608,001,2025-12-18_14h18.18.950,Simon,2024.2.4,iPhone,50,,,,,,,,,,1,26.589,27.092,,,,,,,,,,,images/purple_butterfly.png,images/white_butterfly.png,left_image, ,,,,,,25.398,26.589,[-0.26153846153846155],[0.005128205128205128],[1],[0],[0],[1.189],"[""left_image""]",0,0,0,0,1,,,,,
,,,,,047608,001,2025-12-18_14h18.18.950,Simon,2024.2.4,iPhone,50,,,,,,,,,,1,27.671,28.158,,,,,,,,,,,images/white_butterfly.png,images/purple_butterfly.png,left_image, ,,,,,,27.093,27.671,[-0.19230769230769232],[-0.01282051282051282],[1],[0],[0],[0.5769999999999982],"[""left_image""]",0,1,1,1,1,,,,,
,,,,,047608,001,2025-12-18_14h18.18.950,Simon,2024.2.4,iPhone,50,,,,,,,,,,1,28.971,29.475,,,,,,,,,,,images/white_butterfly.png,images/yellow_butterfly.png,right_image, ,,,,,,28.159,28.971,[0.2358974358974359],[-0.035897435897435895],[1],[0],[0],[0.8109999999999999],"[""right_image""]",0,2,2,3,1,,,,,
,,,,,047608,001,2025-12-18_14h18.18.950,Simon,2024.2.4,iPhone,50,,,,,,,,,,1,29.989,30.491,,,,,,,,,,,images/yellow_butterfly.png,images/white_butterfly.png,right_image, ,,,,,,29.476,29.989,[0.2512820512820513],[-0.04358974358974359],[1],[0],[0],[0.5110000000000028],"[""right_image""]",0,3,3,2,1,,,,,
,,,,,047608,001,2025-12-18_14h18.18.950,Simon,2024.2.4,iPhone,50,,,,,,,,,,1,31.022,31.526,,,,,,,,,,,images/white_butterfly.png,images/yellow_butterfly.png,right_image, ,,,,,,30.492,31.022,[0.22564102564102564],[-0.038461538461538464],[1],[0],[0],[0.5280000000000058],"[""right_image""]",1,0,4,3,1,,,,,
,,,,,047608,001,2025-12-18_14h18.18.950,Simon,2024.2.4,iPhone,50,,,,,,,,,,1,32.057,32.559,,,,,,,,,,,images/yellow_butterfly.png,images/white_butterfly.png,right_image, ,,,,,,31.527,32.057,[0.23333333333333334],[-0.038461538461538464],[1],[0],[0],[0.5290000000000035],"[""right_image""]",1,1,5,2,1,,,,,
,,,,,047608,001,2025-12-18_14h18.18.950,Simon,2024.2.4,iPhone,50,,,,,,,,,,1,33.206,33.709,,,,,,,,,,,images/purple_butterfly.png,images/white_butterfly.png,left_image, ,,,,,,32.56,33.205,[-0.2230769230769231],[0],[1],[0],[0],[0.6440000000000055],"[""left_image""]",1,2,6,0,1,,,,,
,,,,,047608,001,2025-12-18_14h18.18.950,Simon,2024.2.4,iPhone,50,,,,,,,,,,1,34.305,34.809,,,,,,,,,,,images/white_butterfly.png,images/purple_butterfly.png,left_image, ,,,,,,33.71,34.305,[-0.2128205128205128],[0.015384615384615385],[1],[0],[0],[0.5939999999999941],"[""left_image""]",1,3,7,1,1,,,,,
,,,,,047608,001,2025-12-18_14h18.18.950,Simon,2024.2.4,iPhone,50,,,,,,,,,,1,35.507,36.009,,,,,,,,,,,images/purple_butterfly.png,images/white_butterfly.png,left_image, ,,,,,,34.81,35.507,[-0.20512820512820512],[0.017948717948717947],[1],[0],[0],[0.6950000000000003],"[""left_image""]",2,0,8,0,1,,,,,
,,,,,047608,001,2025-12-18_14h18.18.950,Simon,2024.2.4,iPhone,50,,,,,,,,,,1,36.655,37.159,,,,,,,,,,,images/white_butterfly.png,images/purple_butterfly.png,left_image, ,,,,,,36.01,36.655,[-0.1641025641025641],[-0.010256410256410256],[1],[0],[0],[0.6430000000000007],"[""left_image""]",2,1,9,1,1,,,,,
,,,,,047608,001,2025-12-18_14h18.18.950,Simon,2024.2.4,iPhone,50,,,,,,,,,,1,37.955,38.459,,,,,,,,,,,images/yellow_butterfly.png,images/white_butterfly.png,right_image, ,,,,,,37.16,37.955,[0.23076923076923078],[-0.046153846153846156],[1],[0],[0],[0.794000000000004],"[""right_image""]",2,2,10,2,1,,,,,
,,,,,047608,001,2025-12-18_14h18.18.950,Simon,2024.2.4,iPhone,50,,,,,,,,,,1,38.954,39.443,,,,,,,,,,,images/white_butterfly.png,images/yellow_butterfly.png,right_image, ,,,,,,38.46,38.954,[0.2282051282051282],[-0.038461538461538464],[1],[0],[0],[0.49199999999999733],"[""right_image""]",2,3,11,3,1,,,,,
,,,,,047608,001,2025-12-18_14h18.18.950,Simon,2024.2.4,iPhone,50,,,,,,,,,,1,40.172,40.678,,,,,,,,,,,images/yellow_butterfly.png,images/white_butterfly.png,right_image, ,,,,,,39.443,40.172,[0.2358974358974359],[-0.041025641025641026],[1],[0],[0],[0.7280000000000015],"[""right_image""]",3,0,12,2,1,,,,,
,,,,,047608,001,2025-12-18_14h18.18.950,Simon,2024.2.4,iPhone,50,,,,,,,,,,1,41.322,41.826,,,,,,,,,,,images/purple_butterfly.png,images/white_butterfly.png,left_image, ,,,,,,40.679,41.322,[-0.18717948717948718],[-0.005128205128205128],[1],[0],[0],[0.642000000000003],"[""left_image""]",3,1,13,0,1,,,,,
,,,,,047608,001,2025-12-18_14h18.18.950,Simon,2024.2.4,iPhone,50,,,,,,,,,,1,42.389,42.893,,,,,,,,,,,images/white_butterfly.png,images/purple_butterfly.png,left_image, ,,,,,,41.827,42.389,[-0.16666666666666666],[-0.005128205128205128],[1],[0],[0],[0.5609999999999999],"[""left_image""]",3,2,14,1,1,,,,,
,,,,,047608,001,2025-12-18_14h18.18.950,Simon,2024.2.4,iPhone,50,,,,,,,,,,1,43.605,44.109,,,,,,,,,,,images/white_butterfly.png,images/yellow_butterfly.png,right_image, ,,,,,,42.894,43.605,[0.2076923076923077],[-0.04358974358974359],[1],[0],[0],[0.7109999999999985],"[""right_image""]",3,3,15,3,1,,,,,
,,,,,047608,001,2025-12-18_14h18.18.950,Simon,2024.2.4,iPhone,50,,,,,,,,,,1,44.672,45.16,,,,,,,,,,,images/yellow_butterfly.png,images/white_butterfly.png,right_image, ,,,,,,44.11,44.671,[0.24358974358974358],[-0.02564102564102564],[1],[0],[0],[0.5599999999999952],"[""right_image""]",4,0,16,2,1,,,,,
,,,,,047608,001,2025-12-18_14h18.18.950,Simon,2024.2.4,iPhone,50,,,,,,,,,,1,45.938,46.443,,,,,,,,,,,images/purple_butterfly.png,images/white_butterfly.png,left_image, ,,,,,,45.16,45.937,[-0.23846153846153847],[0.017948717948717947],[1],[0],[0],[0.7760000000000034],"[""left_image""]",4,1,17,0,1,,,,,
,,,,,047608,001,2025-12-18_14h18.18.950,Simon,2024.2.4,iPhone,50,,,,,,,,,,0,47.022,47.51,,,,,,,,,,,images/white_butterfly.png,images/yellow_butterfly.png,right_image, ,,,,,,46.444,47.021,[-0.20512820512820512],[0.01282051282051282],[1],[0],[0],[0.5750000000000028],"[""left_image""]",4,2,18,3,1,,,,,
,,,,,047608,001,2025-12-18_14h18.18.950,Simon,2024.2.4,iPhone,50,,,,,,,,,,1,48.89,49.376,,,,,,,,,,,images/white_butterfly.png,images/purple_butterfly.png,left_image, ,,,,,,47.511,48.889,[-0.24102564102564103],[0.007692307692307693],[1],[0],[0],[1.3770000000000024],"[""left_image""]",4,3,19,1,1,,,,,
,,,,,047608,001,2025-12-18_14h18.18.950,Simon,2024.2.4,iPhone,50,,,,,,,,,,,,,,,,,,,,,,,,,,,,,,,,,,,,,,,,,,,,,,49.377,50.456,1,[50.455],[50.455]
