﻿instructions.started,instructions.stopped,start_button.numClicks,start_button.timesOn,start_button.timesOff,participant,session,date,expName,psychopyVersion,OS,frameRate,practice_trial.started,practice_trial.stopped,mouse_2.x,mouse_2.y,mouse_2.leftButton,mouse_2.midButton,mouse_2.rightButton,mouse_2.time,mouse_2.clicked_name,correct,feedback.started,feedback.stopped,loop_until_correct.thisRepN,loop_until_correct.thisTrialN,loop_until_correct.thisN,loop_until_correct.thisIndex,loop_until_correct.ran,prac_trials.thisRepN,prac_trials.thisTrialN,prac_trials.thisN,prac_trials.thisIndex,prac_trials.ran,left_color,right_color,correct_response,top_txt,instructions_2.started,instructions_2.stopped,start_button_2.numClicks,start_button_2.timesOn,start_button_2.timesOff,trial.started,trial.stopped,mouse.x,mouse.y,mouse.leftButton,mouse.midButton,mouse.rightButton,mouse.time,mouse.clicked_name,trials.thisRepN,trials.thisTrialN,trials.thisN,trials.thisIndex,trials.ran,end.started,end.stopped,start_button_3.numClicks,start_button_3.timesOn,start_button_3.timesOff
0.0005,2.9451,1,[2.9626999999880788],[2.9626999999880788],047796,001,2025-02-28_08h41.34.805,Simon,2024.2.4,Win32,60.24096386,,,,,,,,,,,,,,,,,,,,,,,,,,,,,,,,,,,,,,,,,,,,,,,,,,
,,,,,047796,001,2025-02-28_08h41.34.805,Simon,2024.2.4,Win32,60.24096386,2.9606,9.2606,[-0.12607296137339055],[-0.033977131986822694],[1],[0],[0],[6.296999999999999],"[""left_image_2"",""left_image_2""]",1,9.262,9.7571,0,0,0,0,1,,,,,,,,,,,,,,,,,,,,,,,,,,,,,,,,,
,,,,,047796,001,2025-02-28_08h41.34.805,Simon,2024.2.4,Win32,60.24096386,,,,,,,,,,,,,,,,,,0,0,0,0,1,images/purple_butterfly.png,images/white_butterfly.png,left_image_2,"In this example, select the LEFT butterfly.",,,,,,,,,,,,,,,,,,,,,,,,
,,,,,047796,001,2025-02-28_08h41.34.805,Simon,2024.2.4,Win32,60.24096386,9.7611,10.9673,[-0.12607296137339055],[-0.033977131986822694],[1],[0],[0],[1.2034000000357636],"[""left_image_2"",""left_image_2""]",1,10.9676,11.456,0,0,0,0,1,,,,,,,,,,,,,,,,,,,,,,,,,,,,,,,,,
,,,,,047796,001,2025-02-28_08h41.34.805,Simon,2024.2.4,Win32,60.24096386,,,,,,,,,,,,,,,,,,0,1,1,1,1,images/white_butterfly.png,images/purple_butterfly.png,left_image_2,"In this example, select the LEFT butterfly.",,,,,,,,,,,,,,,,,,,,,,,,
,,,,,047796,001,2025-02-28_08h41.34.805,Simon,2024.2.4,Win32,60.24096386,11.4581,11.8566,[-0.12607296137339055],[-0.033977131986822694],[1],[0],[0],[0.3964999999999961],"[""left_image_2"",""left_image_2""]",0,11.8582,12.3575,0,0,0,0,1,,,,,,,,,,,,,,,,,,,,,,,,,,,,,,,,,
,,,,,047796,001,2025-02-28_08h41.34.805,Simon,2024.2.4,Win32,60.24096386,12.3592,13.6731,[0.16219601610699436],[-0.031831209240041576],[1],[0],[0],[1.3125],"[""right_image_2"",""right_image_2""]",1,13.6747,14.1731,1,0,1,0,1,,,,,,,,,,,,,,,,,,,,,,,,,,,,,,,,,
,,,,,047796,001,2025-02-28_08h41.34.805,Simon,2024.2.4,Win32,60.24096386,,,,,,,,,,,,,,,,,,0,2,2,2,1,images/yellow_butterfly.png,images/white_butterfly.png,right_image_2,"In this example, select the RIGHT butterfly.",,,,,,,,,,,,,,,,,,,,,,,,
,,,,,047796,001,2025-02-28_08h41.34.805,Simon,2024.2.4,Win32,60.24096386,14.1756,14.8564,[0.16219601610699436],[-0.031831209240041576],[1],[0],[0],[0.6793999999761553],"[""right_image_2"",""right_image_2""]",1,14.8567,15.3572,0,0,0,0,1,,,,,,,,,,,,,,,,,,,,,,,,,,,,,,,,,
,,,,,047796,001,2025-02-28_08h41.34.805,Simon,2024.2.4,Win32,60.24096386,,,,,,,,,,,,,,,,,,0,3,3,3,1,images/white_butterfly.png,images/yellow_butterfly.png,right_image_2,"In this example, select the RIGHT butterfly.",,,,,,,,,,,,,,,,,,,,,,,,
,,,,,047796,001,2025-02-28_08h41.34.805,Simon,2024.2.4,Win32,60.24096386,,,,,,,,,,,,,,,,,,,,,,,,,,,15.3578,17.3572,1,[17.359199999988075],[17.359199999988075],,,,,,,,,,,,,,,,,,,
,,,,,047796,001,2025-02-28_08h41.34.805,Simon,2024.2.4,Win32,60.24096386,,,,,,,,,,1,22.1568,22.6502,,,,,,,,,,,images/white_butterfly.png,images/purple_butterfly.png,left_image, ,,,,,,17.3676,22.1566,[-0.1582618025751073],[-0.026108770411413625],[1],[0],[0],[4.787900000035762],"[""left_image""]",0,0,0,1,1,,,,,
,,,,,047796,001,2025-02-28_08h41.34.805,Simon,2024.2.4,Win32,60.24096386,,,,,,,,,,0,23.3075,23.8067,,,,,,,,,,,images/white_butterfly.png,images/yellow_butterfly.png,right_image, ,,,,,,22.6527,23.3066,[-0.1582618025751073],[-0.026108770411413625],[1],[0],[0],[0.6533000000119173],"[""left_image""]",0,1,1,3,1,,,,,
,,,,,047796,001,2025-02-28_08h41.34.805,Simon,2024.2.4,Win32,60.24096386,,,,,,,,,,0,24.2231,24.723,,,,,,,,,,,images/yellow_butterfly.png,images/white_butterfly.png,right_image, ,,,,,,23.8083,24.223,[-0.1582618025751073],[-0.026108770411413625],[1],[0],[0],[0.4136999999880828],"[""left_image""]",0,2,2,2,1,,,,,
,,,,,047796,001,2025-02-28_08h41.34.805,Simon,2024.2.4,Win32,60.24096386,,,,,,,,,,1,25.141,25.6396,,,,,,,,,,,images/purple_butterfly.png,images/white_butterfly.png,left_image, ,,,,,,24.7243,25.1399,[-0.1582618025751073],[-0.026108770411413625],[1],[0],[0],[0.41499999999999915],"[""left_image""]",0,3,3,0,1,,,,,
,,,,,047796,001,2025-02-28_08h41.34.805,Simon,2024.2.4,Win32,60.24096386,,,,,,,,,,0,26.1473,26.65,,,,,,,,,,,images/yellow_butterfly.png,images/white_butterfly.png,right_image, ,,,,,,25.6409,26.146,[-0.1582618025751073],[-0.026108770411413625],[1],[0],[0],[0.5041999999880815],"[""left_image""]",1,0,4,2,1,,,,,
,,,,,047796,001,2025-02-28_08h41.34.805,Simon,2024.2.4,Win32,60.24096386,,,,,,,,,,1,26.9915,27.49,,,,,,,,,,,images/purple_butterfly.png,images/white_butterfly.png,left_image, ,,,,,,26.6521,26.9901,[-0.1582618025751073],[-0.026108770411413625],[1],[0],[0],[0.33689999997615416],"[""left_image""]",1,1,5,0,1,,,,,
,,,,,047796,001,2025-02-28_08h41.34.805,Simon,2024.2.4,Win32,60.24096386,,,,,,,,,,1,27.8901,28.3903,,,,,,,,,,,images/white_butterfly.png,images/purple_butterfly.png,left_image, ,,,,,,27.4916,27.89,[-0.1582618025751073],[-0.026108770411413625],[1],[0],[0],[0.3973999999761588],"[""left_image""]",1,2,6,1,1,,,,,
,,,,,047796,001,2025-02-28_08h41.34.805,Simon,2024.2.4,Win32,60.24096386,,,,,,,,,,0,28.7579,29.256,,,,,,,,,,,images/white_butterfly.png,images/yellow_butterfly.png,right_image, ,,,,,,28.3923,28.7568,[-0.1582618025751073],[-0.026108770411413625],[1],[0],[0],[0.36379999995232026],"[""left_image""]",1,3,7,3,1,,,,,
,,,,,047796,001,2025-02-28_08h41.34.805,Simon,2024.2.4,Win32,60.24096386,,,,,,,,,,1,29.5908,30.0906,,,,,,,,,,,images/purple_butterfly.png,images/white_butterfly.png,left_image, ,,,,,,29.2575,29.5896,[-0.1582618025751073],[-0.026108770411413625],[1],[0],[0],[0.331100000023838],"[""left_image""]",2,0,8,0,1,,,,,
,,,,,047796,001,2025-02-28_08h41.34.805,Simon,2024.2.4,Win32,60.24096386,,,,,,,,,,1,30.5222,31.0224,,,,,,,,,,,images/white_butterfly.png,images/purple_butterfly.png,left_image, ,,,,,,30.0935,30.5221,[-0.1582618025751073],[-0.026108770411413625],[1],[0],[0],[0.42799999999999727],"[""left_image""]",2,1,9,1,1,,,,,
,,,,,047796,001,2025-02-28_08h41.34.805,Simon,2024.2.4,Win32,60.24096386,,,,,,,,,,0,31.2079,31.707,,,,,,,,,,,images/white_butterfly.png,images/yellow_butterfly.png,right_image, ,,,,,,31.0229,31.2069,[-0.1582618025751073],[-0.026108770411413625],[1],[0],[0],[0.18360000002383714],"[""left_image""]",2,2,10,3,1,,,,,
,,,,,047796,001,2025-02-28_08h41.34.805,Simon,2024.2.4,Win32,60.24096386,,,,,,,,,,0,31.9896,32.4897,,,,,,,,,,,images/yellow_butterfly.png,images/white_butterfly.png,right_image, ,,,,,,31.7082,31.9895,[-0.1582618025751073],[-0.026108770411413625],[1],[0],[0],[0.2803000000119269],"[""left_image""]",2,3,11,2,1,,,,,
,,,,,047796,001,2025-02-28_08h41.34.805,Simon,2024.2.4,Win32,60.24096386,,,,,,,,,,0,32.7397,33.2399,,,,,,,,,,,images/yellow_butterfly.png,images/white_butterfly.png,right_image, ,,,,,,32.4911,32.7396,[-0.1582618025751073],[-0.026108770411413625],[1],[0],[0],[0.24820000004768872],"[""left_image""]",3,0,12,2,1,,,,,
,,,,,047796,001,2025-02-28_08h41.34.805,Simon,2024.2.4,Win32,60.24096386,,,,,,,,,,1,33.5242,34.0236,,,,,,,,,,,images/white_butterfly.png,images/purple_butterfly.png,left_image, ,,,,,,33.2414,33.5229,[-0.1582618025751073],[-0.026108770411413625],[1],[0],[0],[0.2803999999761615],"[""left_image""]",3,1,13,1,1,,,,,
,,,,,047796,001,2025-02-28_08h41.34.805,Simon,2024.2.4,Win32,60.24096386,,,,,,,,,,0,34.3072,34.8061,,,,,,,,,,,images/white_butterfly.png,images/yellow_butterfly.png,right_image, ,,,,,,34.0255,34.3064,[-0.1582618025751073],[-0.026108770411413625],[1],[0],[0],[0.2803999999761615],"[""left_image""]",3,2,14,3,1,,,,,
,,,,,047796,001,2025-02-28_08h41.34.805,Simon,2024.2.4,Win32,60.24096386,,,,,,,,,,1,35.1027,35.59,,,,,,,,,,,images/purple_butterfly.png,images/white_butterfly.png,left_image, ,,,,,,34.8074,35.1015,[-0.1582618025751073],[-0.026108770411413625],[1],[0],[0],[0.29289999997615723],"[""left_image""]",3,3,15,0,1,,,,,
,,,,,047796,001,2025-02-28_08h41.34.805,Simon,2024.2.4,Win32,60.24096386,,,,,,,,,,0,35.9736,36.4814,,,,,,,,,,,images/white_butterfly.png,images/yellow_butterfly.png,right_image, ,,,,,,35.5914,35.9727,[-0.1582618025751073],[-0.026108770411413625],[1],[0],[0],[0.38079999995231617],"[""left_image""]",4,0,16,3,1,,,,,
,,,,,047796,001,2025-02-28_08h41.34.805,Simon,2024.2.4,Win32,60.24096386,,,,,,,,,,0,36.8229,37.3226,,,,,,,,,,,images/yellow_butterfly.png,images/white_butterfly.png,right_image, ,,,,,,36.483,36.8226,[-0.1582618025751073],[-0.026108770411413625],[1],[0],[0],[0.33899999999999864],"[""left_image""]",4,1,17,2,1,,,,,
,,,,,047796,001,2025-02-28_08h41.34.805,Simon,2024.2.4,Win32,60.24096386,,,,,,,,,,1,37.6245,38.1236,,,,,,,,,,,images/purple_butterfly.png,images/white_butterfly.png,left_image, ,,,,,,37.3234,37.6233,[-0.1582618025751073],[-0.026108770411413625],[1],[0],[0],[0.2995000000000019],"[""left_image""]",4,2,18,0,1,,,,,
,,,,,047796,001,2025-02-28_08h41.34.805,Simon,2024.2.4,Win32,60.24096386,,,,,,,,,,1,38.4391,38.9397,,,,,,,,,,,images/white_butterfly.png,images/purple_butterfly.png,left_image, ,,,,,,38.1251,38.439,[-0.1582618025751073],[-0.026108770411413625],[1],[0],[0],[0.31320000004767934],"[""left_image""]",4,3,19,1,1,,,,,
,,,,,047796,001,2025-02-28_08h41.34.805,Simon,2024.2.4,Win32,60.24096386,,,,,,,,,,,,,,,,,,,,,,,,,,,,,,,,,,,,,,,,,,,,,,38.9402,40.3904,1,[40.38990000003576],[40.38990000003576]
