﻿instructions.started,instructions.stopped,start_button.numClicks,start_button.timesOn,start_button.timesOff,participant,session,date,expName,psychopyVersion,OS,frameRate,practice_trial.started,practice_trial.stopped,mouse_2.x,mouse_2.y,mouse_2.leftButton,mouse_2.midButton,mouse_2.rightButton,mouse_2.time,mouse_2.clicked_name,correct,feedback.started,feedback.stopped,loop_until_correct.thisRepN,loop_until_correct.thisTrialN,loop_until_correct.thisN,loop_until_correct.thisIndex,loop_until_correct.ran,prac_trials.thisRepN,prac_trials.thisTrialN,prac_trials.thisN,prac_trials.thisIndex,prac_trials.ran,left_color,right_color,correct_response,top_txt,instructions_2.started,instructions_2.stopped,start_button_2.numClicks,start_button_2.timesOn,start_button_2.timesOff,trial.started,trial.stopped,mouse.x,mouse.y,mouse.leftButton,mouse.midButton,mouse.rightButton,mouse.time,mouse.clicked_name,trials.thisRepN,trials.thisTrialN,trials.thisN,trials.thisIndex,trials.ran,end.started,end.stopped,start_button_3.numClicks,start_button_3.timesOn,start_button_3.timesOff
0.0006,17.8045,1,[17.81830000000447],[17.81840000000596],048290,001,2025-11-02_15h20.47.172,Simon,2024.2.4,Win32,58.13953488,,,,,,,,,,,,,,,,,,,,,,,,,,,,,,,,,,,,,,,,,,,,,,,,,,
,,,,,048290,001,2025-11-02_15h20.47.172,Simon,2024.2.4,Win32,58.13953488,17.8254,19.4354,[-0.19440353460972018],[0.009572901325478646],[1],[0],[0],[1.6073999999985098],"[""left_image_2"",""left_image_2""]",1,19.4372,19.9352,0,0,0,0,1,,,,,,,,,,,,,,,,,,,,,,,,,,,,,,,,,
,,,,,048290,001,2025-11-02_15h20.47.172,Simon,2024.2.4,Win32,58.13953488,,,,,,,,,,,,,,,,,,0,0,0,0,1,images/purple_butterfly.png,images/white_butterfly.png,left_image_2,"In this example, select the LEFT butterfly.",,,,,,,,,,,,,,,,,,,,,,,,
,,,,,048290,001,2025-11-02_15h20.47.172,Simon,2024.2.4,Win32,58.13953488,19.9388,21.2692,[-0.19440353460972018],[0.013991163475699559],[1],[0],[0],[1.328999999999997],"[""left_image_2"",""left_image_2""]",1,21.2694,21.7694,0,0,0,0,1,,,,,,,,,,,,,,,,,,,,,,,,,,,,,,,,,
,,,,,048290,001,2025-11-02_15h20.47.172,Simon,2024.2.4,Win32,58.13953488,,,,,,,,,,,,,,,,,,0,1,1,1,1,images/white_butterfly.png,images/purple_butterfly.png,left_image_2,"In this example, select the LEFT butterfly.",,,,,,,,,,,,,,,,,,,,,,,,
,,,,,048290,001,2025-11-02_15h20.47.172,Simon,2024.2.4,Win32,58.13953488,21.7729,22.6196,[0.13549337260677466],[0.016936671575846832],[1],[0],[0],[0.8456000000014896],"[""right_image_2"",""right_image_2""]",1,22.6199,23.1201,0,0,0,0,1,,,,,,,,,,,,,,,,,,,,,,,,,,,,,,,,,
,,,,,048290,001,2025-11-02_15h20.47.172,Simon,2024.2.4,Win32,58.13953488,,,,,,,,,,,,,,,,,,0,2,2,2,1,images/yellow_butterfly.png,images/white_butterfly.png,right_image_2,"In this example, select the RIGHT butterfly.",,,,,,,,,,,,,,,,,,,,,,,,
,,,,,048290,001,2025-11-02_15h20.47.172,Simon,2024.2.4,Win32,58.13953488,23.1235,23.7376,[0.14432989690721648],[0.016936671575846832],[1],[0],[0],[0.6131999999955298],"[""right_image_2"",""right_image_2""]",1,23.738,24.237,0,0,0,0,1,,,,,,,,,,,,,,,,,,,,,,,,,,,,,,,,,
,,,,,048290,001,2025-11-02_15h20.47.172,Simon,2024.2.4,Win32,58.13953488,,,,,,,,,,,,,,,,,,0,3,3,3,1,images/white_butterfly.png,images/yellow_butterfly.png,right_image_2,"In this example, select the RIGHT butterfly.",,,,,,,,,,,,,,,,,,,,,,,,
,,,,,048290,001,2025-11-02_15h20.47.172,Simon,2024.2.4,Win32,58.13953488,,,,,,,,,,,,,,,,,,,,,,,,,,,24.2375,25.4047,1,[25.40720000000298],[25.40720000000298],,,,,,,,,,,,,,,,,,,
,,,,,048290,001,2025-11-02_15h20.47.172,Simon,2024.2.4,Win32,58.13953488,,,,,,,,,,1,26.2551,26.7549,,,,,,,,,,,images/purple_butterfly.png,images/white_butterfly.png,left_image, ,,,,,,25.4125,26.255,[-0.18262150220913106],[0.03313696612665685],[1],[0],[0],[0.8417000000029802],"[""left_image""]",0,0,0,0,1,,,,,
,,,,,048290,001,2025-11-02_15h20.47.172,Simon,2024.2.4,Win32,58.13953488,,,,,,,,,,1,27.4555,27.9555,,,,,,,,,,,images/yellow_butterfly.png,images/white_butterfly.png,right_image, ,,,,,,26.757,27.4554,[0.19145802650957292],[0.0390279823269514],[1],[0],[0],[0.6974000000059632],"[""right_image""]",0,1,1,2,1,,,,,
,,,,,048290,001,2025-11-02_15h20.47.172,Simon,2024.2.4,Win32,58.13953488,,,,,,,,,,1,28.6561,29.1556,,,,,,,,,,,images/white_butterfly.png,images/yellow_butterfly.png,right_image, ,,,,,,27.9572,28.6559,[0.17083946980854198],[0.016936671575846832],[1],[0],[0],[0.6977000000029854],"[""right_image""]",0,2,2,3,1,,,,,
,,,,,048290,001,2025-11-02_15h20.47.172,Simon,2024.2.4,Win32,58.13953488,,,,,,,,,,1,29.9904,30.4906,,,,,,,,,,,images/white_butterfly.png,images/purple_butterfly.png,left_image, ,,,,,,29.1573,29.9903,[-0.19440353460972018],[0.005154639175257732],[1],[0],[0],[0.8317000000029751],"[""left_image""]",0,3,3,1,1,,,,,
,,,,,048290,001,2025-11-02_15h20.47.172,Simon,2024.2.4,Win32,58.13953488,,,,,,,,,,1,31.0903,31.5902,,,,,,,,,,,images/white_butterfly.png,images/yellow_butterfly.png,right_image, ,,,,,,30.4932,31.0902,[0.16200294550810015],[0.018409425625920472],[1],[0],[0],[0.5962000000029803],"[""right_image""]",1,0,4,3,1,,,,,
,,,,,048290,001,2025-11-02_15h20.47.172,Simon,2024.2.4,Win32,58.13953488,,,,,,,,,,1,32.2238,32.7244,,,,,,,,,,,images/yellow_butterfly.png,images/white_butterfly.png,right_image, ,,,,,,31.5911,32.2237,[0.15905743740795286],[0.019882179675994108],[1],[0],[0],[0.6311000000014886],"[""right_image""]",1,1,5,2,1,,,,,
,,,,,048290,001,2025-11-02_15h20.47.172,Simon,2024.2.4,Win32,58.13953488,,,,,,,,,,1,33.3919,33.8911,,,,,,,,,,,images/white_butterfly.png,images/purple_butterfly.png,left_image, ,,,,,,32.7258,33.3918,[-0.17083946980854198],[0.011045655375552283],[1],[0],[0],[0.6648999999985108],"[""left_image""]",1,2,6,1,1,,,,,
,,,,,048290,001,2025-11-02_15h20.47.172,Simon,2024.2.4,Win32,58.13953488,,,,,,,,,,1,34.4089,34.9086,,,,,,,,,,,images/purple_butterfly.png,images/white_butterfly.png,left_image, ,,,,,,33.8925,34.4088,[-0.1723122238586156],[0.009572901325478646],[1],[0],[0],[0.5144999999999982],"[""left_image""]",1,3,7,0,1,,,,,
,,,,,048290,001,2025-11-02_15h20.47.172,Simon,2024.2.4,Win32,58.13953488,,,,,,,,,,1,35.3254,35.8257,,,,,,,,,,,images/purple_butterfly.png,images/white_butterfly.png,left_image, ,,,,,,34.9098,35.3254,[-0.1723122238586156],[0.009572901325478646],[1],[0],[0],[0.4149000000059573],"[""left_image""]",2,0,8,0,1,,,,,
,,,,,048290,001,2025-11-02_15h20.47.172,Simon,2024.2.4,Win32,58.13953488,,,,,,,,,,1,36.5094,37.0099,,,,,,,,,,,images/white_butterfly.png,images/yellow_butterfly.png,right_image, ,,,,,,35.8275,36.5094,[0.21207658321060383],[0.011045655375552283],[1],[0],[0],[0.6806000000014905],"[""right_image""]",2,1,9,3,1,,,,,
,,,,,048290,001,2025-11-02_15h20.47.172,Simon,2024.2.4,Win32,58.13953488,,,,,,,,,,1,37.643,38.1439,,,,,,,,,,,images/yellow_butterfly.png,images/white_butterfly.png,right_image, ,,,,,,37.0119,37.6429,[0.23564064801178203],[0.012518409425625921],[1],[0],[0],[0.630299999997014],"[""right_image""]",2,2,10,2,1,,,,,
,,,,,048290,001,2025-11-02_15h20.47.172,Simon,2024.2.4,Win32,58.13953488,,,,,,,,,,1,39.0435,39.544,,,,,,,,,,,images/white_butterfly.png,images/purple_butterfly.png,left_image, ,,,,,,38.1455,39.0435,[-0.20029455081001474],[-0.011045655375552283],[1],[0],[0],[0.8968999999985101],"[""left_image""]",2,3,11,1,1,,,,,
,,,,,048290,001,2025-11-02_15h20.47.172,Simon,2024.2.4,Win32,58.13953488,,,,,,,,,,1,40.3443,40.8446,,,,,,,,,,,images/yellow_butterfly.png,images/white_butterfly.png,right_image, ,,,,,,39.5454,40.3442,[0.16936671575846834],[0.005154639175257732],[1],[0],[0],[0.7971000000014925],"[""right_image""]",3,0,12,2,1,,,,,
,,,,,048290,001,2025-11-02_15h20.47.172,Simon,2024.2.4,Win32,58.13953488,,,,,,,,,,1,41.4957,41.9956,,,,,,,,,,,images/purple_butterfly.png,images/white_butterfly.png,left_image, ,,,,,,40.846,41.4957,[-0.1958762886597938],[0.0022091310751104565],[1],[0],[0],[0.6477999999970194],"[""left_image""]",3,1,13,0,1,,,,,
,,,,,048290,001,2025-11-02_15h20.47.172,Simon,2024.2.4,Win32,58.13953488,,,,,,,,,,1,42.7952,43.296,,,,,,,,,,,images/white_butterfly.png,images/purple_butterfly.png,left_image, ,,,,,,41.9971,42.7951,[-0.14138438880706922],[0.021354933726067747],[1],[0],[0],[0.7971000000014925],"[""left_image""]",3,2,14,1,1,,,,,
,,,,,048290,001,2025-11-02_15h20.47.172,Simon,2024.2.4,Win32,58.13953488,,,,,,,,,,1,43.9128,44.4125,,,,,,,,,,,images/white_butterfly.png,images/yellow_butterfly.png,right_image, ,,,,,,43.2977,43.9127,[0.20765832106038293],[0.021354933726067747],[1],[0],[0],[0.6143999999985112],"[""right_image""]",3,3,15,3,1,,,,,
,,,,,048290,001,2025-11-02_15h20.47.172,Simon,2024.2.4,Win32,58.13953488,,,,,,,,,,1,45.1128,45.6133,,,,,,,,,,,images/white_butterfly.png,images/purple_butterfly.png,left_image, ,,,,,,44.4154,45.1128,[-0.21207658321060383],[0.015463917525773196],[1],[0],[0],[0.6970000000000027],"[""left_image""]",4,0,16,1,1,,,,,
,,,,,048290,001,2025-11-02_15h20.47.172,Simon,2024.2.4,Win32,58.13953488,,,,,,,,,,1,46.1969,46.6973,,,,,,,,,,,images/white_butterfly.png,images/yellow_butterfly.png,right_image, ,,,,,,45.6148,46.1968,[0.19145802650957292],[0.015463917525773196],[1],[0],[0],[0.5809000000059541],"[""right_image""]",4,1,17,3,1,,,,,
,,,,,048290,001,2025-11-02_15h20.47.172,Simon,2024.2.4,Win32,58.13953488,,,,,,,,,,1,47.3644,47.8646,,,,,,,,,,,images/purple_butterfly.png,images/white_butterfly.png,left_image, ,,,,,,46.6986,47.3644,[-0.187039764359352],[-0.0007363770250368188],[1],[0],[0],[0.6643000000044736],"[""left_image""]",4,2,18,0,1,,,,,
,,,,,048290,001,2025-11-02_15h20.47.172,Simon,2024.2.4,Win32,58.13953488,,,,,,,,,,1,48.5647,49.0647,,,,,,,,,,,images/yellow_butterfly.png,images/white_butterfly.png,right_image, ,,,,,,47.8657,48.5647,[0.15758468335787923],[0.005154639175257732],[1],[0],[0],[0.6973999999985097],"[""right_image""]",4,3,19,2,1,,,,,
,,,,,048290,001,2025-11-02_15h20.47.172,Simon,2024.2.4,Win32,58.13953488,,,,,,,,,,,,,,,,,,,,,,,,,,,,,,,,,,,,,,,,,,,,,,49.0651,49.9996,1,[49.99910000000149],[49.99910000000149]
