﻿instructions.started,instructions.stopped,start_button.numClicks,start_button.timesOn,start_button.timesOff,participant,session,date,expName,psychopyVersion,OS,frameRate,practice_trial.started,practice_trial.stopped,mouse_2.x,mouse_2.y,mouse_2.leftButton,mouse_2.midButton,mouse_2.rightButton,mouse_2.time,mouse_2.clicked_name,correct,feedback.started,feedback.stopped,loop_until_correct.thisRepN,loop_until_correct.thisTrialN,loop_until_correct.thisN,loop_until_correct.thisIndex,loop_until_correct.ran,prac_trials.thisRepN,prac_trials.thisTrialN,prac_trials.thisN,prac_trials.thisIndex,prac_trials.ran,left_color,right_color,correct_response,top_txt,instructions_2.started,instructions_2.stopped,start_button_2.numClicks,start_button_2.timesOn,start_button_2.timesOff,trial.started,trial.stopped,mouse.x,mouse.y,mouse.leftButton,mouse.midButton,mouse.rightButton,mouse.time,mouse.clicked_name,trials.thisRepN,trials.thisTrialN,trials.thisN,trials.thisIndex,trials.ran,end.started,end.stopped,start_button_3.numClicks,start_button_3.timesOn,start_button_3.timesOff
0.0006,14.1624,1,[14.188599999999628],[14.188599999999628],053946,001,2026-01-28_10h29.23.530,Simon,2024.2.4,Win32,29.94011976,,,,,,,,,,,,,,,,,,,,,,,,,,,,,,,,,,,,,,,,,,,,,,,,,,
,,,,,053946,001,2026-01-28_10h29.23.530,Simon,2024.2.4,Win32,29.94011976,14.1906,17.7276,[-0.1792452830188679],[-0.06918238993710692],[1],[0],[0],[3.533300000000281],"[""left_image_2"",""left_image_2""]",1,17.7282,18.2274,0,0,0,0,1,,,,,,,,,,,,,,,,,,,,,,,,,,,,,,,,,
,,,,,053946,001,2026-01-28_10h29.23.530,Simon,2024.2.4,Win32,29.94011976,,,,,,,,,,,,,,,,,,0,0,0,0,1,images/purple_butterfly.png,images/white_butterfly.png,left_image_2,"In this example, select the LEFT butterfly.",,,,,,,,,,,,,,,,,,,,,,,,
,,,,,053946,001,2026-01-28_10h29.23.530,Simon,2024.2.4,Win32,29.94011976,18.229,20.3605,[-0.22327044025157233],[0.029874213836477988],[1],[0],[0],[2.1293000000002813],"[""left_image_2"",""left_image_2""]",1,20.361,20.8606,0,0,0,0,1,,,,,,,,,,,,,,,,,,,,,,,,,,,,,,,,,
,,,,,053946,001,2026-01-28_10h29.23.530,Simon,2024.2.4,Win32,29.94011976,,,,,,,,,,,,,,,,,,0,1,1,1,1,images/white_butterfly.png,images/purple_butterfly.png,left_image_2,"In this example, select the LEFT butterfly.",,,,,,,,,,,,,,,,,,,,,,,,
,,,,,053946,001,2026-01-28_10h29.23.530,Simon,2024.2.4,Win32,29.94011976,20.8632,22.5939,[0.14779874213836477],[0.0110062893081761],[1],[0],[0],[1.728600000000096],"[""right_image_2"",""right_image_2""]",1,22.5941,23.0938,0,0,0,0,1,,,,,,,,,,,,,,,,,,,,,,,,,,,,,,,,,
,,,,,053946,001,2026-01-28_10h29.23.530,Simon,2024.2.4,Win32,29.94011976,,,,,,,,,,,,,,,,,,0,2,2,2,1,images/yellow_butterfly.png,images/white_butterfly.png,right_image_2,"In this example, select the RIGHT butterfly.",,,,,,,,,,,,,,,,,,,,,,,,
,,,,,053946,001,2026-01-28_10h29.23.530,Simon,2024.2.4,Win32,29.94011976,23.0965,24.2935,[0.17767295597484276],[0.029874213836477988],[1],[0],[0],[1.1962000000001858],"[""right_image_2"",""right_image_2""]",1,24.2936,24.7934,0,0,0,0,1,,,,,,,,,,,,,,,,,,,,,,,,,,,,,,,,,
,,,,,053946,001,2026-01-28_10h29.23.530,Simon,2024.2.4,Win32,29.94011976,,,,,,,,,,,,,,,,,,0,3,3,3,1,images/white_butterfly.png,images/yellow_butterfly.png,right_image_2,"In this example, select the RIGHT butterfly.",,,,,,,,,,,,,,,,,,,,,,,,
,,,,,053946,001,2026-01-28_10h29.23.530,Simon,2024.2.4,Win32,29.94011976,,,,,,,,,,,,,,,,,,,,,,,,,,,24.7939,26.0602,1,[26.064300000000276],[26.064300000000276],,,,,,,,,,,,,,,,,,,
,,,,,053946,001,2026-01-28_10h29.23.530,Simon,2024.2.4,Win32,29.94011976,,,,,,,,,,1,31.9599,32.4594,,,,,,,,,,,images/yellow_butterfly.png,images/white_butterfly.png,right_image, ,,,,,,26.0721,31.9598,[0.2358490566037736],[0.009433962264150943],[1],[0],[0],[5.886500000000002],"[""right_image""]",0,0,0,2,1,,,,,
,,,,,053946,001,2026-01-28_10h29.23.530,Simon,2024.2.4,Win32,29.94011976,,,,,,,,,,1,35.3595,35.8591,,,,,,,,,,,images/white_butterfly.png,images/purple_butterfly.png,left_image, ,,,,,,32.4603,35.3594,[-0.13522012578616352],[0.0110062893081761],[1],[0],[0],[2.898700000000183],"[""left_image""]",0,1,1,1,1,,,,,
,,,,,053946,001,2026-01-28_10h29.23.530,Simon,2024.2.4,Win32,29.94011976,,,,,,,,,,0,36.9597,37.4591,,,,,,,,,,,images/white_butterfly.png,images/yellow_butterfly.png,right_image, ,,,,,,35.8598,36.9591,[-0.13522012578616352],[0.0110062893081761],[1],[0],[0],[1.09890000000037],"[""left_image""]",0,2,2,3,1,,,,,
,,,,,053946,001,2026-01-28_10h29.23.530,Simon,2024.2.4,Win32,29.94011976,,,,,,,,,,1,38.6931,39.1922,,,,,,,,,,,images/purple_butterfly.png,images/white_butterfly.png,left_image, ,,,,,,37.4598,38.6925,[-0.13522012578616352],[0.0110062893081761],[1],[0],[0],[1.2322999999998103],"[""left_image""]",0,3,3,0,1,,,,,
,,,,,053946,001,2026-01-28_10h29.23.530,Simon,2024.2.4,Win32,29.94011976,,,,,,,,,,1,40.7259,41.2254,,,,,,,,,,,images/white_butterfly.png,images/purple_butterfly.png,left_image, ,,,,,,39.1928,40.7256,[-0.1179245283018868],[-0.026729559748427674],[1],[0],[0],[1.5323999999999103],"[""left_image""]",1,0,4,1,1,,,,,
,,,,,053946,001,2026-01-28_10h29.23.530,Simon,2024.2.4,Win32,29.94011976,,,,,,,,,,0,42.093,42.592,,,,,,,,,,,images/yellow_butterfly.png,images/white_butterfly.png,right_image, ,,,,,,41.2261,42.0925,[-0.1069182389937107],[-0.02830188679245283],[1],[0],[0],[0.8659999999999997],"[""left_image""]",1,1,5,2,1,,,,,
,,,,,053946,001,2026-01-28_10h29.23.530,Simon,2024.2.4,Win32,29.94011976,,,,,,,,,,1,45.0259,45.5252,,,,,,,,,,,images/purple_butterfly.png,images/white_butterfly.png,left_image, ,,,,,,42.5928,45.0252,[-0.11320754716981132],[-0.025157232704402517],[1],[0],[0],[2.4318999999999065],"[""left_image""]",1,2,6,0,1,,,,,
,,,,,053946,001,2026-01-28_10h29.23.530,Simon,2024.2.4,Win32,29.94011976,,,,,,,,,,1,46.2587,46.7583,,,,,,,,,,,images/white_butterfly.png,images/yellow_butterfly.png,right_image, ,,,,,,45.5259,46.2587,[0.30660377358490565],[-0.025157232704402517],[1],[0],[0],[0.732399999999906],"[""right_image""]",1,3,7,3,1,,,,,
,,,,,053946,001,2026-01-28_10h29.23.530,Simon,2024.2.4,Win32,29.94011976,,,,,,,,,,1,47.8586,48.3583,,,,,,,,,,,images/white_butterfly.png,images/purple_butterfly.png,left_image, ,,,,,,46.7589,47.8585,[-0.17295597484276728],[-0.025157232704402517],[1],[0],[0],[1.0993000000002766],"[""left_image""]",2,0,8,1,1,,,,,
,,,,,053946,001,2026-01-28_10h29.23.530,Simon,2024.2.4,Win32,29.94011976,,,,,,,,,,1,50.325,50.8249,,,,,,,,,,,images/yellow_butterfly.png,images/white_butterfly.png,right_image, ,,,,,,48.3589,50.325,[0.11006289308176101],[-0.020440251572327043],[1],[0],[0],[1.965700000000183],"[""right_image""]",2,1,9,2,1,,,,,
,,,,,053946,001,2026-01-28_10h29.23.530,Simon,2024.2.4,Win32,29.94011976,,,,,,,,,,1,51.6581,52.158,,,,,,,,,,,images/purple_butterfly.png,images/white_butterfly.png,left_image, ,,,,,,50.8255,51.6581,[-0.14779874213836477],[0.0031446540880503146],[1],[0],[0],[0.8321999999997161],"[""left_image""]",2,2,10,0,1,,,,,
,,,,,053946,001,2026-01-28_10h29.23.530,Simon,2024.2.4,Win32,29.94011976,,,,,,,,,,1,52.9253,53.4247,,,,,,,,,,,images/white_butterfly.png,images/yellow_butterfly.png,right_image, ,,,,,,52.1586,52.9252,[0.20125786163522014],[-0.006289308176100629],[1],[0],[0],[0.7662000000001825],"[""right_image""]",2,3,11,3,1,,,,,
,,,,,053946,001,2026-01-28_10h29.23.530,Simon,2024.2.4,Win32,29.94011976,,,,,,,,,,1,54.2912,54.7913,,,,,,,,,,,images/white_butterfly.png,images/purple_butterfly.png,left_image, ,,,,,,53.4254,54.2911,[-0.1179245283018868],[0.009433962264150943],[1],[0],[0],[0.8654999999999973],"[""left_image""]",3,0,12,1,1,,,,,
,,,,,053946,001,2026-01-28_10h29.23.530,Simon,2024.2.4,Win32,29.94011976,,,,,,,,,,1,56.6246,57.1249,,,,,,,,,,,images/yellow_butterfly.png,images/white_butterfly.png,right_image, ,,,,,,54.792,56.6246,[0.11635220125786164],[-0.0047169811320754715],[1],[0],[0],[1.8321999999997232],"[""right_image""]",3,1,13,2,1,,,,,
,,,,,053946,001,2026-01-28_10h29.23.530,Simon,2024.2.4,Win32,29.94011976,,,,,,,,,,1,58.0242,58.5242,,,,,,,,,,,images/white_butterfly.png,images/yellow_butterfly.png,right_image, ,,,,,,57.1258,58.0242,[0.19654088050314467],[0.0015723270440251573],[1],[0],[0],[0.8982000000001804],"[""right_image""]",3,2,14,3,1,,,,,
,,,,,053946,001,2026-01-28_10h29.23.530,Simon,2024.2.4,Win32,29.94011976,,,,,,,,,,1,59.3577,59.8574,,,,,,,,,,,images/purple_butterfly.png,images/white_butterfly.png,left_image, ,,,,,,58.5249,59.3577,[-0.14779874213836477],[-0.012578616352201259],[1],[0],[0],[0.8321999999997303],"[""left_image""]",3,3,15,0,1,,,,,
,,,,,053946,001,2026-01-28_10h29.23.530,Simon,2024.2.4,Win32,29.94011976,,,,,,,,,,1,60.8577,61.3574,,,,,,,,,,,images/yellow_butterfly.png,images/white_butterfly.png,right_image, ,,,,,,59.8581,60.8576,[0.13364779874213836],[-0.025157232704402517],[1],[0],[0],[0.9990999999996291],"[""right_image""]",4,0,16,2,1,,,,,
,,,,,053946,001,2026-01-28_10h29.23.530,Simon,2024.2.4,Win32,29.94011976,,,,,,,,,,1,62.4241,62.9238,,,,,,,,,,,images/white_butterfly.png,images/purple_butterfly.png,left_image, ,,,,,,61.3581,62.424,[-0.19968553459119498],[0.029874213836477988],[1],[0],[0],[1.065600000000103],"[""left_image""]",4,1,17,1,1,,,,,
,,,,,053946,001,2026-01-28_10h29.23.530,Simon,2024.2.4,Win32,29.94011976,,,,,,,,,,1,63.7905,64.2905,,,,,,,,,,,images/purple_butterfly.png,images/white_butterfly.png,left_image, ,,,,,,62.9245,63.7905,[-0.16037735849056603],[-0.012578616352201259],[1],[0],[0],[0.8656000000001001],"[""left_image""]",4,2,18,0,1,,,,,
,,,,,053946,001,2026-01-28_10h29.23.530,Simon,2024.2.4,Win32,29.94011976,,,,,,,,,,1,65.3571,65.8571,,,,,,,,,,,images/white_butterfly.png,images/yellow_butterfly.png,right_image, ,,,,,,64.2911,65.3571,[0.15723270440251572],[-0.0220125786163522],[1],[0],[0],[1.0656999999997225],"[""right_image""]",4,3,19,3,1,,,,,
,,,,,053946,001,2026-01-28_10h29.23.530,Simon,2024.2.4,Win32,29.94011976,,,,,,,,,,,,,,,,,,,,,,,,,,,,,,,,,,,,,,,,,,,,,,65.8574,67.0572,1,[67.05690000000037],[67.05690000000037]
