﻿instructions.started,instructions.stopped,start_button.numClicks,start_button.timesOn,start_button.timesOff,participant,session,date,expName,psychopyVersion,OS,frameRate,practice_trial.started,practice_trial.stopped,mouse_2.x,mouse_2.y,mouse_2.leftButton,mouse_2.midButton,mouse_2.rightButton,mouse_2.time,mouse_2.clicked_name,correct,feedback.started,feedback.stopped,loop_until_correct.thisRepN,loop_until_correct.thisTrialN,loop_until_correct.thisN,loop_until_correct.thisIndex,loop_until_correct.ran,prac_trials.thisRepN,prac_trials.thisTrialN,prac_trials.thisN,prac_trials.thisIndex,prac_trials.ran,left_color,right_color,correct_response,top_txt,instructions_2.started,instructions_2.stopped,start_button_2.numClicks,start_button_2.timesOn,start_button_2.timesOff,trial.started,trial.stopped,mouse.x,mouse.y,mouse.leftButton,mouse.midButton,mouse.rightButton,mouse.time,mouse.clicked_name,trials.thisRepN,trials.thisTrialN,trials.thisN,trials.thisIndex,trials.ran,end.started,end.stopped,start_button_3.numClicks,start_button_3.timesOn,start_button_3.timesOff
0.0005,22.0522,1,[22.066000000000003],[22.066000000000003],054571,001,2025-02-10_16h49.08.444,Simon,2024.2.4,Win32,61.34969325,,,,,,,,,,,,,,,,,,,,,,,,,,,,,,,,,,,,,,,,,,,,,,,,,,
,,,,,054571,001,2025-02-10_16h49.08.444,Simon,2024.2.4,Win32,61.34969325,22.0667,28.2355,[-0.14928771450988249],[-0.07492879231770834],[1],[0],[0],[6.164300000011906],"[""left_image_2"",""left_image_2""]",1,28.2359,28.7349,0,0,0,0,1,,,,,,,,,,,,,,,,,,,,,,,,,,,,,,,,,
,,,,,054571,001,2025-02-10_16h49.08.444,Simon,2024.2.4,Win32,61.34969325,,,,,,,,,,,,,,,,,,0,0,0,0,1,images/purple_butterfly.png,images/white_butterfly.png,left_image_2,"In this example, select the LEFT butterfly.",,,,,,,,,,,,,,,,,,,,,,,,
,,,,,054571,001,2025-02-10_16h49.08.444,Simon,2024.2.4,Win32,61.34969325,28.736,31.5523,[-0.14928771450988249],[-0.07492879231770834],[1],[0],[0],[2.8143000000119116],"[""left_image_2"",""left_image_2""]",1,31.5524,32.0518,0,0,0,0,1,,,,,,,,,,,,,,,,,,,,,,,,,,,,,,,,,
,,,,,054571,001,2025-02-10_16h49.08.444,Simon,2024.2.4,Win32,61.34969325,,,,,,,,,,,,,,,,,,0,1,1,1,1,images/white_butterfly.png,images/purple_butterfly.png,left_image_2,"In this example, select the LEFT butterfly.",,,,,,,,,,,,,,,,,,,,,,,,
,,,,,054571,001,2025-02-10_16h49.08.444,Simon,2024.2.4,Win32,61.34969325,32.053,33.452,[0.11965811965811966],[-0.07037040514823718],[1],[0],[0],[1.3973999999761588],"[""right_image_2"",""right_image_2""]",1,33.4521,33.9517,0,0,0,0,1,,,,,,,,,,,,,,,,,,,,,,,,,,,,,,,,,
,,,,,054571,001,2025-02-10_16h49.08.444,Simon,2024.2.4,Win32,61.34969325,,,,,,,,,,,,,,,,,,0,2,2,2,1,images/yellow_butterfly.png,images/white_butterfly.png,right_image_2,"In this example, select the RIGHT butterfly.",,,,,,,,,,,,,,,,,,,,,,,,
,,,,,054571,001,2025-02-10_16h49.08.444,Simon,2024.2.4,Win32,61.34969325,33.9529,35.0058,[0.15156698634481838],[-0.06011399489182692],[1],[0],[0],[1.0513000000119348],"[""right_image_2"",""right_image_2""]",1,35.006,35.5016,0,0,0,0,1,,,,,,,,,,,,,,,,,,,,,,,,,,,,,,,,,
,,,,,054571,001,2025-02-10_16h49.08.444,Simon,2024.2.4,Win32,61.34969325,,,,,,,,,,,,,,,,,,0,3,3,3,1,images/white_butterfly.png,images/yellow_butterfly.png,right_image_2,"In this example, select the RIGHT butterfly.",,,,,,,,,,,,,,,,,,,,,,,,
,,,,,054571,001,2025-02-10_16h49.08.444,Simon,2024.2.4,Win32,61.34969325,,,,,,,,,,,,,,,,,,,,,,,,,,,35.5019,36.9518,1,[36.95569999998807],[36.95569999998807],,,,,,,,,,,,,,,,,,,
,,,,,054571,001,2025-02-10_16h49.08.444,Simon,2024.2.4,Win32,61.34969325,,,,,,,,,,1,38.1514,38.6509,,,,,,,,,,,images/white_butterfly.png,images/yellow_butterfly.png,right_image, ,,,,,,36.9566,38.1513,[0.15954422909989316],[-0.0566951914730235],[1],[0],[0],[1.1941999999880863],"[""right_image""]",0,0,0,3,1,,,,,
,,,,,054571,001,2025-02-10_16h49.08.444,Simon,2024.2.4,Win32,61.34969325,,,,,,,,,,1,39.4514,39.9519,,,,,,,,,,,images/yellow_butterfly.png,images/white_butterfly.png,right_image, ,,,,,,38.6515,39.4514,[0.15954422909989316],[-0.0566951914730235],[1],[0],[0],[0.7993000000119252],"[""right_image""]",0,1,1,2,1,,,,,
,,,,,054571,001,2025-02-10_16h49.08.444,Simon,2024.2.4,Win32,61.34969325,,,,,,,,,,1,41.0513,41.551,,,,,,,,,,,images/purple_butterfly.png,images/white_butterfly.png,left_image, ,,,,,,39.9524,41.0512,[-0.12193728715945513],[-0.062393162393162394],[1],[0],[0],[1.0983999999761807],"[""left_image""]",0,2,2,0,1,,,,,
,,,,,054571,001,2025-02-10_16h49.08.444,Simon,2024.2.4,Win32,61.34969325,,,,,,,,,,1,42.1009,42.6011,,,,,,,,,,,images/white_butterfly.png,images/purple_butterfly.png,left_image, ,,,,,,41.5514,42.1009,[-0.12193728715945513],[-0.062393162393162394],[1],[0],[0],[0.5491999999880761],"[""left_image""]",0,3,3,1,1,,,,,
,,,,,054571,001,2025-02-10_16h49.08.444,Simon,2024.2.4,Win32,61.34969325,,,,,,,,,,1,43.7009,44.2008,,,,,,,,,,,images/yellow_butterfly.png,images/white_butterfly.png,right_image, ,,,,,,42.6019,43.7008,[0.1698006393563034],[-0.029344764122596154],[1],[0],[0],[1.0985999999642218],"[""right_image""]",1,0,4,2,1,,,,,
,,,,,054571,001,2025-02-10_16h49.08.444,Simon,2024.2.4,Win32,61.34969325,,,,,,,,,,1,45.3679,45.8674,,,,,,,,,,,images/white_butterfly.png,images/purple_butterfly.png,left_image, ,,,,,,44.2013,45.3679,[-0.10826207348424145],[-0.0509971683860844],[1],[0],[0],[1.1663000000119155],"[""left_image""]",1,1,5,1,1,,,,,
,,,,,054571,001,2025-02-10_16h49.08.444,Simon,2024.2.4,Win32,61.34969325,,,,,,,,,,1,47.0677,47.5674,,,,,,,,,,,images/white_butterfly.png,images/yellow_butterfly.png,right_image, ,,,,,,45.8679,47.0676,[0.2222222222222222],[-0.0509971683860844],[1],[0],[0],[1.1993999999761513],"[""right_image""]",1,2,6,3,1,,,,,
,,,,,054571,001,2025-02-10_16h49.08.444,Simon,2024.2.4,Win32,61.34969325,,,,,,,,,,1,48.3011,48.8007,,,,,,,,,,,images/purple_butterfly.png,images/white_butterfly.png,left_image, ,,,,,,47.5681,48.301,[-0.13675213675213677],[-0.07492879231770834],[1],[0],[0],[0.7319000000357505],"[""left_image""]",1,3,7,0,1,,,,,
,,,,,054571,001,2025-02-10_16h49.08.444,Simon,2024.2.4,Win32,61.34969325,,,,,,,,,,1,49.7175,50.2173,,,,,,,,,,,images/white_butterfly.png,images/purple_butterfly.png,left_image, ,,,,,,48.8013,49.7174,[-0.08547008547008547],[-0.08518520257411859],[1],[0],[0],[0.9158000000119273],"[""left_image""]",2,0,8,1,1,,,,,
,,,,,054571,001,2025-02-10_16h49.08.444,Simon,2024.2.4,Win32,61.34969325,,,,,,,,,,1,51.1347,51.6342,,,,,,,,,,,images/yellow_butterfly.png,images/white_butterfly.png,right_image, ,,,,,,50.2177,51.1346,[0.11851858807425214],[-0.07492879231770834],[1],[0],[0],[0.9165999999642338],"[""right_image""]",2,1,9,2,1,,,,,
,,,,,054571,001,2025-02-10_16h49.08.444,Simon,2024.2.4,Win32,61.34969325,,,,,,,,,,1,52.2009,52.7006,,,,,,,,,,,images/white_butterfly.png,images/yellow_butterfly.png,right_image, ,,,,,,51.6346,52.2009,[0.11851858807425214],[-0.07492879231770834],[1],[0],[0],[0.5658000000119046],"[""right_image""]",2,2,10,3,1,,,,,
,,,,,054571,001,2025-02-10_16h49.08.444,Simon,2024.2.4,Win32,61.34969325,,,,,,,,,,1,53.6506,54.1509,,,,,,,,,,,images/purple_butterfly.png,images/white_butterfly.png,left_image, ,,,,,,52.7012,53.6506,[-0.07977201021634615],[-0.06353279831063034],[1],[0],[0],[0.9491999999880534],"[""left_image""]",2,3,11,0,1,,,,,
,,,,,054571,001,2025-02-10_16h49.08.444,Simon,2024.2.4,Win32,61.34969325,,,,,,,,,,1,55.2172,55.7174,,,,,,,,,,,images/yellow_butterfly.png,images/white_butterfly.png,right_image, ,,,,,,54.1513,55.2172,[0.08888888888888889],[-0.06923076923076923],[1],[0],[0],[1.0656999999881123],"[""right_image""]",3,0,12,2,1,,,,,
,,,,,054571,001,2025-02-10_16h49.08.444,Simon,2024.2.4,Win32,61.34969325,,,,,,,,,,1,56.5671,57.0673,,,,,,,,,,,images/purple_butterfly.png,images/white_butterfly.png,left_image, ,,,,,,55.7179,56.5671,[-0.14017094017094017],[-0.06467238206129808],[1],[0],[0],[0.8488999999761973],"[""left_image""]",3,1,13,0,1,,,,,
,,,,,054571,001,2025-02-10_16h49.08.444,Simon,2024.2.4,Win32,61.34969325,,,,,,,,,,1,58.0842,58.5838,,,,,,,,,,,images/white_butterfly.png,images/yellow_butterfly.png,right_image, ,,,,,,57.0676,58.0842,[0.1116809812366453],[-0.07606837606837606],[1],[0],[0],[1.0161000000238687],"[""right_image""]",3,2,14,3,1,,,,,
,,,,,054571,001,2025-02-10_16h49.08.444,Simon,2024.2.4,Win32,61.34969325,,,,,,,,,,1,59.4172,59.9172,,,,,,,,,,,images/white_butterfly.png,images/purple_butterfly.png,left_image, ,,,,,,58.5842,59.4172,[-0.11965811965811966],[-0.04871794871794872],[1],[0],[0],[0.8326000000238309],"[""left_image""]",3,3,15,1,1,,,,,
,,,,,054571,001,2025-02-10_16h49.08.444,Simon,2024.2.4,Win32,61.34969325,,,,,,,,,,1,60.9674,61.4675,,,,,,,,,,,images/yellow_butterfly.png,images/white_butterfly.png,right_image, ,,,,,,59.9177,60.9672,[0.15954422909989316],[-0.062393162393162394],[1],[0],[0],[1.0493000000119537],"[""right_image""]",4,0,16,2,1,,,,,
,,,,,054571,001,2025-02-10_16h49.08.444,Simon,2024.2.4,Win32,61.34969325,,,,,,,,,,1,62.2676,62.7676,,,,,,,,,,,images/white_butterfly.png,images/yellow_butterfly.png,right_image, ,,,,,,61.4679,62.2676,[0.15954422909989316],[-0.062393162393162394],[1],[0],[0],[0.7992999999523249],"[""right_image""]",4,1,17,3,1,,,,,
,,,,,054571,001,2025-02-10_16h49.08.444,Simon,2024.2.4,Win32,61.34969325,,,,,,,,,,1,63.6838,64.1842,,,,,,,,,,,images/white_butterfly.png,images/purple_butterfly.png,left_image, ,,,,,,62.768,63.6838,[-0.1527065179286859],[-0.07492879231770834],[1],[0],[0],[0.9153999999761595],"[""left_image""]",4,2,18,1,1,,,,,
,,,,,054571,001,2025-02-10_16h49.08.444,Simon,2024.2.4,Win32,61.34969325,,,,,,,,,,1,64.8505,65.3505,,,,,,,,,,,images/purple_butterfly.png,images/white_butterfly.png,left_image, ,,,,,,64.1861,64.8505,[-0.1527065179286859],[-0.07492879231770834],[1],[0],[0],[0.6633000000119296],"[""left_image""]",4,3,19,0,1,,,,,
,,,,,054571,001,2025-02-10_16h49.08.444,Simon,2024.2.4,Win32,61.34969325,,,,,,,,,,,,,,,,,,,,,,,,,,,,,,,,,,,,,,,,,,,,,,65.351,68.134,1,[68.13380000001192],[68.13380000001192]
