﻿instructions.started,instructions.stopped,start_button.numClicks,start_button.timesOn,start_button.timesOff,participant,session,date,expName,psychopyVersion,OS,frameRate,practice_trial.started,practice_trial.stopped,mouse_2.x,mouse_2.y,mouse_2.leftButton,mouse_2.midButton,mouse_2.rightButton,mouse_2.time,mouse_2.clicked_name,correct,feedback.started,feedback.stopped,loop_until_correct.thisRepN,loop_until_correct.thisTrialN,loop_until_correct.thisN,loop_until_correct.thisIndex,loop_until_correct.ran,prac_trials.thisRepN,prac_trials.thisTrialN,prac_trials.thisN,prac_trials.thisIndex,prac_trials.ran,left_color,right_color,correct_response,top_txt,instructions_2.started,instructions_2.stopped,start_button_2.numClicks,start_button_2.timesOn,start_button_2.timesOff,trial.started,trial.stopped,mouse.x,mouse.y,mouse.leftButton,mouse.midButton,mouse.rightButton,mouse.time,mouse.clicked_name,trials.thisRepN,trials.thisTrialN,trials.thisN,trials.thisIndex,trials.ran,end.started,end.stopped,start_button_3.numClicks,start_button_3.timesOn,start_button_3.timesOff
0.0003,13.8313,1,[13.852199999928477],[13.852199999928477],055746,001,2025-09-26_13h21.02.688,Simon,2024.2.4,MacIntel,29.76190476,,,,,,,,,,,,,,,,,,,,,,,,,,,,,,,,,,,,,,,,,,,,,,,,,,
,,,,,055746,001,2025-09-26_13h21.02.688,Simon,2024.2.4,MacIntel,29.76190476,13.8512,16.2289,[-0.18347062735721983],[-0.010138901583666872],[1],[0],[0],[2.3744999999999976],"[""left_image_2"",""left_image_2""]",1,16.2303,16.7142,0,0,0,0,1,,,,,,,,,,,,,,,,,,,,,,,,,,,,,,,,,
,,,,,055746,001,2025-09-26_13h21.02.688,Simon,2024.2.4,MacIntel,29.76190476,,,,,,,,,,,,,,,,,,0,0,0,0,1,images/purple_butterfly.png,images/white_butterfly.png,left_image_2,"In this example, select the LEFT butterfly.",,,,,,,,,,,,,,,,,,,,,,,,
,,,,,055746,001,2025-09-26_13h21.02.688,Simon,2024.2.4,MacIntel,29.76190476,16.7171,17.608,[-0.1817890035695043],[0.015057831562211361],[1],[0],[0],[0.8891999999284721],"[""left_image_2"",""left_image_2""]",1,17.6085,18.107,0,0,0,0,1,,,,,,,,,,,,,,,,,,,,,,,,,,,,,,,,,
,,,,,055746,001,2025-09-26_13h21.02.688,Simon,2024.2.4,MacIntel,29.76190476,,,,,,,,,,,,,,,,,,0,1,1,1,1,images/white_butterfly.png,images/purple_butterfly.png,left_image_2,"In this example, select the LEFT butterfly.",,,,,,,,,,,,,,,,,,,,,,,,
,,,,,055746,001,2025-09-26_13h21.02.688,Simon,2024.2.4,MacIntel,29.76190476,18.1099,19.0607,[0.19175314316021397],[0.009657836312730912],[1],[0],[0],[0.9494000000953662],"[""right_image_2"",""right_image_2""]",1,19.061,19.5404,0,0,0,0,1,,,,,,,,,,,,,,,,,,,,,,,,,,,,,,,,,
,,,,,055746,001,2025-09-26_13h21.02.688,Simon,2024.2.4,MacIntel,29.76190476,,,,,,,,,,,,,,,,,,0,2,2,2,1,images/yellow_butterfly.png,images/white_butterfly.png,right_image_2,"In this example, select the RIGHT butterfly.",,,,,,,,,,,,,,,,,,,,,,,,
,,,,,055746,001,2025-09-26_13h21.02.688,Simon,2024.2.4,MacIntel,29.76190476,19.5432,19.9844,[0.19175314316021397],[0.009657836312730912],[1],[0],[0],[0.43969999992847164],"[""right_image_2"",""right_image_2""]",1,19.9849,20.4743,0,0,0,0,1,,,,,,,,,,,,,,,,,,,,,,,,,,,,,,,,,
,,,,,055746,001,2025-09-26_13h21.02.688,Simon,2024.2.4,MacIntel,29.76190476,,,,,,,,,,,,,,,,,,0,3,3,3,1,images/white_butterfly.png,images/yellow_butterfly.png,right_image_2,"In this example, select the RIGHT butterfly.",,,,,,,,,,,,,,,,,,,,,,,,
,,,,,055746,001,2025-09-26_13h21.02.688,Simon,2024.2.4,MacIntel,29.76190476,,,,,,,,,,,,,,,,,,,,,,,,,,,20.4747,21.6876,1,[21.692299999952315],[21.692299999952315],,,,,,,,,,,,,,,,,,,
,,,,,055746,001,2025-09-26_13h21.02.688,Simon,2024.2.4,MacIntel,29.76190476,,,,,,,,,,1,22.8201,23.3185,,,,,,,,,,,images/white_butterfly.png,images/yellow_butterfly.png,right_image, ,,,,,,21.6999,22.82,[0.16190717725330972],[-0.018923942678667642],[1],[0],[0],[1.1196000000238406],"[""right_image""]",0,0,0,3,1,,,,,
,,,,,055746,001,2025-09-26_13h21.02.688,Simon,2024.2.4,MacIntel,29.76190476,,,,,,,,,,1,24.1212,24.6241,,,,,,,,,,,images/white_butterfly.png,images/purple_butterfly.png,left_image, ,,,,,,23.32,24.1212,[-0.21333981969673646],[-0.026593964675377155],[1],[0],[0],[0.8006999999284723],"[""left_image""]",0,1,1,1,1,,,,,
,,,,,055746,001,2025-09-26_13h21.02.688,Simon,2024.2.4,MacIntel,29.76190476,,,,,,,,,,1,25.4184,25.9135,,,,,,,,,,,images/yellow_butterfly.png,images/white_butterfly.png,right_image, ,,,,,,24.6261,25.4183,[0.17221294835283252],[0.002812277507312192],[1],[0],[0],[0.7913999999761572],"[""right_image""]",0,2,2,2,1,,,,,
,,,,,055746,001,2025-09-26_13h21.02.688,Simon,2024.2.4,MacIntel,29.76190476,,,,,,,,,,1,26.7976,27.2864,,,,,,,,,,,images/purple_butterfly.png,images/white_butterfly.png,left_image, ,,,,,,25.9148,26.7975,[-0.1206433526400862],[0.03177563897494612],[1],[0],[0],[0.8823999999761547],"[""left_image""]",0,3,3,0,1,,,,,
,,,,,055746,001,2025-09-26_13h21.02.688,Simon,2024.2.4,MacIntel,29.76190476,,,,,,,,,,1,28.1971,28.6831,,,,,,,,,,,images/white_butterfly.png,images/yellow_butterfly.png,right_image, ,,,,,,27.2872,28.1971,[0.2442570578288562],[0.001468376573083436],[1],[0],[0],[0.9093000000715286],"[""right_image""]",1,0,4,3,1,,,,,
,,,,,055746,001,2025-09-26_13h21.02.688,Simon,2024.2.4,MacIntel,29.76190476,,,,,,,,,,1,29.5671,30.0712,,,,,,,,,,,images/purple_butterfly.png,images/white_butterfly.png,left_image, ,,,,,,28.6847,29.567,[-0.1764345967710899],[0.008294504851543257],[1],[0],[0],[0.8818000000715216],"[""left_image""]",1,1,5,0,1,,,,,
,,,,,055746,001,2025-09-26_13h21.02.688,Simon,2024.2.4,MacIntel,29.76190476,,,,,,,,,,1,31.4179,31.8982,,,,,,,,,,,images/yellow_butterfly.png,images/white_butterfly.png,right_image, ,,,,,,30.0724,31.4178,[0.1553511596078356],[-0.011518732080318658],[1],[0],[0],[1.3449999999999989],"[""right_image""]",1,2,6,2,1,,,,,
,,,,,055746,001,2025-09-26_13h21.02.688,Simon,2024.2.4,MacIntel,29.76190476,,,,,,,,,,1,33.0933,33.5993,,,,,,,,,,,images/white_butterfly.png,images/purple_butterfly.png,left_image, ,,,,,,31.8989,33.0932,[-0.18877745379368072],[0.007015284646320813],[1],[0],[0],[1.1937999999523115],"[""left_image""]",1,3,7,1,1,,,,,
,,,,,055746,001,2025-09-26_13h21.02.688,Simon,2024.2.4,MacIntel,29.76190476,,,,,,,,,,1,34.426,34.9294,,,,,,,,,,,images/white_butterfly.png,images/yellow_butterfly.png,right_image, ,,,,,,33.6002,34.4258,[0.17180133688038793],[0.0024041988579510468],[1],[0],[0],[0.82509999990463],"[""right_image""]",2,0,8,3,1,,,,,
,,,,,055746,001,2025-09-26_13h21.02.688,Simon,2024.2.4,MacIntel,29.76190476,,,,,,,,,,1,36.0138,36.5092,,,,,,,,,,,images/yellow_butterfly.png,images/white_butterfly.png,right_image, ,,,,,,34.9305,36.0137,[0.18525019302743997],[0.0005920109490455665],[1],[0],[0],[1.0825999999046303],"[""right_image""]",2,1,9,2,1,,,,,
,,,,,055746,001,2025-09-26_13h21.02.688,Simon,2024.2.4,MacIntel,29.76190476,,,,,,,,,,1,37.5154,38.0186,,,,,,,,,,,images/white_butterfly.png,images/purple_butterfly.png,left_image, ,,,,,,36.5104,37.5152,[-0.15237757490186268],[0.013485988372652401],[1],[0],[0],[1.004199999928474],"[""left_image""]",2,2,10,1,1,,,,,
,,,,,055746,001,2025-09-26_13h21.02.688,Simon,2024.2.4,MacIntel,29.76190476,,,,,,,,,,1,38.7905,39.2763,,,,,,,,,,,images/purple_butterfly.png,images/white_butterfly.png,left_image, ,,,,,,38.0197,38.7905,[-0.15237757490186268],[0.013485988372652401],[1],[0],[0],[0.7700000000000031],"[""left_image""]",2,3,11,0,1,,,,,
,,,,,055746,001,2025-09-26_13h21.02.688,Simon,2024.2.4,MacIntel,29.76190476,,,,,,,,,,1,40.6676,41.165,,,,,,,,,,,images/purple_butterfly.png,images/white_butterfly.png,left_image, ,,,,,,39.2772,40.6676,[-0.15348109353352063],[0.015166409497190579],[1],[0],[0],[1.3901000000238426],"[""left_image""]",3,0,12,0,1,,,,,
,,,,,055746,001,2025-09-26_13h21.02.688,Simon,2024.2.4,MacIntel,29.76190476,,,,,,,,,,1,41.769,42.2684,,,,,,,,,,,images/white_butterfly.png,images/purple_butterfly.png,left_image, ,,,,,,41.1666,41.7689,[-0.15348109353352063],[0.015166409497190579],[1],[0],[0],[0.6016000000238364],"[""left_image""]",3,1,13,1,1,,,,,
,,,,,055746,001,2025-09-26_13h21.02.688,Simon,2024.2.4,MacIntel,29.76190476,,,,,,,,,,1,43.8025,44.2917,,,,,,,,,,,images/yellow_butterfly.png,images/white_butterfly.png,right_image, ,,,,,,42.2692,43.8024,[0.23310243202547723],[-0.020413403440578817],[1],[0],[0],[1.5327999999523172],"[""right_image""]",3,2,14,2,1,,,,,
,,,,,055746,001,2025-09-26_13h21.02.688,Simon,2024.2.4,MacIntel,29.76190476,,,,,,,,,,1,44.898,45.4015,,,,,,,,,,,images/white_butterfly.png,images/yellow_butterfly.png,right_image, ,,,,,,44.2931,44.8979,[0.23310243202547723],[-0.020413403440578817],[1],[0],[0],[0.6037999999523151],"[""right_image""]",3,3,15,3,1,,,,,
,,,,,055746,001,2025-09-26_13h21.02.688,Simon,2024.2.4,MacIntel,29.76190476,,,,,,,,,,1,46.8569,47.3506,,,,,,,,,,,images/white_butterfly.png,images/yellow_butterfly.png,right_image, ,,,,,,45.4024,46.8568,[0.23310243202547723],[-0.020413403440578817],[1],[0],[0],[1.4542999999523119],"[""right_image""]",4,0,16,3,1,,,,,
,,,,,055746,001,2025-09-26_13h21.02.688,Simon,2024.2.4,MacIntel,29.76190476,,,,,,,,,,1,49.4795,49.96,,,,,,,,,,,images/white_butterfly.png,images/purple_butterfly.png,left_image, ,,,,,,47.3521,49.4794,[-0.23879689183728448],[0.002350191764643627],[1],[0],[0],[2.1268999999761604],"[""left_image""]",4,1,17,1,1,,,,,
,,,,,055746,001,2025-09-26_13h21.02.688,Simon,2024.2.4,MacIntel,29.76190476,,,,,,,,,,1,52.4678,52.9511,,,,,,,,,,,images/yellow_butterfly.png,images/white_butterfly.png,right_image, ,,,,,,49.9617,52.4678,[0.19316446839882234],[0.0021304426522090517],[1],[0],[0],[2.505600000023847],"[""right_image""]",4,2,18,2,1,,,,,
,,,,,055746,001,2025-09-26_13h21.02.688,Simon,2024.2.4,MacIntel,29.76190476,,,,,,,,,,1,54.1648,54.6564,,,,,,,,,,,images/purple_butterfly.png,images/white_butterfly.png,left_image, ,,,,,,52.9522,54.1648,[-0.15633847090998307],[0.00022388326710668104],[1],[0],[0],[1.2121000000238382],"[""left_image""]",4,3,19,0,1,,,,,
,,,,,055746,001,2025-09-26_13h21.02.688,Simon,2024.2.4,MacIntel,29.76190476,,,,,,,,,,,,,,,,,,,,,,,,,,,,,,,,,,,,,,,,,,,,,,54.6575,55.8966,1,[55.895999999999994],[55.895999999999994]
