﻿instructions.started,instructions.stopped,start_button.numClicks,start_button.timesOn,start_button.timesOff,participant,session,date,expName,psychopyVersion,OS,frameRate,practice_trial.started,practice_trial.stopped,mouse_2.x,mouse_2.y,mouse_2.leftButton,mouse_2.midButton,mouse_2.rightButton,mouse_2.time,mouse_2.clicked_name,correct,feedback.started,feedback.stopped,loop_until_correct.thisRepN,loop_until_correct.thisTrialN,loop_until_correct.thisN,loop_until_correct.thisIndex,loop_until_correct.ran,prac_trials.thisRepN,prac_trials.thisTrialN,prac_trials.thisN,prac_trials.thisIndex,prac_trials.ran,left_color,right_color,correct_response,top_txt,instructions_2.started,instructions_2.stopped,start_button_2.numClicks,start_button_2.timesOn,start_button_2.timesOff,trial.started,trial.stopped,mouse.x,mouse.y,mouse.leftButton,mouse.midButton,mouse.rightButton,mouse.time,mouse.clicked_name,trials.thisRepN,trials.thisTrialN,trials.thisN,trials.thisIndex,trials.ran,end.started,end.stopped,start_button_3.numClicks,start_button_3.timesOn,start_button_3.timesOff
0.0004,28.9826,1,[28.994799999952317],[28.994799999952317],056752,001,2025-10-07_13h24.58.580,Simon,2024.2.4,MacIntel,59.88023952,,,,,,,,,,,,,,,,,,,,,,,,,,,,,,,,,,,,,,,,,,,,,,,,,,
,,,,,056752,001,2025-10-07_13h24.58.580,Simon,2024.2.4,MacIntel,59.88023952,28.9943,39.0818,[-0.21608375156838144],[-0.03035798306148055],[1],[0],[0],[10.086200000047683],"[""left_image_2"",""left_image_2""]",1,39.0822,39.5819,0,0,0,0,1,,,,,,,,,,,,,,,,,,,,,,,,,,,,,,,,,
,,,,,056752,001,2025-10-07_13h24.58.580,Simon,2024.2.4,MacIntel,59.88023952,,,,,,,,,,,,,,,,,,0,0,0,0,1,images/purple_butterfly.png,images/white_butterfly.png,left_image_2,"In this example, select the LEFT butterfly.",,,,,,,,,,,,,,,,,,,,,,,,
,,,,,056752,001,2025-10-07_13h24.58.580,Simon,2024.2.4,MacIntel,59.88023952,39.5843,45.7814,[0.17196812264742786],[0.02829948243412798],[1],[0],[0],[6.194899999976158],"[""right_image_2"",""right_image_2""]",0,45.782,46.2817,0,0,0,0,1,,,,,,,,,,,,,,,,,,,,,,,,,,,,,,,,,
,,,,,056752,001,2025-10-07_13h24.58.580,Simon,2024.2.4,MacIntel,59.88023952,46.2827,48.8315,[-0.17576164523212046],[-0.037307873274780426],[1],[0],[0],[2.5477999999523178],"[""left_image_2"",""left_image_2""]",1,48.8321,49.3314,1,0,1,0,1,,,,,,,,,,,,,,,,,,,,,,,,,,,,,,,,,
,,,,,056752,001,2025-10-07_13h24.58.580,Simon,2024.2.4,MacIntel,59.88023952,,,,,,,,,,,,,,,,,,0,1,1,1,1,images/white_butterfly.png,images/purple_butterfly.png,left_image_2,"In this example, select the LEFT butterfly.",,,,,,,,,,,,,,,,,,,,,,,,
,,,,,056752,001,2025-10-07_13h24.58.580,Simon,2024.2.4,MacIntel,59.88023952,49.3325,50.9651,[-0.1659592612923463],[-0.04536543287327478],[1],[0],[0],[1.6316000000238375],"[""left_image_2"",""left_image_2""]",0,50.9663,51.4643,0,0,0,0,1,,,,,,,,,,,,,,,,,,,,,,,,,,,,,,,,,
,,,,,056752,001,2025-10-07_13h24.58.580,Simon,2024.2.4,MacIntel,59.88023952,51.4653,56.1485,[0.21270683030112925],[-0.00509723964868256],[1],[0],[0],[4.682199999928471],"[""right_image_2"",""right_image_2""]",1,56.1495,56.6483,1,0,1,0,1,,,,,,,,,,,,,,,,,,,,,,,,,,,,,,,,,
,,,,,056752,001,2025-10-07_13h24.58.580,Simon,2024.2.4,MacIntel,59.88023952,,,,,,,,,,,,,,,,,,0,2,2,2,1,images/yellow_butterfly.png,images/white_butterfly.png,right_image_2,"In this example, select the RIGHT butterfly.",,,,,,,,,,,,,,,,,,,,,,,,
,,,,,056752,001,2025-10-07_13h24.58.580,Simon,2024.2.4,MacIntel,59.88023952,56.6503,60.198,[0.20838397898368882],[-0.032083202634880806],[1],[0],[0],[3.5462999999523177],"[""right_image_2"",""right_image_2""]",1,60.1982,60.6986,0,0,0,0,1,,,,,,,,,,,,,,,,,,,,,,,,,,,,,,,,,
,,,,,056752,001,2025-10-07_13h24.58.580,Simon,2024.2.4,MacIntel,59.88023952,,,,,,,,,,,,,,,,,,0,3,3,3,1,images/white_butterfly.png,images/yellow_butterfly.png,right_image_2,"In this example, select the RIGHT butterfly.",,,,,,,,,,,,,,,,,,,,,,,,
,,,,,056752,001,2025-10-07_13h24.58.580,Simon,2024.2.4,MacIntel,59.88023952,,,,,,,,,,,,,,,,,,,,,,,,,,,60.6993,62.4153,1,[62.416500000000006],[62.416500000000006],,,,,,,,,,,,,,,,,,,
,,,,,056752,001,2025-10-07_13h24.58.580,Simon,2024.2.4,MacIntel,59.88023952,,,,,,,,,,1,66.684,67.1816,,,,,,,,,,,images/purple_butterfly.png,images/white_butterfly.png,left_image, ,,,,,,62.4244,66.6839,[-0.1620922208281054],[-0.024922561166875783],[1],[0],[0],[4.256800000071522],"[""left_image""]",0,0,0,0,1,,,,,
,,,,,056752,001,2025-10-07_13h24.58.580,Simon,2024.2.4,MacIntel,59.88023952,,,,,,,,,,1,70.7819,71.2818,,,,,,,,,,,images/white_butterfly.png,images/yellow_butterfly.png,right_image, ,,,,,,67.1831,70.7818,[0.19670443851944794],[-0.026314499686323715],[1],[0],[0],[3.5977000000476806],"[""right_image""]",0,1,1,3,1,,,,,
,,,,,056752,001,2025-10-07_13h24.58.580,Simon,2024.2.4,MacIntel,59.88023952,,,,,,,,,,1,74.0985,74.5983,,,,,,,,,,,images/white_butterfly.png,images/purple_butterfly.png,left_image, ,,,,,,71.2828,74.0984,[-0.15882312578419072],[-0.02224651035131744],[1],[0],[0],[2.815100000023847],"[""left_image""]",0,2,2,1,1,,,,,
,,,,,056752,001,2025-10-07_13h24.58.580,Simon,2024.2.4,MacIntel,59.88023952,,,,,,,,,,1,77.1661,77.6649,,,,,,,,,,,images/yellow_butterfly.png,images/white_butterfly.png,right_image, ,,,,,,74.5993,77.1661,[0.17391389585947303],[-0.015786739335006274],[1],[0],[0],[2.5661000000238516],"[""right_image""]",0,3,3,2,1,,,,,
,,,,,056752,001,2025-10-07_13h24.58.580,Simon,2024.2.4,MacIntel,59.88023952,,,,,,,,,,1,78.7648,79.2649,,,,,,,,,,,images/yellow_butterfly.png,images/white_butterfly.png,right_image, ,,,,,,77.6659,78.7647,[0.1850297992471769],[-0.005886331555834379],[1],[0],[0],[1.0987000000476854],"[""right_image""]",1,0,4,2,1,,,,,
,,,,,056752,001,2025-10-07_13h24.58.580,Simon,2024.2.4,MacIntel,59.88023952,,,,,,,,,,1,80.2152,80.7149,,,,,,,,,,,images/white_butterfly.png,images/purple_butterfly.png,left_image, ,,,,,,79.266,80.215,[-0.1644447929736512],[-0.03805775564617315],[1],[0],[0],[0.9482999999523116],"[""left_image""]",1,1,5,1,1,,,,,
,,,,,056752,001,2025-10-07_13h24.58.580,Simon,2024.2.4,MacIntel,59.88023952,,,,,,,,,,1,82.0814,82.5819,,,,,,,,,,,images/white_butterfly.png,images/yellow_butterfly.png,right_image, ,,,,,,80.7162,82.0813,[0.2129126803638645],[-0.03916052383939774],[1],[0],[0],[1.3645999999046268],"[""right_image""]",1,2,6,3,1,,,,,
,,,,,056752,001,2025-10-07_13h24.58.580,Simon,2024.2.4,MacIntel,59.88023952,,,,,,,,,,1,83.665,84.1651,,,,,,,,,,,images/purple_butterfly.png,images/white_butterfly.png,left_image, ,,,,,,82.5829,83.6649,[-0.1399045247804266],[-0.05515311323713927],[1],[0],[0],[1.0815000000000055],"[""left_image""]",1,3,7,0,1,,,,,
,,,,,056752,001,2025-10-07_13h24.58.580,Simon,2024.2.4,MacIntel,59.88023952,,,,,,,,,,1,85.348,85.8486,,,,,,,,,,,images/white_butterfly.png,images/yellow_butterfly.png,right_image, ,,,,,,84.1661,85.3479,[0.17053697459222084],[-0.045948674717691346],[1],[0],[0],[1.1813999999761648],"[""right_image""]",2,0,8,3,1,,,,,
,,,,,056752,001,2025-10-07_13h24.58.580,Simon,2024.2.4,MacIntel,59.88023952,,,,,,,,,,1,86.9484,87.4486,,,,,,,,,,,images/white_butterfly.png,images/purple_butterfly.png,left_image, ,,,,,,85.8492,86.9483,[-0.16170012547051443],[-0.047644487139272274],[1],[0],[0],[1.0988999999761546],"[""left_image""]",2,1,9,1,1,,,,,
,,,,,056752,001,2025-10-07_13h24.58.580,Simon,2024.2.4,MacIntel,59.88023952,,,,,,,,,,1,88.0147,88.5149,,,,,,,,,,,images/yellow_butterfly.png,images/white_butterfly.png,right_image, ,,,,,,87.4491,88.0146,[0.1274996079046424],[-0.05311421737766625],[1],[0],[0],[0.5651000000238469],"[""right_image""]",2,2,10,2,1,,,,,
,,,,,056752,001,2025-10-07_13h24.58.580,Simon,2024.2.4,MacIntel,59.88023952,,,,,,,,,,1,89.098,89.5982,,,,,,,,,,,images/purple_butterfly.png,images/white_butterfly.png,left_image, ,,,,,,88.5159,89.098,[-0.17170345828105396],[-0.023932520388958593],[1],[0],[0],[0.5816000000238404],"[""left_image""]",2,3,11,0,1,,,,,
,,,,,056752,001,2025-10-07_13h24.58.580,Simon,2024.2.4,MacIntel,59.88023952,,,,,,,,,,1,90.1647,90.665,,,,,,,,,,,images/white_butterfly.png,images/yellow_butterfly.png,right_image, ,,,,,,89.5991,90.1646,[0.14022310225846926],[-0.017531563676286072],[1],[0],[0],[0.5648999999761628],"[""right_image""]",3,0,12,3,1,,,,,
,,,,,056752,001,2025-10-07_13h24.58.580,Simon,2024.2.4,MacIntel,59.88023952,,,,,,,,,,0,91.0643,91.5652,,,,,,,,,,,images/yellow_butterfly.png,images/white_butterfly.png,right_image, ,,,,,,90.6655,91.0636,[-0.21683853513174403],[-0.025471494667503137],[1],[0],[0],[0.39790000009536186],"[""left_image""]",3,1,13,2,1,,,,,
,,,,,056752,001,2025-10-07_13h24.58.580,Simon,2024.2.4,MacIntel,59.88023952,,,,,,,,,,1,93.3149,93.8145,,,,,,,,,,,images/purple_butterfly.png,images/white_butterfly.png,left_image, ,,,,,,91.566,93.3145,[-0.1766144526348808],[-0.03411719730238394],[1],[0],[0],[1.7482000000476745],"[""left_image""]",3,2,14,0,1,,,,,
,,,,,056752,001,2025-10-07_13h24.58.580,Simon,2024.2.4,MacIntel,59.88023952,,,,,,,,,,1,94.9646,95.4653,,,,,,,,,,,images/white_butterfly.png,images/purple_butterfly.png,left_image, ,,,,,,93.8148,94.9646,[-0.19959124058971142],[-0.038194989021329985],[1],[0],[0],[1.1497000000476731],"[""left_image""]",3,3,15,1,1,,,,,
,,,,,056752,001,2025-10-07_13h24.58.580,Simon,2024.2.4,MacIntel,59.88023952,,,,,,,,,,1,96.198,96.6986,,,,,,,,,,,images/yellow_butterfly.png,images/white_butterfly.png,right_image, ,,,,,,95.4661,96.1979,[0.2786082575282309],[-0.06072086731493099],[1],[0],[0],[0.731399999976162],"[""right_image""]",4,0,16,2,1,,,,,
,,,,,056752,001,2025-10-07_13h24.58.580,Simon,2024.2.4,MacIntel,59.88023952,,,,,,,,,,1,97.3313,97.8316,,,,,,,,,,,images/purple_butterfly.png,images/white_butterfly.png,left_image, ,,,,,,96.6994,97.3313,[-0.11821675031367629],[-0.06184324027603513],[1],[0],[0],[0.6315000000000026],"[""left_image""]",4,1,17,0,1,,,,,
,,,,,056752,001,2025-10-07_13h24.58.580,Simon,2024.2.4,MacIntel,59.88023952,,,,,,,,,,1,98.6814,99.1819,,,,,,,,,,,images/white_butterfly.png,images/purple_butterfly.png,left_image, ,,,,,,97.8325,98.6813,[-0.2784367158092848],[-0.019947851317440403],[1],[0],[0],[0.8481999999284824],"[""left_image""]",4,2,18,1,1,,,,,
,,,,,056752,001,2025-10-07_13h24.58.580,Simon,2024.2.4,MacIntel,59.88023952,,,,,,,,,,1,99.8813,100.3818,,,,,,,,,,,images/white_butterfly.png,images/yellow_butterfly.png,right_image, ,,,,,,99.1827,99.8813,[0.14122294542032623],[-0.05204575752823087],[1],[0],[0],[0.6983999999761608],"[""right_image""]",4,3,19,3,1,,,,,
,,,,,056752,001,2025-10-07_13h24.58.580,Simon,2024.2.4,MacIntel,59.88023952,,,,,,,,,,,,,,,,,,,,,,,,,,,,,,,,,,,,,,,,,,,,,,100.3823,102.0488,1,[102.04819999992849],[102.04819999992849]
