﻿instructions.started,instructions.stopped,start_button.numClicks,start_button.timesOn,start_button.timesOff,participant,session,date,expName,psychopyVersion,OS,frameRate,practice_trial.started,practice_trial.stopped,mouse_2.x,mouse_2.y,mouse_2.leftButton,mouse_2.midButton,mouse_2.rightButton,mouse_2.time,mouse_2.clicked_name,correct,feedback.started,feedback.stopped,loop_until_correct.thisRepN,loop_until_correct.thisTrialN,loop_until_correct.thisN,loop_until_correct.thisIndex,loop_until_correct.ran,prac_trials.thisRepN,prac_trials.thisTrialN,prac_trials.thisN,prac_trials.thisIndex,prac_trials.ran,left_color,right_color,correct_response,top_txt,instructions_2.started,instructions_2.stopped,start_button_2.numClicks,start_button_2.timesOn,start_button_2.timesOff,trial.started,trial.stopped,mouse.x,mouse.y,mouse.leftButton,mouse.midButton,mouse.rightButton,mouse.time,mouse.clicked_name,trials.thisRepN,trials.thisTrialN,trials.thisN,trials.thisIndex,trials.ran,end.started,end.stopped,start_button_3.numClicks,start_button_3.timesOn,start_button_3.timesOff
0,15.586,1,[15.591000000000001],[15.591000000000001],056886,001,2026-01-28_10h24.32.807,Simon,2024.2.4,MacIntel,50,,,,,,,,,,,,,,,,,,,,,,,,,,,,,,,,,,,,,,,,,,,,,,,,,,
,,,,,056886,001,2026-01-28_10h24.32.807,Simon,2024.2.4,MacIntel,50,15.599,24.448,[-0.12360830621404963],[-0.004747621305696257],[1],[0],[0],[8.846],"[""left_image_2"",""left_image_2""]",1,24.448,24.952,0,0,0,0,1,,,,,,,,,,,,,,,,,,,,,,,,,,,,,,,,,
,,,,,056886,001,2026-01-28_10h24.32.807,Simon,2024.2.4,MacIntel,50,,,,,,,,,,,,,,,,,,0,0,0,0,1,images/purple_butterfly.png,images/white_butterfly.png,left_image_2,"In this example, select the LEFT butterfly.",,,,,,,,,,,,,,,,,,,,,,,,
,,,,,056886,001,2026-01-28_10h24.32.807,Simon,2024.2.4,MacIntel,50,24.955,29.282,[-0.15599491832020518],[-0.0004455650245750343],[1],[0],[0],[4.325000000000003],"[""left_image_2"",""left_image_2""]",1,29.282,29.771,0,0,0,0,1,,,,,,,,,,,,,,,,,,,,,,,,,,,,,,,,,
,,,,,056886,001,2026-01-28_10h24.32.807,Simon,2024.2.4,MacIntel,50,,,,,,,,,,,,,,,,,,0,1,1,1,1,images/white_butterfly.png,images/purple_butterfly.png,left_image_2,"In this example, select the LEFT butterfly.",,,,,,,,,,,,,,,,,,,,,,,,
,,,,,056886,001,2026-01-28_10h24.32.807,Simon,2024.2.4,MacIntel,50,29.773,32.211,[0.14187881972763564],[0.01409199473622081],[1],[0],[0],[2.436],"[""right_image_2"",""right_image_2""]",1,32.211,32.705,0,0,0,0,1,,,,,,,,,,,,,,,,,,,,,,,,,,,,,,,,,
,,,,,056886,001,2026-01-28_10h24.32.807,Simon,2024.2.4,MacIntel,50,,,,,,,,,,,,,,,,,,0,2,2,2,1,images/yellow_butterfly.png,images/white_butterfly.png,right_image_2,"In this example, select the RIGHT butterfly.",,,,,,,,,,,,,,,,,,,,,,,,
,,,,,056886,001,2026-01-28_10h24.32.807,Simon,2024.2.4,MacIntel,50,32.708,35.686,[0.1500802511697287],[0.004733158991887019],[1],[0],[0],[2.9750000000000014],"[""right_image_2"",""right_image_2""]",1,35.686,36.19,0,0,0,0,1,,,,,,,,,,,,,,,,,,,,,,,,,,,,,,,,,
,,,,,056886,001,2026-01-28_10h24.32.807,Simon,2024.2.4,MacIntel,50,,,,,,,,,,,,,,,,,,0,3,3,3,1,images/white_butterfly.png,images/yellow_butterfly.png,right_image_2,"In this example, select the RIGHT butterfly.",,,,,,,,,,,,,,,,,,,,,,,,
,,,,,056886,001,2026-01-28_10h24.32.807,Simon,2024.2.4,MacIntel,50,,,,,,,,,,,,,,,,,,,,,,,,,,,36.191,39.303,1,[39.304],[39.304],,,,,,,,,,,,,,,,,,,
,,,,,056886,001,2026-01-28_10h24.32.807,Simon,2024.2.4,MacIntel,50,,,,,,,,,,1,42.779,43.276,,,,,,,,,,,images/yellow_butterfly.png,images/white_butterfly.png,right_image, ,,,,,,39.307,42.779,[0.18543956043956045],[0.012362637362637362],[1],[0],[0],[3.4710000000000036],"[""right_image""]",0,0,0,2,1,,,,,
,,,,,056886,001,2026-01-28_10h24.32.807,Simon,2024.2.4,MacIntel,50,,,,,,,,,,1,44.61,45.11,,,,,,,,,,,images/white_butterfly.png,images/purple_butterfly.png,left_image, ,,,,,,43.278,44.61,[-0.20810439560439561],[-0.005494505494505495],[1],[0],[0],[1.330999999999996],"[""left_image""]",0,1,1,1,1,,,,,
,,,,,056886,001,2026-01-28_10h24.32.807,Simon,2024.2.4,MacIntel,50,,,,,,,,,,1,45.724,46.228,,,,,,,,,,,images/white_butterfly.png,images/yellow_butterfly.png,right_image, ,,,,,,45.111,45.724,[0.2342032967032967],[-0.004120879120879121],[1],[0],[0],[0.6120000000000019],"[""right_image""]",0,2,2,3,1,,,,,
,,,,,056886,001,2026-01-28_10h24.32.807,Simon,2024.2.4,MacIntel,50,,,,,,,,,,1,46.849,47.35,,,,,,,,,,,images/purple_butterfly.png,images/white_butterfly.png,left_image, ,,,,,,46.23,46.849,[-0.19917582417582416],[-0.005494505494505495],[1],[0],[0],[0.6180000000000021],"[""left_image""]",0,3,3,0,1,,,,,
,,,,,056886,001,2026-01-28_10h24.32.807,Simon,2024.2.4,MacIntel,50,,,,,,,,,,1,48.248,48.745,,,,,,,,,,,images/yellow_butterfly.png,images/white_butterfly.png,right_image, ,,,,,,47.35,48.248,[0.17925824175824176],[-0.018543956043956044],[1],[0],[0],[0.8970000000000056],"[""right_image""]",1,0,4,2,1,,,,,
,,,,,056886,001,2026-01-28_10h24.32.807,Simon,2024.2.4,MacIntel,50,,,,,,,,,,1,49.483,49.979,,,,,,,,,,,images/purple_butterfly.png,images/white_butterfly.png,left_image, ,,,,,,48.746,49.483,[-0.2135989010989011],[-0.016483516483516484],[1],[0],[0],[0.7360000000000042],"[""left_image""]",1,1,5,0,1,,,,,
,,,,,056886,001,2026-01-28_10h24.32.807,Simon,2024.2.4,MacIntel,50,,,,,,,,,,1,50.543,51.046,,,,,,,,,,,images/white_butterfly.png,images/yellow_butterfly.png,right_image, ,,,,,,49.98,50.542,[0.21978021978021978],[-0.004120879120879121],[1],[0],[0],[0.5609999999999999],"[""right_image""]",1,2,6,3,1,,,,,
,,,,,056886,001,2026-01-28_10h24.32.807,Simon,2024.2.4,MacIntel,50,,,,,,,,,,1,52.633,53.13,,,,,,,,,,,images/white_butterfly.png,images/purple_butterfly.png,left_image, ,,,,,,51.047,52.633,[-0.19162087912087913],[-0.019230769230769232],[1],[0],[0],[1.5859999999999985],"[""left_image""]",1,3,7,1,1,,,,,
,,,,,056886,001,2026-01-28_10h24.32.807,Simon,2024.2.4,MacIntel,50,,,,,,,,,,1,53.693,54.197,,,,,,,,,,,images/white_butterfly.png,images/yellow_butterfly.png,right_image, ,,,,,,53.131,53.693,[0.22939560439560439],[-0.017170329670329672],[1],[0],[0],[0.5609999999999999],"[""right_image""]",2,0,8,3,1,,,,,
,,,,,056886,001,2026-01-28_10h24.32.807,Simon,2024.2.4,MacIntel,50,,,,,,,,,,1,54.95,55.448,,,,,,,,,,,images/yellow_butterfly.png,images/white_butterfly.png,right_image, ,,,,,,54.198,54.95,[0.20123626373626374],[-0.017857142857142856],[1],[0],[0],[0.7509999999999977],"[""right_image""]",2,1,9,2,1,,,,,
,,,,,056886,001,2026-01-28_10h24.32.807,Simon,2024.2.4,MacIntel,50,,,,,,,,,,1,57.253,57.749,,,,,,,,,,,images/white_butterfly.png,images/purple_butterfly.png,left_image, ,,,,,,55.449,57.253,[-0.18543956043956045],[-0.03914835164835165],[1],[0],[0],[1.8029999999999973],"[""left_image""]",2,2,10,1,1,,,,,
,,,,,056886,001,2026-01-28_10h24.32.807,Simon,2024.2.4,MacIntel,50,,,,,,,,,,1,58.453,58.949,,,,,,,,,,,images/purple_butterfly.png,images/white_butterfly.png,left_image, ,,,,,,57.75,58.453,[-0.19162087912087913],[-0.006868131868131868],[1],[0],[0],[0.7010000000000076],"[""left_image""]",2,3,11,0,1,,,,,
,,,,,056886,001,2026-01-28_10h24.32.807,Simon,2024.2.4,MacIntel,50,,,,,,,,,,1,59.471,59.966,,,,,,,,,,,images/white_butterfly.png,images/yellow_butterfly.png,right_image, ,,,,,,58.95,59.471,[0.20741758241758243],[0.004807692307692308],[1],[0],[0],[0.5200000000000031],"[""right_image""]",3,0,12,3,1,,,,,
,,,,,056886,001,2026-01-28_10h24.32.807,Simon,2024.2.4,MacIntel,50,,,,,,,,,,1,60.68,61.183,,,,,,,,,,,images/yellow_butterfly.png,images/white_butterfly.png,right_image, ,,,,,,59.967,60.679,[0.17445054945054944],[-0.02815934065934066],[1],[0],[0],[0.7109999999999985],"[""right_image""]",3,1,13,2,1,,,,,
,,,,,056886,001,2026-01-28_10h24.32.807,Simon,2024.2.4,MacIntel,50,,,,,,,,,,1,61.981,62.484,,,,,,,,,,,images/white_butterfly.png,images/purple_butterfly.png,left_image, ,,,,,,61.184,61.981,[-0.17994505494505494],[-0.04601648351648352],[1],[0],[0],[0.7959999999999852],"[""left_image""]",3,2,14,1,1,,,,,
,,,,,056886,001,2026-01-28_10h24.32.807,Simon,2024.2.4,MacIntel,50,,,,,,,,,,1,64.564,65.068,,,,,,,,,,,images/purple_butterfly.png,images/white_butterfly.png,left_image, ,,,,,,62.485,64.564,[-0.16689560439560439],[0.057005494505494504],[1],[0],[0],[2.076999999999998],"[""left_image""]",3,3,15,0,1,,,,,
,,,,,056886,001,2026-01-28_10h24.32.807,Simon,2024.2.4,MacIntel,50,,,,,,,,,,1,66.133,66.636,,,,,,,,,,,images/yellow_butterfly.png,images/white_butterfly.png,right_image, ,,,,,,65.069,66.133,[0.2733516483516483],[-0.044642857142857144],[1],[0],[0],[1.0630000000000024],"[""right_image""]",4,0,16,2,1,,,,,
,,,,,056886,001,2026-01-28_10h24.32.807,Simon,2024.2.4,MacIntel,50,,,,,,,,,,1,67.639,68.136,,,,,,,,,,,images/purple_butterfly.png,images/white_butterfly.png,left_image, ,,,,,,66.637,67.639,[-0.14835164835164835],[0.009615384615384616],[1],[0],[0],[1.0010000000000048],"[""left_image""]",4,1,17,0,1,,,,,
,,,,,056886,001,2026-01-28_10h24.32.807,Simon,2024.2.4,MacIntel,50,,,,,,,,,,1,68.848,69.337,,,,,,,,,,,images/white_butterfly.png,images/yellow_butterfly.png,right_image, ,,,,,,68.137,68.848,[0.2342032967032967],[-0.0020604395604395605],[1],[0],[0],[0.710000000000008],"[""right_image""]",4,2,18,3,1,,,,,
,,,,,056886,001,2026-01-28_10h24.32.807,Simon,2024.2.4,MacIntel,50,,,,,,,,,,1,70.942,71.438,,,,,,,,,,,images/white_butterfly.png,images/purple_butterfly.png,left_image, ,,,,,,69.338,70.942,[-0.1717032967032967],[-0.018543956043956044],[1],[0],[0],[1.6029999999999944],"[""left_image""]",4,3,19,1,1,,,,,
,,,,,056886,001,2026-01-28_10h24.32.807,Simon,2024.2.4,MacIntel,50,,,,,,,,,,,,,,,,,,,,,,,,,,,,,,,,,,,,,,,,,,,,,,71.439,72.418,1,[72.417],[72.417]
