﻿instructions.started,instructions.stopped,start_button.numClicks,start_button.timesOn,start_button.timesOff,participant,session,date,expName,psychopyVersion,OS,frameRate,practice_trial.started,practice_trial.stopped,mouse_2.x,mouse_2.y,mouse_2.leftButton,mouse_2.midButton,mouse_2.rightButton,mouse_2.time,mouse_2.clicked_name,correct,feedback.started,feedback.stopped,loop_until_correct.thisRepN,loop_until_correct.thisTrialN,loop_until_correct.thisN,loop_until_correct.thisIndex,loop_until_correct.ran,prac_trials.thisRepN,prac_trials.thisTrialN,prac_trials.thisN,prac_trials.thisIndex,prac_trials.ran,left_color,right_color,correct_response,top_txt,instructions_2.started,instructions_2.stopped,start_button_2.numClicks,start_button_2.timesOn,start_button_2.timesOff,trial.started,trial.stopped,mouse.x,mouse.y,mouse.leftButton,mouse.midButton,mouse.rightButton,mouse.time,mouse.clicked_name,trials.thisRepN,trials.thisTrialN,trials.thisN,trials.thisIndex,trials.ran,end.started,end.stopped,start_button_3.numClicks,start_button_3.timesOn,start_button_3.timesOff
0.0004,12.5473,1,[12.558199999928474],[12.558299999952316],057254,001,2025-08-21_07h43.49.879,Simon,2024.2.4,Win32,142.8571429,,,,,,,,,,,,,,,,,,,,,,,,,,,,,,,,,,,,,,,,,,,,,,,,,,
,,,,,057254,001,2025-08-21_07h43.49.879,Simon,2024.2.4,Win32,142.8571429,12.5624,14.2547,[-0.18301366518621576],[-0.016986293008882707],[1],[0],[0],[1.6902000000476853],"[""left_image_2"",""left_image_2""]",1,14.2554,14.754,0,0,0,0,1,,,,,,,,,,,,,,,,,,,,,,,,,,,,,,,,,
,,,,,057254,001,2025-08-21_07h43.49.879,Simon,2024.2.4,Win32,142.8571429,,,,,,,,,,,,,,,,,,0,0,0,0,1,images/purple_butterfly.png,images/white_butterfly.png,left_image_2,"In this example, select the LEFT butterfly.",,,,,,,,,,,,,,,,,,,,,,,,
,,,,,057254,001,2025-08-21_07h43.49.879,Simon,2024.2.4,Win32,142.8571429,14.7552,16.8744,[-0.1917808219178082],[0.02575340793557363],[1],[0],[0],[2.1167000000476826],"[""left_image_2"",""left_image_2""]",1,16.8745,17.3723,0,0,0,0,1,,,,,,,,,,,,,,,,,,,,,,,,,,,,,,,,,
,,,,,057254,001,2025-08-21_07h43.49.879,Simon,2024.2.4,Win32,142.8571429,,,,,,,,,,,,,,,,,,0,1,1,1,1,images/white_butterfly.png,images/purple_butterfly.png,left_image_2,"In this example, select the LEFT butterfly.",,,,,,,,,,,,,,,,,,,,,,,,
,,,,,057254,001,2025-08-21_07h43.49.879,Simon,2024.2.4,Win32,142.8571429,17.374,19.0226,[0.12712327094927225],[-0.0016438523383989726],[1],[0],[0],[1.646799999952318],"[""right_image_2"",""right_image_2""]",1,19.0227,19.5235,0,0,0,0,1,,,,,,,,,,,,,,,,,,,,,,,,,,,,,,,,,
,,,,,057254,001,2025-08-21_07h43.49.879,Simon,2024.2.4,Win32,142.8571429,,,,,,,,,,,,,,,,,,0,2,2,2,1,images/yellow_butterfly.png,images/white_butterfly.png,right_image_2,"In this example, select the RIGHT butterfly.",,,,,,,,,,,,,,,,,,,,,,,,
,,,,,057254,001,2025-08-21_07h43.49.879,Simon,2024.2.4,Win32,142.8571429,19.525,21.2296,[0.13589042768086473],[0.02027395588077911],[1],[0],[0],[1.703200000047687],"[""right_image_2"",""right_image_2""]",1,21.2298,21.7259,0,0,0,0,1,,,,,,,,,,,,,,,,,,,,,,,,,,,,,,,,,
,,,,,057254,001,2025-08-21_07h43.49.879,Simon,2024.2.4,Win32,142.8571429,,,,,,,,,,,,,,,,,,0,3,3,3,1,images/white_butterfly.png,images/yellow_butterfly.png,right_image_2,"In this example, select the RIGHT butterfly.",,,,,,,,,,,,,,,,,,,,,,,,
,,,,,057254,001,2025-08-21_07h43.49.879,Simon,2024.2.4,Win32,142.8571429,,,,,,,,,,,,,,,,,,,,,,,,,,,21.7265,22.8722,1,[22.87410000002384],[22.87410000002384],,,,,,,,,,,,,,,,,,,
,,,,,057254,001,2025-08-21_07h43.49.879,Simon,2024.2.4,Win32,142.8571429,,,,,,,,,,1,23.9824,24.4833,,,,,,,,,,,images/white_butterfly.png,images/yellow_butterfly.png,right_image, ,,,,,,22.8788,23.9824,[0.14246575342465753],[-0.057534246575342465],[1],[0],[0],[1.1031000000238436],"[""right_image""]",0,0,0,3,1,,,,,
,,,,,057254,001,2025-08-21_07h43.49.879,Simon,2024.2.4,Win32,142.8571429,,,,,,,,,,1,25.6725,26.1716,,,,,,,,,,,images/white_butterfly.png,images/purple_butterfly.png,left_image, ,,,,,,24.484,25.6723,[-0.1589041095890411],[-0.0027397260273972603],[1],[0],[0],[1.1875],"[""left_image""]",0,1,1,1,1,,,,,
,,,,,057254,001,2025-08-21_07h43.49.879,Simon,2024.2.4,Win32,142.8571429,,,,,,,,,,1,26.9284,27.4237,,,,,,,,,,,images/purple_butterfly.png,images/white_butterfly.png,left_image, ,,,,,,26.1726,26.9283,[-0.17863008682041953],[0.004931515210295377],[1],[0],[0],[0.7551999999284753],"[""left_image""]",0,2,2,0,1,,,,,
,,,,,057254,001,2025-08-21_07h43.49.879,Simon,2024.2.4,Win32,142.8571429,,,,,,,,,,1,28.3127,28.8089,,,,,,,,,,,images/yellow_butterfly.png,images/white_butterfly.png,right_image, ,,,,,,27.4244,28.3126,[0.21041100906999144],[0.0136986301369863],[1],[0],[0],[0.8881000000238437],"[""right_image""]",0,3,3,2,1,,,,,
,,,,,057254,001,2025-08-21_07h43.49.879,Simon,2024.2.4,Win32,142.8571429,,,,,,,,,,1,29.5524,30.0533,,,,,,,,,,,images/white_butterfly.png,images/yellow_butterfly.png,right_image, ,,,,,,28.8094,29.5524,[0.18191779149721746],[-0.0005479368444991439],[1],[0],[0],[0.7423999999761577],"[""right_image""]",1,0,4,3,1,,,,,
,,,,,057254,001,2025-08-21_07h43.49.879,Simon,2024.2.4,Win32,142.8571429,,,,,,,,,,1,31.2754,31.7736,,,,,,,,,,,images/yellow_butterfly.png,images/white_butterfly.png,right_image, ,,,,,,30.0539,31.2753,[0.16986301369863013],[-0.0027397260273972603],[1],[0],[0],[1.2208999999761616],"[""right_image""]",1,1,5,2,1,,,,,
,,,,,057254,001,2025-08-21_07h43.49.879,Simon,2024.2.4,Win32,142.8571429,,,,,,,,,,1,32.6769,33.1761,,,,,,,,,,,images/purple_butterfly.png,images/white_butterfly.png,left_image, ,,,,,,31.774,32.6769,[-0.17095888738762843],[0.009315051771190068],[1],[0],[0],[0.9026000000238383],"[""left_image""]",1,2,6,0,1,,,,,
,,,,,057254,001,2025-08-21_07h43.49.879,Simon,2024.2.4,Win32,142.8571429,,,,,,,,,,1,34.2161,34.7118,,,,,,,,,,,images/white_butterfly.png,images/purple_butterfly.png,left_image, ,,,,,,33.1766,34.216,[-0.23232873367936643],[-0.0005479368444991439],[1],[0],[0],[1.0391000000238435],"[""left_image""]",1,3,7,1,1,,,,,
,,,,,057254,001,2025-08-21_07h43.49.879,Simon,2024.2.4,Win32,142.8571429,,,,,,,,,,1,35.5278,36.0288,,,,,,,,,,,images/white_butterfly.png,images/purple_butterfly.png,left_image, ,,,,,,34.7122,35.5277,[-0.19068494822880994],[0.003835599716395548],[1],[0],[0],[0.8155000000000001],"[""left_image""]",2,0,8,1,1,,,,,
,,,,,057254,001,2025-08-21_07h43.49.879,Simon,2024.2.4,Win32,142.8571429,,,,,,,,,,1,36.9822,37.4817,,,,,,,,,,,images/yellow_butterfly.png,images/white_butterfly.png,right_image, ,,,,,,36.0292,36.9821,[0.17424659206442636],[0.0060273888992936646],[1],[0],[0],[0.9526000000238426],"[""right_image""]",2,1,9,2,1,,,,,
,,,,,057254,001,2025-08-21_07h43.49.879,Simon,2024.2.4,Win32,142.8571429,,,,,,,,,,1,38.3729,38.8684,,,,,,,,,,,images/white_butterfly.png,images/yellow_butterfly.png,right_image, ,,,,,,37.4821,38.3728,[0.1917808219178082],[0.011506840954088184],[1],[0],[0],[0.8903999999761538],"[""right_image""]",2,2,10,3,1,,,,,
,,,,,057254,001,2025-08-21_07h43.49.879,Simon,2024.2.4,Win32,142.8571429,,,,,,,,,,1,39.8857,40.3843,,,,,,,,,,,images/purple_butterfly.png,images/white_butterfly.png,left_image, ,,,,,,38.8688,39.8857,[-0.17643833944242296],[0.022465745063677225],[1],[0],[0],[1.0166000000238427],"[""left_image""]",2,3,11,0,1,,,,,
,,,,,057254,001,2025-08-21_07h43.49.879,Simon,2024.2.4,Win32,142.8571429,,,,,,,,,,1,41.2576,41.7534,,,,,,,,,,,images/yellow_butterfly.png,images/white_butterfly.png,right_image, ,,,,,,40.3847,41.2576,[0.136986301369863],[0.0060273888992936646],[1],[0],[0],[0.8727000000476863],"[""right_image""]",3,0,12,2,1,,,,,
,,,,,057254,001,2025-08-21_07h43.49.879,Simon,2024.2.4,Win32,142.8571429,,,,,,,,,,1,42.5862,43.0815,,,,,,,,,,,images/purple_butterfly.png,images/white_butterfly.png,left_image, ,,,,,,41.7539,42.5861,[-0.2191780821917808],[0.0027397260273972603],[1],[0],[0],[0.8318999999761587],"[""left_image""]",3,1,13,0,1,,,,,
,,,,,057254,001,2025-08-21_07h43.49.879,Simon,2024.2.4,Win32,142.8571429,,,,,,,,,,1,44.5395,45.0382,,,,,,,,,,,images/white_butterfly.png,images/yellow_butterfly.png,right_image, ,,,,,,43.0823,44.5395,[0.18958907453981164],[0.009315051771190068],[1],[0],[0],[1.4565999999046326],"[""right_image""]",3,2,14,3,1,,,,,
,,,,,057254,001,2025-08-21_07h43.49.879,Simon,2024.2.4,Win32,142.8571429,,,,,,,,,,1,45.9798,46.4748,,,,,,,,,,,images/white_butterfly.png,images/purple_butterfly.png,left_image, ,,,,,,45.0388,45.9798,[-0.20493147340539383],[0.0027397260273972603],[1],[0],[0],[0.940600000023835],"[""left_image""]",3,3,15,1,1,,,,,
,,,,,057254,001,2025-08-21_07h43.49.879,Simon,2024.2.4,Win32,142.8571429,,,,,,,,,,1,47.3161,47.8116,,,,,,,,,,,images/white_butterfly.png,images/yellow_butterfly.png,right_image, ,,,,,,46.4753,47.3161,[0.20383559971639556],[0.009315051771190068],[1],[0],[0],[0.8403999999761638],"[""right_image""]",4,0,16,3,1,,,,,
,,,,,057254,001,2025-08-21_07h43.49.879,Simon,2024.2.4,Win32,142.8571429,,,,,,,,,,1,48.6221,49.1216,,,,,,,,,,,images/purple_butterfly.png,images/white_butterfly.png,left_image, ,,,,,,47.8124,48.622,[-0.19726027397260273],[-0.0016438523383989726],[1],[0],[0],[0.8093999999761579],"[""left_image""]",4,1,17,0,1,,,,,
,,,,,057254,001,2025-08-21_07h43.49.879,Simon,2024.2.4,Win32,142.8571429,,,,,,,,,,1,49.9258,50.4226,,,,,,,,,,,images/white_butterfly.png,images/purple_butterfly.png,left_image, ,,,,,,49.122,49.9257,[-0.1578082359000428],[0.009315051771190068],[1],[0],[0],[0.8034999999999997],"[""left_image""]",4,2,18,1,1,,,,,
,,,,,057254,001,2025-08-21_07h43.49.879,Simon,2024.2.4,Win32,142.8571429,,,,,,,,,,1,51.2887,51.7877,,,,,,,,,,,images/yellow_butterfly.png,images/white_butterfly.png,right_image, ,,,,,,50.4232,51.2887,[0.13369868030286816],[-0.0005479368444991439],[1],[0],[0],[0.8652999999523203],"[""right_image""]",4,3,19,2,1,,,,,
,,,,,057254,001,2025-08-21_07h43.49.879,Simon,2024.2.4,Win32,142.8571429,,,,,,,,,,,,,,,,,,,,,,,,,,,,,,,,,,,,,,,,,,,,,,51.788,53.0593,1,[53.05910000002384],[53.05910000002384]
