﻿instructions.started,instructions.stopped,start_button.numClicks,start_button.timesOn,start_button.timesOff,participant,session,date,expName,psychopyVersion,OS,frameRate,practice_trial.started,practice_trial.stopped,mouse_2.x,mouse_2.y,mouse_2.leftButton,mouse_2.midButton,mouse_2.rightButton,mouse_2.time,mouse_2.clicked_name,correct,feedback.started,feedback.stopped,loop_until_correct.thisRepN,loop_until_correct.thisTrialN,loop_until_correct.thisN,loop_until_correct.thisIndex,loop_until_correct.ran,prac_trials.thisRepN,prac_trials.thisTrialN,prac_trials.thisN,prac_trials.thisIndex,prac_trials.ran,left_color,right_color,correct_response,top_txt,instructions_2.started,instructions_2.stopped,start_button_2.numClicks,start_button_2.timesOn,start_button_2.timesOff,trial.started,trial.stopped,mouse.x,mouse.y,mouse.leftButton,mouse.midButton,mouse.rightButton,mouse.time,mouse.clicked_name,trials.thisRepN,trials.thisTrialN,trials.thisN,trials.thisIndex,trials.ran,end.started,end.stopped,start_button_3.numClicks,start_button_3.timesOn,start_button_3.timesOff
0.0005,8.7018,1,[8.72309999999986],[8.72309999999986],057727,001,2025-06-18_12h59.21.323,Simon,2024.2.4,Win32,59.88023952,,,,,,,,,,,,,,,,,,,,,,,,,,,,,,,,,,,,,,,,,,,,,,,,,,
,,,,,057727,001,2025-06-18_12h59.21.323,Simon,2024.2.4,Win32,59.88023952,8.732,9.851,[-0.21295279912184412],[-0.023600439077936335],[1],[0],[0],[1.116300000000047],"[""left_image_2"",""left_image_2""]",1,9.8518,10.3507,0,0,0,0,1,,,,,,,,,,,,,,,,,,,,,,,,,,,,,,,,,
,,,,,057727,001,2025-06-18_12h59.21.323,Simon,2024.2.4,Win32,59.88023952,,,,,,,,,,,,,,,,,,0,0,0,0,1,images/purple_butterfly.png,images/white_butterfly.png,left_image_2,"In this example, select the LEFT butterfly.",,,,,,,,,,,,,,,,,,,,,,,,
,,,,,057727,001,2025-06-18_12h59.21.323,Simon,2024.2.4,Win32,59.88023952,10.3551,11.5016,[-0.1525795828759605],[0.011525795828759604],[1],[0],[0],[1.1438999999999062],"[""left_image_2"",""left_image_2""]",1,11.5018,12.0015,0,0,0,0,1,,,,,,,,,,,,,,,,,,,,,,,,,,,,,,,,,
,,,,,057727,001,2025-06-18_12h59.21.323,Simon,2024.2.4,Win32,59.88023952,,,,,,,,,,,,,,,,,,0,1,1,1,1,images/white_butterfly.png,images/purple_butterfly.png,left_image_2,"In this example, select the LEFT butterfly.",,,,,,,,,,,,,,,,,,,,,,,,
,,,,,057727,001,2025-06-18_12h59.21.323,Simon,2024.2.4,Win32,59.88023952,12.0062,13.2684,[0.15587266739846323],[-0.0005488474204171241],[1],[0],[0],[1.259199999999952],"[""right_image_2"",""right_image_2""]",1,13.2686,13.7677,0,0,0,0,1,,,,,,,,,,,,,,,,,,,,,,,,,,,,,,,,,
,,,,,057727,001,2025-06-18_12h59.21.323,Simon,2024.2.4,Win32,59.88023952,,,,,,,,,,,,,,,,,,0,2,2,2,1,images/yellow_butterfly.png,images/white_butterfly.png,right_image_2,"In this example, select the RIGHT butterfly.",,,,,,,,,,,,,,,,,,,,,,,,
,,,,,057727,001,2025-06-18_12h59.21.323,Simon,2024.2.4,Win32,59.88023952,13.7701,14.7508,[0.15806805708013172],[0.0027442371020856204],[1],[0],[0],[0.9782000000001858],"[""right_image_2"",""right_image_2""]",1,14.7509,15.2431,0,0,0,0,1,,,,,,,,,,,,,,,,,,,,,,,,,,,,,,,,,
,,,,,057727,001,2025-06-18_12h59.21.323,Simon,2024.2.4,Win32,59.88023952,,,,,,,,,,,,,,,,,,0,3,3,3,1,images/white_butterfly.png,images/yellow_butterfly.png,right_image_2,"In this example, select the RIGHT butterfly.",,,,,,,,,,,,,,,,,,,,,,,,
,,,,,057727,001,2025-06-18_12h59.21.323,Simon,2024.2.4,Win32,59.88023952,,,,,,,,,,,,,,,,,,,,,,,,,,,15.2435,16.573,1,[16.577],[16.577],,,,,,,,,,,,,,,,,,,
,,,,,057727,001,2025-06-18_12h59.21.323,Simon,2024.2.4,Win32,59.88023952,,,,,,,,,,1,17.4022,17.9015,,,,,,,,,,,images/purple_butterfly.png,images/white_butterfly.png,left_image, ,,,,,,16.5854,17.4019,[-0.11855104281009879],[-0.015916575192096598],[1],[0],[0],[0.8142000000001879],"[""left_image""]",0,0,0,0,1,,,,,
,,,,,057727,001,2025-06-18_12h59.21.323,Simon,2024.2.4,Win32,59.88023952,,,,,,,,,,1,18.9349,19.4366,,,,,,,,,,,images/yellow_butterfly.png,images/white_butterfly.png,right_image, ,,,,,,17.9038,18.9347,[0.19209659714599342],[-0.0027442371020856204],[1],[0],[0],[1.02990000000014],"[""right_image""]",0,1,1,2,1,,,,,
,,,,,057727,001,2025-06-18_12h59.21.323,Simon,2024.2.4,Win32,59.88023952,,,,,,,,,,1,20.2673,20.7675,,,,,,,,,,,images/white_butterfly.png,images/yellow_butterfly.png,right_image, ,,,,,,19.438,20.2672,[0.17892425905598244],[0.0060373216245883645],[1],[0],[0],[0.8281999999999528],"[""right_image""]",0,2,2,3,1,,,,,
,,,,,057727,001,2025-06-18_12h59.21.323,Simon,2024.2.4,Win32,59.88023952,,,,,,,,,,1,21.584,22.0845,,,,,,,,,,,images/white_butterfly.png,images/purple_butterfly.png,left_image, ,,,,,,20.7683,21.5839,[-0.18990120746432493],[-0.022502744237102086],[1],[0],[0],[0.8145000000000024],"[""left_image""]",0,3,3,1,1,,,,,
,,,,,057727,001,2025-06-18_12h59.21.323,Simon,2024.2.4,Win32,59.88023952,,,,,,,,,,1,22.969,23.4684,,,,,,,,,,,images/yellow_butterfly.png,images/white_butterfly.png,right_image, ,,,,,,22.0864,22.9687,[0.10098792535675083],[0.02030735455543359],[1],[0],[0],[0.8805000000000014],"[""right_image""]",1,0,4,2,1,,,,,
,,,,,057727,001,2025-06-18_12h59.21.323,Simon,2024.2.4,Win32,59.88023952,,,,,,,,,,1,24.2775,24.7683,,,,,,,,,,,images/purple_butterfly.png,images/white_butterfly.png,left_image, ,,,,,,23.4715,24.2774,[-0.1756311745334797],[-0.023600439077936335],[1],[0],[0],[0.8051000000000954],"[""left_image""]",1,1,5,0,1,,,,,
,,,,,057727,001,2025-06-18_12h59.21.323,Simon,2024.2.4,Win32,59.88023952,,,,,,,,,,1,25.5019,26.001,,,,,,,,,,,images/white_butterfly.png,images/purple_butterfly.png,left_image, ,,,,,,24.7711,25.5014,[-0.17233809001097694],[-0.023600439077936335],[1],[0],[0],[0.7291000000000913],"[""left_image""]",1,2,6,1,1,,,,,
,,,,,057727,001,2025-06-18_12h59.21.323,Simon,2024.2.4,Win32,59.88023952,,,,,,,,,,1,26.902,27.4016,,,,,,,,,,,images/white_butterfly.png,images/yellow_butterfly.png,right_image, ,,,,,,26.0041,26.9017,[0.26344676180021953],[0.05323819978046103],[1],[0],[0],[0.8971000000000942],"[""right_image""]",1,3,7,3,1,,,,,
,,,,,057727,001,2025-06-18_12h59.21.323,Simon,2024.2.4,Win32,59.88023952,,,,,,,,,,1,28.3182,28.8177,,,,,,,,,,,images/white_butterfly.png,images/purple_butterfly.png,left_image, ,,,,,,27.4033,28.3181,[-0.145993413830955],[-0.03128430296377607],[1],[0],[0],[0.914300000000047],"[""left_image""]",2,0,8,1,1,,,,,
,,,,,057727,001,2025-06-18_12h59.21.323,Simon,2024.2.4,Win32,59.88023952,,,,,,,,,,1,29.7182,30.2172,,,,,,,,,,,images/purple_butterfly.png,images/white_butterfly.png,left_image, ,,,,,,28.8187,29.7181,[-0.141602634467618],[0.023600439077936335],[1],[0],[0],[0.8988999999999052],"[""left_image""]",2,1,9,0,1,,,,,
,,,,,057727,001,2025-06-18_12h59.21.323,Simon,2024.2.4,Win32,59.88023952,,,,,,,,,,1,30.9359,31.4357,,,,,,,,,,,images/yellow_butterfly.png,images/white_butterfly.png,right_image, ,,,,,,30.2181,30.9357,[0.1690450054884742],[0.001646542261251372],[1],[0],[0],[0.7167000000001877],"[""right_image""]",2,2,10,2,1,,,,,
,,,,,057727,001,2025-06-18_12h59.21.323,Simon,2024.2.4,Win32,59.88023952,,,,,,,,,,1,32.1673,32.6673,,,,,,,,,,,images/white_butterfly.png,images/yellow_butterfly.png,right_image, ,,,,,,31.4377,32.1673,[0.1690450054884742],[0.022502744237102086],[1],[0],[0],[0.7288999999999035],"[""right_image""]",2,3,11,3,1,,,,,
,,,,,057727,001,2025-06-18_12h59.21.323,Simon,2024.2.4,Win32,59.88023952,,,,,,,,,,1,33.4011,33.9011,,,,,,,,,,,images/white_butterfly.png,images/purple_butterfly.png,left_image, ,,,,,,32.6702,33.401,[-0.20636663007683864],[-0.017014270032930844],[1],[0],[0],[0.7306000000000878],"[""left_image""]",3,0,12,1,1,,,,,
,,,,,057727,001,2025-06-18_12h59.21.323,Simon,2024.2.4,Win32,59.88023952,,,,,,,,,,1,34.6842,35.185,,,,,,,,,,,images/yellow_butterfly.png,images/white_butterfly.png,right_image, ,,,,,,33.9018,34.684,[0.1207464324917673],[0.014818880351262349],[1],[0],[0],[0.7818999999999079],"[""right_image""]",3,1,13,2,1,,,,,
,,,,,057727,001,2025-06-18_12h59.21.323,Simon,2024.2.4,Win32,59.88023952,,,,,,,,,,1,36.0356,36.5339,,,,,,,,,,,images/white_butterfly.png,images/yellow_butterfly.png,right_image, ,,,,,,35.1869,36.0354,[0.16355653128430298],[0.010428100987925357],[1],[0],[0],[0.8475000000000037],"[""right_image""]",3,2,14,3,1,,,,,
,,,,,057727,001,2025-06-18_12h59.21.323,Simon,2024.2.4,Win32,59.88023952,,,,,,,,,,1,37.4014,37.9019,,,,,,,,,,,images/purple_butterfly.png,images/white_butterfly.png,left_image, ,,,,,,36.5365,37.4013,[-0.1668496158068057],[-0.02469813391877058],[1],[0],[0],[0.8639000000001431],"[""left_image""]",3,3,15,0,1,,,,,
,,,,,057727,001,2025-06-18_12h59.21.323,Simon,2024.2.4,Win32,59.88023952,,,,,,,,,,1,38.8187,39.3177,,,,,,,,,,,images/yellow_butterfly.png,images/white_butterfly.png,right_image, ,,,,,,37.9046,38.8185,[0.1394072447859495],[-0.0060373216245883645],[1],[0],[0],[0.9128999999999081],"[""right_image""]",4,0,16,2,1,,,,,
,,,,,057727,001,2025-06-18_12h59.21.323,Simon,2024.2.4,Win32,59.88023952,,,,,,,,,,1,40.2175,40.7187,,,,,,,,,,,images/white_butterfly.png,images/yellow_butterfly.png,right_image, ,,,,,,39.3201,40.2173,[0.1437980241492865],[0.013721185510428101],[1],[0],[0],[0.8968000000000487],"[""right_image""]",4,1,17,3,1,,,,,
,,,,,057727,001,2025-06-18_12h59.21.323,Simon,2024.2.4,Win32,59.88023952,,,,,,,,,,1,41.5192,42.0183,,,,,,,,,,,images/white_butterfly.png,images/purple_butterfly.png,left_image, ,,,,,,40.7211,41.5189,[-0.19538968166849616],[-0.010428100987925357],[1],[0],[0],[0.7970999999998583],"[""left_image""]",4,2,18,1,1,,,,,
,,,,,057727,001,2025-06-18_12h59.21.323,Simon,2024.2.4,Win32,59.88023952,,,,,,,,,,1,42.5675,43.0684,,,,,,,,,,,images/purple_butterfly.png,images/white_butterfly.png,left_image, ,,,,,,42.0211,42.5675,[-0.19538968166849616],[-0.015916575192096598],[1],[0],[0],[0.5451999999999515],"[""left_image""]",4,3,19,0,1,,,,,
,,,,,057727,001,2025-06-18_12h59.21.323,Simon,2024.2.4,Win32,59.88023952,,,,,,,,,,,,,,,,,,,,,,,,,,,,,,,,,,,,,,,,,,,,,,43.0693,44.3607,1,[44.36019999999995],[44.36019999999995]
