﻿instructions.started,instructions.stopped,start_button.numClicks,start_button.timesOn,start_button.timesOff,participant,session,date,expName,psychopyVersion,OS,frameRate,practice_trial.started,practice_trial.stopped,mouse_2.x,mouse_2.y,mouse_2.leftButton,mouse_2.midButton,mouse_2.rightButton,mouse_2.time,mouse_2.clicked_name,correct,feedback.started,feedback.stopped,loop_until_correct.thisRepN,loop_until_correct.thisTrialN,loop_until_correct.thisN,loop_until_correct.thisIndex,loop_until_correct.ran,prac_trials.thisRepN,prac_trials.thisTrialN,prac_trials.thisN,prac_trials.thisIndex,prac_trials.ran,left_color,right_color,correct_response,top_txt,instructions_2.started,instructions_2.stopped,start_button_2.numClicks,start_button_2.timesOn,start_button_2.timesOff,trial.started,trial.stopped,mouse.x,mouse.y,mouse.leftButton,mouse.midButton,mouse.rightButton,mouse.time,mouse.clicked_name,trials.thisRepN,trials.thisTrialN,trials.thisN,trials.thisIndex,trials.ran,end.started,end.stopped,start_button_3.numClicks,start_button_3.timesOn,start_button_3.timesOff
0.0017,24.0748,1,[24.156199999988083],[24.156300000011925],058858,001,2025-01-23_10h19.30.354,Simon,2024.2.4,Win32,59.17159763,,,,,,,,,,,,,,,,,,,,,,,,,,,,,,,,,,,,,,,,,,,,,,,,,,
,,,,,058858,001,2025-01-23_10h19.30.354,Simon,2024.2.4,Win32,59.17159763,24.1532,25.9391,[-0.172927774555568],[0.01639831215409772],[1],[0],[0],[1.7781999999880789],"[""left_image_2"",""left_image_2""]",1,25.9416,26.4374,0,0,0,0,1,,,,,,,,,,,,,,,,,,,,,,,,,,,,,,,,,
,,,,,058858,001,2025-01-23_10h19.30.354,Simon,2024.2.4,Win32,59.17159763,,,,,,,,,,,,,,,,,,0,0,0,0,1,images/purple_butterfly.png,images/white_butterfly.png,left_image_2,"In this example, select the LEFT butterfly.",,,,,,,,,,,,,,,,,,,,,,,,
,,,,,058858,001,2025-01-23_10h19.30.354,Simon,2024.2.4,Win32,59.17159763,26.4424,27.737,[-0.22063204470175538],[0.014013082268839445],[1],[0],[0],[1.2920000000000016],"[""left_image_2"",""left_image_2""]",1,27.7376,28.2358,0,0,0,0,1,,,,,,,,,,,,,,,,,,,,,,,,,,,,,,,,,
,,,,,058858,001,2025-01-23_10h19.30.354,Simon,2024.2.4,Win32,59.17159763,,,,,,,,,,,,,,,,,,0,1,1,1,1,images/white_butterfly.png,images/purple_butterfly.png,left_image_2,"In this example, select the LEFT butterfly.",,,,,,,,,,,,,,,,,,,,,,,,
,,,,,058858,001,2025-01-23_10h19.30.354,Simon,2024.2.4,Win32,59.17159763,28.2416,29.3856,[0.18008351880450582],[0.006857447206227638],[1],[0],[0],[1.140600000023845],"[""right_image_2"",""right_image_2""]",1,29.3864,29.8844,0,0,0,0,1,,,,,,,,,,,,,,,,,,,,,,,,,,,,,,,,,
,,,,,058858,001,2025-01-23_10h19.30.354,Simon,2024.2.4,Win32,59.17159763,,,,,,,,,,,,,,,,,,0,2,2,2,1,images/yellow_butterfly.png,images/white_butterfly.png,right_image_2,"In this example, select the RIGHT butterfly.",,,,,,,,,,,,,,,,,,,,,,,,
,,,,,058858,001,2025-01-23_10h19.30.354,Simon,2024.2.4,Win32,59.17159763,29.8901,31.3835,[0.18008351880450582],[0.006857447206227638],[1],[0],[0],[1.4914000000357603],"[""right_image_2"",""right_image_2""]",1,31.3838,31.8832,0,0,0,0,1,,,,,,,,,,,,,,,,,,,,,,,,,,,,,,,,,
,,,,,058858,001,2025-01-23_10h19.30.354,Simon,2024.2.4,Win32,59.17159763,,,,,,,,,,,,,,,,,,0,3,3,3,1,images/white_butterfly.png,images/yellow_butterfly.png,right_image_2,"In this example, select the RIGHT butterfly.",,,,,,,,,,,,,,,,,,,,,,,,
,,,,,058858,001,2025-01-23_10h19.30.354,Simon,2024.2.4,Win32,59.17159763,,,,,,,,,,,,,,,,,,,,,,,,,,,31.8842,51.4343,1,[51.44780000001192],[51.44780000001192],,,,,,,,,,,,,,,,,,,
,,,,,058858,001,2025-01-23_10h19.30.354,Simon,2024.2.4,Win32,59.17159763,,,,,,,,,,1,53.0333,53.532,,,,,,,,,,,images/white_butterfly.png,images/purple_butterfly.png,left_image, ,,,,,,51.4601,53.033,[-0.24448417977484907],[-0.00029818785638416817],[1],[0],[0],[1.57110000002384],"[""left_image""]",0,0,0,1,1,,,,,
,,,,,058858,001,2025-01-23_10h19.30.354,Simon,2024.2.4,Win32,59.17159763,,,,,,,,,,1,54.8146,55.314,,,,,,,,,,,images/white_butterfly.png,images/yellow_butterfly.png,right_image, ,,,,,,53.5346,54.8145,[0.18843179610632826],[-0.05158022094071445],[1],[0],[0],[1.2786999999880848],"[""right_image""]",0,1,1,3,1,,,,,
,,,,,058858,001,2025-01-23_10h19.30.354,Simon,2024.2.4,Win32,59.17159763,,,,,,,,,,1,56.4134,56.9126,,,,,,,,,,,images/yellow_butterfly.png,images/white_butterfly.png,right_image, ,,,,,,55.3164,56.4131,[0.19200961363763416],[-0.014609457981607782],[1],[0],[0],[1.0953000000119246],"[""right_image""]",0,2,2,2,1,,,,,
,,,,,058858,001,2025-01-23_10h19.30.354,Simon,2024.2.4,Win32,59.17159763,,,,,,,,,,1,57.8621,58.3615,,,,,,,,,,,images/purple_butterfly.png,images/white_butterfly.png,left_image, ,,,,,,56.9153,57.8619,[-0.20632077457653175],[0.005664859560180009],[1],[0],[0],[0.9455000000000027],"[""left_image""]",0,3,3,0,1,,,,,
,,,,,058858,001,2025-01-23_10h19.30.354,Simon,2024.2.4,Win32,59.17159763,,,,,,,,,,1,58.9112,59.4106,,,,,,,,,,,images/purple_butterfly.png,images/white_butterfly.png,left_image, ,,,,,,58.3633,58.911,[-0.20632077457653175],[0.005664859560180009],[1],[0],[0],[0.5471999999880808],"[""left_image""]",1,0,4,0,1,,,,,
,,,,,058858,001,2025-01-23_10h19.30.354,Simon,2024.2.4,Win32,59.17159763,,,,,,,,,,1,60.6932,61.1931,,,,,,,,,,,images/yellow_butterfly.png,images/white_butterfly.png,right_image, ,,,,,,59.4133,60.6929,[0.20155042399234124],[-0.0038760053876900715],[1],[0],[0],[1.2786999999880777],"[""right_image""]",1,1,5,2,1,,,,,
,,,,,058858,001,2025-01-23_10h19.30.354,Simon,2024.2.4,Win32,59.17159763,,,,,,,,,,1,62.0253,62.5245,,,,,,,,,,,images/white_butterfly.png,images/yellow_butterfly.png,right_image, ,,,,,,61.1959,62.0251,[0.20155042399234124],[-0.0038760053876900715],[1],[0],[0],[0.8276000000238497],"[""right_image""]",1,2,6,3,1,,,,,
,,,,,058858,001,2025-01-23_10h19.30.354,Simon,2024.2.4,Win32,59.17159763,,,,,,,,,,1,63.9071,64.4063,,,,,,,,,,,images/white_butterfly.png,images/purple_butterfly.png,left_image, ,,,,,,62.5262,63.907,[-0.15503868689903846],[0.04144303487323904],[1],[0],[0],[1.3796999999880768],"[""left_image""]",1,3,7,1,1,,,,,
,,,,,058858,001,2025-01-23_10h19.30.354,Simon,2024.2.4,Win32,59.17159763,,,,,,,,,,1,65.8387,66.3381,,,,,,,,,,,images/white_butterfly.png,images/purple_butterfly.png,left_image, ,,,,,,64.4092,65.8386,[-0.17412041679477863],[0.024746534862757154],[1],[0],[0],[1.429100000023837],"[""left_image""]",2,0,8,1,1,,,,,
,,,,,058858,001,2025-01-23_10h19.30.354,Simon,2024.2.4,Win32,59.17159763,,,,,,,,,,1,67.6705,68.1698,,,,,,,,,,,images/yellow_butterfly.png,images/white_butterfly.png,right_image, ,,,,,,66.3401,67.6704,[0.18962432915921287],[0.005664859560180009],[1],[0],[0],[1.329399999976161],"[""right_image""]",2,1,9,2,1,,,,,
,,,,,058858,001,2025-01-23_10h19.30.354,Simon,2024.2.4,Win32,59.17159763,,,,,,,,,,1,69.0696,69.5689,,,,,,,,,,,images/purple_butterfly.png,images/white_butterfly.png,left_image, ,,,,,,68.1721,69.0694,[-0.2039355992844365],[0.03786521734193314],[1],[0],[0],[0.8964000000357686],"[""left_image""]",2,2,10,0,1,,,,,
,,,,,058858,001,2025-01-23_10h19.30.354,Simon,2024.2.4,Win32,59.17159763,,,,,,,,,,1,70.6182,71.1176,,,,,,,,,,,images/white_butterfly.png,images/yellow_butterfly.png,right_image, ,,,,,,69.5709,70.6181,[0.21705433635677548],[-0.018187275512913686],[1],[0],[0],[1.0461000000238414],"[""right_image""]",2,3,11,3,1,,,,,
,,,,,058858,001,2025-01-23_10h19.30.354,Simon,2024.2.4,Win32,59.17159763,,,,,,,,,,1,72.1335,72.633,,,,,,,,,,,images/white_butterfly.png,images/purple_butterfly.png,left_image, ,,,,,,71.1194,72.1334,[-0.15742397137745975],[0.009242677091485912],[1],[0],[0],[1.0130999999642398],"[""left_image""]",3,0,12,1,1,,,,,
,,,,,058858,001,2025-01-23_10h19.30.354,Simon,2024.2.4,Win32,59.17159763,,,,,,,,,,1,73.8991,74.3982,,,,,,,,,,,images/white_butterfly.png,images/yellow_butterfly.png,right_image, ,,,,,,72.6346,73.8989,[0.2731067746184593],[0.010435264737533543],[1],[0],[0],[1.2630999999642398],"[""right_image""]",3,1,13,3,1,,,,,
,,,,,058858,001,2025-01-23_10h19.30.354,Simon,2024.2.4,Win32,59.17159763,,,,,,,,,,1,75.5308,76.0302,,,,,,,,,,,images/yellow_butterfly.png,images/white_butterfly.png,right_image, ,,,,,,74.4002,75.5307,[0.08109727016715117],[-0.005068593033737702],[1],[0],[0],[1.1293000000119235],"[""right_image""]",3,2,14,2,1,,,,,
,,,,,058858,001,2025-01-23_10h19.30.354,Simon,2024.2.4,Win32,59.17159763,,,,,,,,,,1,76.9629,77.4622,,,,,,,,,,,images/purple_butterfly.png,images/white_butterfly.png,left_image, ,,,,,,76.0323,76.9628,[-0.14311270125223613],[-0.00029818785638416817],[1],[0],[0],[0.9295000000000044],"[""left_image""]",3,3,15,0,1,,,,,
,,,,,058858,001,2025-01-23_10h19.30.354,Simon,2024.2.4,Win32,59.17159763,,,,,,,,,,1,78.6782,79.1776,,,,,,,,,,,images/white_butterfly.png,images/purple_butterfly.png,left_image, ,,,,,,77.4642,78.678,[-0.1979724972747093],[0.0259391771019678],[1],[0],[0],[1.2127999999523098],"[""left_image""]",4,0,16,1,1,,,,,
,,,,,058858,001,2025-01-23_10h19.30.354,Simon,2024.2.4,Win32,59.17159763,,,,,,,,,,1,80.1432,80.6429,,,,,,,,,,,images/white_butterfly.png,images/yellow_butterfly.png,right_image, ,,,,,,79.1802,80.1431,[0.1276088980741279],[0.0008944543828264759],[1],[0],[0],[0.9621000000238524],"[""right_image""]",4,1,17,3,1,,,,,
,,,,,058858,001,2025-01-23_10h19.30.354,Simon,2024.2.4,Win32,59.17159763,,,,,,,,,,1,81.5757,82.0752,,,,,,,,,,,images/purple_butterfly.png,images/white_butterfly.png,left_image, ,,,,,,80.6455,81.5755,[-0.2146690518783542],[0.009242677091485912],[1],[0],[0],[0.929100000023837],"[""left_image""]",4,2,18,0,1,,,,,
,,,,,058858,001,2025-01-23_10h19.30.354,Simon,2024.2.4,Win32,59.17159763,,,,,,,,,,1,83.0909,83.5906,,,,,,,,,,,images/yellow_butterfly.png,images/white_butterfly.png,right_image, ,,,,,,82.0778,83.0908,[0.14788316102275267],[-0.0026833631484794273],[1],[0],[0],[1.0125000000000028],"[""right_image""]",4,3,19,2,1,,,,,
,,,,,058858,001,2025-01-23_10h19.30.354,Simon,2024.2.4,Win32,59.17159763,,,,,,,,,,,,,,,,,,,,,,,,,,,,,,,,,,,,,,,,,,,,,,83.5914,86.1891,1,[86.18839999997616],[86.18839999997616]
