﻿instructions.started,instructions.stopped,start_button.numClicks,start_button.timesOn,start_button.timesOff,participant,session,date,expName,psychopyVersion,OS,frameRate,practice_trial.started,practice_trial.stopped,mouse_2.x,mouse_2.y,mouse_2.leftButton,mouse_2.midButton,mouse_2.rightButton,mouse_2.time,mouse_2.clicked_name,correct,feedback.started,feedback.stopped,loop_until_correct.thisRepN,loop_until_correct.thisTrialN,loop_until_correct.thisN,loop_until_correct.thisIndex,loop_until_correct.ran,prac_trials.thisRepN,prac_trials.thisTrialN,prac_trials.thisN,prac_trials.thisIndex,prac_trials.ran,left_color,right_color,correct_response,top_txt,instructions_2.started,instructions_2.stopped,start_button_2.numClicks,start_button_2.timesOn,start_button_2.timesOff,trial.started,trial.stopped,mouse.x,mouse.y,mouse.leftButton,mouse.midButton,mouse.rightButton,mouse.time,mouse.clicked_name,trials.thisRepN,trials.thisTrialN,trials.thisN,trials.thisIndex,trials.ran
0.0022,21.3344,1,[21.368899999998504],[21.368899999998504],059007,001,2026-01-27_10h25.06.478,Simon,2024.2.4,Win32,59.88023952,,,,,,,,,,,,,,,,,,,,,,,,,,,,,,,,,,,,,,,,,,,,,
,,,,,059007,001,2026-01-27_10h25.06.478,Simon,2024.2.4,Win32,59.88023952,21.3757,23.3334,[0.20880913539967375],[0.00897226753670473],[1],[0],[0],[1.9511999999955165],"[""right_image_2"",""right_image_2""]",0,23.3351,23.8324,0,0,0,0,1,,,,,,,,,,,,,,,,,,,,,,,,,,,,
,,,,,059007,001,2026-01-27_10h25.06.478,Simon,2024.2.4,Win32,59.88023952,23.8343,27.2329,[0.2267536704730832],[-0.0367047308319739],[1],[0],[0],[3.3966999999955334],"[""right_image_2"",""right_image_2""]",0,27.2334,27.7314,1,0,1,0,1,,,,,,,,,,,,,,,,,,,,,,,,,,,,
,,,,,059007,001,2026-01-27_10h25.06.478,Simon,2024.2.4,Win32,59.88023952,27.7332,30.715,[-0.13376835236541598],[0.0464926590538336],[1],[0],[0],[2.9806000000014876],"[""left_image_2"",""left_image_2""]",1,30.7183,31.2147,2,0,2,0,1,,,,,,,,,,,,,,,,,,,,,,,,,,,,
,,,,,059007,001,2026-01-27_10h25.06.478,Simon,2024.2.4,Win32,59.88023952,,,,,,,,,,,,,,,,,,0,0,0,0,1,images/purple_butterfly.png,images/white_butterfly.png,left_image_2,"In this example, select the LEFT butterfly.",,,,,,,,,,,,,,,,,,,
,,,,,059007,001,2026-01-27_10h25.06.478,Simon,2024.2.4,Win32,59.88023952,31.2187,33.2321,[-0.19412724306688417],[-0.00734094616639478],[1],[0],[0],[2.0105999999940423],"[""left_image_2"",""left_image_2""]",1,33.2329,33.7308,0,0,0,0,1,,,,,,,,,,,,,,,,,,,,,,,,,,,,
,,,,,059007,001,2026-01-27_10h25.06.478,Simon,2024.2.4,Win32,59.88023952,,,,,,,,,,,,,,,,,,0,1,1,1,1,images/white_butterfly.png,images/purple_butterfly.png,left_image_2,"In this example, select the LEFT butterfly.",,,,,,,,,,,,,,,,,,,
,,,,,059007,001,2026-01-27_10h25.06.478,Simon,2024.2.4,Win32,59.88023952,33.7338,34.6652,[0.18107667210440456],[-0.05138662316476346],[1],[0],[0],[0.9281999999955275],"[""right_image_2"",""right_image_2""]",1,34.6658,35.1646,0,0,0,0,1,,,,,,,,,,,,,,,,,,,,,,,,,,,,
,,,,,059007,001,2026-01-27_10h25.06.478,Simon,2024.2.4,Win32,59.88023952,,,,,,,,,,,,,,,,,,0,2,2,2,1,images/yellow_butterfly.png,images/white_butterfly.png,right_image_2,"In this example, select the RIGHT butterfly.",,,,,,,,,,,,,,,,,,,
,,,,,059007,001,2026-01-27_10h25.06.478,Simon,2024.2.4,Win32,59.88023952,35.1681,35.8648,[-0.1500815660685155],[-0.015497553017944535],[1],[0],[0],[0.694500000000005],"[""left_image_2"",""left_image_2""]",0,35.8669,36.3662,0,0,0,0,1,,,,,,,,,,,,,,,,,,,,,,,,,,,,
,,,,,059007,001,2026-01-27_10h25.06.478,Simon,2024.2.4,Win32,59.88023952,36.3682,37.3141,[-0.11256117455138662],[-0.020391517128874388],[1],[0],[0],[0.9447999999970165],"[""left_image_2"",""left_image_2""]",0,37.3147,37.8144,1,0,1,0,1,,,,,,,,,,,,,,,,,,,,,,,,,,,,
,,,,,059007,001,2026-01-27_10h25.06.478,Simon,2024.2.4,Win32,59.88023952,37.8162,39.8809,[0.11256117455138662],[0.033442088091353996],[1],[0],[0],[2.063299999997028],"[""right_image_2"",""right_image_2""]",1,39.8826,40.3809,2,0,2,0,1,,,,,,,,,,,,,,,,,,,,,,,,,,,,
,,,,,059007,001,2026-01-27_10h25.06.478,Simon,2024.2.4,Win32,59.88023952,,,,,,,,,,,,,,,,,,0,3,3,3,1,images/white_butterfly.png,images/yellow_butterfly.png,right_image_2,"In this example, select the RIGHT butterfly.",,,,,,,,,,,,,,,,,,,
,,,,,059007,001,2026-01-27_10h25.06.478,Simon,2024.2.4,Win32,59.88023952,,,,,,,,,,,,,,,,,,,,,,,,,,,40.3821,41.8813,1,[41.88809999999403],[41.88809999999403],,,,,,,,,,,,,,
,,,,,059007,001,2026-01-27_10h25.06.478,Simon,2024.2.4,Win32,59.88023952,,,,,,,,,,1,43.8814,44.3807,,,,,,,,,,,images/white_butterfly.png,images/yellow_butterfly.png,right_image, ,,,,,,41.899,43.8812,[0.16476345840130505],[-0.030179445350734094],[1],[0],[0],[1.980700000002983],"[""right_image""]",0,0,0,3,1
,,,,,059007,001,2026-01-27_10h25.06.478,Simon,2024.2.4,Win32,59.88023952,,,,,,,,,,1,45.814,46.314,,,,,,,,,,,images/white_butterfly.png,images/purple_butterfly.png,left_image, ,,,,,,44.3829,45.8139,[-0.14192495921696574],[0.0367047308319739],[1],[0],[0],[1.429799999997016],"[""left_image""]",0,1,1,1,1
,,,,,059007,001,2026-01-27_10h25.06.478,Simon,2024.2.4,Win32,59.88023952,,,,,,,,,,1,47.3806,47.8802,,,,,,,,,,,images/yellow_butterfly.png,images/white_butterfly.png,right_image, ,,,,,,46.3158,47.3805,[0.13866231647634583],[0.005709624796084829],[1],[0],[0],[1.0637000000029815],"[""right_image""]",0,2,2,2,1
,,,,,059007,001,2026-01-27_10h25.06.478,Simon,2024.2.4,Win32,59.88023952,,,,,,,,,,1,49.1138,49.6136,,,,,,,,,,,images/purple_butterfly.png,images/white_butterfly.png,left_image, ,,,,,,47.8818,49.1138,[-0.16965742251223492],[-0.012234910277324634],[1],[0],[0],[1.231199999995539],"[""left_image""]",0,3,3,0,1
,,,,,059007,001,2026-01-27_10h25.06.478,Simon,2024.2.4,Win32,59.88023952,,,,,,,,,,1,50.5301,51.0298,,,,,,,,,,,images/yellow_butterfly.png,images/white_butterfly.png,right_image, ,,,,,,49.6153,50.53,[0.15497553017944535],[-0.018760195758564437],[1],[0],[0],[0.9138999999985202],"[""right_image""]",1,0,4,2,1
,,,,,059007,001,2026-01-27_10h25.06.478,Simon,2024.2.4,Win32,59.88023952,,,,,,,,,,1,51.7966,52.2967,,,,,,,,,,,images/white_butterfly.png,images/purple_butterfly.png,left_image, ,,,,,,51.0314,51.7965,[-0.17455138662316477],[-0.02202283849918434],[1],[0],[0],[0.7638999999985145],"[""left_image""]",1,1,5,1,1
,,,,,059007,001,2026-01-27_10h25.06.478,Simon,2024.2.4,Win32,59.88023952,,,,,,,,,,1,53.4636,53.9636,,,,,,,,,,,images/purple_butterfly.png,images/white_butterfly.png,left_image, ,,,,,,52.2982,53.4636,[-0.200652528548124],[-0.02365415986949429],[1],[0],[0],[1.1645000000000039],"[""left_image""]",1,2,6,0,1
,,,,,059007,001,2026-01-27_10h25.06.478,Simon,2024.2.4,Win32,59.88023952,,,,,,,,,,1,54.9464,55.4467,,,,,,,,,,,images/white_butterfly.png,images/yellow_butterfly.png,right_image, ,,,,,,53.9657,54.9464,[0.16802610114192496],[-0.02528548123980424],[1],[0],[0],[0.9798999999985085],"[""right_image""]",1,3,7,3,1
,,,,,059007,001,2026-01-27_10h25.06.478,Simon,2024.2.4,Win32,59.88023952,,,,,,,,,,1,56.2297,56.7298,,,,,,,,,,,images/yellow_butterfly.png,images/white_butterfly.png,right_image, ,,,,,,55.4484,56.2296,[0.16802610114192496],[-0.02528548123980424],[1],[0],[0],[0.7804999999999893],"[""right_image""]",2,0,8,2,1
,,,,,059007,001,2026-01-27_10h25.06.478,Simon,2024.2.4,Win32,59.88023952,,,,,,,,,,1,58.0464,58.5459,,,,,,,,,,,images/white_butterfly.png,images/purple_butterfly.png,left_image, ,,,,,,56.7314,58.0463,[-0.11908646003262642],[-0.018760195758564437],[1],[0],[0],[1.3141999999955374],"[""left_image""]",2,1,9,1,1
,,,,,059007,001,2026-01-27_10h25.06.478,Simon,2024.2.4,Win32,59.88023952,,,,,,,,,,1,59.5473,60.0459,,,,,,,,,,,images/white_butterfly.png,images/yellow_butterfly.png,right_image, ,,,,,,58.5478,59.5471,[0.13866231647634583],[-0.028548123980424143],[1],[0],[0],[0.9986000000015025],"[""right_image""]",2,2,10,3,1
,,,,,059007,001,2026-01-27_10h25.06.478,Simon,2024.2.4,Win32,59.88023952,,,,,,,,,,1,61.0293,61.5294,,,,,,,,,,,images/purple_butterfly.png,images/white_butterfly.png,left_image, ,,,,,,60.0476,61.0292,[-0.2137030995106036],[0.030179445350734094],[1],[0],[0],[0.9806000000015018],"[""left_image""]",2,3,11,0,1
