﻿instructions.started,instructions.stopped,start_button.numClicks,start_button.timesOn,start_button.timesOff,participant,session,date,expName,psychopyVersion,OS,frameRate,practice_trial.started,practice_trial.stopped,mouse_2.x,mouse_2.y,mouse_2.leftButton,mouse_2.midButton,mouse_2.rightButton,mouse_2.time,mouse_2.clicked_name,correct,feedback.started,feedback.stopped,loop_until_correct.thisRepN,loop_until_correct.thisTrialN,loop_until_correct.thisN,loop_until_correct.thisIndex,loop_until_correct.ran,prac_trials.thisRepN,prac_trials.thisTrialN,prac_trials.thisN,prac_trials.thisIndex,prac_trials.ran,left_color,right_color,correct_response,top_txt,instructions_2.started,instructions_2.stopped,start_button_2.numClicks,start_button_2.timesOn,start_button_2.timesOff,trial.started,trial.stopped,mouse.x,mouse.y,mouse.leftButton,mouse.midButton,mouse.rightButton,mouse.time,mouse.clicked_name,trials.thisRepN,trials.thisTrialN,trials.thisN,trials.thisIndex,trials.ran,end.started,end.stopped,start_button_3.numClicks,start_button_3.timesOn,start_button_3.timesOff
0.001,11.614,1,[11.652000000000001],[11.652000000000001],059373,001,2025-05-16_08h15.06.997,Simon,2024.2.4,MacIntel,58.82352941,,,,,,,,,,,,,,,,,,,,,,,,,,,,,,,,,,,,,,,,,,,,,,,,,,
,,,,,059373,001,2025-05-16_08h15.06.997,Simon,2024.2.4,MacIntel,58.82352941,11.638,15.807,[-0.281203007518797],[-0.05338345864661654],[1],[0],[0],[4.163000000000002],"[""left_image_2"",""left_image_2""]",1,15.807,16.303,0,0,0,0,1,,,,,,,,,,,,,,,,,,,,,,,,,,,,,,,,,
,,,,,059373,001,2025-05-16_08h15.06.997,Simon,2024.2.4,MacIntel,58.82352941,,,,,,,,,,,,,,,,,,0,0,0,0,1,images/purple_butterfly.png,images/white_butterfly.png,left_image_2,"In this example, select the LEFT butterfly.",,,,,,,,,,,,,,,,,,,,,,,,
,,,,,059373,001,2025-05-16_08h15.06.997,Simon,2024.2.4,MacIntel,58.82352941,16.307,17.661,[-0.27518796992481204],[-0.04285714285714286],[1],[0],[0],[1.3499999999999979],"[""left_image_2"",""left_image_2""]",1,17.661,18.15,0,0,0,0,1,,,,,,,,,,,,,,,,,,,,,,,,,,,,,,,,,
,,,,,059373,001,2025-05-16_08h15.06.997,Simon,2024.2.4,MacIntel,58.82352941,,,,,,,,,,,,,,,,,,0,1,1,1,1,images/white_butterfly.png,images/purple_butterfly.png,left_image_2,"In this example, select the LEFT butterfly.",,,,,,,,,,,,,,,,,,,,,,,,
,,,,,059373,001,2025-05-16_08h15.06.997,Simon,2024.2.4,MacIntel,58.82352941,18.155,18.984,[0.22706766917293233],[-0.06390977443609022],[1],[0],[0],[0.8269999999999982],"[""right_image_2"",""right_image_2""]",1,18.984,19.476,0,0,0,0,1,,,,,,,,,,,,,,,,,,,,,,,,,,,,,,,,,
,,,,,059373,001,2025-05-16_08h15.06.997,Simon,2024.2.4,MacIntel,58.82352941,,,,,,,,,,,,,,,,,,0,2,2,2,1,images/yellow_butterfly.png,images/white_butterfly.png,right_image_2,"In this example, select the RIGHT butterfly.",,,,,,,,,,,,,,,,,,,,,,,,
,,,,,059373,001,2025-05-16_08h15.06.997,Simon,2024.2.4,MacIntel,58.82352941,19.482,20.34,[0.24962406015037594],[-0.07894736842105263],[1],[0],[0],[0.8530000000000015],"[""right_image_2"",""right_image_2""]",1,20.34,20.829,0,0,0,0,1,,,,,,,,,,,,,,,,,,,,,,,,,,,,,,,,,
,,,,,059373,001,2025-05-16_08h15.06.997,Simon,2024.2.4,MacIntel,58.82352941,,,,,,,,,,,,,,,,,,0,3,3,3,1,images/white_butterfly.png,images/yellow_butterfly.png,right_image_2,"In this example, select the RIGHT butterfly.",,,,,,,,,,,,,,,,,,,,,,,,
,,,,,059373,001,2025-05-16_08h15.06.997,Simon,2024.2.4,MacIntel,58.82352941,,,,,,,,,,,,,,,,,,,,,,,,,,,20.831,23.378,1,[23.384000000000004],[23.384000000000004],,,,,,,,,,,,,,,,,,,
,,,,,059373,001,2025-05-16_08h15.06.997,Simon,2024.2.4,MacIntel,58.82352941,,,,,,,,,,1,24.543,25.034,,,,,,,,,,,images/white_butterfly.png,images/yellow_butterfly.png,right_image, ,,,,,,23.393,24.543,[0.2556390977443609],[0.005263157894736842],[1],[0],[0],[1.1479999999999997],"[""right_image""]",0,0,0,3,1,,,,,
,,,,,059373,001,2025-05-16_08h15.06.997,Simon,2024.2.4,MacIntel,58.82352941,,,,,,,,,,1,25.783,26.283,,,,,,,,,,,images/purple_butterfly.png,images/white_butterfly.png,left_image, ,,,,,,25.036,25.783,[-0.23458646616541354],[-0.012781954887218045],[1],[0],[0],[0.7430000000000021],"[""left_image""]",0,1,1,0,1,,,,,
,,,,,059373,001,2025-05-16_08h15.06.997,Simon,2024.2.4,MacIntel,58.82352941,,,,,,,,,,1,26.971,27.467,,,,,,,,,,,images/yellow_butterfly.png,images/white_butterfly.png,right_image, ,,,,,,26.283,26.971,[0.25263157894736843],[-0.030827067669172932],[1],[0],[0],[0.6870000000000012],"[""right_image""]",0,2,2,2,1,,,,,
,,,,,059373,001,2025-05-16_08h15.06.997,Simon,2024.2.4,MacIntel,58.82352941,,,,,,,,,,1,28.169,28.667,,,,,,,,,,,images/white_butterfly.png,images/purple_butterfly.png,left_image, ,,,,,,27.469,28.169,[-0.2511278195488722],[-0.08045112781954887],[1],[0],[0],[0.6979999999999968],"[""left_image""]",0,3,3,1,1,,,,,
,,,,,059373,001,2025-05-16_08h15.06.997,Simon,2024.2.4,MacIntel,58.82352941,,,,,,,,,,1,29.185,29.684,,,,,,,,,,,images/white_butterfly.png,images/purple_butterfly.png,left_image, ,,,,,,28.668,29.185,[-0.3097744360902256],[-0.059398496240601506],[1],[0],[0],[0.517000000000003],"[""left_image""]",1,0,4,1,1,,,,,
,,,,,059373,001,2025-05-16_08h15.06.997,Simon,2024.2.4,MacIntel,58.82352941,,,,,,,,,,1,30.368,30.867,,,,,,,,,,,images/purple_butterfly.png,images/white_butterfly.png,left_image, ,,,,,,29.686,30.368,[-0.29473684210526313],[-0.07142857142857142],[1],[0],[0],[0.6810000000000045],"[""left_image""]",1,1,5,0,1,,,,,
,,,,,059373,001,2025-05-16_08h15.06.997,Simon,2024.2.4,MacIntel,58.82352941,,,,,,,,,,1,31.427,31.92,,,,,,,,,,,images/yellow_butterfly.png,images/white_butterfly.png,right_image, ,,,,,,30.868,31.427,[0.25263157894736843],[-0.06541353383458647],[1],[0],[0],[0.5579999999999998],"[""right_image""]",1,2,6,2,1,,,,,
,,,,,059373,001,2025-05-16_08h15.06.997,Simon,2024.2.4,MacIntel,58.82352941,,,,,,,,,,1,32.627,33.126,,,,,,,,,,,images/white_butterfly.png,images/yellow_butterfly.png,right_image, ,,,,,,31.922,32.627,[0.2887218045112782],[-0.0774436090225564],[1],[0],[0],[0.7029999999999959],"[""right_image""]",1,3,7,3,1,,,,,
,,,,,059373,001,2025-05-16_08h15.06.997,Simon,2024.2.4,MacIntel,58.82352941,,,,,,,,,,1,33.653,34.145,,,,,,,,,,,images/white_butterfly.png,images/purple_butterfly.png,left_image, ,,,,,,33.128,33.653,[-0.24210526315789474],[-0.07142857142857142],[1],[0],[0],[0.5240000000000009],"[""left_image""]",2,0,8,1,1,,,,,
,,,,,059373,001,2025-05-16_08h15.06.997,Simon,2024.2.4,MacIntel,58.82352941,,,,,,,,,,1,34.873,35.375,,,,,,,,,,,images/purple_butterfly.png,images/white_butterfly.png,left_image, ,,,,,,34.147,34.873,[-0.2887218045112782],[-0.06992481203007518],[1],[0],[0],[0.7249999999999943],"[""left_image""]",2,1,9,0,1,,,,,
,,,,,059373,001,2025-05-16_08h15.06.997,Simon,2024.2.4,MacIntel,58.82352941,,,,,,,,,,1,35.94,36.434,,,,,,,,,,,images/yellow_butterfly.png,images/white_butterfly.png,right_image, ,,,,,,35.377,35.94,[0.2932330827067669],[-0.06090225563909774],[1],[0],[0],[0.5619999999999976],"[""right_image""]",2,2,10,2,1,,,,,
,,,,,059373,001,2025-05-16_08h15.06.997,Simon,2024.2.4,MacIntel,58.82352941,,,,,,,,,,1,36.946,37.44,,,,,,,,,,,images/white_butterfly.png,images/yellow_butterfly.png,right_image, ,,,,,,36.435,36.945,[0.26917293233082706],[-0.09398496240601503],[1],[0],[0],[0.5090000000000003],"[""right_image""]",2,3,11,3,1,,,,,
,,,,,059373,001,2025-05-16_08h15.06.997,Simon,2024.2.4,MacIntel,58.82352941,,,,,,,,,,1,37.981,38.484,,,,,,,,,,,images/white_butterfly.png,images/yellow_butterfly.png,right_image, ,,,,,,37.441,37.981,[0.2992481203007519],[-0.0924812030075188],[1],[0],[0],[0.5399999999999991],"[""right_image""]",3,0,12,3,1,,,,,
,,,,,059373,001,2025-05-16_08h15.06.997,Simon,2024.2.4,MacIntel,58.82352941,,,,,,,,,,1,39.111,39.608,,,,,,,,,,,images/yellow_butterfly.png,images/white_butterfly.png,right_image, ,,,,,,38.485,39.111,[0.2736842105263158],[-0.0849624060150376],[1],[0],[0],[0.625],"[""right_image""]",3,1,13,2,1,,,,,
,,,,,059373,001,2025-05-16_08h15.06.997,Simon,2024.2.4,MacIntel,58.82352941,,,,,,,,,,1,40.144,40.638,,,,,,,,,,,images/white_butterfly.png,images/purple_butterfly.png,left_image, ,,,,,,39.609,40.144,[-0.2706766917293233],[-0.09097744360902256],[1],[0],[0],[0.5330000000000013],"[""left_image""]",3,2,14,1,1,,,,,
,,,,,059373,001,2025-05-16_08h15.06.997,Simon,2024.2.4,MacIntel,58.82352941,,,,,,,,,,1,41.144,41.64,,,,,,,,,,,images/purple_butterfly.png,images/white_butterfly.png,left_image, ,,,,,,40.639,41.144,[-0.3007518796992481],[-0.0849624060150376],[1],[0],[0],[0.5039999999999978],"[""left_image""]",3,3,15,0,1,,,,,
,,,,,059373,001,2025-05-16_08h15.06.997,Simon,2024.2.4,MacIntel,58.82352941,,,,,,,,,,1,42.2,42.701,,,,,,,,,,,images/white_butterfly.png,images/yellow_butterfly.png,right_image, ,,,,,,41.641,42.2,[0.27669172932330827],[-0.08947368421052632],[1],[0],[0],[0.556999999999995],"[""right_image""]",4,0,16,3,1,,,,,
,,,,,059373,001,2025-05-16_08h15.06.997,Simon,2024.2.4,MacIntel,58.82352941,,,,,,,,,,1,43.277,43.768,,,,,,,,,,,images/white_butterfly.png,images/purple_butterfly.png,left_image, ,,,,,,42.703,43.277,[-0.2781954887218045],[-0.08195488721804511],[1],[0],[0],[0.5690000000000026],"[""left_image""]",4,1,17,1,1,,,,,
,,,,,059373,001,2025-05-16_08h15.06.997,Simon,2024.2.4,MacIntel,58.82352941,,,,,,,,,,1,44.427,44.922,,,,,,,,,,,images/yellow_butterfly.png,images/white_butterfly.png,right_image, ,,,,,,43.769,44.427,[0.3007518796992481],[-0.08045112781954887],[1],[0],[0],[0.6569999999999965],"[""right_image""]",4,2,18,2,1,,,,,
,,,,,059373,001,2025-05-16_08h15.06.997,Simon,2024.2.4,MacIntel,58.82352941,,,,,,,,,,1,45.527,46.024,,,,,,,,,,,images/purple_butterfly.png,images/white_butterfly.png,left_image, ,,,,,,44.923,45.526,[-0.3157894736842105],[-0.07593984962406015],[1],[0],[0],[0.6020000000000039],"[""left_image""]",4,3,19,0,1,,,,,
,,,,,059373,001,2025-05-16_08h15.06.997,Simon,2024.2.4,MacIntel,58.82352941,,,,,,,,,,,,,,,,,,,,,,,,,,,,,,,,,,,,,,,,,,,,,,46.029,72.461,1,[72.46],[72.46]
