﻿instructions.started,instructions.stopped,start_button.numClicks,start_button.timesOn,start_button.timesOff,participant,session,date,expName,psychopyVersion,OS,frameRate,practice_trial.started,practice_trial.stopped,mouse_2.x,mouse_2.y,mouse_2.leftButton,mouse_2.midButton,mouse_2.rightButton,mouse_2.time,mouse_2.clicked_name,correct,feedback.started,feedback.stopped,loop_until_correct.thisRepN,loop_until_correct.thisTrialN,loop_until_correct.thisN,loop_until_correct.thisIndex,loop_until_correct.ran,prac_trials.thisRepN,prac_trials.thisTrialN,prac_trials.thisN,prac_trials.thisIndex,prac_trials.ran,left_color,right_color,correct_response,top_txt,instructions_2.started,instructions_2.stopped,start_button_2.numClicks,start_button_2.timesOn,start_button_2.timesOff,trial.started,trial.stopped,mouse.x,mouse.y,mouse.leftButton,mouse.midButton,mouse.rightButton,mouse.time,mouse.clicked_name,trials.thisRepN,trials.thisTrialN,trials.thisN,trials.thisIndex,trials.ran,end.started,end.stopped,start_button_3.numClicks,start_button_3.timesOn,start_button_3.timesOff
0.0003,10.9945,1,[11.02720000000298],[11.02720000000298],060291,001,2025-09-26_13h22.32.925,Simon,2024.2.4,MacIntel,63.29113924,,,,,,,,,,,,,,,,,,,,,,,,,,,,,,,,,,,,,,,,,,,,,,,,,,
,,,,,060291,001,2025-09-26_13h22.32.925,Simon,2024.2.4,MacIntel,63.29113924,11.0151,14.5612,[-0.23655708460754332],[-0.011471871814475025],[1],[0],[0],[3.5439000000059604],"[""left_image_2"",""left_image_2""]",1,14.5621,15.0609,0,0,0,0,1,,,,,,,,,,,,,,,,,,,,,,,,,,,,,,,,,
,,,,,060291,001,2025-09-26_13h22.32.925,Simon,2024.2.4,MacIntel,63.29113924,,,,,,,,,,,,,,,,,,0,0,0,0,1,images/purple_butterfly.png,images/white_butterfly.png,left_image_2,"In this example, select the LEFT butterfly.",,,,,,,,,,,,,,,,,,,,,,,,
,,,,,060291,001,2025-09-26_13h22.32.925,Simon,2024.2.4,MacIntel,63.29113924,15.0634,17.645,[-0.14722301860346584],[0.027383569062181447],[1],[0],[0],[2.579299999997019],"[""left_image_2"",""left_image_2""]",1,17.6452,18.1449,0,0,0,0,1,,,,,,,,,,,,,,,,,,,,,,,,,,,,,,,,,
,,,,,060291,001,2025-09-26_13h22.32.925,Simon,2024.2.4,MacIntel,63.29113924,,,,,,,,,,,,,,,,,,0,1,1,1,1,images/white_butterfly.png,images/purple_butterfly.png,left_image_2,"In this example, select the LEFT butterfly.",,,,,,,,,,,,,,,,,,,,,,,,
,,,,,060291,001,2025-09-26_13h22.32.925,Simon,2024.2.4,MacIntel,63.29113924,18.147,19.6616,[0.1625573394495413],[-0.019268444189602447],[1],[0],[0],[1.5131000000089436],"[""right_image_2"",""right_image_2""]",1,19.6618,20.1614,0,0,0,0,1,,,,,,,,,,,,,,,,,,,,,,,,,,,,,,,,,
,,,,,060291,001,2025-09-26_13h22.32.925,Simon,2024.2.4,MacIntel,63.29113924,,,,,,,,,,,,,,,,,,0,2,2,2,1,images/yellow_butterfly.png,images/white_butterfly.png,right_image_2,"In this example, select the RIGHT butterfly.",,,,,,,,,,,,,,,,,,,,,,,,
,,,,,060291,001,2025-09-26_13h22.32.925,Simon,2024.2.4,MacIntel,63.29113924,20.1636,21.5948,[0.1342619138634047],[-0.028279497961264017],[1],[0],[0],[1.4299999999999997],"[""right_image_2"",""right_image_2""]",1,21.595,22.0947,0,0,0,0,1,,,,,,,,,,,,,,,,,,,,,,,,,,,,,,,,,
,,,,,060291,001,2025-09-26_13h22.32.925,Simon,2024.2.4,MacIntel,63.29113924,,,,,,,,,,,,,,,,,,0,3,3,3,1,images/white_butterfly.png,images/yellow_butterfly.png,right_image_2,"In this example, select the RIGHT butterfly.",,,,,,,,,,,,,,,,,,,,,,,,
,,,,,060291,001,2025-09-26_13h22.32.925,Simon,2024.2.4,MacIntel,63.29113924,,,,,,,,,,,,,,,,,,,,,,,,,,,22.0955,23.7619,1,[23.76239999999106],[23.76239999999106],,,,,,,,,,,,,,,,,,,
,,,,,060291,001,2025-09-26_13h22.32.925,Simon,2024.2.4,MacIntel,63.29113924,,,,,,,,,,1,26.0954,26.595,,,,,,,,,,,images/yellow_butterfly.png,images/white_butterfly.png,right_image, ,,,,,,23.7718,26.0952,[0.12805014016309887],[-0.03310158639143731],[1],[0],[0],[2.3223999999910596],"[""right_image""]",0,0,0,2,1,,,,,
,,,,,060291,001,2025-09-26_13h22.32.925,Simon,2024.2.4,MacIntel,63.29113924,,,,,,,,,,1,28.145,28.6447,,,,,,,,,,,images/purple_butterfly.png,images/white_butterfly.png,left_image, ,,,,,,26.5964,28.1449,[-0.2763562372579001],[-0.04869473114169215],[1],[0],[0],[1.5478000000119145],"[""left_image""]",0,1,1,0,1,,,,,
,,,,,060291,001,2025-09-26_13h22.32.925,Simon,2024.2.4,MacIntel,63.29113924,,,,,,,,,,1,29.8775,30.3781,,,,,,,,,,,images/white_butterfly.png,images/yellow_butterfly.png,right_image, ,,,,,,28.6456,29.8774,[0.1277315876656473],[-0.005287971457696228],[1],[0],[0],[1.2311999999880783],"[""right_image""]",0,2,2,3,1,,,,,
,,,,,060291,001,2025-09-26_13h22.32.925,Simon,2024.2.4,MacIntel,63.29113924,,,,,,,,,,1,31.8116,32.3114,,,,,,,,,,,images/white_butterfly.png,images/purple_butterfly.png,left_image, ,,,,,,30.3793,31.8115,[-0.14529179408766565],[-0.03468638506625892],[1],[0],[0],[1.4314999999999998],"[""left_image""]",0,3,3,1,1,,,,,
,,,,,060291,001,2025-09-26_13h22.32.925,Simon,2024.2.4,MacIntel,63.29113924,,,,,,,,,,1,33.1282,33.6281,,,,,,,,,,,images/white_butterfly.png,images/purple_butterfly.png,left_image, ,,,,,,32.3126,33.1281,[-0.14387025356778796],[-0.03391787716615698],[1],[0],[0],[0.8153999999910582],"[""left_image""]",1,0,4,1,1,,,,,
,,,,,060291,001,2025-09-26_13h22.32.925,Simon,2024.2.4,MacIntel,63.29113924,,,,,,,,,,1,34.6616,35.1616,,,,,,,,,,,images/purple_butterfly.png,images/white_butterfly.png,left_image, ,,,,,,33.6292,34.6614,[-0.14449143093781855],[-0.03391787716615698],[1],[0],[0],[1.031599999994036],"[""left_image""]",1,1,5,0,1,,,,,
,,,,,060291,001,2025-09-26_13h22.32.925,Simon,2024.2.4,MacIntel,63.29113924,,,,,,,,,,1,36.1783,36.6781,,,,,,,,,,,images/white_butterfly.png,images/yellow_butterfly.png,right_image, ,,,,,,35.1626,36.1781,[0.17192278287461774],[-0.00852526121304791],[1],[0],[0],[1.0148999999910586],"[""right_image""]",1,2,6,3,1,,,,,
,,,,,060291,001,2025-09-26_13h22.32.925,Simon,2024.2.4,MacIntel,63.29113924,,,,,,,,,,1,37.5615,38.0614,,,,,,,,,,,images/yellow_butterfly.png,images/white_butterfly.png,right_image, ,,,,,,36.6791,37.5614,[0.17120603975535167],[-0.00876019367991845],[1],[0],[0],[0.8817999999970212],"[""right_image""]",1,3,7,2,1,,,,,
,,,,,060291,001,2025-09-26_13h22.32.925,Simon,2024.2.4,MacIntel,63.29113924,,,,,,,,,,1,38.9112,39.4114,,,,,,,,,,,images/white_butterfly.png,images/yellow_butterfly.png,right_image, ,,,,,,38.0625,38.9112,[0.17073219291539246],[-0.00876019367991845],[1],[0],[0],[0.8482000000029828],"[""right_image""]",2,0,8,3,1,,,,,
,,,,,060291,001,2025-09-26_13h22.32.925,Simon,2024.2.4,MacIntel,63.29113924,,,,,,,,,,1,40.3281,40.8284,,,,,,,,,,,images/white_butterfly.png,images/purple_butterfly.png,left_image, ,,,,,,39.4125,40.3281,[-0.16149018858307848],[-0.025002389143730888],[1],[0],[0],[0.915099999994041],"[""left_image""]",2,1,9,1,1,,,,,
,,,,,060291,001,2025-09-26_13h22.32.925,Simon,2024.2.4,MacIntel,63.29113924,,,,,,,,,,1,41.6282,42.1281,,,,,,,,,,,images/purple_butterfly.png,images/white_butterfly.png,left_image, ,,,,,,40.8294,41.628,[-0.1583604102956167],[-0.023501210499490315],[1],[0],[0],[0.7980999999940366],"[""left_image""]",2,2,10,0,1,,,,,
,,,,,060291,001,2025-09-26_13h22.32.925,Simon,2024.2.4,MacIntel,63.29113924,,,,,,,,,,1,43.0949,43.5946,,,,,,,,,,,images/yellow_butterfly.png,images/white_butterfly.png,right_image, ,,,,,,42.1291,43.0949,[0.15967045744138633],[-0.003567787971457696],[1],[0],[0],[0.9653999999910567],"[""right_image""]",2,3,11,2,1,,,,,
,,,,,060291,001,2025-09-26_13h22.32.925,Simon,2024.2.4,MacIntel,63.29113924,,,,,,,,,,1,44.7448,45.2449,,,,,,,,,,,images/white_butterfly.png,images/purple_butterfly.png,left_image, ,,,,,,43.5956,44.7448,[-0.1326253504077472],[-0.04014159658511723],[1],[0],[0],[1.1487000000029823],"[""left_image""]",3,0,12,1,1,,,,,
,,,,,060291,001,2025-09-26_13h22.32.925,Simon,2024.2.4,MacIntel,63.29113924,,,,,,,,,,1,46.1282,46.6281,,,,,,,,,,,images/purple_butterfly.png,images/white_butterfly.png,left_image, ,,,,,,45.2457,46.1281,[-0.122001624617737],[-0.03872005606523955],[1],[0],[0],[0.8817999999970141],"[""left_image""]",3,1,13,0,1,,,,,
,,,,,060291,001,2025-09-26_13h22.32.925,Simon,2024.2.4,MacIntel,63.29113924,,,,,,,,,,1,47.6615,48.1614,,,,,,,,,,,images/white_butterfly.png,images/yellow_butterfly.png,right_image, ,,,,,,46.6293,47.6615,[0.12298515545361875],[0.0024966551987767585],[1],[0],[0],[1.031499999999994],"[""right_image""]",3,2,14,3,1,,,,,
,,,,,060291,001,2025-09-26_13h22.32.925,Simon,2024.2.4,MacIntel,63.29113924,,,,,,,,,,1,48.9949,49.4948,,,,,,,,,,,images/yellow_butterfly.png,images/white_butterfly.png,right_image, ,,,,,,48.1625,48.9947,[0.14940510321100917],[-0.00079638124362895],[1],[0],[0],[0.8317000000029822],"[""right_image""]",3,3,15,2,1,,,,,
,,,,,060291,001,2025-09-26_13h22.32.925,Simon,2024.2.4,MacIntel,63.29113924,,,,,,,,,,1,50.2782,50.7773,,,,,,,,,,,images/white_butterfly.png,images/purple_butterfly.png,left_image, ,,,,,,49.496,50.2781,[-0.16068584352701326],[-0.0513148254332314],[1],[0],[0],[0.7815000000000012],"[""left_image""]",4,0,16,1,1,,,,,
,,,,,060291,001,2025-09-26_13h22.32.925,Simon,2024.2.4,MacIntel,63.29113924,,,,,,,,,,1,51.5281,52.0281,,,,,,,,,,,images/purple_butterfly.png,images/white_butterfly.png,left_image, ,,,,,,50.7782,51.5281,[-0.1540878249235474],[-0.04978577344546381],[1],[0],[0],[0.7493999999910628],"[""left_image""]",4,1,17,0,1,,,,,
,,,,,060291,001,2025-09-26_13h22.32.925,Simon,2024.2.4,MacIntel,63.29113924,,,,,,,,,,1,52.8782,53.3784,,,,,,,,,,,images/white_butterfly.png,images/yellow_butterfly.png,right_image, ,,,,,,52.029,52.8781,[0.19199955402650357],[-0.006171954638124363],[1],[0],[0],[0.8485999999940361],"[""right_image""]",4,2,18,3,1,,,,,
,,,,,060291,001,2025-09-26_13h22.32.925,Simon,2024.2.4,MacIntel,63.29113924,,,,,,,,,,1,54.3449,54.8444,,,,,,,,,,,images/yellow_butterfly.png,images/white_butterfly.png,right_image, ,,,,,,53.3793,54.3448,[0.13650770897043832],[-0.026913704128440366],[1],[0],[0],[0.9650999999940382],"[""right_image""]",4,3,19,2,1,,,,,
,,,,,060291,001,2025-09-26_13h22.32.925,Simon,2024.2.4,MacIntel,63.29113924,,,,,,,,,,,,,,,,,,,,,,,,,,,,,,,,,,,,,,,,,,,,,,54.8449,56.2618,1,[56.261400000005956],[56.261400000005956]
