﻿instructions.started,instructions.stopped,start_button.numClicks,start_button.timesOn,start_button.timesOff,participant,session,date,expName,psychopyVersion,OS,frameRate,practice_trial.started,practice_trial.stopped,mouse_2.x,mouse_2.y,mouse_2.leftButton,mouse_2.midButton,mouse_2.rightButton,mouse_2.time,mouse_2.clicked_name,correct,feedback.started,feedback.stopped,loop_until_correct.thisRepN,loop_until_correct.thisTrialN,loop_until_correct.thisN,loop_until_correct.thisIndex,loop_until_correct.ran,prac_trials.thisRepN,prac_trials.thisTrialN,prac_trials.thisN,prac_trials.thisIndex,prac_trials.ran,left_color,right_color,correct_response,top_txt,instructions_2.started,instructions_2.stopped,start_button_2.numClicks,start_button_2.timesOn,start_button_2.timesOff,trial.started,trial.stopped,mouse.x,mouse.y,mouse.leftButton,mouse.midButton,mouse.rightButton,mouse.time,mouse.clicked_name,trials.thisRepN,trials.thisTrialN,trials.thisN,trials.thisIndex,trials.ran,end.started,end.stopped,start_button_3.numClicks,start_button_3.timesOn,start_button_3.timesOff
0.0002,0.9277,1,[0.9357999999998134],[0.9357999999998134],060521,001,2025-10-18_14h15.41.104,Simon,2024.2.4,Win32,32.05128205,,,,,,,,,,,,,,,,,,,,,,,,,,,,,,,,,,,,,,,,,,,,,,,,,,
,,,,,060521,001,2025-10-18_14h15.41.104,Simon,2024.2.4,Win32,32.05128205,0.9383,1.8741,[-0.13544973544973546],[-0.05026455026455026],[1],[0],[0],[0.9336999999997202],"[""left_image_2"",""left_image_2""]",1,1.8743,2.3743,0,0,0,0,1,,,,,,,,,,,,,,,,,,,,,,,,,,,,,,,,,
,,,,,060521,001,2025-10-18_14h15.41.104,Simon,2024.2.4,Win32,32.05128205,,,,,,,,,,,,,,,,,,0,0,0,0,1,images/purple_butterfly.png,images/white_butterfly.png,left_image_2,"In this example, select the LEFT butterfly.",,,,,,,,,,,,,,,,,,,,,,,,
,,,,,060521,001,2025-10-18_14h15.41.104,Simon,2024.2.4,Win32,32.05128205,2.3759,2.9358,[-0.13544973544973546],[-0.05026455026455026],[1],[0],[0],[0.5588000000002795],"[""left_image_2"",""left_image_2""]",1,2.9359,3.431,0,0,0,0,1,,,,,,,,,,,,,,,,,,,,,,,,,,,,,,,,,
,,,,,060521,001,2025-10-18_14h15.41.104,Simon,2024.2.4,Win32,32.05128205,,,,,,,,,,,,,,,,,,0,1,1,1,1,images/white_butterfly.png,images/purple_butterfly.png,left_image_2,"In this example, select the LEFT butterfly.",,,,,,,,,,,,,,,,,,,,,,,,
,,,,,060521,001,2025-10-18_14h15.41.104,Simon,2024.2.4,Win32,32.05128205,3.4318,4.3044,[0.08783068783068783],[-0.03439153439153439],[1],[0],[0],[0.8719000000003723],"[""right_image_2"",""right_image_2""]",1,4.3045,4.7863,0,0,0,0,1,,,,,,,,,,,,,,,,,,,,,,,,,,,,,,,,,
,,,,,060521,001,2025-10-18_14h15.41.104,Simon,2024.2.4,Win32,32.05128205,,,,,,,,,,,,,,,,,,0,2,2,2,1,images/yellow_butterfly.png,images/white_butterfly.png,right_image_2,"In this example, select the RIGHT butterfly.",,,,,,,,,,,,,,,,,,,,,,,,
,,,,,060521,001,2025-10-18_14h15.41.104,Simon,2024.2.4,Win32,32.05128205,4.7872,5.5626,[0.09206349206349207],[-0.003703703703703704],[1],[0],[0],[0.7746999999997213],"[""right_image_2"",""right_image_2""]",1,5.5627,6.0699,0,0,0,0,1,,,,,,,,,,,,,,,,,,,,,,,,,,,,,,,,,
,,,,,060521,001,2025-10-18_14h15.41.104,Simon,2024.2.4,Win32,32.05128205,,,,,,,,,,,,,,,,,,0,3,3,3,1,images/white_butterfly.png,images/yellow_butterfly.png,right_image_2,"In this example, select the RIGHT butterfly.",,,,,,,,,,,,,,,,,,,,,,,,
,,,,,060521,001,2025-10-18_14h15.41.104,Simon,2024.2.4,Win32,32.05128205,,,,,,,,,,,,,,,,,,,,,,,,,,,6.0701,8.0181,1,[8.020799999999815],[8.020799999999815],,,,,,,,,,,,,,,,,,,
,,,,,060521,001,2025-10-18_14h15.41.104,Simon,2024.2.4,Win32,32.05128205,,,,,,,,,,1,8.8139,9.3195,,,,,,,,,,,images/purple_butterfly.png,images/white_butterfly.png,left_image, ,,,,,,8.0241,8.8139,[-0.20317460317460317],[-0.04285714285714286],[1],[0],[0],[0.7895000000000003],"[""left_image""]",0,0,0,0,1,,,,,
,,,,,060521,001,2025-10-18_14h15.41.104,Simon,2024.2.4,Win32,32.05128205,,,,,,,,,,1,9.8738,10.3717,,,,,,,,,,,images/white_butterfly.png,images/yellow_butterfly.png,right_image, ,,,,,,9.32,9.8738,[0.1693121693121693],[-0.021693121693121695],[1],[0],[0],[0.5536000000000936],"[""right_image""]",0,1,1,3,1,,,,,
,,,,,060521,001,2025-10-18_14h15.41.104,Simon,2024.2.4,Win32,32.05128205,,,,,,,,,,1,11.1996,11.6897,,,,,,,,,,,images/yellow_butterfly.png,images/white_butterfly.png,right_image, ,,,,,,10.3721,11.1995,[0.32592592592592595],[0.007936507936507936],[1],[0],[0],[0.8270999999996267],"[""right_image""]",0,2,2,2,1,,,,,
,,,,,060521,001,2025-10-18_14h15.41.104,Simon,2024.2.4,Win32,32.05128205,,,,,,,,,,1,12.7283,13.2309,,,,,,,,,,,images/white_butterfly.png,images/purple_butterfly.png,left_image, ,,,,,,11.6902,12.7281,"[-0.37354497354497357,-0.2105820105820106]","[-0.01216931216931217,-0.0005291005291005291]","[1,1]","[0,0]","[0,0]","[0.7052000000001861,1.0376000000000936]","[null,""left_image""]",0,3,3,1,1,,,,,
,,,,,060521,001,2025-10-18_14h15.41.104,Simon,2024.2.4,Win32,32.05128205,,,,,,,,,,1,13.8336,14.3409,,,,,,,,,,,images/yellow_butterfly.png,images/white_butterfly.png,right_image, ,,,,,,13.2313,13.8335,[0.29947089947089944],[-0.040740740740740744],[1],[0],[0],[0.6018999999999082],"[""right_image""]",1,0,4,2,1,,,,,
,,,,,060521,001,2025-10-18_14h15.41.104,Simon,2024.2.4,Win32,32.05128205,,,,,,,,,,1,15.0469,15.5377,,,,,,,,,,,images/purple_butterfly.png,images/white_butterfly.png,left_image, ,,,,,,14.3416,15.0468,[-0.14179894179894179],[-0.023809523809523808],[1],[0],[0],[0.7048000000002794],"[""left_image""]",1,1,5,0,1,,,,,
,,,,,060521,001,2025-10-18_14h15.41.104,Simon,2024.2.4,Win32,32.05128205,,,,,,,,,,1,16.3165,16.8197,,,,,,,,,,,images/white_butterfly.png,images/purple_butterfly.png,left_image, ,,,,,,15.5382,16.3165,[-0.1312169312169312],[0.0026455026455026454],[1],[0],[0],[0.7778999999999066],"[""left_image""]",1,2,6,1,1,,,,,
,,,,,060521,001,2025-10-18_14h15.41.104,Simon,2024.2.4,Win32,32.05128205,,,,,,,,,,1,17.4994,17.9992,,,,,,,,,,,images/white_butterfly.png,images/yellow_butterfly.png,right_image, ,,,,,,16.8202,17.4994,[0.20634920634920634],[0.0026455026455026454],[1],[0],[0],[0.6790999999996288],"[""right_image""]",1,3,7,3,1,,,,,
,,,,,060521,001,2025-10-18_14h15.41.104,Simon,2024.2.4,Win32,32.05128205,,,,,,,,,,1,18.5905,19.0871,,,,,,,,,,,images/white_butterfly.png,images/purple_butterfly.png,left_image, ,,,,,,17.9996,18.5905,[-0.2518518518518518],[-0.003703703703703704],[1],[0],[0],[0.5906999999997211],"[""left_image""]",2,0,8,1,1,,,,,
,,,,,060521,001,2025-10-18_14h15.41.104,Simon,2024.2.4,Win32,32.05128205,,,,,,,,,,1,19.6676,20.169,,,,,,,,,,,images/yellow_butterfly.png,images/white_butterfly.png,right_image, ,,,,,,19.0876,19.6675,[0.10264550264550265],[-0.003703703703703704],[1],[0],[0],[0.5795999999996262],"[""right_image""]",2,1,9,2,1,,,,,
,,,,,060521,001,2025-10-18_14h15.41.104,Simon,2024.2.4,Win32,32.05128205,,,,,,,,,,1,20.8394,21.3441,,,,,,,,,,,images/purple_butterfly.png,images/white_butterfly.png,left_image, ,,,,,,20.1704,20.8394,[-0.08571428571428572],[-0.008994708994708995],[1],[0],[0],[0.6687000000001859],"[""left_image""]",2,2,10,0,1,,,,,
,,,,,060521,001,2025-10-18_14h15.41.104,Simon,2024.2.4,Win32,32.05128205,,,,,,,,,,1,22.0504,22.5323,,,,,,,,,,,images/white_butterfly.png,images/yellow_butterfly.png,right_image, ,,,,,,21.3447,22.0504,[0.33015873015873015],[0.0291005291005291],[1],[0],[0],[0.7054000000003704],"[""right_image""]",2,3,11,3,1,,,,,
,,,,,060521,001,2025-10-18_14h15.41.104,Simon,2024.2.4,Win32,32.05128205,,,,,,,,,,1,23.2563,23.7443,,,,,,,,,,,images/yellow_butterfly.png,images/white_butterfly.png,right_image, ,,,,,,22.5327,23.2563,[0.3333333333333333],[0.021693121693121695],[1],[0],[0],[0.7233000000002789],"[""right_image""]",3,0,12,2,1,,,,,
,,,,,060521,001,2025-10-18_14h15.41.104,Simon,2024.2.4,Win32,32.05128205,,,,,,,,,,1,24.2236,24.719,,,,,,,,,,,images/white_butterfly.png,images/yellow_butterfly.png,right_image, ,,,,,,23.7448,24.2236,[0.2920634920634921],[0.01216931216931217],[1],[0],[0],[0.47839999999990823],"[""right_image""]",3,1,13,3,1,,,,,
,,,,,060521,001,2025-10-18_14h15.41.104,Simon,2024.2.4,Win32,32.05128205,,,,,,,,,,1,25.2107,25.6823,,,,,,,,,,,images/purple_butterfly.png,images/white_butterfly.png,left_image, ,,,,,,24.7195,25.2107,[-0.273015873015873],[0.0005291005291005291],[1],[0],[0],[0.4908999999999075],"[""left_image""]",3,2,14,0,1,,,,,
,,,,,060521,001,2025-10-18_14h15.41.104,Simon,2024.2.4,Win32,32.05128205,,,,,,,,,,1,26.5309,27.0097,,,,,,,,,,,images/white_butterfly.png,images/purple_butterfly.png,left_image, ,,,,,,25.6827,26.5309,[-0.2751322751322751],[0.0005291005291005291],[1],[0],[0],[0.8479000000003722],"[""left_image""]",3,3,15,1,1,,,,,
,,,,,060521,001,2025-10-18_14h15.41.104,Simon,2024.2.4,Win32,32.05128205,,,,,,,,,,1,27.5881,28.0701,,,,,,,,,,,images/white_butterfly.png,images/purple_butterfly.png,left_image, ,,,,,,27.0102,27.5881,[-0.21164021164021163],[-0.00582010582010582],[1],[0],[0],[0.5776999999997194],"[""left_image""]",4,0,16,1,1,,,,,
,,,,,060521,001,2025-10-18_14h15.41.104,Simon,2024.2.4,Win32,32.05128205,,,,,,,,,,1,28.8067,29.3048,,,,,,,,,,,images/yellow_butterfly.png,images/white_butterfly.png,right_image, ,,,,,,28.0706,28.8067,[0.06666666666666667],[-0.019576719576719578],[1],[0],[0],[0.7357999999998128],"[""right_image""]",4,1,17,2,1,,,,,
,,,,,060521,001,2025-10-18_14h15.41.104,Simon,2024.2.4,Win32,32.05128205,,,,,,,,,,1,30.0554,30.533,,,,,,,,,,,images/white_butterfly.png,images/yellow_butterfly.png,right_image, ,,,,,,29.3052,30.0554,[0.27936507936507937],[-0.0417989417989418],[1],[0],[0],[0.7499000000003697],"[""right_image""]",4,2,18,3,1,,,,,
,,,,,060521,001,2025-10-18_14h15.41.104,Simon,2024.2.4,Win32,32.05128205,,,,,,,,,,1,31.2161,31.7072,,,,,,,,,,,images/purple_butterfly.png,images/white_butterfly.png,left_image, ,,,,,,30.5336,31.216,[-0.09947089947089947],[-0.020634920634920634],[1],[0],[0],[0.6822999999998132],"[""left_image""]",4,3,19,0,1,,,,,
,,,,,060521,001,2025-10-18_14h15.41.104,Simon,2024.2.4,Win32,32.05128205,,,,,,,,,,,,,,,,,,,,,,,,,,,,,,,,,,,,,,,,,,,,,,31.7072,32.7514,1,[32.75130000000028],[32.75130000000028]
