﻿instructions.started,instructions.stopped,start_button.numClicks,start_button.timesOn,start_button.timesOff,participant,session,date,expName,psychopyVersion,OS,frameRate,practice_trial.started,practice_trial.stopped,mouse_2.x,mouse_2.y,mouse_2.leftButton,mouse_2.midButton,mouse_2.rightButton,mouse_2.time,mouse_2.clicked_name,correct,feedback.started,feedback.stopped,loop_until_correct.thisRepN,loop_until_correct.thisTrialN,loop_until_correct.thisN,loop_until_correct.thisIndex,loop_until_correct.ran,prac_trials.thisRepN,prac_trials.thisTrialN,prac_trials.thisN,prac_trials.thisIndex,prac_trials.ran,left_color,right_color,correct_response,top_txt,instructions_2.started,instructions_2.stopped,start_button_2.numClicks,start_button_2.timesOn,start_button_2.timesOff,trial.started,trial.stopped,mouse.x,mouse.y,mouse.leftButton,mouse.midButton,mouse.rightButton,mouse.time,mouse.clicked_name,trials.thisRepN,trials.thisTrialN,trials.thisN,trials.thisIndex,trials.ran,end.started,end.stopped,start_button_3.numClicks,start_button_3.timesOn,start_button_3.timesOff
0.001,15.411,1,[15.427],[15.427],062720,001,2025-11-26_18h01.04.531,Simon,2024.2.4,Win32,60.0240096,,,,,,,,,,,,,,,,,,,,,,,,,,,,,,,,,,,,,,,,,,,,,,,,,,
,,,,,062720,001,2025-11-26_18h01.04.531,Simon,2024.2.4,Win32,60.0240096,15.435,18.875,[-0.22373653067437713],[0.018455440384768953],[1],[0],[0],[3.436],"[""left_image_2"",""left_image_2""]",1,18.876,19.373,0,0,0,0,1,,,,,,,,,,,,,,,,,,,,,,,,,,,,,,,,,
,,,,,062720,001,2025-11-26_18h01.04.531,Simon,2024.2.4,Win32,60.0240096,,,,,,,,,,,,,,,,,,0,0,0,0,1,images/purple_butterfly.png,images/white_butterfly.png,left_image_2,"In this example, select the LEFT butterfly.",,,,,,,,,,,,,,,,,,,,,,,,
,,,,,062720,001,2025-11-26_18h01.04.531,Simon,2024.2.4,Win32,60.0240096,19.377,23.869,[-0.1635434412265758],[0.022998296422487224],[1],[0],[0],[4.489999999999998],"[""left_image_2"",""left_image_2""]",1,23.871,24.37,0,0,0,0,1,,,,,,,,,,,,,,,,,,,,,,,,,,,,,,,,,
,,,,,062720,001,2025-11-26_18h01.04.531,Simon,2024.2.4,Win32,60.0240096,,,,,,,,,,,,,,,,,,0,1,1,1,1,images/white_butterfly.png,images/purple_butterfly.png,left_image_2,"In this example, select the LEFT butterfly.",,,,,,,,,,,,,,,,,,,,,,,,
,,,,,062720,001,2025-11-26_18h01.04.531,Simon,2024.2.4,Win32,60.0240096,24.374,26.434,[0.18285061837867334],[0.020726842409098167],[1],[0],[0],[2.058],"[""right_image_2"",""right_image_2""]",1,26.436,26.934,0,0,0,0,1,,,,,,,,,,,,,,,,,,,,,,,,,,,,,,,,,
,,,,,062720,001,2025-11-26_18h01.04.531,Simon,2024.2.4,Win32,60.0240096,,,,,,,,,,,,,,,,,,0,2,2,2,1,images/yellow_butterfly.png,images/white_butterfly.png,right_image_2,"In this example, select the RIGHT butterfly.",,,,,,,,,,,,,,,,,,,,,,,,
,,,,,062720,001,2025-11-26_18h01.04.531,Simon,2024.2.4,Win32,60.0240096,26.938,28.633,[0.18285061837867334],[0.020726842409098167],[1],[0],[0],[1.6920000000000002],"[""right_image_2"",""right_image_2""]",1,28.633,29.131,0,0,0,0,1,,,,,,,,,,,,,,,,,,,,,,,,,,,,,,,,,
,,,,,062720,001,2025-11-26_18h01.04.531,Simon,2024.2.4,Win32,60.0240096,,,,,,,,,,,,,,,,,,0,3,3,3,1,images/white_butterfly.png,images/yellow_butterfly.png,right_image_2,"In this example, select the RIGHT butterfly.",,,,,,,,,,,,,,,,,,,,,,,,
,,,,,062720,001,2025-11-26_18h01.04.531,Simon,2024.2.4,Win32,60.0240096,,,,,,,,,,,,,,,,,,,,,,,,,,,29.132,31.247,1,[31.251000000000005],[31.251000000000005],,,,,,,,,,,,,,,,,,,
,,,,,062720,001,2025-11-26_18h01.04.531,Simon,2024.2.4,Win32,60.0240096,,,,,,,,,,1,32.946,33.445,,,,,,,,,,,images/white_butterfly.png,images/purple_butterfly.png,left_image, ,,,,,,31.257,32.946,[-0.19193643443222955],[-0.005394644794106686],[1],[0],[0],[1.689],"[""left_image""]",0,0,0,1,1,,,,,
,,,,,062720,001,2025-11-26_18h01.04.531,Simon,2024.2.4,Win32,60.0240096,,,,,,,,,,0,37.11,37.608,,,,,,,,,,,images/purple_butterfly.png,images/white_butterfly.png,left_image, ,,,,,,33.447,37.108,[0.2055650545344442],[0.029812606473594547],[1],[0],[0],[3.658999999999999],"[""right_image""]",0,1,1,0,1,,,,,
,,,,,062720,001,2025-11-26_18h01.04.531,Simon,2024.2.4,Win32,60.0240096,,,,,,,,,,1,39.326,39.824,,,,,,,,,,,images/yellow_butterfly.png,images/white_butterfly.png,right_image, ,,,,,,37.609,39.324,[0.11584327086882454],[0.04003407155025554],[1],[0],[0],[1.7139999999999986],"[""right_image""]",0,2,2,2,1,,,,,
,,,,,062720,001,2025-11-26_18h01.04.531,Simon,2024.2.4,Win32,60.0240096,,,,,,,,,,0,40.824,41.322,,,,,,,,,,,images/white_butterfly.png,images/yellow_butterfly.png,right_image, ,,,,,,39.826,40.823,[-0.15218622314869037],[0.029812606473594547],[1],[0],[0],[0.9950000000000045],"[""left_image""]",0,3,3,3,1,,,,,
,,,,,062720,001,2025-11-26_18h01.04.531,Simon,2024.2.4,Win32,60.0240096,,,,,,,,,,0,43.387,43.887,,,,,,,,,,,images/purple_butterfly.png,images/white_butterfly.png,left_image, ,,,,,,41.324,43.387,[0.17262915330201234],[0.030948307485759156],[1],[0],[0],[2.0620000000000047],"[""right_image""]",1,0,4,0,1,,,,,
,,,,,062720,001,2025-11-26_18h01.04.531,Simon,2024.2.4,Win32,60.0240096,,,,,,,,,,1,45.005,45.502,,,,,,,,,,,images/yellow_butterfly.png,images/white_butterfly.png,right_image, ,,,,,,43.889,45.003,[0.17262915330201234],[0.030948307485759156],[1],[0],[0],[1.1130000000000067],"[""right_image""]",1,1,5,2,1,,,,,
,,,,,062720,001,2025-11-26_18h01.04.531,Simon,2024.2.4,Win32,60.0240096,,,,,,,,,,1,46.701,47.2,,,,,,,,,,,images/white_butterfly.png,images/purple_butterfly.png,left_image, ,,,,,,45.503,46.701,[-0.1737649063032368],[0.041169772562420145],[1],[0],[0],[1.1950000000000003],"[""left_image""]",1,2,6,1,1,,,,,
,,,,,062720,001,2025-11-26_18h01.04.531,Simon,2024.2.4,Win32,60.0240096,,,,,,,,,,0,47.933,48.432,,,,,,,,,,,images/white_butterfly.png,images/yellow_butterfly.png,right_image, ,,,,,,47.202,47.932,[-0.11811467289315375],[0.021862595410322615],[1],[0],[0],[0.7289999999999992],"[""left_image""]",1,3,7,3,1,,,,,
,,,,,062720,001,2025-11-26_18h01.04.531,Simon,2024.2.4,Win32,60.0240096,,,,,,,,,,1,49.683,50.181,,,,,,,,,,,images/white_butterfly.png,images/purple_butterfly.png,left_image, ,,,,,,48.434,49.681,[-0.11470751786760008],[0.04003407155025554],[1],[0],[0],[1.2460000000000022],"[""left_image""]",2,0,8,1,1,,,,,
,,,,,062720,001,2025-11-26_18h01.04.531,Simon,2024.2.4,Win32,60.0240096,,,,,,,,,,0,51.099,51.596,,,,,,,,,,,images/purple_butterfly.png,images/white_butterfly.png,left_image, ,,,,,,50.184,51.097,[0.14310051107325383],[0.018455440384768953],[1],[0],[0],[0.9099999999999966],"[""right_image""]",2,1,9,0,1,,,,,
,,,,,062720,001,2025-11-26_18h01.04.531,Simon,2024.2.4,Win32,60.0240096,,,,,,,,,,0,53.312,53.811,,,,,,,,,,,images/white_butterfly.png,images/yellow_butterfly.png,right_image, ,,,,,,51.597,53.312,[-0.1044860527909391],[0.06388415672913117],[1],[0],[0],[1.7150000000000034],"[""left_image""]",2,2,10,3,1,,,,,
,,,,,062720,001,2025-11-26_18h01.04.531,Simon,2024.2.4,Win32,60.0240096,,,,,,,,,,1,56.678,57.176,,,,,,,,,,,images/yellow_butterfly.png,images/white_butterfly.png,right_image, ,,,,,,53.813,56.677,[0.2816581141197296],[0.020726842409098167],[1],[0],[0],[2.8619999999999948],"[""right_image""]",2,3,11,2,1,,,,,
,,,,,062720,001,2025-11-26_18h01.04.531,Simon,2024.2.4,Win32,60.0240096,,,,,,,,,,0,58.527,59.023,,,,,,,,,,,images/white_butterfly.png,images/yellow_butterfly.png,right_image, ,,,,,,57.178,58.525,[-0.1612720392022466],[0.04230552556364459],[1],[0],[0],[1.3449999999999989],"[""left_image""]",3,0,12,3,1,,,,,
,,,,,062720,001,2025-11-26_18h01.04.531,Simon,2024.2.4,Win32,60.0240096,,,,,,,,,,0,60.656,61.157,,,,,,,,,,,images/purple_butterfly.png,images/white_butterfly.png,left_image, ,,,,,,59.028,60.656,[0.14196475807202938],[0.01504828535921529],[1],[0],[0],[1.6280000000000072],"[""right_image""]",3,1,13,0,1,,,,,
,,,,,062720,001,2025-11-26_18h01.04.531,Simon,2024.2.4,Win32,60.0240096,,,,,,,,,,1,63.171,63.669,,,,,,,,,,,images/white_butterfly.png,images/purple_butterfly.png,left_image, ,,,,,,61.158,63.17,[-0.11925042589437819],[0.027541152460205495],[1],[0],[0],[2.0109999999999957],"[""left_image""]",3,2,14,1,1,,,,,
,,,,,062720,001,2025-11-26_18h01.04.531,Simon,2024.2.4,Win32,60.0240096,,,,,,,,,,1,64.552,65.052,,,,,,,,,,,images/yellow_butterfly.png,images/white_butterfly.png,right_image, ,,,,,,63.67,64.552,[0.10902896081771721],[0.029812606473594547],[1],[0],[0],[0.8810000000000002],"[""right_image""]",3,3,15,2,1,,,,,
,,,,,062720,001,2025-11-26_18h01.04.531,Simon,2024.2.4,Win32,60.0240096,,,,,,,,,,1,65.753,66.251,,,,,,,,,,,images/white_butterfly.png,images/purple_butterfly.png,left_image, ,,,,,,65.054,65.753,[-0.1692219982764587],[0.061612702715742124],[1],[0],[0],[0.6979999999999933],"[""left_image""]",4,0,16,1,1,,,,,
,,,,,062720,001,2025-11-26_18h01.04.531,Simon,2024.2.4,Win32,60.0240096,,,,,,,,,,0,66.937,67.434,,,,,,,,,,,images/white_butterfly.png,images/yellow_butterfly.png,right_image, ,,,,,,66.253,66.936,[-0.14537191309758304],[0.05479839266463479],[1],[0],[0],[0.6830000000000069],"[""left_image""]",4,1,17,3,1,,,,,
,,,,,062720,001,2025-11-26_18h01.04.531,Simon,2024.2.4,Win32,60.0240096,,,,,,,,,,1,68.154,68.649,,,,,,,,,,,images/yellow_butterfly.png,images/white_butterfly.png,right_image, ,,,,,,67.436,68.151,[0.1612720392022466],[0.059341300691412906],[1],[0],[0],[0.7139999999999986],"[""right_image""]",4,2,18,2,1,,,,,
,,,,,062720,001,2025-11-26_18h01.04.531,Simon,2024.2.4,Win32,60.0240096,,,,,,,,,,0,69.117,69.615,,,,,,,,,,,images/purple_butterfly.png,images/white_butterfly.png,left_image, ,,,,,,68.655,69.115,[0.1612720392022466],[0.059341300691412906],[1],[0],[0],[0.4590000000000032],"[""right_image""]",4,3,19,0,1,,,,,
,,,,,062720,001,2025-11-26_18h01.04.531,Simon,2024.2.4,Win32,60.0240096,,,,,,,,,,,,,,,,,,,,,,,,,,,,,,,,,,,,,,,,,,,,,,69.617,70.781,1,[70.78],[70.78]
