﻿instructions.started,instructions.stopped,start_button.numClicks,start_button.timesOn,start_button.timesOff,participant,session,date,expName,psychopyVersion,OS,frameRate,practice_trial.started,practice_trial.stopped,mouse_2.x,mouse_2.y,mouse_2.leftButton,mouse_2.midButton,mouse_2.rightButton,mouse_2.time,mouse_2.clicked_name,correct,feedback.started,feedback.stopped,loop_until_correct.thisRepN,loop_until_correct.thisTrialN,loop_until_correct.thisN,loop_until_correct.thisIndex,loop_until_correct.ran,prac_trials.thisRepN,prac_trials.thisTrialN,prac_trials.thisN,prac_trials.thisIndex,prac_trials.ran,left_color,right_color,correct_response,top_txt,instructions_2.started,instructions_2.stopped,start_button_2.numClicks,start_button_2.timesOn,start_button_2.timesOff,trial.started,trial.stopped,mouse.x,mouse.y,mouse.leftButton,mouse.midButton,mouse.rightButton,mouse.time,mouse.clicked_name,trials.thisRepN,trials.thisTrialN,trials.thisN,trials.thisIndex,trials.ran,end.started,end.stopped,start_button_3.numClicks,start_button_3.timesOn,start_button_3.timesOff
0.0059,20.0311,1,[20.052500000000002],[20.052500000000002],062968,001,2025-10-07_09h19.55.445,Simon,2024.2.4,Win32,60.24096386,,,,,,,,,,,,,,,,,,,,,,,,,,,,,,,,,,,,,,,,,,,,,,,,,,
,,,,,062968,001,2025-10-07_09h19.55.445,Simon,2024.2.4,Win32,60.24096386,20.0554,26.5976,[-0.12753425493632278],[-0.03945207987746147],[1],[0],[0],[6.5378000000119165],"[""left_image_2"",""left_image_2""]",1,26.5989,27.0969,0,0,0,0,1,,,,,,,,,,,,,,,,,,,,,,,,,,,,,,,,,
,,,,,062968,001,2025-10-07_09h19.55.445,Simon,2024.2.4,Win32,60.24096386,,,,,,,,,,,,,,,,,,0,0,0,0,1,images/purple_butterfly.png,images/white_butterfly.png,left_image_2,"In this example, select the LEFT butterfly.",,,,,,,,,,,,,,,,,,,,,,,,
,,,,,062968,001,2025-10-07_09h19.55.445,Simon,2024.2.4,Win32,60.24096386,27.0991,29.6139,[-0.12753425493632278],[-0.03945207987746147],[1],[0],[0],[2.5128000000119215],"[""left_image_2"",""left_image_2""]",1,29.6147,30.1134,0,0,0,0,1,,,,,,,,,,,,,,,,,,,,,,,,,,,,,,,,,
,,,,,062968,001,2025-10-07_09h19.55.445,Simon,2024.2.4,Win32,60.24096386,,,,,,,,,,,,,,,,,,0,1,1,1,1,images/white_butterfly.png,images/purple_butterfly.png,left_image_2,"In this example, select the LEFT butterfly.",,,,,,,,,,,,,,,,,,,,,,,,
,,,,,062968,001,2025-10-07_09h19.55.445,Simon,2024.2.4,Win32,60.24096386,30.1153,31.2137,[0.14424660042540668],[0.02301368190817637],[1],[0],[0],[1.096600000023841],"[""right_image_2"",""right_image_2""]",1,31.2143,31.7135,0,0,0,0,1,,,,,,,,,,,,,,,,,,,,,,,,,,,,,,,,,
,,,,,062968,001,2025-10-07_09h19.55.445,Simon,2024.2.4,Win32,60.24096386,,,,,,,,,,,,,,,,,,0,2,2,2,1,images/yellow_butterfly.png,images/white_butterfly.png,right_image_2,"In this example, select the RIGHT butterfly.",,,,,,,,,,,,,,,,,,,,,,,,
,,,,,062968,001,2025-10-07_09h19.55.445,Simon,2024.2.4,Win32,60.24096386,31.7152,32.897,[0.14753426329730307],[0.0065753257437928085],[1],[0],[0],[1.180599999994044],"[""right_image_2"",""right_image_2""]",1,32.8976,33.3969,0,0,0,0,1,,,,,,,,,,,,,,,,,,,,,,,,,,,,,,,,,
,,,,,062968,001,2025-10-07_09h19.55.445,Simon,2024.2.4,Win32,60.24096386,,,,,,,,,,,,,,,,,,0,3,3,3,1,images/white_butterfly.png,images/yellow_butterfly.png,right_image_2,"In this example, select the RIGHT butterfly.",,,,,,,,,,,,,,,,,,,,,,,,
,,,,,062968,001,2025-10-07_09h19.55.445,Simon,2024.2.4,Win32,60.24096386,,,,,,,,,,,,,,,,,,,,,,,,,,,33.3975,35.0307,1,[35.03409999999404],[35.03409999999404],,,,,,,,,,,,,,,,,,,
,,,,,062968,001,2025-10-07_09h19.55.445,Simon,2024.2.4,Win32,60.24096386,,,,,,,,,,1,36.3306,36.8301,,,,,,,,,,,images/white_butterfly.png,images/yellow_butterfly.png,right_image, ,,,,,,35.0407,36.3304,[0.1278082442610231],[-0.005479452054794521],[1],[0],[0],[1.2890000000000015],"[""right_image""]",0,0,0,3,1,,,,,
,,,,,062968,001,2025-10-07_09h19.55.445,Simon,2024.2.4,Win32,60.24096386,,,,,,,,,,1,37.8971,38.3969,,,,,,,,,,,images/purple_butterfly.png,images/white_butterfly.png,left_image, ,,,,,,36.8315,37.897,[-0.15054793684449913],[-0.01205481960348887],[1],[0],[0],[1.0652000000178816],"[""left_image""]",0,1,1,0,1,,,,,
,,,,,062968,001,2025-10-07_09h19.55.445,Simon,2024.2.4,Win32,60.24096386,,,,,,,,,,1,39.1637,39.6636,,,,,,,,,,,images/white_butterfly.png,images/purple_butterfly.png,left_image, ,,,,,,38.3977,39.1636,[-0.15054793684449913],[-0.01205481960348887],[1],[0],[0],[0.7652000000178845],"[""left_image""]",0,2,2,1,1,,,,,
,,,,,062968,001,2025-10-07_09h19.55.445,Simon,2024.2.4,Win32,60.24096386,,,,,,,,,,1,40.5972,41.0968,,,,,,,,,,,images/yellow_butterfly.png,images/white_butterfly.png,right_image, ,,,,,,39.6644,40.597,[0.20671236221104453],[-0.01205481960348887],[1],[0],[0],[0.932099999994044],"[""right_image""]",0,3,3,2,1,,,,,
,,,,,062968,001,2025-10-07_09h19.55.445,Simon,2024.2.4,Win32,60.24096386,,,,,,,,,,1,41.7805,42.2802,,,,,,,,,,,images/yellow_butterfly.png,images/white_butterfly.png,right_image, ,,,,,,41.0979,41.7803,[0.20671236221104453],[-0.01205481960348887],[1],[0],[0],[0.6821999999880788],"[""right_image""]",1,0,4,2,1,,,,,
,,,,,062968,001,2025-10-07_09h19.55.445,Simon,2024.2.4,Win32,60.24096386,,,,,,,,,,1,43.6636,44.1635,,,,,,,,,,,images/white_butterfly.png,images/yellow_butterfly.png,right_image, ,,,,,,42.281,43.6635,[0.19136987973565925],[0.030684923145869007],[1],[0],[0],[1.381999999999998],"[""right_image""]",1,1,5,3,1,,,,,
,,,,,062968,001,2025-10-07_09h19.55.445,Simon,2024.2.4,Win32,60.24096386,,,,,,,,,,1,45.3636,45.8636,,,,,,,,,,,images/white_butterfly.png,images/purple_butterfly.png,left_image, ,,,,,,44.1646,45.3636,[-0.12424655025952483],[0.01643835616438356],[1],[0],[0],[1.1985000000000028],"[""left_image""]",1,2,6,1,1,,,,,
,,,,,062968,001,2025-10-07_09h19.55.445,Simon,2024.2.4,Win32,60.24096386,,,,,,,,,,1,46.7468,47.2468,,,,,,,,,,,images/purple_butterfly.png,images/white_butterfly.png,left_image, ,,,,,,45.8648,46.7468,[-0.12315067657052654],[0.01643835616438356],[1],[0],[0],[0.8815999999940445],"[""left_image""]",1,3,7,0,1,,,,,
,,,,,062968,001,2025-10-07_09h19.55.445,Simon,2024.2.4,Win32,60.24096386,,,,,,,,,,1,47.9637,48.4634,,,,,,,,,,,images/purple_butterfly.png,images/white_butterfly.png,left_image, ,,,,,,47.2479,47.9637,[-0.12315067657052654],[0.01643835616438356],[1],[0],[0],[0.7154999999999987],"[""left_image""]",2,0,8,0,1,,,,,
,,,,,062968,001,2025-10-07_09h19.55.445,Simon,2024.2.4,Win32,60.24096386,,,,,,,,,,1,49.5304,50.0302,,,,,,,,,,,images/white_butterfly.png,images/purple_butterfly.png,left_image, ,,,,,,48.4644,49.5303,[-0.12315067657052654],[0.01643835616438356],[1],[0],[0],[1.0655000000000001],"[""left_image""]",2,1,9,1,1,,,,,
,,,,,062968,001,2025-10-07_09h19.55.445,Simon,2024.2.4,Win32,60.24096386,,,,,,,,,,1,50.9469,51.447,,,,,,,,,,,images/yellow_butterfly.png,images/white_butterfly.png,right_image, ,,,,,,50.031,50.9469,[0.14643834780340326],[0.03726024888966181],[1],[0],[0],[0.915099999994041],"[""right_image""]",2,2,10,2,1,,,,,
,,,,,062968,001,2025-10-07_09h19.55.445,Simon,2024.2.4,Win32,60.24096386,,,,,,,,,,1,52.297,52.7967,,,,,,,,,,,images/white_butterfly.png,images/yellow_butterfly.png,right_image, ,,,,,,51.4481,52.2969,[0.13986302205961046],[0.038356164383561646],[1],[0],[0],[0.8484000000059595],"[""right_image""]",2,3,11,3,1,,,,,
,,,,,062968,001,2025-10-07_09h19.55.445,Simon,2024.2.4,Win32,60.24096386,,,,,,,,,,1,53.847,54.3467,,,,,,,,,,,images/purple_butterfly.png,images/white_butterfly.png,left_image, ,,,,,,52.7978,53.847,[-0.09246575342465753],[0.03397258601776541],[1],[0],[0],[1.0483999999761622],"[""left_image""]",3,0,12,0,1,,,,,
,,,,,062968,001,2025-10-07_09h19.55.445,Simon,2024.2.4,Win32,60.24096386,,,,,,,,,,1,55.397,55.8966,,,,,,,,,,,images/yellow_butterfly.png,images/white_butterfly.png,right_image, ,,,,,,54.3475,55.397,[0.11027397260273973],[0.04493149012735445],[1],[0],[0],[1.0489000000059647],"[""right_image""]",3,1,13,2,1,,,,,
,,,,,062968,001,2025-10-07_09h19.55.445,Simon,2024.2.4,Win32,60.24096386,,,,,,,,,,1,57.4467,57.9466,,,,,,,,,,,images/white_butterfly.png,images/purple_butterfly.png,left_image, ,,,,,,55.8975,57.4467,[-0.15602738889929366],[0.06027397260273973],[1],[0],[0],[1.548700000017874],"[""left_image""]",3,2,14,1,1,,,,,
,,,,,062968,001,2025-10-07_09h19.55.445,Simon,2024.2.4,Win32,60.24096386,,,,,,,,,,1,59.2638,59.7636,,,,,,,,,,,images/white_butterfly.png,images/yellow_butterfly.png,right_image, ,,,,,,57.9474,59.2637,[0.08506850151166524],[0.06575342465753424],[1],[0],[0],[1.3158000000119188],"[""right_image""]",3,3,15,3,1,,,,,
,,,,,062968,001,2025-10-07_09h19.55.445,Simon,2024.2.4,Win32,60.24096386,,,,,,,,,,1,61.0303,61.53,,,,,,,,,,,images/white_butterfly.png,images/purple_butterfly.png,left_image, ,,,,,,59.7644,61.0302,[-0.08917809055276113],[0.06465750916363441],[1],[0],[0],[1.265400000005954],"[""left_image""]",4,0,16,1,1,,,,,
,,,,,062968,001,2025-10-07_09h19.55.445,Simon,2024.2.4,Win32,60.24096386,,,,,,,,,,1,62.447,62.9469,,,,,,,,,,,images/white_butterfly.png,images/yellow_butterfly.png,right_image, ,,,,,,61.5309,62.4468,[0.15191779985819778],[0.03945203807255993],[1],[0],[0],[0.9155999999940434],"[""right_image""]",4,1,17,3,1,,,,,
,,,,,062968,001,2025-10-07_09h19.55.445,Simon,2024.2.4,Win32,60.24096386,,,,,,,,,,1,63.6802,64.1801,,,,,,,,,,,images/yellow_butterfly.png,images/white_butterfly.png,right_image, ,,,,,,62.9477,63.6801,[0.15082192616919948],[0.04054795356645976],[1],[0],[0],[0.7320999999940483],"[""right_image""]",4,2,18,2,1,,,,,
,,,,,062968,001,2025-10-07_09h19.55.445,Simon,2024.2.4,Win32,60.24096386,,,,,,,,,,1,64.9971,65.4973,,,,,,,,,,,images/purple_butterfly.png,images/white_butterfly.png,left_image, ,,,,,,64.181,64.997,[-0.15821917808219177],[0.010958904109589041],[1],[0],[0],[0.8154000000059654],"[""left_image""]",4,3,19,0,1,,,,,
,,,,,062968,001,2025-10-07_09h19.55.445,Simon,2024.2.4,Win32,60.24096386,,,,,,,,,,,,,,,,,,,,,,,,,,,,,,,,,,,,,,,,,,,,,,65.4977,67.3808,1,[67.38019999998808],[67.38019999998808]
