﻿instructions.started,instructions.stopped,start_button.numClicks,start_button.timesOn,start_button.timesOff,participant,session,date,expName,psychopyVersion,OS,frameRate,practice_trial.started,practice_trial.stopped,mouse_2.x,mouse_2.y,mouse_2.leftButton,mouse_2.midButton,mouse_2.rightButton,mouse_2.time,mouse_2.clicked_name,correct,feedback.started,feedback.stopped,loop_until_correct.thisRepN,loop_until_correct.thisTrialN,loop_until_correct.thisN,loop_until_correct.thisIndex,loop_until_correct.ran,prac_trials.thisRepN,prac_trials.thisTrialN,prac_trials.thisN,prac_trials.thisIndex,prac_trials.ran,left_color,right_color,correct_response,top_txt,instructions_2.started,instructions_2.stopped,start_button_2.numClicks,start_button_2.timesOn,start_button_2.timesOff,trial.started,trial.stopped,mouse.x,mouse.y,mouse.leftButton,mouse.midButton,mouse.rightButton,mouse.time,mouse.clicked_name,trials.thisRepN,trials.thisTrialN,trials.thisN,trials.thisIndex,trials.ran
0.001,5.986,1,[5.993],[5.993],065545,001,2026-01-26_10h22.01.236,Simon,2024.2.4,MacIntel,52.63157895,,,,,,,,,,,,,,,,,,,,,,,,,,,,,,,,,,,,,,,,,,,,,
,,,,,065545,001,2026-01-26_10h22.01.236,Simon,2024.2.4,MacIntel,52.63157895,6.002,9.969,[0.21486360387547648],[-0.010155257306226175],[1],[0],[0],[3.9640000000000004],"[""right_image_2"",""right_image_2""]",0,9.969,10.469,0,0,0,0,1,,,,,,,,,,,,,,,,,,,,,,,,,,,,
,,,,,065545,001,2026-01-26_10h22.01.236,Simon,2024.2.4,MacIntel,52.63157895,10.47,12.318,[-0.15104828462515882],[0.03409406766200762],[1],[0],[0],[1.8469999999999995],"[""left_image_2"",""left_image_2""]",1,12.32,12.818,1,0,1,0,1,,,,,,,,,,,,,,,,,,,,,,,,,,,,
,,,,,065545,001,2026-01-26_10h22.01.236,Simon,2024.2.4,MacIntel,52.63157895,,,,,,,,,,,,,,,,,,0,0,0,0,1,images/purple_butterfly.png,images/white_butterfly.png,left_image_2,"In this example, select the LEFT butterfly.",,,,,,,,,,,,,,,,,,,
,,,,,065545,001,2026-01-26_10h22.01.236,Simon,2024.2.4,MacIntel,52.63157895,12.821,19.569,[-0.20196851175349428],[-0.022251230940279542],[1],[0],[0],[6.746],"[""left_image_2"",""left_image_2""]",1,19.569,20.069,0,0,0,0,1,,,,,,,,,,,,,,,,,,,,,,,,,,,,
,,,,,065545,001,2026-01-26_10h22.01.236,Simon,2024.2.4,MacIntel,52.63157895,,,,,,,,,,,,,,,,,,0,1,1,1,1,images/white_butterfly.png,images/purple_butterfly.png,left_image_2,"In this example, select the LEFT butterfly.",,,,,,,,,,,,,,,,,,,
,,,,,065545,001,2026-01-26_10h22.01.236,Simon,2024.2.4,MacIntel,52.63157895,20.071,21.652,[0.2361022871664549],[0.004070044472681067],[1],[0],[0],[1.5790000000000006],"[""right_image_2"",""right_image_2""]",1,21.652,22.152,0,0,0,0,1,,,,,,,,,,,,,,,,,,,,,,,,,,,,
,,,,,065545,001,2026-01-26_10h22.01.236,Simon,2024.2.4,MacIntel,52.63157895,,,,,,,,,,,,,,,,,,0,2,2,2,1,images/yellow_butterfly.png,images/white_butterfly.png,right_image_2,"In this example, select the RIGHT butterfly.",,,,,,,,,,,,,,,,,,,
,,,,,065545,001,2026-01-26_10h22.01.236,Simon,2024.2.4,MacIntel,52.63157895,22.153,23.802,[0.20996962357052096],[-0.005802295108005083],[1],[0],[0],[1.6469999999999985],"[""right_image_2"",""right_image_2""]",1,23.803,24.302,0,0,0,0,1,,,,,,,,,,,,,,,,,,,,,,,,,,,,
,,,,,065545,001,2026-01-26_10h22.01.236,Simon,2024.2.4,MacIntel,52.63157895,,,,,,,,,,,,,,,,,,0,3,3,3,1,images/white_butterfly.png,images/yellow_butterfly.png,right_image_2,"In this example, select the RIGHT butterfly.",,,,,,,,,,,,,,,,,,,
,,,,,065545,001,2026-01-26_10h22.01.236,Simon,2024.2.4,MacIntel,52.63157895,,,,,,,,,,,,,,,,,,,,,,,,,,,24.303,25.303,1,[25.303],[25.303],,,,,,,,,,,,,,
,,,,,065545,001,2026-01-26_10h22.01.236,Simon,2024.2.4,MacIntel,52.63157895,,,,,,,,,,1,26.42,26.919,,,,,,,,,,,images/white_butterfly.png,images/yellow_butterfly.png,right_image, ,,,,,,25.313,26.419,[0.18833882623888182],[-0.025715732210927572],[1],[0],[0],[1.1050000000000004],"[""right_image""]",0,0,0,3,1
,,,,,065545,001,2026-01-26_10h22.01.236,Simon,2024.2.4,MacIntel,52.63157895,,,,,,,,,,1,27.919,28.419,,,,,,,,,,,images/yellow_butterfly.png,images/white_butterfly.png,right_image, ,,,,,,26.92,27.919,[0.18833882623888182],[-0.02612273665819568],[1],[0],[0],[0.9969999999999999],"[""right_image""]",0,1,1,2,1
,,,,,065545,001,2026-01-26_10h22.01.236,Simon,2024.2.4,MacIntel,52.63157895,,,,,,,,,,1,29.235,29.735,,,,,,,,,,,images/purple_butterfly.png,images/white_butterfly.png,left_image, ,,,,,,28.419,29.235,[-0.22006531925031766],[-0.01786848792884371],[1],[0],[0],[0.8150000000000013],"[""left_image""]",0,2,2,0,1
,,,,,065545,001,2026-01-26_10h22.01.236,Simon,2024.2.4,MacIntel,52.63157895,,,,,,,,,,1,30.635,31.134,,,,,,,,,,,images/white_butterfly.png,images/purple_butterfly.png,left_image, ,,,,,,29.736,30.635,[-0.21344405177890724],[-0.019570957750952987],[1],[0],[0],[0.8979999999999997],"[""left_image""]",0,3,3,1,1
,,,,,065545,001,2026-01-26_10h22.01.236,Simon,2024.2.4,MacIntel,52.63157895,,,,,,,,,,1,31.751,32.252,,,,,,,,,,,images/white_butterfly.png,images/purple_butterfly.png,left_image, ,,,,,,31.135,31.751,[-0.21344405177890724],[-0.019570957750952987],[1],[0],[0],[0.6159999999999997],"[""left_image""]",1,0,4,1,1
,,,,,065545,001,2026-01-26_10h22.01.236,Simon,2024.2.4,MacIntel,52.63157895,,,,,,,,,,1,32.736,33.235,,,,,,,,,,,images/purple_butterfly.png,images/white_butterfly.png,left_image, ,,,,,,32.253,32.736,[-0.21331996505717915],[-0.019824094663278273],[1],[0],[0],[0.48100000000000165],"[""left_image""]",1,1,5,0,1
,,,,,065545,001,2026-01-26_10h22.01.236,Simon,2024.2.4,MacIntel,52.63157895,,,,,,,,,,1,34.519,35.019,,,,,,,,,,,images/white_butterfly.png,images/yellow_butterfly.png,right_image, ,,,,,,33.236,34.519,[0.1771462039390089],[-0.007340970457433291],[1],[0],[0],[1.2820000000000036],"[""right_image""]",1,2,6,3,1
