﻿instructions.started,instructions.stopped,start_button.numClicks,start_button.timesOn,start_button.timesOff,participant,session,date,expName,psychopyVersion,OS,frameRate,practice_trial.started,practice_trial.stopped,mouse_2.x,mouse_2.y,mouse_2.leftButton,mouse_2.midButton,mouse_2.rightButton,mouse_2.time,mouse_2.clicked_name,correct,feedback.started,feedback.stopped,loop_until_correct.thisRepN,loop_until_correct.thisTrialN,loop_until_correct.thisN,loop_until_correct.thisIndex,loop_until_correct.ran,prac_trials.thisRepN,prac_trials.thisTrialN,prac_trials.thisN,prac_trials.thisIndex,prac_trials.ran,left_color,right_color,correct_response,top_txt,instructions_2.started,instructions_2.stopped,start_button_2.numClicks,start_button_2.timesOn,start_button_2.timesOff,trial.started,trial.stopped,mouse.x,mouse.y,mouse.leftButton,mouse.midButton,mouse.rightButton,mouse.time,mouse.clicked_name,trials.thisRepN,trials.thisTrialN,trials.thisN,trials.thisIndex,trials.ran,end.started,end.stopped,start_button_3.numClicks,start_button_3.timesOn,start_button_3.timesOff
0.0003,20.0996,1,[20.11179999999702],[20.11190000000596],065811,001,2025-10-30_08h54.29.975,Simon,2024.2.4,Win32,10.66098081,,,,,,,,,,,,,,,,,,,,,,,,,,,,,,,,,,,,,,,,,,,,,,,,,,
,,,,,065811,001,2025-10-30_08h54.29.975,Simon,2024.2.4,Win32,10.66098081,20.1266,25.0764,[-0.25681341719077566],[0.0020964360587002098],[1],[0],[0],[4.947199999988076],"[""left_image_2"",""left_image_2""]",1,25.0768,25.5866,0,0,0,0,1,,,,,,,,,,,,,,,,,,,,,,,,,,,,,,,,,
,,,,,065811,001,2025-10-30_08h54.29.975,Simon,2024.2.4,Win32,10.66098081,,,,,,,,,,,,,,,,,,0,0,0,0,1,images/purple_butterfly.png,images/white_butterfly.png,left_image_2,"In this example, select the LEFT butterfly.",,,,,,,,,,,,,,,,,,,,,,,,
,,,,,065811,001,2025-10-30_08h54.29.975,Simon,2024.2.4,Win32,10.66098081,25.5879,31.6838,[-0.22641509433962265],[-0.049266247379454925],[1],[0],[0],[6.094500000000004],"[""left_image_2"",""left_image_2""]",1,31.6839,32.1226,0,0,0,0,1,,,,,,,,,,,,,,,,,,,,,,,,,,,,,,,,,
,,,,,065811,001,2025-10-30_08h54.29.975,Simon,2024.2.4,Win32,10.66098081,,,,,,,,,,,,,,,,,,0,1,1,1,1,images/white_butterfly.png,images/purple_butterfly.png,left_image_2,"In this example, select the LEFT butterfly.",,,,,,,,,,,,,,,,,,,,,,,,
,,,,,065811,001,2025-10-30_08h54.29.975,Simon,2024.2.4,Win32,10.66098081,32.1237,36.5597,[-0.14255765199161424],[-0.03563941299790356],[1],[0],[0],[4.434799999997026],"[""left_image_2"",""left_image_2""]",0,36.5603,36.9917,0,0,0,0,1,,,,,,,,,,,,,,,,,,,,,,,,,,,,,,,,,
,,,,,065811,001,2025-10-30_08h54.29.975,Simon,2024.2.4,Win32,10.66098081,36.9922,43.7031,[-0.2431865828092243],[-0.025157232704402517],[1],[0],[0],[6.710300000011927],"[""left_image_2"",""left_image_2""]",0,43.7032,44.1201,1,0,1,0,1,,,,,,,,,,,,,,,,,,,,,,,,,,,,,,,,,
,,,,,065811,001,2025-10-30_08h54.29.975,Simon,2024.2.4,Win32,10.66098081,44.1204,49.8908,[0.1949685534591195],[-0.018867924528301886],[1],[0],[0],[5.769900000005961],"[""right_image_2"",""right_image_2""]",1,49.8913,50.2874,2,0,2,0,1,,,,,,,,,,,,,,,,,,,,,,,,,,,,,,,,,
,,,,,065811,001,2025-10-30_08h54.29.975,Simon,2024.2.4,Win32,10.66098081,,,,,,,,,,,,,,,,,,0,2,2,2,1,images/yellow_butterfly.png,images/white_butterfly.png,right_image_2,"In this example, select the RIGHT butterfly.",,,,,,,,,,,,,,,,,,,,,,,,
,,,,,065811,001,2025-10-30_08h54.29.975,Simon,2024.2.4,Win32,10.66098081,50.2887,51.822,[0.1949685534591195],[-0.018867924528301886],[1],[0],[0],[1.532500000000006],"[""right_image_2"",""right_image_2""]",1,51.8221,52.2342,0,0,0,0,1,,,,,,,,,,,,,,,,,,,,,,,,,,,,,,,,,
,,,,,065811,001,2025-10-30_08h54.29.975,Simon,2024.2.4,Win32,10.66098081,,,,,,,,,,,,,,,,,,0,3,3,3,1,images/white_butterfly.png,images/yellow_butterfly.png,right_image_2,"In this example, select the RIGHT butterfly.",,,,,,,,,,,,,,,,,,,,,,,,
,,,,,065811,001,2025-10-30_08h54.29.975,Simon,2024.2.4,Win32,10.66098081,,,,,,,,,,,,,,,,,,,,,,,,,,,52.2345,53.7149,1,[53.717199999988075],[53.717199999988075],,,,,,,,,,,,,,,,,,,
,,,,,065811,001,2025-10-30_08h54.29.975,Simon,2024.2.4,Win32,10.66098081,,,,,,,,,,1,57.5654,57.9784,,,,,,,,,,,images/white_butterfly.png,images/purple_butterfly.png,left_image, ,,,,,,53.7259,57.5653,[-0.23060796645702306],[0.008385744234800839],[1],[0],[0],[3.8385000000000105],"[""left_image""]",0,0,0,1,1,,,,,
,,,,,065811,001,2025-10-30_08h54.29.975,Simon,2024.2.4,Win32,10.66098081,,,,,,,,,,1,59.4647,59.8677,,,,,,,,,,,images/white_butterfly.png,images/yellow_butterfly.png,right_image, ,,,,,,57.9792,59.4647,[0.19077568134171907],[-0.04821802935010482],[1],[0],[0],[1.4850999999940342],"[""right_image""]",0,1,1,3,1,,,,,
,,,,,065811,001,2025-10-30_08h54.29.975,Simon,2024.2.4,Win32,10.66098081,,,,,,,,,,1,63.4172,63.8405,,,,,,,,,,,images/yellow_butterfly.png,images/white_butterfly.png,right_image, ,,,,,,59.8681,63.4171,[0.2620545073375262],[0.03249475890985325],[1],[0],[0],[3.548599999994039],"[""right_image""]",0,2,2,2,1,,,,,
,,,,,065811,001,2025-10-30_08h54.29.975,Simon,2024.2.4,Win32,10.66098081,,,,,,,,,,1,64.8976,65.2982,,,,,,,,,,,images/purple_butterfly.png,images/white_butterfly.png,left_image, ,,,,,,63.8411,64.8976,[-0.20020964360587],[-0.0020964360587002098],[1],[0],[0],[1.056200000002974],"[""left_image""]",0,3,3,0,1,,,,,
,,,,,065811,001,2025-10-30_08h54.29.975,Simon,2024.2.4,Win32,10.66098081,,,,,,,,,,1,66.8602,67.2585,,,,,,,,,,,images/white_butterfly.png,images/purple_butterfly.png,left_image, ,,,,,,65.2986,66.8601,[-0.16457023060796647],[0.015723270440251572],[1],[0],[0],[1.5611999999880766],"[""left_image""]",1,0,4,1,1,,,,,
,,,,,065811,001,2025-10-30_08h54.29.975,Simon,2024.2.4,Win32,10.66098081,,,,,,,,,,1,68.6023,69.0147,,,,,,,,,,,images/white_butterfly.png,images/yellow_butterfly.png,right_image, ,,,,,,67.2589,68.6023,[0.23060796645702306],[0.012578616352201259],[1],[0],[0],[1.3430000000000035],"[""right_image""]",1,1,5,3,1,,,,,
,,,,,065811,001,2025-10-30_08h54.29.975,Simon,2024.2.4,Win32,10.66098081,,,,,,,,,,1,70.2103,70.6304,,,,,,,,,,,images/yellow_butterfly.png,images/white_butterfly.png,right_image, ,,,,,,69.0152,70.2103,[0.23060796645702306],[0.011530398322851153],[1],[0],[0],[1.1947999999970307],"[""right_image""]",1,2,6,2,1,,,,,
,,,,,065811,001,2025-10-30_08h54.29.975,Simon,2024.2.4,Win32,10.66098081,,,,,,,,,,1,72.2773,72.6914,,,,,,,,,,,images/purple_butterfly.png,images/white_butterfly.png,left_image, ,,,,,,70.6309,72.2773,[-0.23165618448637318],[-0.0010482180293501049],[1],[0],[0],[1.6460999999940356],"[""left_image""]",1,3,7,0,1,,,,,
,,,,,065811,001,2025-10-30_08h54.29.975,Simon,2024.2.4,Win32,10.66098081,,,,,,,,,,1,73.7203,74.1432,,,,,,,,,,,images/white_butterfly.png,images/yellow_butterfly.png,right_image, ,,,,,,72.6918,73.7202,[0.13731656184486374],[0.006289308176100629],[1],[0],[0],[1.0280999999940406],"[""right_image""]",2,0,8,3,1,,,,,
,,,,,065811,001,2025-10-30_08h54.29.975,Simon,2024.2.4,Win32,10.66098081,,,,,,,,,,1,75.4776,75.9252,,,,,,,,,,,images/yellow_butterfly.png,images/white_butterfly.png,right_image, ,,,,,,74.1439,75.4776,[0.3008385744234801],[0.016771488469601678],[1],[0],[0],[1.3332999999970099],"[""right_image""]",2,1,9,2,1,,,,,
,,,,,065811,001,2025-10-30_08h54.29.975,Simon,2024.2.4,Win32,10.66098081,,,,,,,,,,1,82.3869,82.7569,,,,,,,,,,,images/white_butterfly.png,images/purple_butterfly.png,left_image, ,,,,,,75.9256,82.3868,[-0.1719077568134172],[0.006289308176100629],[1],[0],[0],[6.461000000000013],"[""left_image""]",2,2,10,1,1,,,,,
,,,,,065811,001,2025-10-30_08h54.29.975,Simon,2024.2.4,Win32,10.66098081,,,,,,,,,,1,84.2374,84.753,,,,,,,,,,,images/purple_butterfly.png,images/white_butterfly.png,left_image, ,,,,,,82.7573,84.2374,[-0.1761006289308176],[0.009433962264150943],[1],[0],[0],[1.4799000000059692],"[""left_image""]",2,3,11,0,1,,,,,
,,,,,065811,001,2025-10-30_08h54.29.975,Simon,2024.2.4,Win32,10.66098081,,,,,,,,,,1,86.6058,87.1301,,,,,,,,,,,images/white_butterfly.png,images/purple_butterfly.png,left_image, ,,,,,,84.7534,86.6058,[-0.18763102725366876],[-0.006289308176100629],[1],[0],[0],[1.8522000000029806],"[""left_image""]",3,0,12,1,1,,,,,
,,,,,065811,001,2025-10-30_08h54.29.975,Simon,2024.2.4,Win32,10.66098081,,,,,,,,,,1,91.2966,91.8013,,,,,,,,,,,images/purple_butterfly.png,images/white_butterfly.png,left_image, ,,,,,,87.1304,91.2966,[-0.20125786163522014],[0.013626834381551363],[1],[0],[0],[4.166000000000011],"[""left_image""]",3,1,13,0,1,,,,,
,,,,,065811,001,2025-10-30_08h54.29.975,Simon,2024.2.4,Win32,10.66098081,,,,,,,,,,1,94.7472,95.1258,,,,,,,,,,,images/white_butterfly.png,images/yellow_butterfly.png,right_image, ,,,,,,91.8016,94.7471,[0.28197064989517817],[0.010482180293501049],[1],[0],[0],[2.945299999997019],"[""right_image""]",3,2,14,3,1,,,,,
,,,,,065811,001,2025-10-30_08h54.29.975,Simon,2024.2.4,Win32,10.66098081,,,,,,,,,,1,96.6922,97.1669,,,,,,,,,,,images/yellow_butterfly.png,images/white_butterfly.png,right_image, ,,,,,,95.1263,96.6921,[0.23689727463312368],[0.023060796645702306],[1],[0],[0],[1.5655000000000001],"[""right_image""]",3,3,15,2,1,,,,,
,,,,,065811,001,2025-10-30_08h54.29.975,Simon,2024.2.4,Win32,10.66098081,,,,,,,,,,1,98.1541,98.6324,,,,,,,,,,,images/purple_butterfly.png,images/white_butterfly.png,left_image, ,,,,,,97.1673,98.1541,[-0.29245283018867924],[-0.03459119496855346],[1],[0],[0],[0.9864999999999924],"[""left_image""]",4,0,16,0,1,,,,,
,,,,,065811,001,2025-10-30_08h54.29.975,Simon,2024.2.4,Win32,10.66098081,,,,,,,,,,1,99.5284,100.0312,,,,,,,,,,,images/white_butterfly.png,images/yellow_butterfly.png,right_image, ,,,,,,98.6328,99.5284,[0.1519916142557652],[0.0041928721174004195],[1],[0],[0],[0.8954000000059636],"[""right_image""]",4,1,17,3,1,,,,,
,,,,,065811,001,2025-10-30_08h54.29.975,Simon,2024.2.4,Win32,10.66098081,,,,,,,,,,0,102.1982,102.6709,,,,,,,,,,,images/yellow_butterfly.png,images/white_butterfly.png,right_image, ,,,,,,100.0316,102.1976,[-0.16457023060796647],[-0.033542976939203356],[1],[0],[0],[2.16579999999702],"[""left_image""]",4,2,18,2,1,,,,,
,,,,,065811,001,2025-10-30_08h54.29.975,Simon,2024.2.4,Win32,10.66098081,,,,,,,,,,1,104.784,105.3151,,,,,,,,,,,images/white_butterfly.png,images/purple_butterfly.png,left_image, ,,,,,,102.6713,104.7836,[-0.14570230607966456],[-0.012578616352201259],[1],[0],[0],[2.112000000000009],"[""left_image""]",4,3,19,1,1,,,,,
,,,,,065811,001,2025-10-30_08h54.29.975,Simon,2024.2.4,Win32,10.66098081,,,,,,,,,,,,,,,,,,,,,,,,,,,,,,,,,,,,,,,,,,,,,,105.3153,107.0156,1,[107.01529999999703],[107.01529999999703]
