﻿instructions.started,instructions.stopped,start_button.numClicks,start_button.timesOn,start_button.timesOff,participant,session,date,expName,psychopyVersion,OS,frameRate,practice_trial.started,practice_trial.stopped,mouse_2.x,mouse_2.y,mouse_2.leftButton,mouse_2.midButton,mouse_2.rightButton,mouse_2.time,mouse_2.clicked_name,correct,feedback.started,feedback.stopped,loop_until_correct.thisRepN,loop_until_correct.thisTrialN,loop_until_correct.thisN,loop_until_correct.thisIndex,loop_until_correct.ran,prac_trials.thisRepN,prac_trials.thisTrialN,prac_trials.thisN,prac_trials.thisIndex,prac_trials.ran,left_color,right_color,correct_response,top_txt,instructions_2.started,instructions_2.stopped,start_button_2.numClicks,start_button_2.timesOn,start_button_2.timesOff,trial.started,trial.stopped,mouse.x,mouse.y,mouse.leftButton,mouse.midButton,mouse.rightButton,mouse.time,mouse.clicked_name,trials.thisRepN,trials.thisTrialN,trials.thisN,trials.thisIndex,trials.ran,end.started,end.stopped,start_button_3.numClicks,start_button_3.timesOn,start_button_3.timesOff
0.0005,37.1073,1,[37.12330000000447],[37.12330000000447],065913,001,2025-11-09_10h10.40.689,Simon,2024.2.4,Win32,8.006405124,,,,,,,,,,,,,,,,,,,,,,,,,,,,,,,,,,,,,,,,,,,,,,,,,,
,,,,,065913,001,2025-11-09_10h10.40.689,Simon,2024.2.4,Win32,8.006405124,37.1285,60.2327,[-0.20859538784067086],[-0.0031446540880503146],[1],[0],[0],[23.101399999998506],"[""left_image_2"",""left_image_2""]",1,60.2331,60.6165,0,0,0,0,1,,,,,,,,,,,,,,,,,,,,,,,,,,,,,,,,,
,,,,,065913,001,2025-11-09_10h10.40.689,Simon,2024.2.4,Win32,8.006405124,,,,,,,,,,,,,,,,,,0,0,0,0,1,images/purple_butterfly.png,images/white_butterfly.png,left_image_2,"In this example, select the LEFT butterfly.",,,,,,,,,,,,,,,,,,,,,,,,
,,,,,065913,001,2025-11-09_10h10.40.689,Simon,2024.2.4,Win32,8.006405124,60.6186,77.9376,[-0.19077568134171907],[-0.0010482180293501049],[1],[0],[0],[17.31759999999403],"[""left_image_2"",""left_image_2""]",1,77.9378,78.3592,0,0,0,0,1,,,,,,,,,,,,,,,,,,,,,,,,,,,,,,,,,
,,,,,065913,001,2025-11-09_10h10.40.689,Simon,2024.2.4,Win32,8.006405124,,,,,,,,,,,,,,,,,,0,1,1,1,1,images/white_butterfly.png,images/purple_butterfly.png,left_image_2,"In this example, select the LEFT butterfly.",,,,,,,,,,,,,,,,,,,,,,,,
,,,,,065913,001,2025-11-09_10h10.40.689,Simon,2024.2.4,Win32,8.006405124,78.3601,80.3831,[0.2169811320754717],[-0.018867924528301886],[1],[0],[0],[2.02189999999851],"[""right_image_2"",""right_image_2""]",1,80.3832,80.932,0,0,0,0,1,,,,,,,,,,,,,,,,,,,,,,,,,,,,,,,,,
,,,,,065913,001,2025-11-09_10h10.40.689,Simon,2024.2.4,Win32,8.006405124,,,,,,,,,,,,,,,,,,0,2,2,2,1,images/yellow_butterfly.png,images/white_butterfly.png,right_image_2,"In this example, select the RIGHT butterfly.",,,,,,,,,,,,,,,,,,,,,,,,
,,,,,065913,001,2025-11-09_10h10.40.689,Simon,2024.2.4,Win32,8.006405124,80.933,83.3191,[0.3259958071278826],[-0.01781970649895178],[1],[0],[0],[2.3854000000059585],"[""right_image_2"",""right_image_2""]",1,83.3192,83.9093,0,0,0,0,1,,,,,,,,,,,,,,,,,,,,,,,,,,,,,,,,,
,,,,,065913,001,2025-11-09_10h10.40.689,Simon,2024.2.4,Win32,8.006405124,,,,,,,,,,,,,,,,,,0,3,3,3,1,images/white_butterfly.png,images/yellow_butterfly.png,right_image_2,"In this example, select the RIGHT butterfly.",,,,,,,,,,,,,,,,,,,,,,,,
,,,,,065913,001,2025-11-09_10h10.40.689,Simon,2024.2.4,Win32,8.006405124,,,,,,,,,,,,,,,,,,,,,,,,,,,83.9095,85.6434,1,[85.64609999999404],[85.64609999999404],,,,,,,,,,,,,,,,,,,
,,,,,065913,001,2025-11-09_10h10.40.689,Simon,2024.2.4,Win32,8.006405124,,,,,,,,,,1,88.9157,89.3065,,,,,,,,,,,images/white_butterfly.png,images/yellow_butterfly.png,right_image, ,,,,,,85.6527,88.9156,[0.2641509433962264],[-0.005241090146750524],[1],[0],[0],[3.262299999997026],"[""right_image""]",0,0,0,3,1,,,,,
,,,,,065913,001,2025-11-09_10h10.40.689,Simon,2024.2.4,Win32,8.006405124,,,,,,,,,,1,91.1956,91.7035,,,,,,,,,,,images/yellow_butterfly.png,images/white_butterfly.png,right_image, ,,,,,,89.307,91.1956,[0.24842767295597484],[0.0031446540880503146],[1],[0],[0],[1.88809999999404],"[""right_image""]",0,1,1,2,1,,,,,
,,,,,065913,001,2025-11-09_10h10.40.689,Simon,2024.2.4,Win32,8.006405124,,,,,,,,,,1,93.4566,93.9616,,,,,,,,,,,images/purple_butterfly.png,images/white_butterfly.png,left_image, ,,,,,,91.7041,93.4566,[-0.2851153039832285],[0.07232704402515723],[1],[0],[0],[1.7520999999940443],"[""left_image""]",0,2,2,0,1,,,,,
,,,,,065913,001,2025-11-09_10h10.40.689,Simon,2024.2.4,Win32,8.006405124,,,,,,,,,,1,95.6897,96.1466,,,,,,,,,,,images/white_butterfly.png,images/purple_butterfly.png,left_image, ,,,,,,93.9626,95.6897,[-0.2966457023060797],[0.05870020964360587],[1],[0],[0],[1.7266000000014827],"[""left_image""]",0,3,3,1,1,,,,,
,,,,,065913,001,2025-11-09_10h10.40.689,Simon,2024.2.4,Win32,8.006405124,,,,,,,,,,1,99.8298,100.2105,,,,,,,,,,,images/purple_butterfly.png,images/white_butterfly.png,left_image, ,,,,,,96.147,99.8297,[-0.29245283018867924],[0.059748427672955975],[1],[0],[0],[3.682399999998509],"[""left_image""]",1,0,4,0,1,,,,,
,,,,,065913,001,2025-11-09_10h10.40.689,Simon,2024.2.4,Win32,8.006405124,,,,,,,,,,1,102.0885,102.4607,,,,,,,,,,,images/yellow_butterfly.png,images/white_butterfly.png,right_image, ,,,,,,100.211,102.0885,[0.2914046121593291],[0.025157232704402517],[1],[0],[0],[1.8768999999984857],"[""right_image""]",1,1,5,2,1,,,,,
,,,,,065913,001,2025-11-09_10h10.40.689,Simon,2024.2.4,Win32,8.006405124,,,,,,,,,,1,105.5836,105.9542,,,,,,,,,,,images/white_butterfly.png,images/purple_butterfly.png,left_image, ,,,,,,102.4613,105.5835,[-0.24947589098532494],[0.016771488469601678],[1],[0],[0],[3.1218000000044697],"[""left_image""]",1,2,6,1,1,,,,,
,,,,,065913,001,2025-11-09_10h10.40.689,Simon,2024.2.4,Win32,8.006405124,,,,,,,,,,1,107.8905,108.3565,,,,,,,,,,,images/white_butterfly.png,images/yellow_butterfly.png,right_image, ,,,,,,105.9546,107.8904,[0.29245283018867924],[0.006289308176100629],[1],[0],[0],[1.9356000000015001],"[""right_image""]",1,3,7,3,1,,,,,
,,,,,065913,001,2025-11-09_10h10.40.689,Simon,2024.2.4,Win32,8.006405124,,,,,,,,,,1,110.2134,110.7203,,,,,,,,,,,images/purple_butterfly.png,images/white_butterfly.png,left_image, ,,,,,,108.3569,110.2133,[-0.3113207547169811],[0.06708595387840671],[1],[0],[0],[1.8561000000015042],"[""left_image""]",2,0,8,0,1,,,,,
,,,,,065913,001,2025-11-09_10h10.40.689,Simon,2024.2.4,Win32,8.006405124,,,,,,,,,,1,112.0648,112.4924,,,,,,,,,,,images/yellow_butterfly.png,images/white_butterfly.png,right_image, ,,,,,,110.7208,112.0648,[0.26519916142557654],[0.033542976939203356],[1],[0],[0],[1.3437999999970032],"[""right_image""]",2,1,9,2,1,,,,,
,,,,,065913,001,2025-11-09_10h10.40.689,Simon,2024.2.4,Win32,8.006405124,,,,,,,,,,1,114.1136,114.6378,,,,,,,,,,,images/white_butterfly.png,images/yellow_butterfly.png,right_image, ,,,,,,112.4929,114.1136,[0.27672955974842767],[0.0440251572327044],[1],[0],[0],[1.6204999999999927],"[""right_image""]",2,2,10,3,1,,,,,
,,,,,065913,001,2025-11-09_10h10.40.689,Simon,2024.2.4,Win32,8.006405124,,,,,,,,,,1,116.1385,116.5888,,,,,,,,,,,images/white_butterfly.png,images/purple_butterfly.png,left_image, ,,,,,,114.6384,116.1385,[-0.2851153039832285],[0.0440251572327044],[1],[0],[0],[1.4989999999999952],"[""left_image""]",2,3,11,1,1,,,,,
,,,,,065913,001,2025-11-09_10h10.40.689,Simon,2024.2.4,Win32,8.006405124,,,,,,,,,,1,117.7522,118.1508,,,,,,,,,,,images/white_butterfly.png,images/purple_butterfly.png,left_image, ,,,,,,116.5892,117.7522,[-0.3270440251572327],[0.057651991614255764],[1],[0],[0],[1.1628999999985012],"[""left_image""]",3,0,12,1,1,,,,,
,,,,,065913,001,2025-11-09_10h10.40.689,Simon,2024.2.4,Win32,8.006405124,,,,,,,,,,1,119.3134,119.7506,,,,,,,,,,,images/yellow_butterfly.png,images/white_butterfly.png,right_image, ,,,,,,118.1512,119.3134,[0.2620545073375262],[-0.02620545073375262],[1],[0],[0],[1.1619000000059714],"[""right_image""]",3,1,13,2,1,,,,,
,,,,,065913,001,2025-11-09_10h10.40.689,Simon,2024.2.4,Win32,8.006405124,,,,,,,,,,1,120.9381,121.3026,,,,,,,,,,,images/purple_butterfly.png,images/white_butterfly.png,left_image, ,,,,,,119.7511,120.9381,[-0.3312368972746331],[0.07442348008385745],[1],[0],[0],[1.186799999997021],"[""left_image""]",3,2,14,0,1,,,,,
,,,,,065913,001,2025-11-09_10h10.40.689,Simon,2024.2.4,Win32,8.006405124,,,,,,,,,,1,123.1713,123.7124,,,,,,,,,,,images/white_butterfly.png,images/yellow_butterfly.png,right_image, ,,,,,,121.303,123.1712,[0.2526205450733753],[0.008385744234800839],[1],[0],[0],[1.867999999999995],"[""right_image""]",3,3,15,3,1,,,,,
,,,,,065913,001,2025-11-09_10h10.40.689,Simon,2024.2.4,Win32,8.006405124,,,,,,,,,,1,124.3373,124.8133,,,,,,,,,,,images/white_butterfly.png,images/yellow_butterfly.png,right_image, ,,,,,,123.7128,124.3373,[0.25366876310272535],[0.008385744234800839],[1],[0],[0],[0.6243999999985022],"[""right_image""]",4,0,16,3,1,,,,,
,,,,,065913,001,2025-11-09_10h10.40.689,Simon,2024.2.4,Win32,8.006405124,,,,,,,,,,1,125.8992,126.4166,,,,,,,,,,,images/white_butterfly.png,images/purple_butterfly.png,left_image, ,,,,,,124.8137,125.8991,[-0.2641509433962264],[0.03773584905660377],[1],[0],[0],[1.085199999995524],"[""left_image""]",4,1,17,1,1,,,,,
,,,,,065913,001,2025-11-09_10h10.40.689,Simon,2024.2.4,Win32,8.006405124,,,,,,,,,,1,127.4921,128.0009,,,,,,,,,,,images/yellow_butterfly.png,images/white_butterfly.png,right_image, ,,,,,,126.4171,127.4921,[0.29245283018867924],[0.0041928721174004195],[1],[0],[0],[1.0747999999969977],"[""right_image""]",4,2,18,2,1,,,,,
,,,,,065913,001,2025-11-09_10h10.40.689,Simon,2024.2.4,Win32,8.006405124,,,,,,,,,,1,129.4316,129.868,,,,,,,,,,,images/purple_butterfly.png,images/white_butterfly.png,left_image, ,,,,,,128.0013,129.4316,[-0.32914046121593293],[0.0649895178197065],[1],[0],[0],[1.4300999999940416],"[""left_image""]",4,3,19,0,1,,,,,
,,,,,065913,001,2025-11-09_10h10.40.689,Simon,2024.2.4,Win32,8.006405124,,,,,,,,,,,,,,,,,,,,,,,,,,,,,,,,,,,,,,,,,,,,,,129.8682,132.4213,1,[132.4211000000015],[132.4211000000015]
