﻿instructions.started,instructions.stopped,start_button.numClicks,start_button.timesOn,start_button.timesOff,participant,session,date,expName,psychopyVersion,OS,frameRate,practice_trial.started,practice_trial.stopped,mouse_2.x,mouse_2.y,mouse_2.leftButton,mouse_2.midButton,mouse_2.rightButton,mouse_2.time,mouse_2.clicked_name,correct,feedback.started,feedback.stopped,loop_until_correct.thisRepN,loop_until_correct.thisTrialN,loop_until_correct.thisN,loop_until_correct.thisIndex,loop_until_correct.ran,prac_trials.thisRepN,prac_trials.thisTrialN,prac_trials.thisN,prac_trials.thisIndex,prac_trials.ran,left_color,right_color,correct_response,top_txt,instructions_2.started,instructions_2.stopped,start_button_2.numClicks,start_button_2.timesOn,start_button_2.timesOff,trial.started,trial.stopped,mouse.x,mouse.y,mouse.leftButton,mouse.midButton,mouse.rightButton,mouse.time,mouse.clicked_name,trials.thisRepN,trials.thisTrialN,trials.thisN,trials.thisIndex,trials.ran,end.started,end.stopped,start_button_3.numClicks,start_button_3.timesOn,start_button_3.timesOff
0.0003,7.3741,1,[7.40010000014305],[7.40010000014305],067814,001,2025-10-13_12h08.43.065,Simon,2024.2.4,Win32,47.39336493,,,,,,,,,,,,,,,,,,,,,,,,,,,,,,,,,,,,,,,,,,,,,,,,,,
,,,,,067814,001,2025-10-13_12h08.43.065,Simon,2024.2.4,Win32,47.39336493,7.4008,12.6557,[-0.1537242472266244],[-0.00792393026941363],[1],[0],[0],[5.25239999985695],"[""left_image_2"",""left_image_2""]",1,12.6569,13.1557,0,0,0,0,1,,,,,,,,,,,,,,,,,,,,,,,,,,,,,,,,,
,,,,,067814,001,2025-10-13_12h08.43.065,Simon,2024.2.4,Win32,47.39336493,,,,,,,,,,,,,,,,,,0,0,0,0,1,images/purple_butterfly.png,images/white_butterfly.png,left_image_2,"In this example, select the LEFT butterfly.",,,,,,,,,,,,,,,,,,,,,,,,
,,,,,067814,001,2025-10-13_12h08.43.065,Simon,2024.2.4,Win32,47.39336493,13.1585,15.6972,[-0.17670364500792393],[-0.030903328050713153],[1],[0],[0],[2.5361000001430547],"[""left_image_2"",""left_image_2""]",1,15.6974,16.1961,0,0,0,0,1,,,,,,,,,,,,,,,,,,,,,,,,,,,,,,,,,
,,,,,067814,001,2025-10-13_12h08.43.065,Simon,2024.2.4,Win32,47.39336493,,,,,,,,,,,,,,,,,,0,1,1,1,1,images/white_butterfly.png,images/purple_butterfly.png,left_image_2,"In this example, select the LEFT butterfly.",,,,,,,,,,,,,,,,,,,,,,,,
,,,,,067814,001,2025-10-13_12h08.43.065,Simon,2024.2.4,Win32,47.39336493,16.1982,17.9259,[0.1664025356576862],[-0.025356576862123614],[1],[0],[0],[1.7250000000000014],"[""right_image_2"",""right_image_2""]",1,17.9262,18.4255,0,0,0,0,1,,,,,,,,,,,,,,,,,,,,,,,,,,,,,,,,,
,,,,,067814,001,2025-10-13_12h08.43.065,Simon,2024.2.4,Win32,47.39336493,,,,,,,,,,,,,,,,,,0,2,2,2,1,images/yellow_butterfly.png,images/white_butterfly.png,right_image_2,"In this example, select the RIGHT butterfly.",,,,,,,,,,,,,,,,,,,,,,,,
,,,,,067814,001,2025-10-13_12h08.43.065,Simon,2024.2.4,Win32,47.39336493,18.4279,22.7391,[0.19413629160063392],[-0.02694136291600634],[1],[0],[0],[4.309100000143051],"[""right_image_2"",""right_image_2""]",1,22.7395,23.2376,0,0,0,0,1,,,,,,,,,,,,,,,,,,,,,,,,,,,,,,,,,
,,,,,067814,001,2025-10-13_12h08.43.065,Simon,2024.2.4,Win32,47.39336493,,,,,,,,,,,,,,,,,,0,3,3,3,1,images/white_butterfly.png,images/yellow_butterfly.png,right_image_2,"In this example, select the RIGHT butterfly.",,,,,,,,,,,,,,,,,,,,,,,,
,,,,,067814,001,2025-10-13_12h08.43.065,Simon,2024.2.4,Win32,47.39336493,,,,,,,,,,,,,,,,,,,,,,,,,,,23.2385,26.1556,1,[26.158699999809265],[26.158699999809265],,,,,,,,,,,,,,,,,,,
,,,,,067814,001,2025-10-13_12h08.43.065,Simon,2024.2.4,Win32,47.39336493,,,,,,,,,,1,27.739,28.2382,,,,,,,,,,,images/white_butterfly.png,images/yellow_butterfly.png,right_image, ,,,,,,26.1715,27.7389,[0.18462757527733756],[-0.009508716323296355],[1],[0],[0],[1.5663000001907363],"[""right_image""]",0,0,0,3,1,,,,,
,,,,,067814,001,2025-10-13_12h08.43.065,Simon,2024.2.4,Win32,47.39336493,,,,,,,,,,1,29.5306,30.0299,,,,,,,,,,,images/white_butterfly.png,images/purple_butterfly.png,left_image, ,,,,,,28.2401,29.5306,[-0.25277337559429475],[-0.012678288431061807],[1],[0],[0],[1.289400000095366],"[""left_image""]",0,1,1,1,1,,,,,
,,,,,067814,001,2025-10-13_12h08.43.065,Simon,2024.2.4,Win32,47.39336493,,,,,,,,,,1,31.5507,32.0507,,,,,,,,,,,images/purple_butterfly.png,images/white_butterfly.png,left_image, ,,,,,,30.0315,31.5505,[-0.15847860538827258],[-0.011885895404120444],[1],[0],[0],[1.5177000000476824],"[""left_image""]",0,2,2,0,1,,,,,
,,,,,067814,001,2025-10-13_12h08.43.065,Simon,2024.2.4,Win32,47.39336493,,,,,,,,,,1,33.1138,33.613,,,,,,,,,,,images/yellow_butterfly.png,images/white_butterfly.png,right_image, ,,,,,,32.0521,33.1137,[0.1624405705229794],[0.003169572107765452],[1],[0],[0],[1.0605999999046318],"[""right_image""]",0,3,3,2,1,,,,,
,,,,,067814,001,2025-10-13_12h08.43.065,Simon,2024.2.4,Win32,47.39336493,,,,,,,,,,1,35.7179,36.2173,,,,,,,,,,,images/purple_butterfly.png,images/white_butterfly.png,left_image, ,,,,,,33.6142,35.7179,[-0.18304278922345482],[0.00792393026941363],[1],[0],[0],[2.1030000000000015],"[""left_image""]",1,0,4,0,1,,,,,
,,,,,067814,001,2025-10-13_12h08.43.065,Simon,2024.2.4,Win32,47.39336493,,,,,,,,,,1,37.1547,37.655,,,,,,,,,,,images/yellow_butterfly.png,images/white_butterfly.png,right_image, ,,,,,,36.2191,37.1546,[0.2218700475435816],[0.020602218700475437],[1],[0],[0],[0.9347000000476839],"[""right_image""]",1,1,5,2,1,,,,,
,,,,,067814,001,2025-10-13_12h08.43.065,Simon,2024.2.4,Win32,47.39336493,,,,,,,,,,1,38.5306,39.0298,,,,,,,,,,,images/white_butterfly.png,images/purple_butterfly.png,left_image, ,,,,,,37.656,38.5304,[-0.24643423137876386],[-0.000792393026941363],[1],[0],[0],[0.8732999999523159],"[""left_image""]",1,2,6,1,1,,,,,
,,,,,067814,001,2025-10-13_12h08.43.065,Simon,2024.2.4,Win32,47.39336493,,,,,,,,,,1,39.863,40.363,,,,,,,,,,,images/white_butterfly.png,images/yellow_butterfly.png,right_image, ,,,,,,39.0316,39.8629,[0.1473851030110935],[-0.003169572107765452],[1],[0],[0],[0.8307000000476847],"[""right_image""]",1,3,7,3,1,,,,,
,,,,,067814,001,2025-10-13_12h08.43.065,Simon,2024.2.4,Win32,47.39336493,,,,,,,,,,1,41.2173,41.7176,,,,,,,,,,,images/white_butterfly.png,images/purple_butterfly.png,left_image, ,,,,,,40.3641,41.2172,[-0.1600633914421553],[-0.006339144215530904],[1],[0],[0],[0.8526000001430489],"[""left_image""]",2,0,8,1,1,,,,,
,,,,,067814,001,2025-10-13_12h08.43.065,Simon,2024.2.4,Win32,47.39336493,,,,,,,,,,1,42.5508,43.0506,,,,,,,,,,,images/yellow_butterfly.png,images/white_butterfly.png,right_image, ,,,,,,41.7193,42.5507,[0.17591125198098256],[0.000792393026941363],[1],[0],[0],[0.830599999904635],"[""right_image""]",2,1,9,2,1,,,,,
,,,,,067814,001,2025-10-13_12h08.43.065,Simon,2024.2.4,Win32,47.39336493,,,,,,,,,,1,44.2392,44.7382,,,,,,,,,,,images/white_butterfly.png,images/yellow_butterfly.png,right_image, ,,,,,,43.052,44.2392,[0.2202852614896989],[-0.005546751188589541],[1],[0],[0],[1.186400000095368],"[""right_image""]",2,2,10,3,1,,,,,
,,,,,067814,001,2025-10-13_12h08.43.065,Simon,2024.2.4,Win32,47.39336493,,,,,,,,,,1,45.8213,46.3212,,,,,,,,,,,images/purple_butterfly.png,images/white_butterfly.png,left_image, ,,,,,,44.7391,45.8212,[-0.15451664025356576],[0.008716323296354992],[1],[0],[0],[1.0812999999523143],"[""left_image""]",2,3,11,0,1,,,,,
,,,,,067814,001,2025-10-13_12h08.43.065,Simon,2024.2.4,Win32,47.39336493,,,,,,,,,,1,47.0088,47.5093,,,,,,,,,,,images/yellow_butterfly.png,images/white_butterfly.png,right_image, ,,,,,,46.3223,47.0086,[0.20285261489698891],[0.000792393026941363],[1],[0],[0],[0.6855999999046318],"[""right_image""]",3,0,12,2,1,,,,,
,,,,,067814,001,2025-10-13_12h08.43.065,Simon,2024.2.4,Win32,47.39336493,,,,,,,,,,1,48.3431,48.8487,,,,,,,,,,,images/purple_butterfly.png,images/white_butterfly.png,left_image, ,,,,,,47.5106,48.343,[-0.16561014263074486],[0.001584786053882726],[1],[0],[0],[0.8319999999999936],"[""left_image""]",3,1,13,0,1,,,,,
,,,,,067814,001,2025-10-13_12h08.43.065,Simon,2024.2.4,Win32,47.39336493,,,,,,,,,,1,49.4886,49.9881,,,,,,,,,,,images/white_butterfly.png,images/yellow_butterfly.png,right_image, ,,,,,,48.8498,49.4885,[0.21236133122028525],[-0.0071315372424722665],[1],[0],[0],[0.638100000143055],"[""right_image""]",3,2,14,3,1,,,,,
,,,,,067814,001,2025-10-13_12h08.43.065,Simon,2024.2.4,Win32,47.39336493,,,,,,,,,,1,51.0497,51.5506,,,,,,,,,,,images/white_butterfly.png,images/purple_butterfly.png,left_image, ,,,,,,49.9893,51.0496,[-0.2559429477020602],[0.01347068145800317],[1],[0],[0],[1.0597999999523111],"[""left_image""]",3,3,15,1,1,,,,,
,,,,,067814,001,2025-10-13_12h08.43.065,Simon,2024.2.4,Win32,47.39336493,,,,,,,,,,1,52.2591,52.7586,,,,,,,,,,,images/purple_butterfly.png,images/white_butterfly.png,left_image, ,,,,,,51.5517,52.2591,[-0.14976228209191758],[0.03724247226624406],[1],[0],[0],[0.7067000000476824],"[""left_image""]",4,0,16,0,1,,,,,
,,,,,067814,001,2025-10-13_12h08.43.065,Simon,2024.2.4,Win32,47.39336493,,,,,,,,,,1,53.4051,53.9049,,,,,,,,,,,images/yellow_butterfly.png,images/white_butterfly.png,right_image, ,,,,,,52.76,53.405,[0.20206022187004755],[0.018225039619651346],[1],[0],[0],[0.6444000000953665],"[""right_image""]",4,1,17,2,1,,,,,
,,,,,067814,001,2025-10-13_12h08.43.065,Simon,2024.2.4,Win32,47.39336493,,,,,,,,,,1,54.655,55.1548,,,,,,,,,,,images/white_butterfly.png,images/purple_butterfly.png,left_image, ,,,,,,53.9062,54.6547,[-0.21553090332805072],[0.005546751188589541],[1],[0],[0],[0.7477000000476863],"[""left_image""]",4,2,18,1,1,,,,,
,,,,,067814,001,2025-10-13_12h08.43.065,Simon,2024.2.4,Win32,47.39336493,,,,,,,,,,1,55.747,56.2456,,,,,,,,,,,images/white_butterfly.png,images/yellow_butterfly.png,right_image, ,,,,,,55.156,55.747,[0.17115689381933438],[0.00792393026941363],[1],[0],[0],[0.5904000000953644],"[""right_image""]",4,3,19,3,1,,,,,
,,,,,067814,001,2025-10-13_12h08.43.065,Simon,2024.2.4,Win32,47.39336493,,,,,,,,,,,,,,,,,,,,,,,,,,,,,,,,,,,,,,,,,,,,,,56.2461,57.5098,1,[57.50880000019073],[57.50880000019073]
