﻿instructions.started,instructions.stopped,start_button.numClicks,start_button.timesOn,start_button.timesOff,participant,session,date,expName,psychopyVersion,OS,frameRate,practice_trial.started,practice_trial.stopped,mouse_2.x,mouse_2.y,mouse_2.leftButton,mouse_2.midButton,mouse_2.rightButton,mouse_2.time,mouse_2.clicked_name,correct,feedback.started,feedback.stopped,loop_until_correct.thisRepN,loop_until_correct.thisTrialN,loop_until_correct.thisN,loop_until_correct.thisIndex,loop_until_correct.ran,prac_trials.thisRepN,prac_trials.thisTrialN,prac_trials.thisN,prac_trials.thisIndex,prac_trials.ran,left_color,right_color,correct_response,top_txt,instructions_2.started,instructions_2.stopped,start_button_2.numClicks,start_button_2.timesOn,start_button_2.timesOff,trial.started,trial.stopped,mouse.x,mouse.y,mouse.leftButton,mouse.midButton,mouse.rightButton,mouse.time,mouse.clicked_name,trials.thisRepN,trials.thisTrialN,trials.thisN,trials.thisIndex,trials.ran,end.started,end.stopped,start_button_3.numClicks,start_button_3.timesOn,start_button_3.timesOff
0.0004,3.9319,1,[3.950799999952317],[3.950799999952317],068254,001,2026-01-30_16h50.59.277,Simon,2024.2.4,Win32,59.52380952,,,,,,,,,,,,,,,,,,,,,,,,,,,,,,,,,,,,,,,,,,,,,,,,,,
,,,,,068254,001,2026-01-30_16h50.59.277,Simon,2024.2.4,Win32,59.52380952,3.9557,5.2087,[-0.17390492870441257],[-0.08240534521158129],[1],[0],[0],[1.250700000047683],"[""left_image_2"",""left_image_2""]",1,5.2092,5.6969,0,0,0,0,1,,,,,,,,,,,,,,,,,,,,,,,,,,,,,,,,,
,,,,,068254,001,2026-01-30_16h50.59.277,Simon,2024.2.4,Win32,59.52380952,,,,,,,,,,,,,,,,,,0,0,0,0,1,images/purple_butterfly.png,images/white_butterfly.png,left_image_2,"In this example, select the LEFT butterfly.",,,,,,,,,,,,,,,,,,,,,,,,
,,,,,068254,001,2026-01-30_16h50.59.277,Simon,2024.2.4,Win32,59.52380952,5.6994,7.0761,[0.10820343765224805],[-0.018559785091000834],[1],[0],[0],[1.373700000047684],"[""right_image_2"",""right_image_2""]",0,7.0782,7.5757,0,0,0,0,1,,,,,,,,,,,,,,,,,,,,,,,,,,,,,,,,,
,,,,,068254,001,2026-01-30_16h50.59.277,Simon,2024.2.4,Win32,59.52380952,7.5771,8.9586,[0.10820343765224805],[-0.018559785091000834],[1],[0],[0],[1.3803999999761576],"[""right_image_2"",""right_image_2""]",0,8.9591,9.458,1,0,1,0,1,,,,,,,,,,,,,,,,,,,,,,,,,,,,,,,,,
,,,,,068254,001,2026-01-30_16h50.59.277,Simon,2024.2.4,Win32,59.52380952,9.4585,10.6082,[-0.18949512914984687],[0.022271714922048998],[1],[0],[0],[1.1492999999523157],"[""left_image_2"",""left_image_2""]",1,10.6088,11.1083,2,0,2,0,1,,,,,,,,,,,,,,,,,,,,,,,,,,,,,,,,,
,,,,,068254,001,2026-01-30_16h50.59.277,Simon,2024.2.4,Win32,59.52380952,,,,,,,,,,,,,,,,,,0,1,1,1,1,images/white_butterfly.png,images/purple_butterfly.png,left_image_2,"In this example, select the LEFT butterfly.",,,,,,,,,,,,,,,,,,,,,,,,
,,,,,068254,001,2026-01-30_16h50.59.277,Simon,2024.2.4,Win32,59.52380952,11.1118,14.4475,[0.07702303676137945],[0.02152930176868736],[1],[0],[0],[3.3333999999761605],"[""right_image_2"",""right_image_2""]",1,14.4477,14.9421,0,0,0,0,1,,,,,,,,,,,,,,,,,,,,,,,,,,,,,,,,,
,,,,,068254,001,2026-01-30_16h50.59.277,Simon,2024.2.4,Win32,59.52380952,,,,,,,,,,,,,,,,,,0,2,2,2,1,images/yellow_butterfly.png,images/white_butterfly.png,right_image_2,"In this example, select the RIGHT butterfly.",,,,,,,,,,,,,,,,,,,,,,,,
,,,,,068254,001,2026-01-30_16h50.59.277,Simon,2024.2.4,Win32,59.52380952,14.9469,16.4911,[0.07702303676137945],[0.02152930176868736],[1],[0],[0],[1.5428999999761572],"[""right_image_2"",""right_image_2""]",1,16.4913,16.9915,0,0,0,0,1,,,,,,,,,,,,,,,,,,,,,,,,,,,,,,,,,
,,,,,068254,001,2026-01-30_16h50.59.277,Simon,2024.2.4,Win32,59.52380952,,,,,,,,,,,,,,,,,,0,3,3,3,1,images/white_butterfly.png,images/yellow_butterfly.png,right_image_2,"In this example, select the RIGHT butterfly.",,,,,,,,,,,,,,,,,,,,,,,,
,,,,,068254,001,2026-01-30_16h50.59.277,Simon,2024.2.4,Win32,59.52380952,,,,,,,,,,,,,,,,,,,,,,,,,,,16.9919,19.6149,1,[19.617299999952316],[19.617299999952316],,,,,,,,,,,,,,,,,,,
,,,,,068254,001,2026-01-30_16h50.59.277,Simon,2024.2.4,Win32,59.52380952,,,,,,,,,,1,22.3583,22.8575,,,,,,,,,,,images/white_butterfly.png,images/yellow_butterfly.png,right_image, ,,,,,,19.6204,22.3581,[0.13938383854311664],[-0.02375654122877227],[1],[0],[0],[2.7369999999999983],"[""right_image""]",0,0,0,3,1,,,,,
,,,,,068254,001,2026-01-30_16h50.59.277,Simon,2024.2.4,Win32,59.52380952,,,,,,,,,,0,24.4591,24.9465,,,,,,,,,,,images/purple_butterfly.png,images/white_butterfly.png,left_image, ,,,,,,22.8583,24.4577,[0.15868596881959912],[-0.018559785091000834],[1],[0],[0],[1.5987999999523161],"[""right_image""]",0,1,1,0,1,,,,,
,,,,,068254,001,2026-01-30_16h50.59.277,Simon,2024.2.4,Win32,59.52380952,,,,,,,,,,0,26.2073,26.6977,,,,,,,,,,,images/yellow_butterfly.png,images/white_butterfly.png,right_image, ,,,,,,24.9471,26.2072,[-0.10708978393826558],[0.027468403091940423],[1],[0],[0],[1.2597999999523175],"[""left_image""]",0,2,2,2,1,,,,,
,,,,,068254,001,2026-01-30_16h50.59.277,Simon,2024.2.4,Win32,59.52380952,,,,,,,,,,1,28.0743,28.5738,,,,,,,,,,,images/white_butterfly.png,images/purple_butterfly.png,left_image, ,,,,,,26.6986,28.0737,[-0.14420935412026725],[0.019302130276482463],[1],[0],[0],[1.3747000000476817],"[""left_image""]",0,3,3,1,1,,,,,
,,,,,068254,001,2026-01-30_16h50.59.277,Simon,2024.2.4,Win32,59.52380952,,,,,,,,,,1,30.0413,30.5403,,,,,,,,,,,images/white_butterfly.png,images/purple_butterfly.png,left_image, ,,,,,,28.5744,30.0412,[-0.13604301333692928],[0.023014060107530623],[1],[0],[0],[1.4667000000476875],"[""left_image""]",1,0,4,1,1,,,,,
,,,,,068254,001,2026-01-30_16h50.59.277,Simon,2024.2.4,Win32,59.52380952,,,,,,,,,,1,31.907,32.4071,,,,,,,,,,,images/yellow_butterfly.png,images/white_butterfly.png,right_image, ,,,,,,30.5408,31.9069,[0.12750556792873052],[0.0334075723830735],[1],[0],[0],[1.3657000000476813],"[""right_image""]",1,1,5,2,1,,,,,
,,,,,068254,001,2026-01-30_16h50.59.277,Simon,2024.2.4,Win32,59.52380952,,,,,,,,,,1,33.4073,33.907,,,,,,,,,,,images/purple_butterfly.png,images/white_butterfly.png,left_image, ,,,,,,32.4078,33.4073,[-0.13752783964365256],[0.025241231599735525],[1],[0],[0],[0.9991000000238444],"[""left_image""]",1,2,6,0,1,,,,,
,,,,,068254,001,2026-01-30_16h50.59.277,Simon,2024.2.4,Win32,59.52380952,,,,,,,,,,1,34.9637,35.4573,,,,,,,,,,,images/white_butterfly.png,images/yellow_butterfly.png,right_image, ,,,,,,33.908,34.9636,[0.09706758019122355],[0.013363028953229399],[1],[0],[0],[1.05539999997616],"[""right_image""]",1,3,7,3,1,,,,,
,,,,,068254,001,2026-01-30_16h50.59.277,Simon,2024.2.4,Win32,59.52380952,,,,,,,,,,0,36.1907,36.6902,,,,,,,,,,,images/yellow_butterfly.png,images/white_butterfly.png,right_image, ,,,,,,35.4589,36.1901,[-0.11971046770601336],[0.03414991756855512],[1],[0],[0],[0.7302999999523152],"[""left_image""]",2,0,8,2,1,,,,,
,,,,,068254,001,2026-01-30_16h50.59.277,Simon,2024.2.4,Win32,59.52380952,,,,,,,,,,1,37.9581,38.4569,,,,,,,,,,,images/white_butterfly.png,images/purple_butterfly.png,left_image, ,,,,,,36.6908,37.957,[-0.11080178173719377],[0.03489233072191676],[1],[0],[0],[1.2657999999523142],"[""left_image""]",2,1,9,1,1,,,,,
,,,,,068254,001,2026-01-30_16h50.59.277,Simon,2024.2.4,Win32,59.52380952,,,,,,,,,,1,40.4071,40.907,,,,,,,,,,,images/white_butterfly.png,images/yellow_butterfly.png,right_image, ,,,,,,38.4576,40.4071,[0.09409799554565701],[-0.0022271714922048997],[1],[0],[0],[1.9491999999284744],"[""right_image""]",2,2,10,3,1,,,,,
,,,,,068254,001,2026-01-30_16h50.59.277,Simon,2024.2.4,Win32,59.52380952,,,,,,,,,,1,42.0233,42.5234,,,,,,,,,,,images/purple_butterfly.png,images/white_butterfly.png,left_image, ,,,,,,40.9115,42.0232,[-0.14792128395131543],[0.03043798773750696],[1],[0],[0],[1.1111000000238391],"[""left_image""]",2,3,11,0,1,,,,,
,,,,,068254,001,2026-01-30_16h50.59.277,Simon,2024.2.4,Win32,59.52380952,,,,,,,,,,1,43.9564,44.4564,,,,,,,,,,,images/white_butterfly.png,images/yellow_butterfly.png,right_image, ,,,,,,42.5251,43.9563,[0.13344473721986358],[0.018559717123120822],[1],[0],[0],[1.4309000000953702],"[""right_image""]",3,0,12,3,1,,,,,
,,,,,068254,001,2026-01-30_16h50.59.277,Simon,2024.2.4,Win32,59.52380952,,,,,,,,,,0,45.1413,45.6397,,,,,,,,,,,images/yellow_butterfly.png,images/white_butterfly.png,right_image, ,,,,,,44.4573,45.1397,[-0.11451371156824193],[0.025241231599735525],[1],[0],[0],[0.6818999999761601],"[""left_image""]",3,1,13,2,1,,,,,
,,,,,068254,001,2026-01-30_16h50.59.277,Simon,2024.2.4,Win32,59.52380952,,,,,,,,,,1,46.8232,47.323,,,,,,,,,,,images/white_butterfly.png,images/purple_butterfly.png,left_image, ,,,,,,45.6405,46.8228,[-0.12193763919821826],[0.03043798773750696],[1],[0],[0],[1.1818000000715259],"[""left_image""]",3,2,14,1,1,,,,,
,,,,,068254,001,2026-01-30_16h50.59.277,Simon,2024.2.4,Win32,59.52380952,,,,,,,,,,1,48.3398,48.8395,,,,,,,,,,,images/purple_butterfly.png,images/white_butterfly.png,left_image, ,,,,,,47.3235,48.3398,[-0.09372675498503619],[0.04751294652178452],[1],[0],[0],[1.0158999999761562],"[""left_image""]",3,3,15,0,1,,,,,
,,,,,068254,001,2026-01-30_16h50.59.277,Simon,2024.2.4,Win32,59.52380952,,,,,,,,,,0,49.7567,50.256,,,,,,,,,,,images/yellow_butterfly.png,images/white_butterfly.png,right_image, ,,,,,,48.8402,49.7562,[-0.12564956902926644],[0.06310314696721882],[1],[0],[0],[0.9157000000476785],"[""left_image""]",4,0,16,2,1,,,,,
,,,,,068254,001,2026-01-30_16h50.59.277,Simon,2024.2.4,Win32,59.52380952,,,,,,,,,,1,51.3238,51.8226,,,,,,,,,,,images/white_butterfly.png,images/purple_butterfly.png,left_image, ,,,,,,50.2568,51.323,[-0.12564956902926644],[0.06310314696721882],[1],[0],[0],[1.0657999999523113],"[""left_image""]",4,1,17,1,1,,,,,
,,,,,068254,001,2026-01-30_16h50.59.277,Simon,2024.2.4,Win32,59.52380952,,,,,,,,,,1,53.2061,53.7059,,,,,,,,,,,images/purple_butterfly.png,images/white_butterfly.png,left_image, ,,,,,,51.8232,53.206,[-0.12564956902926644],[0.06310314696721882],[1],[0],[0],[1.3826000000238423],"[""left_image""]",4,2,18,0,1,,,,,
,,,,,068254,001,2026-01-30_16h50.59.277,Simon,2024.2.4,Win32,59.52380952,,,,,,,,,,1,55.2891,55.7892,,,,,,,,,,,images/white_butterfly.png,images/yellow_butterfly.png,right_image, ,,,,,,53.7068,55.2891,[0.13047515257429704],[0.043801016690736355],[1],[0],[0],[1.5817999999523167],"[""right_image""]",4,3,19,3,1,,,,,
,,,,,068254,001,2026-01-30_16h50.59.277,Simon,2024.2.4,Win32,59.52380952,,,,,,,,,,,,,,,,,,,,,,,,,,,,,,,,,,,,,,,,,,,,,,55.7894,57.1893,1,[57.18910000002384],[57.18910000002384]
