﻿instructions.started,instructions.stopped,start_button.numClicks,start_button.timesOn,start_button.timesOff,participant,session,date,expName,psychopyVersion,OS,frameRate,practice_trial.started,practice_trial.stopped,mouse_2.x,mouse_2.y,mouse_2.leftButton,mouse_2.midButton,mouse_2.rightButton,mouse_2.time,mouse_2.clicked_name,correct,feedback.started,feedback.stopped,loop_until_correct.thisRepN,loop_until_correct.thisTrialN,loop_until_correct.thisN,loop_until_correct.thisIndex,loop_until_correct.ran,prac_trials.thisRepN,prac_trials.thisTrialN,prac_trials.thisN,prac_trials.thisIndex,prac_trials.ran,left_color,right_color,correct_response,top_txt,instructions_2.started,instructions_2.stopped,start_button_2.numClicks,start_button_2.timesOn,start_button_2.timesOff,trial.started,trial.stopped,mouse.x,mouse.y,mouse.leftButton,mouse.midButton,mouse.rightButton,mouse.time,mouse.clicked_name,trials.thisRepN,trials.thisTrialN,trials.thisN,trials.thisIndex,trials.ran,end.started,end.stopped,start_button_3.numClicks,start_button_3.timesOn,start_button_3.timesOff
0.0009,19.8248,1,[19.8605],[19.8605],068238,001,2026-01-28_10h23.23.100,Simon,2024.2.4,Linux armv81,90.09009009,,,,,,,,,,,,,,,,,,,,,,,,,,,,,,,,,,,,,,,,,,,,,,,,,,
,,,,,068238,001,2026-01-28_10h23.23.100,Simon,2024.2.4,Linux armv81,90.09009009,19.8614,22.0221,[-0.2221407624633431],[-0.05784486116202346],[1],[0],[0],[2.1544999999999987],"[""left_image_2"",""left_image_2""]",1,22.0234,22.5211,0,0,0,0,1,,,,,,,,,,,,,,,,,,,,,,,,,,,,,,,,,
,,,,,068238,001,2026-01-28_10h23.23.100,Simon,2024.2.4,Linux armv81,90.09009009,,,,,,,,,,,,,,,,,,0,0,0,0,1,images/purple_butterfly.png,images/white_butterfly.png,left_image_2,"In this example, select the LEFT butterfly.",,,,,,,,,,,,,,,,,,,,,,,,
,,,,,068238,001,2026-01-28_10h23.23.100,Simon,2024.2.4,Linux armv81,90.09009009,22.525,23.2711,[-0.1906158357771261],[-0.0937686148277126],[1],[0],[0],[0.7428000000119219],"[""left_image_2"",""left_image_2""]",1,23.2712,23.7692,0,0,0,0,1,,,,,,,,,,,,,,,,,,,,,,,,,,,,,,,,,
,,,,,068238,001,2026-01-28_10h23.23.100,Simon,2024.2.4,Linux armv81,90.09009009,,,,,,,,,,,,,,,,,,0,1,1,1,1,images/white_butterfly.png,images/purple_butterfly.png,left_image_2,"In this example, select the LEFT butterfly.",,,,,,,,,,,,,,,,,,,,,,,,
,,,,,068238,001,2026-01-28_10h23.23.100,Simon,2024.2.4,Linux armv81,90.09009009,23.7778,24.4617,[0.12096774193548387],[0.027932264937683284],[1],[0],[0],[0.6804000000059602],"[""right_image_2"",""right_image_2""]",1,24.4619,24.9553,0,0,0,0,1,,,,,,,,,,,,,,,,,,,,,,,,,,,,,,,,,
,,,,,068238,001,2026-01-28_10h23.23.100,Simon,2024.2.4,Linux armv81,90.09009009,,,,,,,,,,,,,,,,,,0,2,2,2,1,images/yellow_butterfly.png,images/white_butterfly.png,right_image_2,"In this example, select the RIGHT butterfly.",,,,,,,,,,,,,,,,,,,,,,,,
,,,,,068238,001,2026-01-28_10h23.23.100,Simon,2024.2.4,Linux armv81,90.09009009,24.9584,25.5964,[0.12756598240469208],[-0.04611465588343108],[1],[0],[0],[0.635800000011919],"[""right_image_2"",""right_image_2""]",1,25.5966,26.0934,0,0,0,0,1,,,,,,,,,,,,,,,,,,,,,,,,,,,,,,,,,
,,,,,068238,001,2026-01-28_10h23.23.100,Simon,2024.2.4,Linux armv81,90.09009009,,,,,,,,,,,,,,,,,,0,3,3,3,1,images/white_butterfly.png,images/yellow_butterfly.png,right_image_2,"In this example, select the RIGHT butterfly.",,,,,,,,,,,,,,,,,,,,,,,,
,,,,,068238,001,2026-01-28_10h23.23.100,Simon,2024.2.4,Linux armv81,90.09009009,,,,,,,,,,,,,,,,,,,,,,,,,,,26.0942,32.9047,1,[32.913500000000006],[32.913500000000006],,,,,,,,,,,,,,,,,,,
,,,,,068238,001,2026-01-28_10h23.23.100,Simon,2024.2.4,Linux armv81,90.09009009,,,,,,,,,,1,34.1907,34.6914,,,,,,,,,,,images/purple_butterfly.png,images/white_butterfly.png,left_image, ,,,,,,32.922,34.1905,[-0.22727272727272727],[-0.004325799578445748],[1],[0],[0],[1.2674000000059635],"[""left_image""]",0,0,0,0,1,,,,,
,,,,,068238,001,2026-01-28_10h23.23.100,Simon,2024.2.4,Linux armv81,90.09009009,,,,,,,,,,1,35.586,36.0918,,,,,,,,,,,images/yellow_butterfly.png,images/white_butterfly.png,right_image, ,,,,,,34.6957,35.5857,[0.24780058651026393],[0.008870681359970675],[1],[0],[0],[0.8878000000119215],"[""right_image""]",0,1,1,2,1,,,,,
,,,,,068238,001,2026-01-28_10h23.23.100,Simon,2024.2.4,Linux armv81,90.09009009,,,,,,,,,,1,37.122,37.6131,,,,,,,,,,,images/white_butterfly.png,images/purple_butterfly.png,left_image, ,,,,,,36.0958,37.1219,[-0.18695014662756598],[-0.0277862101356305],[1],[0],[0],[1.0234999999999985],"[""left_image""]",0,2,2,1,1,,,,,
,,,,,068238,001,2026-01-28_10h23.23.100,Simon,2024.2.4,Linux armv81,90.09009009,,,,,,,,,,1,38.3853,38.8899,,,,,,,,,,,images/white_butterfly.png,images/yellow_butterfly.png,right_image, ,,,,,,37.616,38.3851,[0.20381231671554254],[-0.05784486116202346],[1],[0],[0],[0.7679000000059588],"[""right_image""]",0,3,3,3,1,,,,,
,,,,,068238,001,2026-01-28_10h23.23.100,Simon,2024.2.4,Linux armv81,90.09009009,,,,,,,,,,1,39.6288,40.1249,,,,,,,,,,,images/purple_butterfly.png,images/white_butterfly.png,left_image, ,,,,,,38.8932,39.6287,[-0.18988269794721407],[-0.0050589374083577715],[1],[0],[0],[0.7330999999940389],"[""left_image""]",1,0,4,0,1,,,,,
,,,,,068238,001,2026-01-28_10h23.23.100,Simon,2024.2.4,Linux armv81,90.09009009,,,,,,,,,,1,41.0815,41.5703,,,,,,,,,,,images/white_butterfly.png,images/purple_butterfly.png,left_image, ,,,,,,40.128,41.0812,[-0.17668621700879766],[-0.018988556176686218],[1],[0],[0],[0.9509000000059586],"[""left_image""]",1,1,5,1,1,,,,,
,,,,,068238,001,2026-01-28_10h23.23.100,Simon,2024.2.4,Linux armv81,90.09009009,,,,,,,,,,1,42.4805,42.9759,,,,,,,,,,,images/yellow_butterfly.png,images/white_butterfly.png,right_image, ,,,,,,41.5747,42.4804,[0.218475073313783],[-0.03438445060483871],[1],[0],[0],[0.9024999999999963],"[""right_image""]",1,2,6,2,1,,,,,
,,,,,068238,001,2026-01-28_10h23.23.100,Simon,2024.2.4,Linux armv81,90.09009009,,,,,,,,,,1,44.3333,44.8226,,,,,,,,,,,images/white_butterfly.png,images/yellow_butterfly.png,right_image, ,,,,,,42.9806,44.3332,[0.1942815249266862],[-0.0373170019244868],[1],[0],[0],[1.3505999999940386],"[""right_image""]",1,3,7,3,1,,,,,
,,,,,068238,001,2026-01-28_10h23.23.100,Simon,2024.2.4,Linux armv81,90.09009009,,,,,,,,,,1,45.8887,46.3877,,,,,,,,,,,images/white_butterfly.png,images/purple_butterfly.png,left_image, ,,,,,,44.826,45.8887,[-0.17595307917888564],[-0.050513482862903226],[1],[0],[0],[1.0614000000059605],"[""left_image""]",2,0,8,1,1,,,,,
,,,,,068238,001,2026-01-28_10h23.23.100,Simon,2024.2.4,Linux armv81,90.09009009,,,,,,,,,,1,47.207,47.7102,,,,,,,,,,,images/white_butterfly.png,images/yellow_butterfly.png,right_image, ,,,,,,46.3913,47.207,[0.2287390029325513],[-0.003592661748533724],[1],[0],[0],[0.8144000000059606],"[""right_image""]",2,1,9,3,1,,,,,
,,,,,068238,001,2026-01-28_10h23.23.100,Simon,2024.2.4,Linux armv81,90.09009009,,,,,,,,,,1,48.6921,49.1872,,,,,,,,,,,images/yellow_butterfly.png,images/white_butterfly.png,right_image, ,,,,,,47.7132,48.6921,[0.20234604105571846],[-0.03145189928519061],[1],[0],[0],[0.97679999998212],"[""right_image""]",2,2,10,2,1,,,,,
,,,,,068238,001,2026-01-28_10h23.23.100,Simon,2024.2.4,Linux armv81,90.09009009,,,,,,,,,,1,49.8866,50.3898,,,,,,,,,,,images/purple_butterfly.png,images/white_butterfly.png,left_image, ,,,,,,49.1904,49.8864,[-0.18475073313782991],[-0.003592661748533724],[1],[0],[0],[0.694600000023847],"[""left_image""]",2,3,11,0,1,,,,,
,,,,,068238,001,2026-01-28_10h23.23.100,Simon,2024.2.4,Linux armv81,90.09009009,,,,,,,,,,1,51.2406,51.7322,,,,,,,,,,,images/yellow_butterfly.png,images/white_butterfly.png,right_image, ,,,,,,50.3936,51.2404,[0.2126099706744868],[-0.018988556176686218],[1],[0],[0],[0.8449999999999989],"[""right_image""]",3,0,12,2,1,,,,,
,,,,,068238,001,2026-01-28_10h23.23.100,Simon,2024.2.4,Linux armv81,90.09009009,,,,,,,,,,1,52.2779,52.7772,,,,,,,,,,,images/white_butterfly.png,images/yellow_butterfly.png,right_image, ,,,,,,51.7332,52.2778,[0.20234604105571846],[-0.032918174945014665],[1],[0],[0],[0.5439000000059622],"[""right_image""]",3,1,13,3,1,,,,,
,,,,,068238,001,2026-01-28_10h23.23.100,Simon,2024.2.4,Linux armv81,90.09009009,,,,,,,,,,1,53.7223,54.2211,,,,,,,,,,,images/purple_butterfly.png,images/white_butterfly.png,left_image, ,,,,,,52.7792,53.7221,[-0.18181818181818182],[0.00007302740102639296],[1],[0],[0],[0.9420000000000002],"[""left_image""]",3,2,14,0,1,,,,,
,,,,,068238,001,2026-01-28_10h23.23.100,Simon,2024.2.4,Linux armv81,90.09009009,,,,,,,,,,1,55.1876,55.6897,,,,,,,,,,,images/white_butterfly.png,images/purple_butterfly.png,left_image, ,,,,,,54.2225,55.1876,[-0.1598240469208211],[-0.013856591367302053],[1],[0],[0],[0.9645999999940429],"[""left_image""]",3,3,15,1,1,,,,,
,,,,,068238,001,2026-01-28_10h23.23.100,Simon,2024.2.4,Linux armv81,90.09009009,,,,,,,,,,1,56.2072,56.7011,,,,,,,,,,,images/white_butterfly.png,images/yellow_butterfly.png,right_image, ,,,,,,55.6925,56.2071,[0.21920821114369501],[-0.02412052098607038],[1],[0],[0],[0.5134000000059658],"[""right_image""]",4,0,16,3,1,,,,,
,,,,,068238,001,2026-01-28_10h23.23.100,Simon,2024.2.4,Linux armv81,90.09009009,,,,,,,,,,1,57.4961,57.9889,,,,,,,,,,,images/purple_butterfly.png,images/white_butterfly.png,left_image, ,,,,,,56.7045,57.4961,[-0.17008797653958943],[-0.013856591367302053],[1],[0],[0],[0.7902999999821176],"[""left_image""]",4,1,17,0,1,,,,,
,,,,,068238,001,2026-01-28_10h23.23.100,Simon,2024.2.4,Linux armv81,90.09009009,,,,,,,,,,1,58.8296,59.3338,,,,,,,,,,,images/yellow_butterfly.png,images/white_butterfly.png,right_image, ,,,,,,57.9909,58.8295,[0.18475073313782991],[-0.002859523918621701],[1],[0],[0],[0.8378999999761589],"[""right_image""]",4,2,18,2,1,,,,,
,,,,,068238,001,2026-01-28_10h23.23.100,Simon,2024.2.4,Linux armv81,90.09009009,,,,,,,,,,1,60.3117,60.8113,,,,,,,,,,,images/white_butterfly.png,images/purple_butterfly.png,left_image, ,,,,,,59.3371,60.3117,[-0.1693548387096774],[-0.016056004857038123],[1],[0],[0],[0.9729000000059642],"[""left_image""]",4,3,19,1,1,,,,,
,,,,,068238,001,2026-01-28_10h23.23.100,Simon,2024.2.4,Linux armv81,90.09009009,,,,,,,,,,,,,,,,,,,,,,,,,,,,,,,,,,,,,,,,,,,,,,60.8124,61.9446,1,[61.943999999999996],[61.943999999999996]
