﻿instructions.started,instructions.stopped,start_button.numClicks,start_button.timesOn,start_button.timesOff,participant,session,date,expName,psychopyVersion,OS,frameRate,practice_trial.started,practice_trial.stopped,mouse_2.x,mouse_2.y,mouse_2.leftButton,mouse_2.midButton,mouse_2.rightButton,mouse_2.time,mouse_2.clicked_name,correct,feedback.started,feedback.stopped,loop_until_correct.thisRepN,loop_until_correct.thisTrialN,loop_until_correct.thisN,loop_until_correct.thisIndex,loop_until_correct.ran,prac_trials.thisRepN,prac_trials.thisTrialN,prac_trials.thisN,prac_trials.thisIndex,prac_trials.ran,left_color,right_color,correct_response,top_txt,instructions_2.started,instructions_2.stopped,start_button_2.numClicks,start_button_2.timesOn,start_button_2.timesOff,trial.started,trial.stopped,mouse.x,mouse.y,mouse.leftButton,mouse.midButton,mouse.rightButton,mouse.time,mouse.clicked_name,trials.thisRepN,trials.thisTrialN,trials.thisN,trials.thisIndex,trials.ran,end.started,end.stopped,start_button_3.numClicks,start_button_3.timesOn,start_button_3.timesOff
0.0016,14.1677,1,[14.219200000047685],[14.220500000000001],068797,001,2025-10-09_13h23.57.159,Simon,2024.2.4,Win32,60.24096386,,,,,,,,,,,,,,,,,,,,,,,,,,,,,,,,,,,,,,,,,,,,,,,,,,
,,,,,068797,001,2025-10-09_13h23.57.159,Simon,2024.2.4,Win32,60.24096386,14.1934,16.5722,[-0.19304145787300084],[0.003928136343907828],[1],[0],[0],[2.373600000023842],"[""left_image_2"",""left_image_2""]",1,16.5737,17.0767,0,0,0,0,1,,,,,,,,,,,,,,,,,,,,,,,,,,,,,,,,,
,,,,,068797,001,2025-10-09_13h23.57.159,Simon,2024.2.4,Win32,60.24096386,,,,,,,,,,,,,,,,,,0,0,0,0,1,images/purple_butterfly.png,images/white_butterfly.png,left_image_2,"In this example, select the LEFT butterfly.",,,,,,,,,,,,,,,,,,,,,,,,
,,,,,068797,001,2025-10-09_13h23.57.159,Simon,2024.2.4,Win32,60.24096386,17.0804,21.3933,[-0.21997753618542193],[0.016273832481718223],[1],[0],[0],[4.310899999976158],"[""left_image_2"",""left_image_2""]",1,21.3935,21.8929,0,0,0,0,1,,,,,,,,,,,,,,,,,,,,,,,,,,,,,,,,,
,,,,,068797,001,2025-10-09_13h23.57.159,Simon,2024.2.4,Win32,60.24096386,,,,,,,,,,,,,,,,,,0,1,1,1,1,images/white_butterfly.png,images/purple_butterfly.png,left_image_2,"In this example, select the LEFT butterfly.",,,,,,,,,,,,,,,,,,,,,,,,
,,,,,068797,001,2025-10-09_13h23.57.159,Simon,2024.2.4,Win32,60.24096386,21.8982,23.2268,[0.22783396300242004],[0.021885521885521887],[1],[0],[0],[1.3247000000476845],"[""right_image_2"",""right_image_2""]",1,23.2271,23.733,0,0,0,0,1,,,,,,,,,,,,,,,,,,,,,,,,,,,,,,,,,
,,,,,068797,001,2025-10-09_13h23.57.159,Simon,2024.2.4,Win32,60.24096386,,,,,,,,,,,,,,,,,,0,2,2,2,1,images/yellow_butterfly.png,images/white_butterfly.png,right_image_2,"In this example, select the RIGHT butterfly.",,,,,,,,,,,,,,,,,,,,,,,,
,,,,,068797,001,2025-10-09_13h23.57.159,Simon,2024.2.4,Win32,60.24096386,23.7366,25.2219,[0.21997758756181607],[0.005050505050505051],[1],[0],[0],[1.4827000000476822],"[""right_image_2"",""right_image_2""]",1,25.2222,25.7117,0,0,0,0,1,,,,,,,,,,,,,,,,,,,,,,,,,,,,,,,,,
,,,,,068797,001,2025-10-09_13h23.57.159,Simon,2024.2.4,Win32,60.24096386,,,,,,,,,,,,,,,,,,0,3,3,3,1,images/white_butterfly.png,images/yellow_butterfly.png,right_image_2,"In this example, select the RIGHT butterfly.",,,,,,,,,,,,,,,,,,,,,,,,
,,,,,068797,001,2025-10-09_13h23.57.159,Simon,2024.2.4,Win32,60.24096386,,,,,,,,,,,,,,,,,,,,,,,,,,,25.7132,26.9438,1,[26.95189999997616],[26.95189999997616],,,,,,,,,,,,,,,,,,,
,,,,,068797,001,2025-10-09_13h23.57.159,Simon,2024.2.4,Win32,60.24096386,,,,,,,,,,1,28.2789,28.7761,,,,,,,,,,,images/purple_butterfly.png,images/white_butterfly.png,left_image, ,,,,,,26.9542,28.2788,[-0.18855218855218855],[-0.017396201188315447],[1],[0],[0],[1.3224999999999945],"[""left_image""]",0,0,0,0,1,,,,,
,,,,,068797,001,2025-10-09_13h23.57.159,Simon,2024.2.4,Win32,60.24096386,,,,,,,,,,1,29.412,29.9095,,,,,,,,,,,images/white_butterfly.png,images/purple_butterfly.png,left_image, ,,,,,,28.7784,29.4118,[-0.17957344440498738],[-0.018518518518518517],[1],[0],[0],[0.6319000000953636],"[""left_image""]",0,1,1,1,1,,,,,
,,,,,068797,001,2025-10-09_13h23.57.159,Simon,2024.2.4,Win32,60.24096386,,,,,,,,,,1,30.7366,31.2281,,,,,,,,,,,images/yellow_butterfly.png,images/white_butterfly.png,right_image, ,,,,,,29.9116,30.7365,[0.265993265993266],[-0.06902356902356903],[1],[0],[0],[0.8233999999761608],"[""right_image""]",0,2,2,2,1,,,,,
,,,,,068797,001,2025-10-09_13h23.57.159,Simon,2024.2.4,Win32,60.24096386,,,,,,,,,,1,32.1495,32.6432,,,,,,,,,,,images/white_butterfly.png,images/yellow_butterfly.png,right_image, ,,,,,,31.2297,32.1494,[0.21212121212121213],[-0.01402919782131208],[1],[0],[0],[0.919000000000004],"[""right_image""]",0,3,3,3,1,,,,,
,,,,,068797,001,2025-10-09_13h23.57.159,Simon,2024.2.4,Win32,60.24096386,,,,,,,,,,1,33.7758,34.2806,,,,,,,,,,,images/white_butterfly.png,images/purple_butterfly.png,left_image, ,,,,,,32.6455,33.7756,[-0.24466887708464857],[0.018518518518518517],[1],[0],[0],[1.1292000000476818],"[""left_image""]",1,0,4,1,1,,,,,
,,,,,068797,001,2025-10-09_13h23.57.159,Simon,2024.2.4,Win32,60.24096386,,,,,,,,,,1,34.9975,35.4867,,,,,,,,,,,images/white_butterfly.png,images/yellow_butterfly.png,right_image, ,,,,,,34.2815,34.9974,[0.21324358082780934],[0.025252525252525252],[1],[0],[0],[0.7151999999284797],"[""right_image""]",1,1,5,3,1,,,,,
,,,,,068797,001,2025-10-09_13h23.57.159,Simon,2024.2.4,Win32,60.24096386,,,,,,,,,,1,37.1985,37.6944,,,,,,,,,,,images/yellow_butterfly.png,images/white_butterfly.png,right_image, ,,,,,,35.4874,37.1983,[0.1762065437907723],[-0.007295191087305345],[1],[0],[0],[1.7101999999284772],"[""right_image""]",1,2,6,2,1,,,,,
,,,,,068797,001,2025-10-09_13h23.57.159,Simon,2024.2.4,Win32,60.24096386,,,,,,,,,,1,39.2434,39.7485,,,,,,,,,,,images/purple_butterfly.png,images/white_butterfly.png,left_image, ,,,,,,37.6959,39.2432,[-0.21548821548821548],[0.0016835016835016834],[1],[0],[0],[1.5467000000476858],"[""left_image""]",1,3,7,0,1,,,,,
,,,,,068797,001,2025-10-09_13h23.57.159,Simon,2024.2.4,Win32,60.24096386,,,,,,,,,,1,40.7924,41.282,,,,,,,,,,,images/white_butterfly.png,images/purple_butterfly.png,left_image, ,,,,,,39.7499,40.7924,[-0.15488215488215487],[0.03423116664693813],[1],[0],[0],[1.0416000000238412],"[""left_image""]",2,0,8,1,1,,,,,
,,,,,068797,001,2025-10-09_13h23.57.159,Simon,2024.2.4,Win32,60.24096386,,,,,,,,,,1,41.9961,42.4983,,,,,,,,,,,images/yellow_butterfly.png,images/white_butterfly.png,right_image, ,,,,,,41.2835,41.9959,[0.16835016835016836],[-0.005050505050505051],[1],[0],[0],[0.7117999999523192],"[""right_image""]",2,1,9,2,1,,,,,
,,,,,068797,001,2025-10-09_13h23.57.159,Simon,2024.2.4,Win32,60.24096386,,,,,,,,,,1,43.6176,44.11,,,,,,,,,,,images/white_butterfly.png,images/yellow_butterfly.png,right_image, ,,,,,,42.4996,43.6175,[0.2065095740938026],[0.03535353535353535],[1],[0],[0],[1.1172000000476814],"[""right_image""]",2,2,10,3,1,,,,,
,,,,,068797,001,2025-10-09_13h23.57.159,Simon,2024.2.4,Win32,60.24096386,,,,,,,,,,1,45.2091,45.7137,,,,,,,,,,,images/purple_butterfly.png,images/white_butterfly.png,left_image, ,,,,,,44.1109,45.209,[-0.176206441037984],[-0.0005611843532986111],[1],[0],[0],[1.0977000000476878],"[""left_image""]",2,3,11,0,1,,,,,
,,,,,068797,001,2025-10-09_13h23.57.159,Simon,2024.2.4,Win32,60.24096386,,,,,,,,,,1,46.2667,46.7635,,,,,,,,,,,images/purple_butterfly.png,images/white_butterfly.png,left_image, ,,,,,,45.7147,46.2666,[-0.24803588045165192],[-0.012906880491109007],[1],[0],[0],[0.5516000000238392],"[""left_image""]",3,0,12,0,1,,,,,
,,,,,068797,001,2025-10-09_13h23.57.159,Simon,2024.2.4,Win32,60.24096386,,,,,,,,,,1,47.4934,47.993,,,,,,,,,,,images/white_butterfly.png,images/yellow_butterfly.png,right_image, ,,,,,,46.7642,47.4934,[0.1806959158643729],[-0.007295191087305345],[1],[0],[0],[0.7282999999523128],"[""right_image""]",3,1,13,3,1,,,,,
,,,,,068797,001,2025-10-09_13h23.57.159,Simon,2024.2.4,Win32,60.24096386,,,,,,,,,,1,48.6977,49.1923,,,,,,,,,,,images/yellow_butterfly.png,images/white_butterfly.png,right_image, ,,,,,,47.9946,48.6977,[0.1806959158643729],[-0.007295191087305345],[1],[0],[0],[0.7021000000238402],"[""right_image""]",3,2,14,2,1,,,,,
,,,,,068797,001,2025-10-09_13h23.57.159,Simon,2024.2.4,Win32,60.24096386,,,,,,,,,,1,50.1762,50.6802,,,,,,,,,,,images/white_butterfly.png,images/purple_butterfly.png,left_image, ,,,,,,49.1932,50.176,[-0.2312008636166351],[0.015151515151515152],[1],[0],[0],[0.9821999999284756],"[""left_image""]",3,3,15,1,1,,,,,
,,,,,068797,001,2025-10-09_13h23.57.159,Simon,2024.2.4,Win32,60.24096386,,,,,,,,,,1,51.1433,51.6425,,,,,,,,,,,images/white_butterfly.png,images/purple_butterfly.png,left_image, ,,,,,,50.6811,51.1433,[-0.2312008636166351],[0.016273832481718223],[1],[0],[0],[0.46170000004768497],"[""left_image""]",4,0,16,1,1,,,,,
,,,,,068797,001,2025-10-09_13h23.57.159,Simon,2024.2.4,Win32,60.24096386,,,,,,,,,,1,52.6798,53.1753,,,,,,,,,,,images/purple_butterfly.png,images/white_butterfly.png,left_image, ,,,,,,51.644,52.6796,[-0.23456786698363846],[0.010662143077914563],[1],[0],[0],[1.0346000000238362],"[""left_image""]",4,1,17,0,1,,,,,
,,,,,068797,001,2025-10-09_13h23.57.159,Simon,2024.2.4,Win32,60.24096386,,,,,,,,,,1,54.0325,54.5254,,,,,,,,,,,images/yellow_butterfly.png,images/white_butterfly.png,right_image, ,,,,,,53.176,54.0324,[0.15712689229534932],[0.012906829114714857],[1],[0],[0],[0.8555999999046335],"[""right_image""]",4,2,18,2,1,,,,,
,,,,,068797,001,2025-10-09_13h23.57.159,Simon,2024.2.4,Win32,60.24096386,,,,,,,,,,1,55.4529,55.9489,,,,,,,,,,,images/white_butterfly.png,images/yellow_butterfly.png,right_image, ,,,,,,54.5265,55.4529,[0.16835016835016836],[-0.017396201188315447],[1],[0],[0],[0.9253999999761575],"[""right_image""]",4,3,19,3,1,,,,,
,,,,,068797,001,2025-10-09_13h23.57.159,Simon,2024.2.4,Win32,60.24096386,,,,,,,,,,,,,,,,,,,,,,,,,,,,,,,,,,,,,,,,,,,,,,55.9497,56.9637,1,[56.96319999992848],[56.96319999992848]
