﻿instructions.started,instructions.stopped,start_button.numClicks,start_button.timesOn,start_button.timesOff,participant,session,date,expName,psychopyVersion,OS,frameRate,practice_trial.started,practice_trial.stopped,mouse_2.x,mouse_2.y,mouse_2.leftButton,mouse_2.midButton,mouse_2.rightButton,mouse_2.time,mouse_2.clicked_name,correct,feedback.started,feedback.stopped,loop_until_correct.thisRepN,loop_until_correct.thisTrialN,loop_until_correct.thisN,loop_until_correct.thisIndex,loop_until_correct.ran,prac_trials.thisRepN,prac_trials.thisTrialN,prac_trials.thisN,prac_trials.thisIndex,prac_trials.ran,left_color,right_color,correct_response,top_txt,instructions_2.started,instructions_2.stopped,start_button_2.numClicks,start_button_2.timesOn,start_button_2.timesOff,trial.started,trial.stopped,mouse.x,mouse.y,mouse.leftButton,mouse.midButton,mouse.rightButton,mouse.time,mouse.clicked_name,trials.thisRepN,trials.thisTrialN,trials.thisN,trials.thisIndex,trials.ran,end.started,end.stopped,start_button_3.numClicks,start_button_3.timesOn,start_button_3.timesOff
9.99999E-05,15.383,1,[15.390099999904635],[15.390200000286104],068754,001,2025-12-04_09h18.07.435,Simon,2024.2.4,Linux x86_64,20,,,,,,,,,,,,,,,,,,,,,,,,,,,,,,,,,,,,,,,,,,,,,,,,,,
,,,,,068754,001,2025-12-04_09h18.07.435,Simon,2024.2.4,Linux x86_64,20,15.3913,16.9457,[-0.1447721179624665],[-0.04244861483467382],[1],[0],[0],[1.5530000000000008],"[""left_image_2"",""left_image_2""]",1,16.946,17.4062,0,0,0,0,1,,,,,,,,,,,,,,,,,,,,,,,,,,,,,,,,,
,,,,,068754,001,2025-12-04_09h18.07.435,Simon,2024.2.4,Linux x86_64,20,,,,,,,,,,,,,,,,,,0,0,0,0,1,images/purple_butterfly.png,images/white_butterfly.png,left_image_2,"In this example, select the LEFT butterfly.",,,,,,,,,,,,,,,,,,,,,,,,
,,,,,068754,001,2025-12-04_09h18.07.435,Simon,2024.2.4,Linux x86_64,20,17.4072,18.3715,[-0.14119749776586238],[-0.04423592493297587],[1],[0],[0],[0.9634000000953655],"[""left_image_2"",""left_image_2""]",1,18.3716,18.8381,0,0,0,0,1,,,,,,,,,,,,,,,,,,,,,,,,,,,,,,,,,
,,,,,068754,001,2025-12-04_09h18.07.435,Simon,2024.2.4,Linux x86_64,20,,,,,,,,,,,,,,,,,,0,1,1,1,1,images/white_butterfly.png,images/purple_butterfly.png,left_image_2,"In this example, select the LEFT butterfly.",,,,,,,,,,,,,,,,,,,,,,,,
,,,,,068754,001,2025-12-04_09h18.07.435,Simon,2024.2.4,Linux x86_64,20,18.8394,19.7099,[0.22430741733690795],[-0.04870420017873101],[1],[0],[0],[0.8695999999046329],"[""right_image_2"",""right_image_2""]",1,19.71,20.182,0,0,0,0,1,,,,,,,,,,,,,,,,,,,,,,,,,,,,,,,,,
,,,,,068754,001,2025-12-04_09h18.07.435,Simon,2024.2.4,Linux x86_64,20,,,,,,,,,,,,,,,,,,0,2,2,2,1,images/yellow_butterfly.png,images/white_butterfly.png,right_image_2,"In this example, select the RIGHT butterfly.",,,,,,,,,,,,,,,,,,,,,,,,
,,,,,068754,001,2025-12-04_09h18.07.435,Simon,2024.2.4,Linux x86_64,20,20.1829,20.6881,[0.22430741733690795],[-0.04870420017873101],[1],[0],[0],[0.5044999999999966],"[""right_image_2"",""right_image_2""]",1,20.6883,21.1635,0,0,0,0,1,,,,,,,,,,,,,,,,,,,,,,,,,,,,,,,,,
,,,,,068754,001,2025-12-04_09h18.07.435,Simon,2024.2.4,Linux x86_64,20,,,,,,,,,,,,,,,,,,0,3,3,3,1,images/white_butterfly.png,images/yellow_butterfly.png,right_image_2,"In this example, select the RIGHT butterfly.",,,,,,,,,,,,,,,,,,,,,,,,
,,,,,068754,001,2025-12-04_09h18.07.435,Simon,2024.2.4,Linux x86_64,20,,,,,,,,,,,,,,,,,,,,,,,,,,,21.1637,22.2412,1,[22.243099999904633],[22.243099999904633],,,,,,,,,,,,,,,,,,,
,,,,,068754,001,2025-12-04_09h18.07.435,Simon,2024.2.4,Linux x86_64,20,,,,,,,,,,1,23.6428,24.1281,,,,,,,,,,,images/purple_butterfly.png,images/white_butterfly.png,left_image, ,,,,,,22.2478,23.6428,[-0.11885612153708669],[-0.06300268096514745],[1],[0],[0],[1.3946999998092657],"[""left_image""]",0,0,0,0,1,,,,,
,,,,,068754,001,2025-12-04_09h18.07.435,Simon,2024.2.4,Linux x86_64,20,,,,,,,,,,1,25.2965,25.7876,,,,,,,,,,,images/yellow_butterfly.png,images/white_butterfly.png,right_image, ,,,,,,24.1286,25.2964,[0.21537086684539766],[-0.058534405719392314],[1],[0],[0],[1.1675000000000004],"[""right_image""]",0,1,1,2,1,,,,,
,,,,,068754,001,2025-12-04_09h18.07.435,Simon,2024.2.4,Linux x86_64,20,,,,,,,,,,1,27.0089,27.4905,,,,,,,,,,,images/white_butterfly.png,images/yellow_butterfly.png,right_image, ,,,,,,25.7998,27.0087,[0.21358355674709562],[-0.04691689008042895],[1],[0],[0],[1.2085999999046315],"[""right_image""]",0,2,2,3,1,,,,,
,,,,,068754,001,2025-12-04_09h18.07.435,Simon,2024.2.4,Linux x86_64,20,,,,,,,,,,1,28.6904,29.1732,,,,,,,,,,,images/white_butterfly.png,images/purple_butterfly.png,left_image, ,,,,,,27.491,28.6904,[-0.18319928507596067],[-0.05317247542448615],[1],[0],[0],[1.1988999996185292],"[""left_image""]",0,3,3,1,1,,,,,
,,,,,068754,001,2025-12-04_09h18.07.435,Simon,2024.2.4,Linux x86_64,20,,,,,,,,,,1,30.1094,30.5807,,,,,,,,,,,images/white_butterfly.png,images/yellow_butterfly.png,right_image, ,,,,,,29.1737,30.1093,[0.14745308310991956],[-0.04870420017873101],[1],[0],[0],[0.9354000000953633],"[""right_image""]",1,0,4,3,1,,,,,
,,,,,068754,001,2025-12-04_09h18.07.435,Simon,2024.2.4,Linux x86_64,20,,,,,,,,,,1,31.9611,32.4413,,,,,,,,,,,images/yellow_butterfly.png,images/white_butterfly.png,right_image, ,,,,,,30.5812,31.961,[0.1644325290437891],[-0.026362823949955316],[1],[0],[0],[1.3795999999046344],"[""right_image""]",1,1,5,2,1,,,,,
,,,,,068754,001,2025-12-04_09h18.07.435,Simon,2024.2.4,Linux x86_64,20,,,,,,,,,,1,33.2183,33.7116,,,,,,,,,,,images/purple_butterfly.png,images/white_butterfly.png,left_image, ,,,,,,32.4416,33.2183,[-0.1224307417336908],[-0.06300268096514745],[1],[0],[0],[0.776299999713892],"[""left_image""]",1,2,6,0,1,,,,,
,,,,,068754,001,2025-12-04_09h18.07.435,Simon,2024.2.4,Linux x86_64,20,,,,,,,,,,1,34.5349,35.0278,,,,,,,,,,,images/white_butterfly.png,images/purple_butterfly.png,left_image, ,,,,,,33.7121,34.5348,[-0.1224307417336908],[-0.06300268096514745],[1],[0],[0],[0.8224000000953637],"[""left_image""]",1,3,7,1,1,,,,,
,,,,,068754,001,2025-12-04_09h18.07.435,Simon,2024.2.4,Linux x86_64,20,,,,,,,,,,1,35.6926,36.1698,,,,,,,,,,,images/purple_butterfly.png,images/white_butterfly.png,left_image, ,,,,,,35.0285,35.6926,[-0.11081322609472744],[-0.06568364611260054],[1],[0],[0],[0.6638000001907329],"[""left_image""]",2,0,8,0,1,,,,,
,,,,,068754,001,2025-12-04_09h18.07.435,Simon,2024.2.4,Linux x86_64,20,,,,,,,,,,1,36.963,37.4438,,,,,,,,,,,images/white_butterfly.png,images/yellow_butterfly.png,right_image, ,,,,,,36.1703,36.9629,[0.20285969615728328],[-0.054066130473637175],[1],[0],[0],[0.7922000002861012],"[""right_image""]",2,1,9,3,1,,,,,
,,,,,068754,001,2025-12-04_09h18.07.435,Simon,2024.2.4,Linux x86_64,20,,,,,,,,,,1,38.6394,39.1363,,,,,,,,,,,images/yellow_butterfly.png,images/white_butterfly.png,right_image, ,,,,,,37.4442,38.6393,[0.1554959785522788],[-0.050491510277033066],[1],[0],[0],[1.1947999997138936],"[""right_image""]",2,2,10,2,1,,,,,
,,,,,068754,001,2025-12-04_09h18.07.435,Simon,2024.2.4,Linux x86_64,20,,,,,,,,,,1,40.1734,40.6548,,,,,,,,,,,images/white_butterfly.png,images/purple_butterfly.png,left_image, ,,,,,,39.1368,40.1734,[-0.1161751563896336],[-0.05138516532618409],[1],[0],[0],[1.0363000001907352],"[""left_image""]",2,3,11,1,1,,,,,
,,,,,068754,001,2025-12-04_09h18.07.435,Simon,2024.2.4,Linux x86_64,20,,,,,,,,,,1,41.3339,41.8016,,,,,,,,,,,images/white_butterfly.png,images/purple_butterfly.png,left_image, ,,,,,,40.6553,41.3339,[-0.1161751563896336],[-0.05138516532618409],[1],[0],[0],[0.6784999999999997],"[""left_image""]",3,0,12,1,1,,,,,
,,,,,068754,001,2025-12-04_09h18.07.435,Simon,2024.2.4,Linux x86_64,20,,,,,,,,,,1,42.8943,43.3815,,,,,,,,,,,images/yellow_butterfly.png,images/white_butterfly.png,right_image, ,,,,,,41.802,42.8941,[0.1447721179624665],[-0.054066130473637175],[1],[0],[0],[1.091799999713892],"[""right_image""]",3,1,13,2,1,,,,,
,,,,,068754,001,2025-12-04_09h18.07.435,Simon,2024.2.4,Linux x86_64,20,,,,,,,,,,1,44.1786,44.6576,,,,,,,,,,,images/white_butterfly.png,images/yellow_butterfly.png,right_image, ,,,,,,43.3821,44.1786,[0.14298480786416443],[-0.054066130473637175],[1],[0],[0],[0.7961999998092608],"[""right_image""]",3,2,14,3,1,,,,,
,,,,,068754,001,2025-12-04_09h18.07.435,Simon,2024.2.4,Linux x86_64,20,,,,,,,,,,1,45.5462,46.0228,,,,,,,,,,,images/purple_butterfly.png,images/white_butterfly.png,left_image, ,,,,,,44.6581,45.5462,[-0.12779267202859695],[-0.049597855227882036],[1],[0],[0],[0.8876999998092643],"[""left_image""]",3,3,15,0,1,,,,,
,,,,,068754,001,2025-12-04_09h18.07.435,Simon,2024.2.4,Linux x86_64,20,,,,,,,,,,1,47.1236,47.6111,,,,,,,,,,,images/white_butterfly.png,images/yellow_butterfly.png,right_image, ,,,,,,46.0234,47.1235,[0.13494191242180517],[-0.04155495978552279],[1],[0],[0],[1.0997000002861057],"[""right_image""]",4,0,16,3,1,,,,,
,,,,,068754,001,2025-12-04_09h18.07.435,Simon,2024.2.4,Linux x86_64,20,,,,,,,,,,1,48.6602,49.1343,,,,,,,,,,,images/white_butterfly.png,images/purple_butterfly.png,left_image, ,,,,,,47.6114,48.6601,[-0.14655942806076855],[-0.03798033958891868],[1],[0],[0],[1.0485000000000042],"[""left_image""]",4,1,17,1,1,,,,,
,,,,,068754,001,2025-12-04_09h18.07.435,Simon,2024.2.4,Linux x86_64,20,,,,,,,,,,1,50.012,50.4823,,,,,,,,,,,images/yellow_butterfly.png,images/white_butterfly.png,right_image, ,,,,,,49.1348,50.012,[0.21090259159964253],[-0.06747095621090259],[1],[0],[0],[0.8769000000953682],"[""right_image""]",4,2,18,2,1,,,,,
,,,,,068754,001,2025-12-04_09h18.07.435,Simon,2024.2.4,Linux x86_64,20,,,,,,,,,,1,52.0284,52.5171,,,,,,,,,,,images/purple_butterfly.png,images/white_butterfly.png,left_image, ,,,,,,50.4827,52.0283,[-0.09651474530831099],[-0.059428060768543345],[1],[0],[0],[1.5454000000953698],"[""left_image""]",4,3,19,0,1,,,,,
,,,,,068754,001,2025-12-04_09h18.07.435,Simon,2024.2.4,Linux x86_64,20,,,,,,,,,,,,,,,,,,,,,,,,,,,,,,,,,,,,,,,,,,,,,,52.5172,53.6163,1,[53.61619999980926],[53.61619999980926]
