﻿instructions.started,instructions.stopped,start_button.numClicks,start_button.timesOn,start_button.timesOff,participant,session,date,expName,psychopyVersion,OS,frameRate,practice_trial.started,practice_trial.stopped,mouse_2.x,mouse_2.y,mouse_2.leftButton,mouse_2.midButton,mouse_2.rightButton,mouse_2.time,mouse_2.clicked_name,correct,feedback.started,feedback.stopped,loop_until_correct.thisRepN,loop_until_correct.thisTrialN,loop_until_correct.thisN,loop_until_correct.thisIndex,loop_until_correct.ran,prac_trials.thisRepN,prac_trials.thisTrialN,prac_trials.thisN,prac_trials.thisIndex,prac_trials.ran,left_color,right_color,correct_response,top_txt,instructions_2.started,instructions_2.stopped,start_button_2.numClicks,start_button_2.timesOn,start_button_2.timesOff,trial.started,trial.stopped,mouse.x,mouse.y,mouse.leftButton,mouse.midButton,mouse.rightButton,mouse.time,mouse.clicked_name,trials.thisRepN,trials.thisTrialN,trials.thisN,trials.thisIndex,trials.ran,end.started,end.stopped,start_button_3.numClicks,start_button_3.timesOn,start_button_3.timesOff
0.001,18.406,1,[18.427],[18.427],069363,001,2025-01-22_22h22.15.871,Simon,2024.2.4,Win32,59.95203837,,,,,,,,,,,,,,,,,,,,,,,,,,,,,,,,,,,,,,,,,,,,,,,,,,
,,,,,069363,001,2025-01-22_22h22.15.871,Simon,2024.2.4,Win32,59.95203837,18.425,23.009,[-0.26880984952120385],[0.022571819425444596],[1],[0],[0],[4.574999999999999],"[""left_image_2"",""left_image_2""]",1,23.009,23.501,0,0,0,0,1,,,,,,,,,,,,,,,,,,,,,,,,,,,,,,,,,
,,,,,069363,001,2025-01-22_22h22.15.871,Simon,2024.2.4,Win32,59.95203837,,,,,,,,,,,,,,,,,,0,0,0,0,1,images/purple_butterfly.png,images/white_butterfly.png,left_image_2,"In this example, select the LEFT butterfly.",,,,,,,,,,,,,,,,,,,,,,,,
,,,,,069363,001,2025-01-22_22h22.15.871,Simon,2024.2.4,Win32,59.95203837,23.506,25.221,[-0.26880984952120385],[0.022571819425444596],[1],[0],[0],[1.7140000000000022],"[""left_image_2"",""left_image_2""]",1,25.222,25.721,0,0,0,0,1,,,,,,,,,,,,,,,,,,,,,,,,,,,,,,,,,
,,,,,069363,001,2025-01-22_22h22.15.871,Simon,2024.2.4,Win32,59.95203837,,,,,,,,,,,,,,,,,,0,1,1,1,1,images/white_butterfly.png,images/purple_butterfly.png,left_image_2,"In this example, select the LEFT butterfly.",,,,,,,,,,,,,,,,,,,,,,,,
,,,,,069363,001,2025-01-22_22h22.15.871,Simon,2024.2.4,Win32,59.95203837,25.724,26.838,[0.1484268125854993],[0.04856361149110807],[1],[0],[0],[1.1119999999999983],"[""right_image_2"",""right_image_2""]",1,26.838,27.334,0,0,0,0,1,,,,,,,,,,,,,,,,,,,,,,,,,,,,,,,,,
,,,,,069363,001,2025-01-22_22h22.15.871,Simon,2024.2.4,Win32,59.95203837,,,,,,,,,,,,,,,,,,0,2,2,2,1,images/yellow_butterfly.png,images/white_butterfly.png,right_image_2,"In this example, select the RIGHT butterfly.",,,,,,,,,,,,,,,,,,,,,,,,
,,,,,069363,001,2025-01-22_22h22.15.871,Simon,2024.2.4,Win32,59.95203837,27.34,28.254,[0.1484268125854993],[0.04856361149110807],[0],[0],[1],[0.9089999999999989],"[""right_image_2"",""right_image_2""]",1,28.254,28.754,0,0,0,0,1,,,,,,,,,,,,,,,,,,,,,,,,,,,,,,,,,
,,,,,069363,001,2025-01-22_22h22.15.871,Simon,2024.2.4,Win32,59.95203837,,,,,,,,,,,,,,,,,,0,3,3,3,1,images/white_butterfly.png,images/yellow_butterfly.png,right_image_2,"In this example, select the RIGHT butterfly.",,,,,,,,,,,,,,,,,,,,,,,,
,,,,,069363,001,2025-01-22_22h22.15.871,Simon,2024.2.4,Win32,59.95203837,,,,,,,,,,,,,,,,,,,,,,,,,,,28.756,32.238,1,[32.244],[32.244],,,,,,,,,,,,,,,,,,,
,,,,,069363,001,2025-01-22_22h22.15.871,Simon,2024.2.4,Win32,59.95203837,,,,,,,,,,1,33.491,33.987,,,,,,,,,,,images/purple_butterfly.png,images/white_butterfly.png,left_image, ,,,,,,32.256,33.491,[-0.16484268125854992],[-0.08413132694938441],[1],[0],[0],[1.2340000000000018],"[""left_image""]",0,0,0,0,1,,,,,
,,,,,069363,001,2025-01-22_22h22.15.871,Simon,2024.2.4,Win32,59.95203837,,,,,,,,,,1,34.951,35.453,,,,,,,,,,,images/white_butterfly.png,images/yellow_butterfly.png,right_image, ,,,,,,33.991,34.951,[0.19220246238030095],[-0.043091655266757865],[1],[0],[0],[0.9590000000000032],"[""right_image""]",0,1,1,3,1,,,,,
,,,,,069363,001,2025-01-22_22h22.15.871,Simon,2024.2.4,Win32,59.95203837,,,,,,,,,,1,36.339,36.838,,,,,,,,,,,images/white_butterfly.png,images/purple_butterfly.png,left_image, ,,,,,,35.457,36.337,[-0.1238030095759234],[-0.04582763337893297],[1],[0],[0],[0.8789999999999978],"[""left_image""]",0,2,2,1,1,,,,,
,,,,,069363,001,2025-01-22_22h22.15.871,Simon,2024.2.4,Win32,59.95203837,,,,,,,,,,1,37.77,38.267,,,,,,,,,,,images/yellow_butterfly.png,images/white_butterfly.png,right_image, ,,,,,,36.841,37.77,[0.21272229822161423],[0.0047879616963064295],[1],[0],[0],[0.9270000000000067],"[""right_image""]",0,3,3,2,1,,,,,
,,,,,069363,001,2025-01-22_22h22.15.871,Simon,2024.2.4,Win32,59.95203837,,,,,,,,,,1,39.122,39.621,,,,,,,,,,,images/purple_butterfly.png,images/white_butterfly.png,left_image, ,,,,,,38.271,39.122,[-0.13885088919288646],[0.02667578659370725],[1],[0],[0],[0.8460000000000036],"[""left_image""]",1,0,4,0,1,,,,,
,,,,,069363,001,2025-01-22_22h22.15.871,Simon,2024.2.4,Win32,59.95203837,,,,,,,,,,1,40.384,40.883,,,,,,,,,,,images/white_butterfly.png,images/purple_butterfly.png,left_image, ,,,,,,39.626,40.384,[-0.13885088919288646],[0.02667578659370725],[1],[0],[0],[0.7569999999999979],"[""left_image""]",1,1,5,1,1,,,,,
,,,,,069363,001,2025-01-22_22h22.15.871,Simon,2024.2.4,Win32,59.95203837,,,,,,,,,,1,41.771,42.267,,,,,,,,,,,images/white_butterfly.png,images/yellow_butterfly.png,right_image, ,,,,,,40.888,41.771,[0.179890560875513],[0.02667578659370725],[1],[0],[0],[0.8819999999999979],"[""right_image""]",1,2,6,3,1,,,,,
,,,,,069363,001,2025-01-22_22h22.15.871,Simon,2024.2.4,Win32,59.95203837,,,,,,,,,,1,42.953,43.452,,,,,,,,,,,images/yellow_butterfly.png,images/white_butterfly.png,right_image, ,,,,,,42.273,42.953,[0.179890560875513],[0.02667578659370725],[1],[0],[0],[0.6760000000000019],"[""right_image""]",1,3,7,2,1,,,,,
,,,,,069363,001,2025-01-22_22h22.15.871,Simon,2024.2.4,Win32,59.95203837,,,,,,,,,,1,43.936,44.437,,,,,,,,,,,images/yellow_butterfly.png,images/white_butterfly.png,right_image, ,,,,,,43.455,43.935,[0.179890560875513],[0.02667578659370725],[1],[0],[0],[0.480000000000004],"[""right_image""]",2,0,8,2,1,,,,,
,,,,,069363,001,2025-01-22_22h22.15.871,Simon,2024.2.4,Win32,59.95203837,,,,,,,,,,1,45.188,45.69,,,,,,,,,,,images/white_butterfly.png,images/purple_butterfly.png,left_image, ,,,,,,44.44,45.187,[-0.26744186046511625],[-0.006155950752393981],[1],[0],[0],[0.7459999999999951],"[""left_image""]",2,1,9,1,1,,,,,
,,,,,069363,001,2025-01-22_22h22.15.871,Simon,2024.2.4,Win32,59.95203837,,,,,,,,,,1,46.417,46.917,,,,,,,,,,,images/purple_butterfly.png,images/white_butterfly.png,left_image, ,,,,,,45.692,46.417,[-0.26744186046511625],[-0.006155950752393981],[1],[0],[0],[0.7240000000000038],"[""left_image""]",2,2,10,0,1,,,,,
,,,,,069363,001,2025-01-22_22h22.15.871,Simon,2024.2.4,Win32,59.95203837,,,,,,,,,,1,47.968,48.467,,,,,,,,,,,images/white_butterfly.png,images/yellow_butterfly.png,right_image, ,,,,,,46.921,47.968,[0.17031463748290013],[0.0280437756497948],[1],[0],[0],[1.0420000000000016],"[""right_image""]",2,3,11,3,1,,,,,
,,,,,069363,001,2025-01-22_22h22.15.871,Simon,2024.2.4,Win32,59.95203837,,,,,,,,,,1,49.187,49.686,,,,,,,,,,,images/purple_butterfly.png,images/white_butterfly.png,left_image, ,,,,,,48.469,49.187,[-0.1511627906976744],[-0.007523939808481532],[1],[0],[0],[0.7139999999999986],"[""left_image""]",3,0,12,0,1,,,,,
,,,,,069363,001,2025-01-22_22h22.15.871,Simon,2024.2.4,Win32,59.95203837,,,,,,,,,,1,50.371,50.867,,,,,,,,,,,images/white_butterfly.png,images/yellow_butterfly.png,right_image, ,,,,,,49.69,50.371,[0.13337893296853626],[-0.007523939808481532],[1],[0],[0],[0.6799999999999997],"[""right_image""]",3,1,13,3,1,,,,,
,,,,,069363,001,2025-01-22_22h22.15.871,Simon,2024.2.4,Win32,59.95203837,,,,,,,,,,1,51.521,52.017,,,,,,,,,,,images/white_butterfly.png,images/purple_butterfly.png,left_image, ,,,,,,50.87,51.52,[-0.05129958960328317],[-0.007523939808481532],[1],[0],[0],[0.6490000000000009],"[""left_image""]",3,2,14,1,1,,,,,
,,,,,069363,001,2025-01-22_22h22.15.871,Simon,2024.2.4,Win32,59.95203837,,,,,,,,,,1,52.971,53.47,,,,,,,,,,,images/yellow_butterfly.png,images/white_butterfly.png,right_image, ,,,,,,52.02,52.971,[0.20451436388508892],[0.010259917920656635],[1],[0],[0],[0.9489999999999981],"[""right_image""]",3,3,15,2,1,,,,,
,,,,,069363,001,2025-01-22_22h22.15.871,Simon,2024.2.4,Win32,59.95203837,,,,,,,,,,1,54.151,54.651,,,,,,,,,,,images/white_butterfly.png,images/yellow_butterfly.png,right_image, ,,,,,,53.472,54.15,[0.19630642954856362],[0.011627906976744186],[1],[0],[0],[0.6760000000000019],"[""right_image""]",4,0,16,3,1,,,,,
,,,,,069363,001,2025-01-22_22h22.15.871,Simon,2024.2.4,Win32,59.95203837,,,,,,,,,,1,55.622,56.122,,,,,,,,,,,images/purple_butterfly.png,images/white_butterfly.png,left_image, ,,,,,,54.652,55.621,[-0.2606019151846785],[0.01709986320109439],[1],[0],[0],[0.9670000000000059],"[""left_image""]",4,1,17,0,1,,,,,
,,,,,069363,001,2025-01-22_22h22.15.871,Simon,2024.2.4,Win32,59.95203837,,,,,,,,,,1,56.883,57.371,,,,,,,,,,,images/yellow_butterfly.png,images/white_butterfly.png,right_image, ,,,,,,56.123,56.883,[0.14979480164158687],[0.023939808481532147],[1],[0],[0],[0.7600000000000051],"[""right_image""]",4,2,18,2,1,,,,,
,,,,,069363,001,2025-01-22_22h22.15.871,Simon,2024.2.4,Win32,59.95203837,,,,,,,,,,1,58.336,58.836,,,,,,,,,,,images/white_butterfly.png,images/purple_butterfly.png,left_image, ,,,,,,57.373,58.336,[-0.1347469220246238],[0.01709986320109439],[1],[0],[0],[0.9619999999999962],"[""left_image""]",4,3,19,1,1,,,,,
,,,,,069363,001,2025-01-22_22h22.15.871,Simon,2024.2.4,Win32,59.95203837,,,,,,,,,,,,,,,,,,,,,,,,,,,,,,,,,,,,,,,,,,,,,,58.84,60.087,1,[60.085],[60.086]
