﻿instructions.started,instructions.stopped,start_button.numClicks,start_button.timesOn,start_button.timesOff,participant,session,date,expName,psychopyVersion,OS,frameRate,practice_trial.started,practice_trial.stopped,mouse_2.x,mouse_2.y,mouse_2.leftButton,mouse_2.midButton,mouse_2.rightButton,mouse_2.time,mouse_2.clicked_name,correct,feedback.started,feedback.stopped,loop_until_correct.thisRepN,loop_until_correct.thisTrialN,loop_until_correct.thisN,loop_until_correct.thisIndex,loop_until_correct.ran,prac_trials.thisRepN,prac_trials.thisTrialN,prac_trials.thisN,prac_trials.thisIndex,prac_trials.ran,left_color,right_color,correct_response,top_txt,instructions_2.started,instructions_2.stopped,start_button_2.numClicks,start_button_2.timesOn,start_button_2.timesOff,trial.started,trial.stopped,mouse.x,mouse.y,mouse.leftButton,mouse.midButton,mouse.rightButton,mouse.time,mouse.clicked_name,trials.thisRepN,trials.thisTrialN,trials.thisN,trials.thisIndex,trials.ran,end.started,end.stopped,start_button_3.numClicks,start_button_3.timesOn,start_button_3.timesOff
0.0004,1.8352,1,[1.846],[1.846],069479,001,2025-05-18_20h44.58.935,Simon,2024.2.4,Win32,59.52380952,,,,,,,,,,,,,,,,,,,,,,,,,,,,,,,,,,,,,,,,,,,,,,,,,,
,,,,,069479,001,2025-05-18_20h44.58.935,Simon,2024.2.4,Win32,59.52380952,1.8496,5.3018,[-0.14885892116182572],[-0.05394190871369295],[1],[0],[0],[3.450100000023843],"[""left_image_2"",""left_image_2""]",1,5.3023,5.8019,0,0,0,0,1,,,,,,,,,,,,,,,,,,,,,,,,,,,,,,,,,
,,,,,069479,001,2025-05-18_20h44.58.935,Simon,2024.2.4,Win32,59.52380952,,,,,,,,,,,,,,,,,,0,0,0,0,1,images/purple_butterfly.png,images/white_butterfly.png,left_image_2,"In this example, select the LEFT butterfly.",,,,,,,,,,,,,,,,,,,,,,,,
,,,,,069479,001,2025-05-18_20h44.58.935,Simon,2024.2.4,Win32,59.52380952,5.803,6.8352,[-0.15508298755186722],[-0.07572614107883817],[1],[0],[0],[1.0311000000238426],"[""left_image_2"",""left_image_2""]",1,6.8352,7.3351,0,0,0,0,1,,,,,,,,,,,,,,,,,,,,,,,,,,,,,,,,,
,,,,,069479,001,2025-05-18_20h44.58.935,Simon,2024.2.4,Win32,59.52380952,,,,,,,,,,,,,,,,,,0,1,1,1,1,images/white_butterfly.png,images/purple_butterfly.png,left_image_2,"In this example, select the LEFT butterfly.",,,,,,,,,,,,,,,,,,,,,,,,
,,,,,069479,001,2025-05-18_20h44.58.935,Simon,2024.2.4,Win32,59.52380952,7.3359,8.2351,[0.2059128630705394],[-0.0487551867219917],[1],[0],[0],[0.8982999999523162],"[""right_image_2"",""right_image_2""]",1,8.2352,8.7351,0,0,0,0,1,,,,,,,,,,,,,,,,,,,,,,,,,,,,,,,,,
,,,,,069479,001,2025-05-18_20h44.58.935,Simon,2024.2.4,Win32,59.52380952,,,,,,,,,,,,,,,,,,0,2,2,2,1,images/yellow_butterfly.png,images/white_butterfly.png,right_image_2,"In this example, select the RIGHT butterfly.",,,,,,,,,,,,,,,,,,,,,,,,
,,,,,069479,001,2025-05-18_20h44.58.935,Simon,2024.2.4,Win32,59.52380952,8.7359,9.4852,[0.145746887966805],[-0.038381742738589214],[1],[0],[0],[0.748600000023842],"[""right_image_2"",""right_image_2""]",1,9.4853,9.9852,0,0,0,0,1,,,,,,,,,,,,,,,,,,,,,,,,,,,,,,,,,
,,,,,069479,001,2025-05-18_20h44.58.935,Simon,2024.2.4,Win32,59.52380952,,,,,,,,,,,,,,,,,,0,3,3,3,1,images/white_butterfly.png,images/yellow_butterfly.png,right_image_2,"In this example, select the RIGHT butterfly.",,,,,,,,,,,,,,,,,,,,,,,,
,,,,,069479,001,2025-05-18_20h44.58.935,Simon,2024.2.4,Win32,59.52380952,,,,,,,,,,,,,,,,,,,,,,,,,,,9.9854,12.752,1,[12.753900000035763],[12.753900000035763],,,,,,,,,,,,,,,,,,,
,,,,,069479,001,2025-05-18_20h44.58.935,Simon,2024.2.4,Win32,59.52380952,,,,,,,,,,1,15.8688,16.3687,,,,,,,,,,,images/white_butterfly.png,images/purple_butterfly.png,left_image, ,,,,,,12.7569,15.8687,[-0.09699170124481328],[-0.06327800829875518],[1],[0],[0],[3.1113999999761575],"[""left_image""]",0,0,0,1,1,,,,,
,,,,,069479,001,2025-05-18_20h44.58.935,Simon,2024.2.4,Win32,59.52380952,,,,,,,,,,0,17.5525,18.0522,,,,,,,,,,,images/purple_butterfly.png,images/white_butterfly.png,left_image, ,,,,,,16.3692,17.5521,[0.1716804979253112],[-0.05912863070539419],[1],[0],[0],[1.1825999999642356],"[""right_image""]",0,1,1,0,1,,,,,
,,,,,069479,001,2025-05-18_20h44.58.935,Simon,2024.2.4,Win32,59.52380952,,,,,,,,,,1,20.3858,20.8856,,,,,,,,,,,images/white_butterfly.png,images/yellow_butterfly.png,right_image, ,,,,,,18.0526,20.3854,[0.1779045643153527],[-0.06016597510373444],[1],[0],[0],[2.3326000000238416],"[""right_image""]",0,2,2,3,1,,,,,
,,,,,069479,001,2025-05-18_20h44.58.935,Simon,2024.2.4,Win32,59.52380952,,,,,,,,,,1,21.6355,22.1356,,,,,,,,,,,images/yellow_butterfly.png,images/white_butterfly.png,right_image, ,,,,,,20.886,21.6355,[0.15300829875518673],[-0.05912863070539419],[1],[0],[0],[0.749300000011921],"[""right_image""]",0,3,3,2,1,,,,,
,,,,,069479,001,2025-05-18_20h44.58.935,Simon,2024.2.4,Win32,59.52380952,,,,,,,,,,1,22.9689,23.4689,,,,,,,,,,,images/white_butterfly.png,images/purple_butterfly.png,left_image, ,,,,,,22.1358,22.9689,[-0.1592323651452282],[-0.03112033195020747],[1],[0],[0],[0.8326999999880798],"[""left_image""]",1,0,4,1,1,,,,,
,,,,,069479,001,2025-05-18_20h44.58.935,Simon,2024.2.4,Win32,59.52380952,,,,,,,,,,0,23.936,24.4357,,,,,,,,,,,images/yellow_butterfly.png,images/white_butterfly.png,right_image, ,,,,,,23.4693,23.9357,[-0.15612033195020747],[-0.03423236514522822],[1],[0],[0],[0.4661000000238431],"[""left_image""]",1,1,5,2,1,,,,,
,,,,,069479,001,2025-05-18_20h44.58.935,Simon,2024.2.4,Win32,59.52380952,,,,,,,,,,0,25.1025,25.6023,,,,,,,,,,,images/purple_butterfly.png,images/white_butterfly.png,left_image, ,,,,,,24.4359,25.1024,[0.129149377593361],[-0.03630705394190872],[1],[0],[0],[0.6661999999880805],"[""right_image""]",1,2,6,0,1,,,,,
,,,,,069479,001,2025-05-18_20h44.58.935,Simon,2024.2.4,Win32,59.52380952,,,,,,,,,,0,26.3191,26.819,,,,,,,,,,,images/white_butterfly.png,images/yellow_butterfly.png,right_image, ,,,,,,25.6027,26.3191,[-0.11981327800829876],[-0.014522821576763486],[1],[0],[0],[0.7160999999642357],"[""left_image""]",1,3,7,3,1,,,,,
,,,,,069479,001,2025-05-18_20h44.58.935,Simon,2024.2.4,Win32,59.52380952,,,,,,,,,,1,27.2693,27.7691,,,,,,,,,,,images/white_butterfly.png,images/purple_butterfly.png,left_image, ,,,,,,26.8195,27.2689,[-0.13641078838174273],[0.0031120331950207467],[1],[0],[0],[0.4491999999880747],"[""left_image""]",2,0,8,1,1,,,,,
,,,,,069479,001,2025-05-18_20h44.58.935,Simon,2024.2.4,Win32,59.52380952,,,,,,,,,,0,28.6026,29.1025,,,,,,,,,,,images/purple_butterfly.png,images/white_butterfly.png,left_image, ,,,,,,27.7694,28.6023,[0.18309128630705393],[-0.03319502074688797],[1],[0],[0],[0.8326999999880798],"[""right_image""]",2,1,9,0,1,,,,,
,,,,,069479,001,2025-05-18_20h44.58.935,Simon,2024.2.4,Win32,59.52380952,,,,,,,,,,1,30.5528,31.0525,,,,,,,,,,,images/white_butterfly.png,images/yellow_butterfly.png,right_image, ,,,,,,29.1028,30.5525,[0.14885892116182572],[-0.032157676348547715],[1],[0],[0],[1.4495000000000005],"[""right_image""]",2,2,10,3,1,,,,,
,,,,,069479,001,2025-05-18_20h44.58.935,Simon,2024.2.4,Win32,59.52380952,,,,,,,,,,0,32.1028,32.6026,,,,,,,,,,,images/yellow_butterfly.png,images/white_butterfly.png,right_image, ,,,,,,31.0529,32.1025,[-0.18101659751037344],[-0.016597510373443983],[1],[0],[0],[1.0493999999761598],"[""left_image""]",2,3,11,2,1,,,,,
,,,,,069479,001,2025-05-18_20h44.58.935,Simon,2024.2.4,Win32,59.52380952,,,,,,,,,,1,33.9028,34.4026,,,,,,,,,,,images/yellow_butterfly.png,images/white_butterfly.png,right_image, ,,,,,,32.6029,33.9025,[0.16338174273858921],[-0.026970954356846474],[1],[0],[0],[1.2995000000000019],"[""right_image""]",3,0,12,2,1,,,,,
,,,,,069479,001,2025-05-18_20h44.58.935,Simon,2024.2.4,Win32,59.52380952,,,,,,,,,,0,35.2695,35.7693,,,,,,,,,,,images/white_butterfly.png,images/yellow_butterfly.png,right_image, ,,,,,,34.4029,35.2692,[-0.14263485477178423],[-0.008298755186721992],[1],[0],[0],[0.8659999999999997],"[""left_image""]",3,1,13,3,1,,,,,
,,,,,069479,001,2025-05-18_20h44.58.935,Simon,2024.2.4,Win32,59.52380952,,,,,,,,,,1,37.4363,37.9362,,,,,,,,,,,images/white_butterfly.png,images/purple_butterfly.png,left_image, ,,,,,,35.7696,37.4359,[-0.11358921161825726],[-0.01037344398340249],[1],[0],[0],[1.6661000000238388],"[""left_image""]",3,2,14,1,1,,,,,
,,,,,069479,001,2025-05-18_20h44.58.935,Simon,2024.2.4,Win32,59.52380952,,,,,,,,,,0,38.7035,39.2027,,,,,,,,,,,images/purple_butterfly.png,images/white_butterfly.png,left_image, ,,,,,,37.9365,38.7031,[0.11773858921161826],[-0.046680497925311204],[1],[0],[0],[0.7663000000119169],"[""right_image""]",3,3,15,0,1,,,,,
,,,,,069479,001,2025-05-18_20h44.58.935,Simon,2024.2.4,Win32,59.52380952,,,,,,,,,,1,39.7863,40.2861,,,,,,,,,,,images/white_butterfly.png,images/yellow_butterfly.png,right_image, ,,,,,,39.2031,39.7861,[0.13226141078838174],[-0.03941908713692946],[1],[0],[0],[0.5828000000119218],"[""right_image""]",4,0,16,3,1,,,,,
,,,,,069479,001,2025-05-18_20h44.58.935,Simon,2024.2.4,Win32,59.52380952,,,,,,,,,,0,41.1031,41.6028,,,,,,,,,,,images/white_butterfly.png,images/purple_butterfly.png,left_image, ,,,,,,40.2864,41.1029,[0.12811203319502074],[-0.04564315352697095],[1],[0],[0],[0.8163000000119212],"[""right_image""]",4,1,17,1,1,,,,,
,,,,,069479,001,2025-05-18_20h44.58.935,Simon,2024.2.4,Win32,59.52380952,,,,,,,,,,0,41.9029,42.4028,,,,,,,,,,,images/purple_butterfly.png,images/white_butterfly.png,left_image, ,,,,,,41.6031,41.9028,[0.12811203319502074],[-0.04564315352697095],[1],[0],[0],[0.29939999997615274],"[""right_image""]",4,2,18,0,1,,,,,
,,,,,069479,001,2025-05-18_20h44.58.935,Simon,2024.2.4,Win32,59.52380952,,,,,,,,,,1,42.6532,43.153,,,,,,,,,,,images/yellow_butterfly.png,images/white_butterfly.png,right_image, ,,,,,,42.4032,42.6529,[0.1395228215767635],[-0.04045643153526971],[1],[0],[0],[0.24960000002383964],"[""right_image""]",4,3,19,2,1,,,,,
,,,,,069479,001,2025-05-18_20h44.58.935,Simon,2024.2.4,Win32,59.52380952,,,,,,,,,,,,,,,,,,,,,,,,,,,,,,,,,,,,,,,,,,,,,,43.1531,44.3531,1,[44.35280000001192],[44.35280000001192]
