﻿instructions.started,instructions.stopped,start_button.numClicks,start_button.timesOn,start_button.timesOff,participant,session,date,expName,psychopyVersion,OS,frameRate,practice_trial.started,practice_trial.stopped,mouse_2.x,mouse_2.y,mouse_2.leftButton,mouse_2.midButton,mouse_2.rightButton,mouse_2.time,mouse_2.clicked_name,correct,feedback.started,feedback.stopped,loop_until_correct.thisRepN,loop_until_correct.thisTrialN,loop_until_correct.thisN,loop_until_correct.thisIndex,loop_until_correct.ran,prac_trials.thisRepN,prac_trials.thisTrialN,prac_trials.thisN,prac_trials.thisIndex,prac_trials.ran,left_color,right_color,correct_response,top_txt,instructions_2.started,instructions_2.stopped,start_button_2.numClicks,start_button_2.timesOn,start_button_2.timesOff,trial.started,trial.stopped,mouse.x,mouse.y,mouse.leftButton,mouse.midButton,mouse.rightButton,mouse.time,mouse.clicked_name,trials.thisRepN,trials.thisTrialN,trials.thisN,trials.thisIndex,trials.ran,end.started,end.stopped,start_button_3.numClicks,start_button_3.timesOn,start_button_3.timesOff
0.0018,16.0301,1,[16.118800000071527],[16.118800000071527],069995,001,2026-01-26_10h24.15.968,Simon,2024.2.4,Win32,60.60606061,,,,,,,,,,,,,,,,,,,,,,,,,,,,,,,,,,,,,,,,,,,,,,,,,,
,,,,,069995,001,2026-01-26_10h24.15.968,Simon,2024.2.4,Win32,60.60606061,16.103,35.0077,[-0.15726495726495726],[-0.09202280941172543],[1],[0],[0],[18.89789999997616],"[""left_image_2"",""left_image_2""]",1,35.0098,35.507,0,0,0,0,1,,,,,,,,,,,,,,,,,,,,,,,,,,,,,,,,,
,,,,,069995,001,2026-01-26_10h24.15.968,Simon,2024.2.4,Win32,60.60606061,,,,,,,,,,,,,,,,,,0,0,0,0,1,images/purple_butterfly.png,images/white_butterfly.png,left_image_2,"In this example, select the LEFT butterfly.",,,,,,,,,,,,,,,,,,,,,,,,
,,,,,069995,001,2026-01-26_10h24.15.968,Simon,2024.2.4,Win32,60.60606061,35.5134,36.9392,[-0.2415954068175748],[0.010541293152377137],[1],[0],[0],[1.420500000000004],"[""left_image_2"",""left_image_2""]",1,36.9395,37.4382,0,0,0,0,1,,,,,,,,,,,,,,,,,,,,,,,,,,,,,,,,,
,,,,,069995,001,2026-01-26_10h24.15.968,Simon,2024.2.4,Win32,60.60606061,,,,,,,,,,,,,,,,,,0,1,1,1,1,images/white_butterfly.png,images/purple_butterfly.png,left_image_2,"In this example, select the LEFT butterfly.",,,,,,,,,,,,,,,,,,,,,,,,
,,,,,069995,001,2026-01-26_10h24.15.968,Simon,2024.2.4,Win32,60.60606061,37.4435,38.7565,[0.2564102564102564],[-0.04985758463541667],[1],[0],[0],[1.3086000000238442],"[""right_image_2"",""right_image_2""]",1,38.757,39.2547,0,0,0,0,1,,,,,,,,,,,,,,,,,,,,,,,,,,,,,,,,,
,,,,,069995,001,2026-01-26_10h24.15.968,Simon,2024.2.4,Win32,60.60606061,,,,,,,,,,,,,,,,,,0,2,2,2,1,images/yellow_butterfly.png,images/white_butterfly.png,right_image_2,"In this example, select the RIGHT butterfly.",,,,,,,,,,,,,,,,,,,,,,,,
,,,,,069995,001,2026-01-26_10h24.15.968,Simon,2024.2.4,Win32,60.60606061,39.2595,40.4373,[0.2564102564102564],[-0.04985758463541667],[1],[0],[0],[1.1757999999523179],"[""right_image_2"",""right_image_2""]",1,40.4376,40.9367,0,0,0,0,1,,,,,,,,,,,,,,,,,,,,,,,,,,,,,,,,,
,,,,,069995,001,2026-01-26_10h24.15.968,Simon,2024.2.4,Win32,60.60606061,,,,,,,,,,,,,,,,,,0,3,3,3,1,images/white_butterfly.png,images/yellow_butterfly.png,right_image_2,"In this example, select the RIGHT butterfly.",,,,,,,,,,,,,,,,,,,,,,,,
,,,,,069995,001,2026-01-26_10h24.15.968,Simon,2024.2.4,Win32,60.60606061,,,,,,,,,,,,,,,,,,,,,,,,,,,40.9372,45.9038,1,[45.931700000047684],[45.931700000047684],,,,,,,,,,,,,,,,,,,
,,,,,069995,001,2026-01-26_10h24.15.968,Simon,2024.2.4,Win32,60.60606061,,,,,,,,,,1,47.9198,48.4189,,,,,,,,,,,images/purple_butterfly.png,images/white_butterfly.png,left_image, ,,,,,,45.935,47.9195,[-0.1868945521167201],[-0.019088353866185896],[1],[0],[0],[1.981700000047681],"[""left_image""]",0,0,0,0,1,,,,,
,,,,,069995,001,2026-01-26_10h24.15.968,Simon,2024.2.4,Win32,60.60606061,,,,,,,,,,0,49.4213,49.9183,,,,,,,,,,,images/yellow_butterfly.png,images/white_butterfly.png,right_image, ,,,,,,48.4216,49.4184,[-0.1868945521167201],[-0.019088353866185896],[1],[0],[0],[0.9958999999761531],"[""left_image""]",0,1,1,2,1,,,,,
,,,,,069995,001,2026-01-26_10h24.15.968,Simon,2024.2.4,Win32,60.60606061,,,,,,,,,,1,52.9859,53.4844,,,,,,,,,,,images/white_butterfly.png,images/yellow_butterfly.png,right_image, ,,,,,,49.9207,52.9843,[0.29743589743589743],[0.0413105239216079],[1],[0],[0],[3.0619999999999976],"[""right_image""]",0,2,2,3,1,,,,,
,,,,,069995,001,2026-01-26_10h24.15.968,Simon,2024.2.4,Win32,60.60606061,,,,,,,,,,0,55.1338,55.633,,,,,,,,,,,images/white_butterfly.png,images/purple_butterfly.png,left_image, ,,,,,,53.4862,55.1329,[0.2188034188034188],[0.04358974358974359],[1],[0],[0],[1.6458999999761588],"[""right_image""]",0,3,3,1,1,,,,,
,,,,,069995,001,2026-01-26_10h24.15.968,Simon,2024.2.4,Win32,60.60606061,,,,,,,,,,1,56.8333,57.3322,,,,,,,,,,,images/yellow_butterfly.png,images/white_butterfly.png,right_image, ,,,,,,55.6344,56.8325,[0.2188034188034188],[0.04358974358974359],[1],[0],[0],[1.1973000000715217],"[""right_image""]",1,0,4,2,1,,,,,
,,,,,069995,001,2026-01-26_10h24.15.968,Simon,2024.2.4,Win32,60.60606061,,,,,,,,,,0,58.7008,59.1989,,,,,,,,,,,images/white_butterfly.png,images/yellow_butterfly.png,right_image, ,,,,,,57.3333,58.6992,[-0.19715096237313035],[0.01509968032184829],[1],[0],[0],[1.365200000047686],"[""left_image""]",1,1,5,3,1,,,,,
,,,,,069995,001,2026-01-26_10h24.15.968,Simon,2024.2.4,Win32,60.60606061,,,,,,,,,,0,59.8155,60.3146,,,,,,,,,,,images/purple_butterfly.png,images/white_butterfly.png,left_image, ,,,,,,59.2008,59.8152,[0.19373226328792736],[0.04245010767227564],[1],[0],[0],[0.6132000000476836],"[""right_image""]",1,2,6,0,1,,,,,
,,,,,069995,001,2026-01-26_10h24.15.968,Simon,2024.2.4,Win32,60.60606061,,,,,,,,,,1,60.8486,61.3481,,,,,,,,,,,images/white_butterfly.png,images/purple_butterfly.png,left_image, ,,,,,,60.3162,60.848,[-0.20968654013087606],[0.1358974358974359],[1],[0],[0],[0.5305000000000035],"[""left_image""]",1,3,7,1,1,,,,,
,,,,,069995,001,2026-01-26_10h24.15.968,Simon,2024.2.4,Win32,60.60606061,,,,,,,,,,0,62.1496,62.6479,,,,,,,,,,,images/white_butterfly.png,images/purple_butterfly.png,left_image, ,,,,,,61.349,62.1484,"[0.04900288378071581,0.18461538461538463]","[0.051566934178018164,0.040170940170940174]","[1,1]","[0,0]","[0,0]","[0.29909999990464087,0.7992999999523249]","[null,""right_image""]",2,0,8,1,1,,,,,
,,,,,069995,001,2026-01-26_10h24.15.968,Simon,2024.2.4,Win32,60.60606061,,,,,,,,,,1,63.0494,63.5474,,,,,,,,,,,images/purple_butterfly.png,images/white_butterfly.png,left_image, ,,,,,,62.6502,63.0478,[-0.14814807859241452],[0.029914529914529916],[1],[0],[0],[0.39659999990463746],"[""left_image""]",2,1,9,0,1,,,,,
,,,,,069995,001,2026-01-26_10h24.15.968,Simon,2024.2.4,Win32,60.60606061,,,,,,,,,,1,64.2804,64.7801,,,,,,,,,,,images/yellow_butterfly.png,images/white_butterfly.png,right_image, ,,,,,,63.5486,64.2803,[0.1925926273704594],[0.0048432700654380345],[1],[0],[0],[0.731199999928478],"[""right_image""]",2,2,10,2,1,,,,,
,,,,,069995,001,2026-01-26_10h24.15.968,Simon,2024.2.4,Win32,60.60606061,,,,,,,,,,1,65.4641,65.9645,,,,,,,,,,,images/white_butterfly.png,images/yellow_butterfly.png,right_image, ,,,,,,64.7812,65.4639,[0.1925926273704594],[0.0048432700654380345],[1],[0],[0],[0.681899999976153],"[""right_image""]",2,3,11,3,1,,,,,
,,,,,069995,001,2026-01-26_10h24.15.968,Simon,2024.2.4,Win32,60.60606061,,,,,,,,,,0,67.1153,67.6134,,,,,,,,,,,images/yellow_butterfly.png,images/white_butterfly.png,right_image, ,,,,,,65.9666,67.1135,[-0.24273504273504273],[-0.016809134198050215],[1],[0],[0],[1.1460000000000008],"[""left_image""]",3,0,12,2,1,,,,,
,,,,,069995,001,2026-01-26_10h24.15.968,Simon,2024.2.4,Win32,60.60606061,,,,,,,,,,0,69.0457,69.5457,,,,,,,,,,,images/white_butterfly.png,images/yellow_butterfly.png,right_image, ,,,,,,67.6157,69.0456,[-0.17207970252403845],[0.02421650682759081],[1],[0],[0],[1.4287000000476837],"[""left_image""]",3,1,13,3,1,,,,,
,,,,,069995,001,2026-01-26_10h24.15.968,Simon,2024.2.4,Win32,60.60606061,,,,,,,,,,0,69.9964,70.4952,,,,,,,,,,,images/white_butterfly.png,images/purple_butterfly.png,left_image, ,,,,,,69.5469,69.9963,[0.14245021200587607],[0.01282051282051282],[1],[0],[0],[0.44839999997616076],"[""right_image""]",3,2,14,1,1,,,,,
,,,,,069995,001,2026-01-26_10h24.15.968,Simon,2024.2.4,Win32,60.60606061,,,,,,,,,,1,71.0126,71.5127,,,,,,,,,,,images/purple_butterfly.png,images/white_butterfly.png,left_image, ,,,,,,70.4974,71.0118,[-0.18347574869791666],[0.10056976579193376],[1],[0],[0],[0.5133999999761585],"[""left_image""]",3,3,15,0,1,,,,,
,,,,,069995,001,2026-01-26_10h24.15.968,Simon,2024.2.4,Win32,60.60606061,,,,,,,,,,1,71.9457,72.4452,,,,,,,,,,,images/white_butterfly.png,images/yellow_butterfly.png,right_image, ,,,,,,71.5142,71.9455,[0.18803418803418803],[0.048148130759214744],[1],[0],[0],[0.4302000000476909],"[""right_image""]",4,0,16,3,1,,,,,
,,,,,069995,001,2026-01-26_10h24.15.968,Simon,2024.2.4,Win32,60.60606061,,,,,,,,,,0,73.1643,73.6616,,,,,,,,,,,images/yellow_butterfly.png,images/white_butterfly.png,right_image, ,,,,,,72.4473,73.1619,[-0.15384615384615385],[0.07777777777777778],[1],[0],[0],[0.7133999999761613],"[""left_image""]",4,1,17,2,1,,,,,
,,,,,069995,001,2026-01-26_10h24.15.968,Simon,2024.2.4,Win32,60.60606061,,,,,,,,,,0,74.3952,74.8957,,,,,,,,,,,images/purple_butterfly.png,images/white_butterfly.png,left_image, ,,,,,,73.6641,74.395,[0.189173823951656],[0.01509968032184829],[1],[0],[0],[0.7297999999523199],"[""right_image""]",4,2,18,0,1,,,,,
,,,,,069995,001,2026-01-26_10h24.15.968,Simon,2024.2.4,Win32,60.60606061,,,,,,,,,,1,75.3301,75.8281,,,,,,,,,,,images/white_butterfly.png,images/purple_butterfly.png,left_image, ,,,,,,74.8988,75.3279,[-0.1618232922676282],[0.03789172050280449],[1],[0],[0],[0.42729999995232504],"[""left_image""]",4,3,19,1,1,,,,,
,,,,,069995,001,2026-01-26_10h24.15.968,Simon,2024.2.4,Win32,60.60606061,,,,,,,,,,,,,,,,,,,,,,,,,,,,,,,,,,,,,,,,,,,,,,75.8298,77.4115,1,[77.41039999997615],[77.41039999997615]
