﻿instructions.started,instructions.stopped,start_button.numClicks,start_button.timesOn,start_button.timesOff,participant,session,date,expName,psychopyVersion,OS,frameRate,practice_trial.started,practice_trial.stopped,mouse_2.x,mouse_2.y,mouse_2.leftButton,mouse_2.midButton,mouse_2.rightButton,mouse_2.time,mouse_2.clicked_name,correct,feedback.started,feedback.stopped,loop_until_correct.thisRepN,loop_until_correct.thisTrialN,loop_until_correct.thisN,loop_until_correct.thisIndex,loop_until_correct.ran,prac_trials.thisRepN,prac_trials.thisTrialN,prac_trials.thisN,prac_trials.thisIndex,prac_trials.ran,left_color,right_color,correct_response,top_txt,instructions_2.started,instructions_2.stopped,start_button_2.numClicks,start_button_2.timesOn,start_button_2.timesOff,trial.started,trial.stopped,mouse.x,mouse.y,mouse.leftButton,mouse.midButton,mouse.rightButton,mouse.time,mouse.clicked_name,trials.thisRepN,trials.thisTrialN,trials.thisN,trials.thisIndex,trials.ran,end.started,end.stopped,start_button_3.numClicks,start_button_3.timesOn,start_button_3.timesOff
0.0001,1.7896,1,[1.7962000000477474],[1.7962000000477474],070936,001,2025-07-09_10h11.16.006,Simon,2024.2.4,Win32,60.24096386,,,,,,,,,,,,,,,,,,,,,,,,,,,,,,,,,,,,,,,,,,,,,,,,,,
,,,,,070936,001,2025-07-09_10h11.16.006,Simon,2024.2.4,Win32,60.24096386,1.8016,10.8543,[-0.24444444444444444],[0.014285714285714285],[1],[0],[0],[9.051700000047617],"[""left_image_2"",""left_image_2""]",1,10.855,11.3546,0,0,0,0,1,,,,,,,,,,,,,,,,,,,,,,,,,,,,,,,,,
,,,,,070936,001,2025-07-09_10h11.16.006,Simon,2024.2.4,Win32,60.24096386,,,,,,,,,,,,,,,,,,0,0,0,0,1,images/purple_butterfly.png,images/white_butterfly.png,left_image_2,"In this example, select the LEFT butterfly.",,,,,,,,,,,,,,,,,,,,,,,,
,,,,,070936,001,2025-07-09_10h11.16.006,Simon,2024.2.4,Win32,60.24096386,11.3577,14.6539,[-0.24444444444444444],[0.014285714285714285],[1],[0],[0],[3.294799999952261],"[""left_image_2"",""left_image_2""]",1,14.6543,15.1541,0,0,0,0,1,,,,,,,,,,,,,,,,,,,,,,,,,,,,,,,,,
,,,,,070936,001,2025-07-09_10h11.16.006,Simon,2024.2.4,Win32,60.24096386,,,,,,,,,,,,,,,,,,0,1,1,1,1,images/white_butterfly.png,images/purple_butterfly.png,left_image_2,"In this example, select the LEFT butterfly.",,,,,,,,,,,,,,,,,,,,,,,,
,,,,,070936,001,2025-07-09_10h11.16.006,Simon,2024.2.4,Win32,60.24096386,15.1569,18.0702,[0.2582010582010582],[-0.019576719576719578],[1],[0],[0],[2.912099999904626],"[""right_image_2"",""right_image_2""]",1,18.0703,18.5704,0,0,0,0,1,,,,,,,,,,,,,,,,,,,,,,,,,,,,,,,,,
,,,,,070936,001,2025-07-09_10h11.16.006,Simon,2024.2.4,Win32,60.24096386,,,,,,,,,,,,,,,,,,0,2,2,2,1,images/yellow_butterfly.png,images/white_butterfly.png,right_image_2,"In this example, select the RIGHT butterfly.",,,,,,,,,,,,,,,,,,,,,,,,
,,,,,070936,001,2025-07-09_10h11.16.006,Simon,2024.2.4,Win32,60.24096386,18.5728,19.37,[0.2582010582010582],[-0.019576719576719578],[1],[0],[0],[0.7960000000000491],"[""right_image_2"",""right_image_2""]",1,19.3701,19.8703,0,0,0,0,1,,,,,,,,,,,,,,,,,,,,,,,,,,,,,,,,,
,,,,,070936,001,2025-07-09_10h11.16.006,Simon,2024.2.4,Win32,60.24096386,,,,,,,,,,,,,,,,,,0,3,3,3,1,images/white_butterfly.png,images/yellow_butterfly.png,right_image_2,"In this example, select the RIGHT butterfly.",,,,,,,,,,,,,,,,,,,,,,,,
,,,,,070936,001,2025-07-09_10h11.16.006,Simon,2024.2.4,Win32,60.24096386,,,,,,,,,,,,,,,,,,,,,,,,,,,19.8713,21.4867,1,[21.487600000142947],[21.487600000142947],,,,,,,,,,,,,,,,,,,
,,,,,070936,001,2025-07-09_10h11.16.006,Simon,2024.2.4,Win32,60.24096386,,,,,,,,,,1,36.101,36.6006,,,,,,,,,,,images/white_butterfly.png,images/yellow_butterfly.png,right_image, ,,,,,,21.4931,36.101,[0.2455026455026455],[-0.02486772486772487],[1],[0],[0],[14.607600000143066],"[""right_image""]",0,0,0,3,1,,,,,
,,,,,070936,001,2025-07-09_10h11.16.006,Simon,2024.2.4,Win32,60.24096386,,,,,,,,,,1,38.8344,39.3345,,,,,,,,,,,images/purple_butterfly.png,images/white_butterfly.png,left_image, ,,,,,,36.601,38.8344,[-0.17566137566137566],[-0.07777777777777778],[1],[0],[0],[2.2329000000953556],"[""left_image""]",0,1,1,0,1,,,,,
,,,,,070936,001,2025-07-09_10h11.16.006,Simon,2024.2.4,Win32,60.24096386,,,,,,,,,,1,40.6679,41.1673,,,,,,,,,,,images/white_butterfly.png,images/purple_butterfly.png,left_image, ,,,,,,39.336,40.6679,[-0.17566137566137566],[-0.07777777777777778],[1],[0],[0],[1.331099999904609],"[""left_image""]",0,2,2,1,1,,,,,
,,,,,070936,001,2025-07-09_10h11.16.006,Simon,2024.2.4,Win32,60.24096386,,,,,,,,,,1,42.5004,43.001,,,,,,,,,,,images/yellow_butterfly.png,images/white_butterfly.png,right_image, ,,,,,,41.1684,42.5004,[0.2984126984126984],[-0.05767195767195767],[1],[0],[0],[1.3312999999523072],"[""right_image""]",0,3,3,2,1,,,,,
,,,,,070936,001,2025-07-09_10h11.16.006,Simon,2024.2.4,Win32,60.24096386,,,,,,,,,,1,44.1501,44.6498,,,,,,,,,,,images/yellow_butterfly.png,images/white_butterfly.png,right_image, ,,,,,,43.0018,44.15,[0.20634920634920634],[-0.06613756613756613],[1],[0],[0],[1.1480000000000246],"[""right_image""]",1,0,4,2,1,,,,,
,,,,,070936,001,2025-07-09_10h11.16.006,Simon,2024.2.4,Win32,60.24096386,,,,,,,,,,1,45.967,46.4661,,,,,,,,,,,images/white_butterfly.png,images/purple_butterfly.png,left_image, ,,,,,,44.6505,45.9669,[-0.27724867724867724],[0.019576719576719578],[1],[0],[0],[1.315699999809226],"[""left_image""]",1,1,5,1,1,,,,,
,,,,,070936,001,2025-07-09_10h11.16.006,Simon,2024.2.4,Win32,60.24096386,,,,,,,,,,1,47.7003,48.1999,,,,,,,,,,,images/white_butterfly.png,images/yellow_butterfly.png,right_image, ,,,,,,46.4667,47.7001,[0.2507936507936508],[-0.04285714285714286],[1],[0],[0],[1.2330999999046526],"[""right_image""]",1,2,6,3,1,,,,,
,,,,,070936,001,2025-07-09_10h11.16.006,Simon,2024.2.4,Win32,60.24096386,,,,,,,,,,1,49.1497,49.6501,,,,,,,,,,,images/purple_butterfly.png,images/white_butterfly.png,left_image, ,,,,,,48.2011,49.1497,[-0.19153439153439153],[-0.06825396825396825],[1],[0],[0],[0.9477000000476892],"[""left_image""]",1,3,7,0,1,,,,,
,,,,,070936,001,2025-07-09_10h11.16.006,Simon,2024.2.4,Win32,60.24096386,,,,,,,,,,1,50.9995,51.4992,,,,,,,,,,,images/white_butterfly.png,images/purple_butterfly.png,left_image, ,,,,,,49.6514,50.9994,[-0.14285714285714285],[-0.05343915343915344],[1],[0],[0],[1.3474000000953765],"[""left_image""]",2,0,8,1,1,,,,,
,,,,,070936,001,2025-07-09_10h11.16.006,Simon,2024.2.4,Win32,60.24096386,,,,,,,,,,1,52.4826,52.983,,,,,,,,,,,images/yellow_butterfly.png,images/white_butterfly.png,right_image, ,,,,,,51.5,52.4826,[0.26666666666666666],[-0.043915343915343914],[1],[0],[0],[0.9820000000000846],"[""right_image""]",2,1,9,2,1,,,,,
,,,,,070936,001,2025-07-09_10h11.16.006,Simon,2024.2.4,Win32,60.24096386,,,,,,,,,,1,54.0158,54.5157,,,,,,,,,,,images/purple_butterfly.png,images/white_butterfly.png,left_image, ,,,,,,52.9844,54.0158,[-0.2328042328042328],[-0.0671957671957672],[1],[0],[0],[1.030800000190652],"[""left_image""]",2,2,10,0,1,,,,,
,,,,,070936,001,2025-07-09_10h11.16.006,Simon,2024.2.4,Win32,60.24096386,,,,,,,,,,1,56.5988,57.0989,,,,,,,,,,,images/white_butterfly.png,images/yellow_butterfly.png,right_image, ,,,,,,54.5177,56.5988,[0.1619047619047619],[-0.010052910052910053],[1],[0],[0],[2.0805999999046207],"[""right_image""]",2,3,11,3,1,,,,,
,,,,,070936,001,2025-07-09_10h11.16.006,Simon,2024.2.4,Win32,60.24096386,,,,,,,,,,1,60.6486,61.1483,,,,,,,,,,,images/white_butterfly.png,images/yellow_butterfly.png,right_image, ,,,,,,57.1004,60.6485,[0.15555555555555556],[-0.014285714285714285],[1],[0],[0],[3.5477000000475982],"[""right_image""]",3,0,12,3,1,,,,,
,,,,,070936,001,2025-07-09_10h11.16.006,Simon,2024.2.4,Win32,60.24096386,,,,,,,,,,1,61.8147,62.3147,,,,,,,,,,,images/yellow_butterfly.png,images/white_butterfly.png,right_image, ,,,,,,61.1498,61.8147,[0.1492063492063492],[-0.015343915343915344],[1],[0],[0],[0.6644000000953838],"[""right_image""]",3,1,13,2,1,,,,,
,,,,,070936,001,2025-07-09_10h11.16.006,Simon,2024.2.4,Win32,60.24096386,,,,,,,,,,1,63.6811,64.181,,,,,,,,,,,images/purple_butterfly.png,images/white_butterfly.png,left_image, ,,,,,,62.3163,63.681,[-0.08253968253968254],[-0.05555555555555555],[1],[0],[0],[1.3642000000476173],"[""left_image""]",3,2,14,0,1,,,,,
,,,,,070936,001,2025-07-09_10h11.16.006,Simon,2024.2.4,Win32,60.24096386,,,,,,,,,,1,65.5148,66.0142,,,,,,,,,,,images/white_butterfly.png,images/purple_butterfly.png,left_image, ,,,,,,64.1821,65.5145,[-0.14179894179894179],[-0.05555555555555555],[1],[0],[0],[1.3319999999999936],"[""left_image""]",3,3,15,1,1,,,,,
,,,,,070936,001,2025-07-09_10h11.16.006,Simon,2024.2.4,Win32,60.24096386,,,,,,,,,,1,66.6807,67.1808,,,,,,,,,,,images/purple_butterfly.png,images/white_butterfly.png,left_image, ,,,,,,66.0156,66.6806,[-0.14179894179894179],[-0.05555555555555555],[1],[0],[0],[0.6644000000953838],"[""left_image""]",4,0,16,0,1,,,,,
,,,,,070936,001,2025-07-09_10h11.16.006,Simon,2024.2.4,Win32,60.24096386,,,,,,,,,,1,67.7975,68.2973,,,,,,,,,,,images/white_butterfly.png,images/purple_butterfly.png,left_image, ,,,,,,67.1823,67.7974,[-0.14179894179894179],[-0.05555555555555555],[1],[0],[0],[0.6145000000000209],"[""left_image""]",4,1,17,1,1,,,,,
,,,,,070936,001,2025-07-09_10h11.16.006,Simon,2024.2.4,Win32,60.24096386,,,,,,,,,,1,69.2636,69.7641,,,,,,,,,,,images/white_butterfly.png,images/yellow_butterfly.png,right_image, ,,,,,,68.2984,69.2636,[0.19047619047619047],[0.03968253968253968],[1],[0],[0],[0.9647000000476282],"[""right_image""]",4,2,18,3,1,,,,,
,,,,,070936,001,2025-07-09_10h11.16.006,Simon,2024.2.4,Win32,60.24096386,,,,,,,,,,1,70.4641,70.9634,,,,,,,,,,,images/yellow_butterfly.png,images/white_butterfly.png,right_image, ,,,,,,69.765,70.464,[0.2126984126984127],[0.03439153439153439],[1],[0],[0],[0.6984999999999673],"[""right_image""]",4,3,19,2,1,,,,,
,,,,,070936,001,2025-07-09_10h11.16.006,Simon,2024.2.4,Win32,60.24096386,,,,,,,,,,,,,,,,,,,,,,,,,,,,,,,,,,,,,,,,,,,,,,70.9636,72.5319,1,[72.52990000009538],[72.52990000009538]
