﻿instructions.started,instructions.stopped,start_button.numClicks,start_button.timesOn,start_button.timesOff,participant,session,date,expName,psychopyVersion,OS,frameRate,practice_trial.started,practice_trial.stopped,mouse_2.x,mouse_2.y,mouse_2.leftButton,mouse_2.midButton,mouse_2.rightButton,mouse_2.time,mouse_2.clicked_name,correct,feedback.started,feedback.stopped,loop_until_correct.thisRepN,loop_until_correct.thisTrialN,loop_until_correct.thisN,loop_until_correct.thisIndex,loop_until_correct.ran,prac_trials.thisRepN,prac_trials.thisTrialN,prac_trials.thisN,prac_trials.thisIndex,prac_trials.ran,left_color,right_color,correct_response,top_txt,instructions_2.started,instructions_2.stopped,start_button_2.numClicks,start_button_2.timesOn,start_button_2.timesOff,trial.started,trial.stopped,mouse.x,mouse.y,mouse.leftButton,mouse.midButton,mouse.rightButton,mouse.time,mouse.clicked_name,trials.thisRepN,trials.thisTrialN,trials.thisN,trials.thisIndex,trials.ran,end.started,end.stopped,start_button_3.numClicks,start_button_3.timesOn,start_button_3.timesOff
0.0001,35.2102,1,[35.22230000019076],[35.22230000019076],070918,001,2025-07-09_09h44.21.188,Simon,2024.2.4,Win32,60.24096386,,,,,,,,,,,,,,,,,,,,,,,,,,,,,,,,,,,,,,,,,,,,,,,,,,
,,,,,070918,001,2025-07-09_09h44.21.188,Simon,2024.2.4,Win32,60.24096386,35.2431,38.8415,[-0.1591203104786546],[-0.000646830530401035],[1],[0],[0],[3.596499999999992],"[""left_image_2"",""left_image_2""]",1,38.8423,39.3416,0,0,0,0,1,,,,,,,,,,,,,,,,,,,,,,,,,,,,,,,,,
,,,,,070918,001,2025-07-09_09h44.21.188,Simon,2024.2.4,Win32,60.24096386,,,,,,,,,,,,,,,,,,0,0,0,0,1,images/purple_butterfly.png,images/white_butterfly.png,left_image_2,"In this example, select the LEFT butterfly.",,,,,,,,,,,,,,,,,,,,,,,,
,,,,,070918,001,2025-07-09_09h44.21.188,Simon,2024.2.4,Win32,60.24096386,39.346,41.9414,[-0.1410090556274256],[0.03428201811125485],[1],[0],[0],[2.5915999999046164],"[""left_image_2"",""left_image_2""]",1,41.9417,42.4411,0,0,0,0,1,,,,,,,,,,,,,,,,,,,,,,,,,,,,,,,,,
,,,,,070918,001,2025-07-09_09h44.21.188,Simon,2024.2.4,Win32,60.24096386,,,,,,,,,,,,,,,,,,0,1,1,1,1,images/white_butterfly.png,images/purple_butterfly.png,left_image_2,"In this example, select the LEFT butterfly.",,,,,,,,,,,,,,,,,,,,,,,,
,,,,,070918,001,2025-07-09_09h44.21.188,Simon,2024.2.4,Win32,60.24096386,42.4447,43.4913,[0.2108667529107374],[0.010996119016817595],[1],[0],[0],[1.0447999999523176],"[""right_image_2"",""right_image_2""]",1,43.4917,43.992,0,0,0,0,1,,,,,,,,,,,,,,,,,,,,,,,,,,,,,,,,,
,,,,,070918,001,2025-07-09_09h44.21.188,Simon,2024.2.4,Win32,60.24096386,,,,,,,,,,,,,,,,,,0,2,2,2,1,images/yellow_butterfly.png,images/white_butterfly.png,right_image_2,"In this example, select the RIGHT butterfly.",,,,,,,,,,,,,,,,,,,,,,,,
,,,,,070918,001,2025-07-09_09h44.21.188,Simon,2024.2.4,Win32,60.24096386,43.9953,44.8243,[0.14877102199223805],[-0.000646830530401035],[1],[0],[0],[0.8273999998569366],"[""right_image_2"",""right_image_2""]",1,44.8246,45.3246,0,0,0,0,1,,,,,,,,,,,,,,,,,,,,,,,,,,,,,,,,,
,,,,,070918,001,2025-07-09_09h44.21.188,Simon,2024.2.4,Win32,60.24096386,,,,,,,,,,,,,,,,,,0,3,3,3,1,images/white_butterfly.png,images/yellow_butterfly.png,right_image_2,"In this example, select the RIGHT butterfly.",,,,,,,,,,,,,,,,,,,,,,,,
,,,,,070918,001,2025-07-09_09h44.21.188,Simon,2024.2.4,Win32,60.24096386,,,,,,,,,,,,,,,,,,,,,,,,,,,45.3257,46.6741,1,[46.67760000014309],[46.67760000014309],,,,,,,,,,,,,,,,,,,
,,,,,070918,001,2025-07-09_09h44.21.188,Simon,2024.2.4,Win32,60.24096386,,,,,,,,,,1,47.874,48.3735,,,,,,,,,,,images/white_butterfly.png,images/purple_butterfly.png,left_image, ,,,,,,46.6827,47.8738,[-0.2018111254851229],[0.003234152652005175],[1],[0],[0],[1.1905000000000427],"[""left_image""]",0,0,0,1,1,,,,,
,,,,,070918,001,2025-07-09_09h44.21.188,Simon,2024.2.4,Win32,60.24096386,,,,,,,,,,1,49.474,49.9735,,,,,,,,,,,images/white_butterfly.png,images/yellow_butterfly.png,right_image, ,,,,,,48.3756,49.4738,[0.13454075032341525],[0.0278137128072445],[1],[0],[0],[1.0972000000476783],"[""right_image""]",0,1,1,3,1,,,,,
,,,,,070918,001,2025-07-09_09h44.21.188,Simon,2024.2.4,Win32,60.24096386,,,,,,,,,,1,50.6071,51.1066,,,,,,,,,,,images/purple_butterfly.png,images/white_butterfly.png,left_image, ,,,,,,49.975,50.6069,[-0.20439844760672704],[0.021345407503234153],[1],[0],[0],[0.6308000001907317],"[""left_image""]",0,2,2,0,1,,,,,
,,,,,070918,001,2025-07-09_09h44.21.188,Simon,2024.2.4,Win32,60.24096386,,,,,,,,,,0,52.4918,52.9892,,,,,,,,,,,images/yellow_butterfly.png,images/white_butterfly.png,right_image, ,,,,,,51.1084,52.4897,[-0.20439844760672704],[0.021345407503234153],[1],[0],[0],[1.3806000001430334],"[""left_image""]",0,3,3,2,1,,,,,
,,,,,070918,001,2025-07-09_09h44.21.188,Simon,2024.2.4,Win32,60.24096386,,,,,,,,,,1,54.6748,55.1729,,,,,,,,,,,images/yellow_butterfly.png,images/white_butterfly.png,right_image, ,,,,,,52.9903,54.673,[0.23544631306597671],[0.005821474773609315],[1],[0],[0],[1.6822000000476578],"[""right_image""]",1,0,4,2,1,,,,,
,,,,,070918,001,2025-07-09_09h44.21.188,Simon,2024.2.4,Win32,60.24096386,,,,,,,,,,1,56.2559,56.7558,,,,,,,,,,,images/white_butterfly.png,images/purple_butterfly.png,left_image, ,,,,,,55.1747,56.2559,[-0.21604139715394566],[0.018758085381630013],[1],[0],[0],[1.0800999999046326],"[""left_image""]",1,1,5,1,1,,,,,
,,,,,070918,001,2025-07-09_09h44.21.188,Simon,2024.2.4,Win32,60.24096386,,,,,,,,,,1,57.574,58.0721,,,,,,,,,,,images/purple_butterfly.png,images/white_butterfly.png,left_image, ,,,,,,56.758,57.5739,[-0.22121604139715395],[0.03428201811125485],[1],[0],[0],[0.8149999999999977],"[""left_image""]",1,2,6,0,1,,,,,
,,,,,070918,001,2025-07-09_09h44.21.188,Simon,2024.2.4,Win32,60.24096386,,,,,,,,,,1,58.9887,59.4888,,,,,,,,,,,images/white_butterfly.png,images/yellow_butterfly.png,right_image, ,,,,,,58.0739,58.9885,[0.1461836998706339],[0.0071151358344113845],[1],[0],[0],[0.9138999998569375],"[""right_image""]",1,3,7,3,1,,,,,
,,,,,070918,001,2025-07-09_09h44.21.188,Simon,2024.2.4,Win32,60.24096386,,,,,,,,,,1,60.439,60.9401,,,,,,,,,,,images/white_butterfly.png,images/yellow_butterfly.png,right_image, ,,,,,,59.4904,60.4388,[0.1759379042690815],[0.0019404915912031048],[1],[0],[0],[0.9478999998569861],"[""right_image""]",2,0,8,3,1,,,,,
,,,,,070918,001,2025-07-09_09h44.21.188,Simon,2024.2.4,Win32,60.24096386,,,,,,,,,,1,61.8552,62.355,,,,,,,,,,,images/white_butterfly.png,images/purple_butterfly.png,left_image, ,,,,,,60.9414,61.855,[-0.19663648124191463],[0.018758085381630013],[1],[0],[0],[0.9127999999523126],"[""left_image""]",2,1,9,1,1,,,,,
,,,,,070918,001,2025-07-09_09h44.21.188,Simon,2024.2.4,Win32,60.24096386,,,,,,,,,,1,63.7551,64.2561,,,,,,,,,,,images/yellow_butterfly.png,images/white_butterfly.png,right_image, ,,,,,,62.3569,63.7548,[0.2069857697283312],[-0.004527813712807244],[1],[0],[0],[1.3969000000953429],"[""right_image""]",2,2,10,2,1,,,,,
,,,,,070918,001,2025-07-09_09h44.21.188,Simon,2024.2.4,Win32,60.24096386,,,,,,,,,,1,65.0883,65.588,,,,,,,,,,,images/purple_butterfly.png,images/white_butterfly.png,left_image, ,,,,,,64.2574,65.0882,[-0.1630012936610608],[0.008408796895213453],[1],[0],[0],[0.8291999998092479],"[""left_image""]",2,3,11,0,1,,,,,
,,,,,070918,001,2025-07-09_09h44.21.188,Simon,2024.2.4,Win32,60.24096386,,,,,,,,,,1,66.6381,67.1389,,,,,,,,,,,images/yellow_butterfly.png,images/white_butterfly.png,right_image, ,,,,,,65.5898,66.6379,[0.17335058214747737],[0.009702457956015523],[1],[0],[0],[1.0471000001430752],"[""right_image""]",3,0,12,2,1,,,,,
,,,,,070918,001,2025-07-09_09h44.21.188,Simon,2024.2.4,Win32,60.24096386,,,,,,,,,,1,68.2712,68.7723,,,,,,,,,,,images/purple_butterfly.png,images/white_butterfly.png,left_image, ,,,,,,67.1398,68.271,[-0.21216041397153945],[-0.004527813712807244],[1],[0],[0],[1.130400000095392],"[""left_image""]",3,1,13,0,1,,,,,
,,,,,070918,001,2025-07-09_09h44.21.188,Simon,2024.2.4,Win32,60.24096386,,,,,,,,,,1,69.4876,69.9877,,,,,,,,,,,images/white_butterfly.png,images/yellow_butterfly.png,right_image, ,,,,,,68.774,69.4875,[0.15653298835705046],[-0.012289780077619664],[1],[0],[0],[0.7120000000000459],"[""right_image""]",3,2,14,3,1,,,,,
,,,,,070918,001,2025-07-09_09h44.21.188,Simon,2024.2.4,Win32,60.24096386,,,,,,,,,,1,70.9207,71.4204,,,,,,,,,,,images/white_butterfly.png,images/purple_butterfly.png,left_image, ,,,,,,69.9897,70.9204,[-0.22897800776196636],[0.022639068564036222],[1],[0],[0],[0.9300999999046553],"[""left_image""]",3,3,15,1,1,,,,,
,,,,,070918,001,2025-07-09_09h44.21.188,Simon,2024.2.4,Win32,60.24096386,,,,,,,,,,1,72.3705,72.8706,,,,,,,,,,,images/white_butterfly.png,images/purple_butterfly.png,left_image, ,,,,,,71.4227,72.3703,[-0.20827943078913325],[0.014877102199223804],[1],[0],[0],[0.9473000001906939],"[""left_image""]",4,0,16,1,1,,,,,
,,,,,070918,001,2025-07-09_09h44.21.188,Simon,2024.2.4,Win32,60.24096386,,,,,,,,,,1,73.587,74.087,,,,,,,,,,,images/white_butterfly.png,images/yellow_butterfly.png,right_image, ,,,,,,72.8726,73.5868,[0.1410090556274256],[-0.008408796895213453],[1],[0],[0],[0.7134999999999536],"[""right_image""]",4,1,17,3,1,,,,,
,,,,,070918,001,2025-07-09_09h44.21.188,Simon,2024.2.4,Win32,60.24096386,,,,,,,,,,1,74.7369,75.2365,,,,,,,,,,,images/purple_butterfly.png,images/white_butterfly.png,left_image, ,,,,,,74.0884,74.7368,[-0.2445019404915912],[-0.003234152652005175],[1],[0],[0],[0.647599999904628],"[""left_image""]",4,2,18,0,1,,,,,
,,,,,070918,001,2025-07-09_09h44.21.188,Simon,2024.2.4,Win32,60.24096386,,,,,,,,,,1,76.17,76.67,,,,,,,,,,,images/yellow_butterfly.png,images/white_butterfly.png,right_image, ,,,,,,75.2384,76.1699,[0.13065976714100905],[-0.013583441138421734],[1],[0],[0],[0.930800000190743],"[""right_image""]",4,3,19,2,1,,,,,
,,,,,070918,001,2025-07-09_09h44.21.188,Simon,2024.2.4,Win32,60.24096386,,,,,,,,,,,,,,,,,,,,,,,,,,,,,,,,,,,,,,,,,,,,,,76.6712,77.7367,1,[77.73590000009537],[77.73590000009537]
