﻿instructions.started,instructions.stopped,start_button.numClicks,start_button.timesOn,start_button.timesOff,participant,session,date,expName,psychopyVersion,OS,frameRate,practice_trial.started,practice_trial.stopped,mouse_2.x,mouse_2.y,mouse_2.leftButton,mouse_2.midButton,mouse_2.rightButton,mouse_2.time,mouse_2.clicked_name,correct,feedback.started,feedback.stopped,loop_until_correct.thisRepN,loop_until_correct.thisTrialN,loop_until_correct.thisN,loop_until_correct.thisIndex,loop_until_correct.ran,prac_trials.thisRepN,prac_trials.thisTrialN,prac_trials.thisN,prac_trials.thisIndex,prac_trials.ran,left_color,right_color,correct_response,top_txt,instructions_2.started,instructions_2.stopped,start_button_2.numClicks,start_button_2.timesOn,start_button_2.timesOff,trial.started,trial.stopped,mouse.x,mouse.y,mouse.leftButton,mouse.midButton,mouse.rightButton,mouse.time,mouse.clicked_name,trials.thisRepN,trials.thisTrialN,trials.thisN,trials.thisIndex,trials.ran,end.started,end.stopped,start_button_3.numClicks,start_button_3.timesOn,start_button_3.timesOff
0.0003,37.2594,1,[37.27190000009537],[37.27190000009537],070925,001,2025-07-09_09h58.41.933,Simon,2024.2.4,Win32,59.88023952,,,,,,,,,,,,,,,,,,,,,,,,,,,,,,,,,,,,,,,,,,,,,,,,,,
,,,,,070925,001,2025-07-09_09h58.41.933,Simon,2024.2.4,Win32,59.88023952,37.2924,39.8925,[-0.17981888745148772],[0.008408796895213453],[1],[0],[0],[2.5978999998569634],"[""left_image_2"",""left_image_2""]",1,39.8936,40.3909,0,0,0,0,1,,,,,,,,,,,,,,,,,,,,,,,,,,,,,,,,,
,,,,,070925,001,2025-07-09_09h58.41.933,Simon,2024.2.4,Win32,59.88023952,,,,,,,,,,,,,,,,,,0,0,0,0,1,images/purple_butterfly.png,images/white_butterfly.png,left_image_2,"In this example, select the LEFT butterfly.",,,,,,,,,,,,,,,,,,,,,,,,
,,,,,070925,001,2025-07-09_09h58.41.933,Simon,2024.2.4,Win32,59.88023952,40.3953,41.5078,[-0.17981888745148772],[0.008408796895213453],[1],[0],[0],[1.1089000000953604],"[""left_image_2"",""left_image_2""]",1,41.5082,42.0072,0,0,0,0,1,,,,,,,,,,,,,,,,,,,,,,,,,,,,,,,,,
,,,,,070925,001,2025-07-09_09h58.41.933,Simon,2024.2.4,Win32,59.88023952,,,,,,,,,,,,,,,,,,0,1,1,1,1,images/white_butterfly.png,images/purple_butterfly.png,left_image_2,"In this example, select the LEFT butterfly.",,,,,,,,,,,,,,,,,,,,,,,,
,,,,,070925,001,2025-07-09_09h58.41.933,Simon,2024.2.4,Win32,59.88023952,42.0113,43.5095,[0.21992238033635186],[0.014877102199223804],[1],[0],[0],[1.495999999999981],"[""right_image_2"",""right_image_2""]",1,43.5099,44.007,0,0,0,0,1,,,,,,,,,,,,,,,,,,,,,,,,,,,,,,,,,
,,,,,070925,001,2025-07-09_09h58.41.933,Simon,2024.2.4,Win32,59.88023952,,,,,,,,,,,,,,,,,,0,2,2,2,1,images/yellow_butterfly.png,images/white_butterfly.png,right_image_2,"In this example, select the RIGHT butterfly.",,,,,,,,,,,,,,,,,,,,,,,,
,,,,,070925,001,2025-07-09_09h58.41.933,Simon,2024.2.4,Win32,59.88023952,44.0107,45.1083,[0.21992238033635186],[0.014877102199223804],[1],[0],[0],[1.0960999999046237],"[""right_image_2"",""right_image_2""]",1,45.1085,45.6065,0,0,0,0,1,,,,,,,,,,,,,,,,,,,,,,,,,,,,,,,,,
,,,,,070925,001,2025-07-09_09h58.41.933,Simon,2024.2.4,Win32,59.88023952,,,,,,,,,,,,,,,,,,0,3,3,3,1,images/white_butterfly.png,images/yellow_butterfly.png,right_image_2,"In this example, select the RIGHT butterfly.",,,,,,,,,,,,,,,,,,,,,,,,
,,,,,070925,001,2025-07-09_09h58.41.933,Simon,2024.2.4,Win32,59.88023952,,,,,,,,,,,,,,,,,,,,,,,,,,,45.6076,47.2233,1,[47.226599999904636],[47.226599999904636],,,,,,,,,,,,,,,,,,,
,,,,,070925,001,2025-07-09_09h58.41.933,Simon,2024.2.4,Win32,59.88023952,,,,,,,,,,1,48.5232,49.0227,,,,,,,,,,,images/white_butterfly.png,images/yellow_butterfly.png,right_image, ,,,,,,47.232,48.523,[0.2936610608020699],[-0.04851228978007762],[1],[0],[0],[1.2904000000953602],"[""right_image""]",0,0,0,3,1,,,,,
,,,,,070925,001,2025-07-09_09h58.41.933,Simon,2024.2.4,Win32,59.88023952,,,,,,,,,,1,50.0729,50.5726,,,,,,,,,,,images/white_butterfly.png,images/purple_butterfly.png,left_image, ,,,,,,49.0247,50.0728,[-0.12677878395860284],[-0.014877102199223804],[1],[0],[0],[1.0472000000476953],"[""left_image""]",0,1,1,1,1,,,,,
,,,,,070925,001,2025-07-09_09h58.41.933,Simon,2024.2.4,Win32,59.88023952,,,,,,,,,,1,51.5229,52.0222,,,,,,,,,,,images/yellow_butterfly.png,images/white_butterfly.png,right_image, ,,,,,,50.5745,51.5227,[0.2276843467011643],[-0.017464424320827943],[1],[0],[0],[0.9466999998092547],"[""right_image""]",0,2,2,2,1,,,,,
,,,,,070925,001,2025-07-09_09h58.41.933,Simon,2024.2.4,Win32,59.88023952,,,,,,,,,,1,53.0557,53.5555,,,,,,,,,,,images/purple_butterfly.png,images/white_butterfly.png,left_image, ,,,,,,52.0242,53.0554,[-0.17981888745148772],[-0.018758085381630013],[1],[0],[0],[1.0304000000953693],"[""left_image""]",0,3,3,0,1,,,,,
,,,,,070925,001,2025-07-09_09h58.41.933,Simon,2024.2.4,Win32,59.88023952,,,,,,,,,,1,54.6388,55.1385,,,,,,,,,,,images/white_butterfly.png,images/purple_butterfly.png,left_image, ,,,,,,53.5574,54.6387,[-0.17981888745148772],[-0.018758085381630013],[1],[0],[0],[1.0805000000000007],"[""left_image""]",1,0,4,1,1,,,,,
,,,,,070925,001,2025-07-09_09h58.41.933,Simon,2024.2.4,Win32,59.88023952,,,,,,,,,,1,56.3555,56.855,,,,,,,,,,,images/white_butterfly.png,images/yellow_butterfly.png,right_image, ,,,,,,55.1405,56.3552,[0.19404915912031048],[-0.010996119016817595],[1],[0],[0],[1.2138999998569489],"[""right_image""]",1,1,5,3,1,,,,,
,,,,,070925,001,2025-07-09_09h58.41.933,Simon,2024.2.4,Win32,59.88023952,,,,,,,,,,1,57.8386,58.3381,,,,,,,,,,,images/yellow_butterfly.png,images/white_butterfly.png,right_image, ,,,,,,56.8571,57.8384,[0.19404915912031048],[-0.010996119016817595],[1],[0],[0],[0.980200000047688],"[""right_image""]",1,2,6,2,1,,,,,
,,,,,070925,001,2025-07-09_09h58.41.933,Simon,2024.2.4,Win32,59.88023952,,,,,,,,,,1,59.5212,60.0207,,,,,,,,,,,images/purple_butterfly.png,images/white_butterfly.png,left_image, ,,,,,,58.3401,59.5212,[-0.1423027166882277],[-0.013583441138421734],[1],[0],[0],[1.180400000095375],"[""left_image""]",1,3,7,0,1,,,,,
,,,,,070925,001,2025-07-09_09h58.41.933,Simon,2024.2.4,Win32,59.88023952,,,,,,,,,,1,61.1879,61.6877,,,,,,,,,,,images/white_butterfly.png,images/yellow_butterfly.png,right_image, ,,,,,,60.0221,61.1877,[0.2095730918499353],[-0.010996119016817595],[1],[0],[0],[1.1650000000000205],"[""right_image""]",2,0,8,3,1,,,,,
,,,,,070925,001,2025-07-09_09h58.41.933,Simon,2024.2.4,Win32,59.88023952,,,,,,,,,,1,62.5544,63.054,,,,,,,,,,,images/yellow_butterfly.png,images/white_butterfly.png,right_image, ,,,,,,61.6898,62.5543,[0.2095730918499353],[-0.010996119016817595],[1],[0],[0],[0.8634000000953677],"[""right_image""]",2,1,9,2,1,,,,,
,,,,,070925,001,2025-07-09_09h58.41.933,Simon,2024.2.4,Win32,59.88023952,,,,,,,,,,1,64.0541,64.5539,,,,,,,,,,,images/white_butterfly.png,images/purple_butterfly.png,left_image, ,,,,,,63.0559,64.0539,[-0.15653298835705046],[-0.014877102199223804],[1],[0],[0],[0.9971999998092542],"[""left_image""]",2,2,10,1,1,,,,,
,,,,,070925,001,2025-07-09_09h58.41.933,Simon,2024.2.4,Win32,59.88023952,,,,,,,,,,1,65.5206,66.0201,,,,,,,,,,,images/purple_butterfly.png,images/white_butterfly.png,left_image, ,,,,,,64.5559,65.5204,[-0.15653298835705046],[-0.014877102199223804],[1],[0],[0],[0.963499999999982],"[""left_image""]",2,3,11,0,1,,,,,
,,,,,070925,001,2025-07-09_09h58.41.933,Simon,2024.2.4,Win32,59.88023952,,,,,,,,,,1,67.1537,67.6534,,,,,,,,,,,images/white_butterfly.png,images/yellow_butterfly.png,right_image, ,,,,,,66.022,67.1536,[0.18240620957309184],[-0.03428201811125485],[1],[0],[0],[1.1306000001430618],"[""right_image""]",3,0,12,3,1,,,,,
,,,,,070925,001,2025-07-09_09h58.41.933,Simon,2024.2.4,Win32,59.88023952,,,,,,,,,,1,68.5536,69.0532,,,,,,,,,,,images/yellow_butterfly.png,images/white_butterfly.png,right_image, ,,,,,,67.6556,68.5535,[0.18240620957309184],[-0.03428201811125485],[1],[0],[0],[0.8969000000953713],"[""right_image""]",3,1,13,2,1,,,,,
,,,,,070925,001,2025-07-09_09h58.41.933,Simon,2024.2.4,Win32,59.88023952,,,,,,,,,,1,70.1368,70.6363,,,,,,,,,,,images/white_butterfly.png,images/purple_butterfly.png,left_image, ,,,,,,69.0551,70.1365,[-0.18111254851228978],[-0.003234152652005175],[1],[0],[0],[1.0806000001430505],"[""left_image""]",3,2,14,1,1,,,,,
,,,,,070925,001,2025-07-09_09h58.41.933,Simon,2024.2.4,Win32,59.88023952,,,,,,,,,,1,71.4363,71.9361,,,,,,,,,,,images/purple_butterfly.png,images/white_butterfly.png,left_image, ,,,,,,70.6386,71.4361,[-0.18111254851228978],[-0.003234152652005175],[1],[0],[0],[0.7960999999046123],"[""left_image""]",3,3,15,0,1,,,,,
,,,,,070925,001,2025-07-09_09h58.41.933,Simon,2024.2.4,Win32,59.88023952,,,,,,,,,,1,72.8698,73.3693,,,,,,,,,,,images/white_butterfly.png,images/purple_butterfly.png,left_image, ,,,,,,71.938,72.8696,[-0.18111254851228978],[-0.003234152652005175],[1],[0],[0],[0.930499999999995],"[""left_image""]",4,0,16,1,1,,,,,
,,,,,070925,001,2025-07-09_09h58.41.933,Simon,2024.2.4,Win32,59.88023952,,,,,,,,,,1,74.4528,74.9526,,,,,,,,,,,images/yellow_butterfly.png,images/white_butterfly.png,right_image, ,,,,,,73.3714,74.4524,[0.21733505821474774],[-0.005821474773609315],[1],[0],[0],[1.0800000000000125],"[""right_image""]",4,1,17,2,1,,,,,
,,,,,070925,001,2025-07-09_09h58.41.933,Simon,2024.2.4,Win32,59.88023952,,,,,,,,,,1,76.5355,77.0353,,,,,,,,,,,images/purple_butterfly.png,images/white_butterfly.png,left_image, ,,,,,,74.9543,76.5354,[-0.16558861578266496],[-0.003234152652005175],[1],[0],[0],[1.5802999999523024],"[""left_image""]",4,2,18,0,1,,,,,
,,,,,070925,001,2025-07-09_09h58.41.933,Simon,2024.2.4,Win32,59.88023952,,,,,,,,,,1,78.369,78.8686,,,,,,,,,,,images/white_butterfly.png,images/yellow_butterfly.png,right_image, ,,,,,,77.0375,78.3687,[0.18628719275549807],[-0.023932729624838292],[1],[0],[0],[1.3302000000476824],"[""right_image""]",4,3,19,3,1,,,,,
,,,,,070925,001,2025-07-09_09h58.41.933,Simon,2024.2.4,Win32,59.88023952,,,,,,,,,,,,,,,,,,,,,,,,,,,,,,,,,,,,,,,,,,,,,,78.8696,80.1686,1,[80.16789999985693],[80.16789999985693]
