﻿instructions.started,instructions.stopped,start_button.numClicks,start_button.timesOn,start_button.timesOff,participant,session,date,expName,psychopyVersion,OS,frameRate,practice_trial.started,practice_trial.stopped,mouse_2.x,mouse_2.y,mouse_2.leftButton,mouse_2.midButton,mouse_2.rightButton,mouse_2.time,mouse_2.clicked_name,correct,feedback.started,feedback.stopped,loop_until_correct.thisRepN,loop_until_correct.thisTrialN,loop_until_correct.thisN,loop_until_correct.thisIndex,loop_until_correct.ran,prac_trials.thisRepN,prac_trials.thisTrialN,prac_trials.thisN,prac_trials.thisIndex,prac_trials.ran,left_color,right_color,correct_response,top_txt,instructions_2.started,instructions_2.stopped,start_button_2.numClicks,start_button_2.timesOn,start_button_2.timesOff,trial.started,trial.stopped,mouse.x,mouse.y,mouse.leftButton,mouse.midButton,mouse.rightButton,mouse.time,mouse.clicked_name,trials.thisRepN,trials.thisTrialN,trials.thisN,trials.thisIndex,trials.ran,end.started,end.stopped,start_button_3.numClicks,start_button_3.timesOn,start_button_3.timesOff
0.0002,17.2306,1,[17.242799999999818],[17.242799999999818],070921,001,2025-07-09_09h54.15.029,Simon,2024.2.4,Win32,59.88023952,,,,,,,,,,,,,,,,,,,,,,,,,,,,,,,,,,,,,,,,,,,,,,,,,,
,,,,,070921,001,2025-07-09_09h54.15.029,Simon,2024.2.4,Win32,59.88023952,17.2597,29.3782,[0.17464424320827943],[-0.032988357050452784],[1],[0],[0],[12.117000000000019],"[""right_image_2"",""right_image_2""]",0,29.3787,29.8784,0,0,0,0,1,,,,,,,,,,,,,,,,,,,,,,,,,,,,,,,,,
,,,,,070921,001,2025-07-09_09h54.15.029,Simon,2024.2.4,Win32,59.88023952,29.88,43.9767,[-0.2018111254851229],[0.06274256144890039],[1],[0],[0],[14.09559999999965],"[""left_image_2"",""left_image_2""]",1,43.9783,44.4763,1,0,1,0,1,,,,,,,,,,,,,,,,,,,,,,,,,,,,,,,,,
,,,,,070921,001,2025-07-09_09h54.15.029,Simon,2024.2.4,Win32,59.88023952,,,,,,,,,,,,,,,,,,0,0,0,0,1,images/purple_butterfly.png,images/white_butterfly.png,left_image_2,"In this example, select the LEFT butterfly.",,,,,,,,,,,,,,,,,,,,,,,,
,,,,,070921,001,2025-07-09_09h54.15.029,Simon,2024.2.4,Win32,59.88023952,44.4803,51.842,[0.09702457956015524],[-0.10025873221216042],[1],[0],[0],[7.359800000000291],"[""right_image_2"",""right_image_2""]",0,51.8433,52.3423,0,0,0,0,1,,,,,,,,,,,,,,,,,,,,,,,,,,,,,,,,,
,,,,,070921,001,2025-07-09_09h54.15.029,Simon,2024.2.4,Win32,59.88023952,52.3436,52.8752,[-0.13583441138421734],[-0.03816300129366106],[1],[0],[0],[0.5306000000001063],"[""left_image_2"",""left_image_2""]",1,52.8765,53.375,1,0,1,0,1,,,,,,,,,,,,,,,,,,,,,,,,,,,,,,,,,
,,,,,070921,001,2025-07-09_09h54.15.029,Simon,2024.2.4,Win32,59.88023952,,,,,,,,,,,,,,,,,,0,1,1,1,1,images/white_butterfly.png,images/purple_butterfly.png,left_image_2,"In this example, select the LEFT butterfly.",,,,,,,,,,,,,,,,,,,,,,,,
,,,,,070921,001,2025-07-09_09h54.15.029,Simon,2024.2.4,Win32,59.88023952,53.3778,57.0746,[0.10866752910737387],[-0.05886157826649418],[1],[0],[0],[3.695299999999861],"[""right_image_2"",""right_image_2""]",1,57.0748,57.5742,0,0,0,0,1,,,,,,,,,,,,,,,,,,,,,,,,,,,,,,,,,
,,,,,070921,001,2025-07-09_09h54.15.029,Simon,2024.2.4,Win32,59.88023952,,,,,,,,,,,,,,,,,,0,2,2,2,1,images/yellow_butterfly.png,images/white_butterfly.png,right_image_2,"In this example, select the RIGHT butterfly.",,,,,,,,,,,,,,,,,,,,,,,,
,,,,,070921,001,2025-07-09_09h54.15.029,Simon,2024.2.4,Win32,59.88023952,57.5776,62.1575,[0.15523932729624837],[-0.05109961190168176],[1],[0],[0],[4.5782999999997855],"[""right_image_2"",""right_image_2""]",1,62.1578,62.657,0,0,0,0,1,,,,,,,,,,,,,,,,,,,,,,,,,,,,,,,,,
,,,,,070921,001,2025-07-09_09h54.15.029,Simon,2024.2.4,Win32,59.88023952,,,,,,,,,,,,,,,,,,0,3,3,3,1,images/white_butterfly.png,images/yellow_butterfly.png,right_image_2,"In this example, select the RIGHT butterfly.",,,,,,,,,,,,,,,,,,,,,,,,
,,,,,070921,001,2025-07-09_09h54.15.029,Simon,2024.2.4,Win32,59.88023952,,,,,,,,,,,,,,,,,,,,,,,,,,,62.6579,63.9241,1,[63.92729999999983],[63.92729999999983],,,,,,,,,,,,,,,,,,,
,,,,,070921,001,2025-07-09_09h54.15.029,Simon,2024.2.4,Win32,59.88023952,,,,,,,,,,1,68.0731,68.5732,,,,,,,,,,,images/purple_butterfly.png,images/white_butterfly.png,left_image, ,,,,,,63.9397,68.073,[-0.1591203104786546],[0.03040103492884864],[1],[0],[0],[4.132799999999804],"[""left_image""]",0,0,0,0,1,,,,,
,,,,,070921,001,2025-07-09_09h54.15.029,Simon,2024.2.4,Win32,59.88023952,,,,,,,,,,0,70.9737,71.4726,,,,,,,,,,,images/white_butterfly.png,images/yellow_butterfly.png,right_image, ,,,,,,68.5746,70.9725,[-0.1927554980595084],[-0.023932729624838292],[1],[0],[0],[2.397199999999714],"[""left_image""]",0,1,1,3,1,,,,,
,,,,,070921,001,2025-07-09_09h54.15.029,Simon,2024.2.4,Win32,59.88023952,,,,,,,,,,0,72.8889,73.3887,,,,,,,,,,,images/white_butterfly.png,images/purple_butterfly.png,left_image, ,,,,,,71.4739,72.8888,[0.17723156532988357],[-0.052393272962483826],[1],[0],[0],[1.4144000000003416],"[""right_image""]",0,2,2,1,1,,,,,
,,,,,070921,001,2025-07-09_09h54.15.029,Simon,2024.2.4,Win32,59.88023952,,,,,,,,,,0,76.2053,76.705,,,,,,,,,,,images/yellow_butterfly.png,images/white_butterfly.png,right_image, ,,,,,,73.3899,76.2051,[-0.12548512289780078],[-0.0963777490297542],[1],[0],[0],[2.814399999999921],"[""left_image""]",0,3,3,2,1,,,,,
,,,,,070921,001,2025-07-09_09h54.15.029,Simon,2024.2.4,Win32,59.88023952,,,,,,,,,,1,79.7057,80.2044,,,,,,,,,,,images/purple_butterfly.png,images/white_butterfly.png,left_image, ,,,,,,76.7063,79.7046,[-0.12548512289780078],[-0.0963777490297542],[1],[0],[0],[2.9976999999997247],"[""left_image""]",1,0,4,0,1,,,,,
,,,,,070921,001,2025-07-09_09h54.15.029,Simon,2024.2.4,Win32,59.88023952,,,,,,,,,,1,84.4707,84.9704,,,,,,,,,,,images/yellow_butterfly.png,images/white_butterfly.png,right_image, ,,,,,,80.2057,84.4705,[0.15265200517464425],[-0.014877102199223804],[1],[0],[0],[4.264299999999821],"[""right_image""]",1,1,5,2,1,,,,,
,,,,,070921,001,2025-07-09_09h54.15.029,Simon,2024.2.4,Win32,59.88023952,,,,,,,,,,0,86.6213,87.12,,,,,,,,,,,images/white_butterfly.png,images/purple_butterfly.png,left_image, ,,,,,,84.9718,86.6202,[0.15265200517464425],[-0.014877102199223804],[1],[0],[0],[1.647600000000125],"[""right_image""]",1,2,6,1,1,,,,,
,,,,,070921,001,2025-07-09_09h54.15.029,Simon,2024.2.4,Win32,59.88023952,,,,,,,,,,1,87.9047,88.4034,,,,,,,,,,,images/white_butterfly.png,images/yellow_butterfly.png,right_image, ,,,,,,87.1213,87.9034,[0.15265200517464425],[-0.014877102199223804],[1],[0],[0],[0.7816999999997165],"[""right_image""]",1,3,7,3,1,,,,,
,,,,,070921,001,2025-07-09_09h54.15.029,Simon,2024.2.4,Win32,59.88023952,,,,,,,,,,1,91.2863,91.7866,,,,,,,,,,,images/white_butterfly.png,images/purple_butterfly.png,left_image, ,,,,,,88.4047,91.2862,[-0.19146183699870634],[0.0278137128072445],[1],[0],[0],[2.88089999999994],"[""left_image""]",2,0,8,1,1,,,,,
,,,,,070921,001,2025-07-09_09h54.15.029,Simon,2024.2.4,Win32,59.88023952,,,,,,,,,,1,95.769,96.2692,,,,,,,,,,,images/yellow_butterfly.png,images/white_butterfly.png,right_image, ,,,,,,91.7881,95.7689,[0.16688227684346701],[-0.06144890038809832],[1],[0],[0],[3.980000000000018],"[""right_image""]",2,1,9,2,1,,,,,
,,,,,070921,001,2025-07-09_09h54.15.029,Simon,2024.2.4,Win32,59.88023952,,,,,,,,,,1,97.0688,97.5689,,,,,,,,,,,images/purple_butterfly.png,images/white_butterfly.png,left_image, ,,,,,,96.2707,97.0687,[-0.09702457956015524],[-0.04721862871927555],[1],[0],[0],[0.7975000000000136],"[""left_image""]",2,2,10,0,1,,,,,
,,,,,070921,001,2025-07-09_09h54.15.029,Simon,2024.2.4,Win32,59.88023952,,,,,,,,,,1,98.4687,98.9687,,,,,,,,,,,images/white_butterfly.png,images/yellow_butterfly.png,right_image, ,,,,,,97.5703,98.4685,[0.1203104786545925],[-0.0795601552393273],[1],[0],[0],[0.8974999999999795],"[""right_image""]",2,3,11,3,1,,,,,
,,,,,070921,001,2025-07-09_09h54.15.029,Simon,2024.2.4,Win32,59.88023952,,,,,,,,,,0,99.803,100.3016,,,,,,,,,,,images/white_butterfly.png,images/yellow_butterfly.png,right_image, ,,,,,,98.97,99.8018,[-0.1591203104786546],[-0.05109961190168176],[1],[0],[0],[0.8315000000000055],"[""left_image""]",3,0,12,3,1,,,,,
,,,,,070921,001,2025-07-09_09h54.15.029,Simon,2024.2.4,Win32,59.88023952,,,,,,,,,,0,103.7845,104.2843,,,,,,,,,,,images/yellow_butterfly.png,images/white_butterfly.png,right_image, ,,,,,,100.303,103.7843,[-0.1591203104786546],[-0.05109961190168176],[1],[0],[0],[3.4807000000001835],"[""left_image""]",3,1,13,2,1,,,,,
,,,,,070921,001,2025-07-09_09h54.15.029,Simon,2024.2.4,Win32,59.88023952,,,,,,,,,,0,108.2173,108.7174,,,,,,,,,,,images/white_butterfly.png,images/purple_butterfly.png,left_image, ,,,,,,104.2858,108.2172,[0.13065976714100905],[-0.08602846054333764],[1],[0],[0],[3.930799999999806],"[""right_image""]",3,2,14,1,1,,,,,
,,,,,070921,001,2025-07-09_09h54.15.029,Simon,2024.2.4,Win32,59.88023952,,,,,,,,,,0,110.1505,110.6503,,,,,,,,,,,images/purple_butterfly.png,images/white_butterfly.png,left_image, ,,,,,,108.7189,110.1505,[0.13583441138421734],[-0.09508408796895214],[1],[0],[0],[1.4308000000002608],"[""right_image""]",3,3,15,0,1,,,,,
,,,,,070921,001,2025-07-09_09h54.15.029,Simon,2024.2.4,Win32,59.88023952,,,,,,,,,,0,112.5669,113.0664,,,,,,,,,,,images/white_butterfly.png,images/yellow_butterfly.png,right_image, ,,,,,,110.6516,112.5667,[-0.13971539456662355],[-0.012289780077619664],[1],[0],[0],[1.9143999999998869],"[""left_image""]",4,0,16,3,1,,,,,
,,,,,070921,001,2025-07-09_09h54.15.029,Simon,2024.2.4,Win32,59.88023952,,,,,,,,,,1,120.0166,120.5154,,,,,,,,,,,images/white_butterfly.png,images/purple_butterfly.png,left_image, ,,,,,,113.068,120.0152,[-0.1461836998706339],[0.04980595084087969],[1],[0],[0],[6.946600000000103],"[""left_image""]",4,1,17,1,1,,,,,
,,,,,070921,001,2025-07-09_09h54.15.029,Simon,2024.2.4,Win32,59.88023952,,,,,,,,,,1,121.982,122.4817,,,,,,,,,,,images/yellow_butterfly.png,images/white_butterfly.png,right_image, ,,,,,,120.5167,121.9819,[0.24838292367399742],[-0.023932729624838292],[1],[0],[0],[1.4643000000002644],"[""right_image""]",4,2,18,2,1,,,,,
,,,,,070921,001,2025-07-09_09h54.15.029,Simon,2024.2.4,Win32,59.88023952,,,,,,,,,,1,125.2981,125.7984,,,,,,,,,,,images/purple_butterfly.png,images/white_butterfly.png,left_image, ,,,,,,122.4829,125.298,[-0.09573091849935317],[0.000646830530401035],[1],[0],[0],[2.8145999999996434],"[""left_image""]",4,3,19,0,1,,,,,
,,,,,070921,001,2025-07-09_09h54.15.029,Simon,2024.2.4,Win32,59.88023952,,,,,,,,,,,,,,,,,,,,,,,,,,,,,,,,,,,,,,,,,,,,,,125.7986,127.5479,1,[127.54760000000005],[127.54760000000005]
