﻿instructions.started,instructions.stopped,start_button.numClicks,start_button.timesOn,start_button.timesOff,participant,session,date,expName,psychopyVersion,OS,frameRate,practice_trial.started,practice_trial.stopped,mouse_2.x,mouse_2.y,mouse_2.leftButton,mouse_2.midButton,mouse_2.rightButton,mouse_2.time,mouse_2.clicked_name,correct,feedback.started,feedback.stopped,loop_until_correct.thisRepN,loop_until_correct.thisTrialN,loop_until_correct.thisN,loop_until_correct.thisIndex,loop_until_correct.ran,prac_trials.thisRepN,prac_trials.thisTrialN,prac_trials.thisN,prac_trials.thisIndex,prac_trials.ran,left_color,right_color,correct_response,top_txt,instructions_2.started,instructions_2.stopped,start_button_2.numClicks,start_button_2.timesOn,start_button_2.timesOff,trial.started,trial.stopped,mouse.x,mouse.y,mouse.leftButton,mouse.midButton,mouse.rightButton,mouse.time,mouse.clicked_name,trials.thisRepN,trials.thisTrialN,trials.thisN,trials.thisIndex,trials.ran,end.started,end.stopped,start_button_3.numClicks,start_button_3.timesOn,start_button_3.timesOff
0.0002,16.7713,1,[16.77790000009537],[16.77790000009537],070911,001,2025-07-09_09h34.42.364,Simon,2024.2.4,Win32,59.88023952,,,,,,,,,,,,,,,,,,,,,,,,,,,,,,,,,,,,,,,,,,,,,,,,,,
,,,,,070911,001,2025-07-09_09h34.42.364,Simon,2024.2.4,Win32,59.88023952,16.7813,25.2036,[-0.20634920634920634],[-0.003703703703703704],[1],[0],[0],[8.42120000004769],"[""left_image_2"",""left_image_2""]",1,25.2039,25.7034,0,0,0,0,1,,,,,,,,,,,,,,,,,,,,,,,,,,,,,,,,,
,,,,,070911,001,2025-07-09_09h34.42.364,Simon,2024.2.4,Win32,59.88023952,,,,,,,,,,,,,,,,,,0,0,0,0,1,images/purple_butterfly.png,images/white_butterfly.png,left_image_2,"In this example, select the LEFT butterfly.",,,,,,,,,,,,,,,,,,,,,,,,
,,,,,070911,001,2025-07-09_09h34.42.364,Simon,2024.2.4,Win32,59.88023952,25.7048,28.8195,[0.20846560846560847],[0.01746031746031746],[1],[0],[0],[3.114199999809273],"[""right_image_2"",""right_image_2""]",0,28.8199,29.3194,0,0,0,0,1,,,,,,,,,,,,,,,,,,,,,,,,,,,,,,,,,
,,,,,070911,001,2025-07-09_09h34.42.364,Simon,2024.2.4,Win32,59.88023952,29.3198,33.0359,[-0.18518518518518517],[-0.003703703703703704],[1],[0],[0],[3.7156000001430414],"[""left_image_2"",""left_image_2""]",1,33.0365,33.5359,1,0,1,0,1,,,,,,,,,,,,,,,,,,,,,,,,,,,,,,,,,
,,,,,070911,001,2025-07-09_09h34.42.364,Simon,2024.2.4,Win32,59.88023952,,,,,,,,,,,,,,,,,,0,1,1,1,1,images/white_butterfly.png,images/purple_butterfly.png,left_image_2,"In this example, select the LEFT butterfly.",,,,,,,,,,,,,,,,,,,,,,,,
,,,,,070911,001,2025-07-09_09h34.42.364,Simon,2024.2.4,Win32,59.88023952,33.537,35.8187,[0.19153439153439153],[-0.003703703703703704],[1],[0],[0],[2.281099999904626],"[""right_image_2"",""right_image_2""]",1,35.8188,36.3184,0,0,0,0,1,,,,,,,,,,,,,,,,,,,,,,,,,,,,,,,,,
,,,,,070911,001,2025-07-09_09h34.42.364,Simon,2024.2.4,Win32,59.88023952,,,,,,,,,,,,,,,,,,0,2,2,2,1,images/yellow_butterfly.png,images/white_butterfly.png,right_image_2,"In this example, select the RIGHT butterfly.",,,,,,,,,,,,,,,,,,,,,,,,
,,,,,070911,001,2025-07-09_09h34.42.364,Simon,2024.2.4,Win32,59.88023952,36.3194,37.3184,[0.19470899470899472],[-0.01216931216931217],[1],[0],[0],[0.998400000095387],"[""right_image_2"",""right_image_2""]",1,37.3186,37.8185,0,0,0,0,1,,,,,,,,,,,,,,,,,,,,,,,,,,,,,,,,,
,,,,,070911,001,2025-07-09_09h34.42.364,Simon,2024.2.4,Win32,59.88023952,,,,,,,,,,,,,,,,,,0,3,3,3,1,images/white_butterfly.png,images/yellow_butterfly.png,right_image_2,"In this example, select the RIGHT butterfly.",,,,,,,,,,,,,,,,,,,,,,,,
,,,,,070911,001,2025-07-09_09h34.42.364,Simon,2024.2.4,Win32,59.88023952,,,,,,,,,,,,,,,,,,,,,,,,,,,37.8188,42.5679,1,[42.569400000095385],[42.569400000095385],,,,,,,,,,,,,,,,,,,
,,,,,070911,001,2025-07-09_09h34.42.364,Simon,2024.2.4,Win32,59.88023952,,,,,,,,,,1,46.2508,46.7508,,,,,,,,,,,images/white_butterfly.png,images/purple_butterfly.png,left_image, ,,,,,,42.5717,46.2508,[-0.2021164021164021],[-0.004761904761904762],[1],[0],[0],[3.678799999952304],"[""left_image""]",0,0,0,1,1,,,,,
,,,,,070911,001,2025-07-09_09h34.42.364,Simon,2024.2.4,Win32,59.88023952,,,,,,,,,,1,49.1504,49.6504,,,,,,,,,,,images/purple_butterfly.png,images/white_butterfly.png,left_image, ,,,,,,46.7514,49.1504,[-0.22962962962962963],[0.00582010582010582],[1],[0],[0],[2.3984999999999843],"[""left_image""]",0,1,1,0,1,,,,,
,,,,,070911,001,2025-07-09_09h34.42.364,Simon,2024.2.4,Win32,59.88023952,,,,,,,,,,1,50.7503,51.2505,,,,,,,,,,,images/yellow_butterfly.png,images/white_butterfly.png,right_image, ,,,,,,49.6508,50.7503,[0.1925925925925926],[0.013227513227513227],[1],[0],[0],[1.0992000000476878],"[""right_image""]",0,2,2,2,1,,,,,
,,,,,070911,001,2025-07-09_09h34.42.364,Simon,2024.2.4,Win32,59.88023952,,,,,,,,,,1,51.9504,52.4501,,,,,,,,,,,images/white_butterfly.png,images/yellow_butterfly.png,right_image, ,,,,,,51.2511,51.9503,[0.14814814814814814],[-0.011111111111111112],[1],[0],[0],[0.698799999952314],"[""right_image""]",0,3,3,3,1,,,,,
,,,,,070911,001,2025-07-09_09h34.42.364,Simon,2024.2.4,Win32,59.88023952,,,,,,,,,,1,53.2332,53.7332,,,,,,,,,,,images/white_butterfly.png,images/purple_butterfly.png,left_image, ,,,,,,52.4506,53.2331,[-0.17883597883597885],[-0.018518518518518517],[1],[0],[0],[0.7821000001430605],"[""left_image""]",1,0,4,1,1,,,,,
,,,,,070911,001,2025-07-09_09h34.42.364,Simon,2024.2.4,Win32,59.88023952,,,,,,,,,,1,54.4331,54.9331,,,,,,,,,,,images/yellow_butterfly.png,images/white_butterfly.png,right_image, ,,,,,,53.7338,54.433,[0.24444444444444444],[-0.020634920634920634],[1],[0],[0],[0.698799999952314],"[""right_image""]",1,1,5,2,1,,,,,
,,,,,070911,001,2025-07-09_09h34.42.364,Simon,2024.2.4,Win32,59.88023952,,,,,,,,,,1,55.5496,56.0496,,,,,,,,,,,images/white_butterfly.png,images/yellow_butterfly.png,right_image, ,,,,,,54.9334,55.5496,[0.23386243386243386],[-0.0005291005291005291],[1],[0],[0],[0.6156999998092658],"[""right_image""]",1,2,6,3,1,,,,,
,,,,,070911,001,2025-07-09_09h34.42.364,Simon,2024.2.4,Win32,59.88023952,,,,,,,,,,1,56.6828,57.1826,,,,,,,,,,,images/purple_butterfly.png,images/white_butterfly.png,left_image, ,,,,,,56.0499,56.6827,[-0.182010582010582],[0.011111111111111112],[1],[0],[0],[0.6323999998569434],"[""left_image""]",1,3,7,0,1,,,,,
,,,,,070911,001,2025-07-09_09h34.42.364,Simon,2024.2.4,Win32,59.88023952,,,,,,,,,,1,58.0493,58.5494,,,,,,,,,,,images/yellow_butterfly.png,images/white_butterfly.png,right_image, ,,,,,,57.183,58.0493,[0.3216931216931217],[0.0164021164021164],[1],[0],[0],[0.8659999999999854],"[""right_image""]",2,0,8,2,1,,,,,
,,,,,070911,001,2025-07-09_09h34.42.364,Simon,2024.2.4,Win32,59.88023952,,,,,,,,,,1,59.3992,59.8992,,,,,,,,,,,images/white_butterfly.png,images/yellow_butterfly.png,right_image, ,,,,,,58.5498,59.399,[0.20105820105820105],[-0.02486772486772487],[1],[0],[0],[0.8487999999523197],"[""right_image""]",2,1,9,3,1,,,,,
,,,,,070911,001,2025-07-09_09h34.42.364,Simon,2024.2.4,Win32,59.88023952,,,,,,,,,,1,60.5489,61.0489,,,,,,,,,,,images/purple_butterfly.png,images/white_butterfly.png,left_image, ,,,,,,59.8996,60.5489,[-0.17354497354497356],[0.00582010582010582],[1],[0],[0],[0.6489999999999725],"[""left_image""]",2,2,10,0,1,,,,,
,,,,,070911,001,2025-07-09_09h34.42.364,Simon,2024.2.4,Win32,59.88023952,,,,,,,,,,1,61.9656,62.4656,,,,,,,,,,,images/white_butterfly.png,images/purple_butterfly.png,left_image, ,,,,,,61.0493,61.9656,[-0.06984126984126984],[0.004761904761904762],[1],[0],[0],[0.9156999998092488],"[""left_image""]",2,3,11,1,1,,,,,
,,,,,070911,001,2025-07-09_09h34.42.364,Simon,2024.2.4,Win32,59.88023952,,,,,,,,,,1,63.0319,63.5318,,,,,,,,,,,images/purple_butterfly.png,images/white_butterfly.png,left_image, ,,,,,,62.4661,63.0319,[-0.3291005291005291],[0.0164021164021164],[1],[0],[0],[0.5654000000953658],"[""left_image""]",3,0,12,0,1,,,,,
,,,,,070911,001,2025-07-09_09h34.42.364,Simon,2024.2.4,Win32,59.88023952,,,,,,,,,,1,64.332,64.8318,,,,,,,,,,,images/white_butterfly.png,images/purple_butterfly.png,left_image, ,,,,,,63.5322,64.332,[-0.05925925925925926],[-0.004761904761904762],[1],[0],[0],[0.7994000000953747],"[""left_image""]",3,1,13,1,1,,,,,
,,,,,070911,001,2025-07-09_09h34.42.364,Simon,2024.2.4,Win32,59.88023952,,,,,,,,,,1,65.4149,65.9153,,,,,,,,,,,images/white_butterfly.png,images/yellow_butterfly.png,right_image, ,,,,,,64.8323,65.4149,[0.17037037037037037],[0.011111111111111112],[1],[0],[0],[0.5822000000476919],"[""right_image""]",3,2,14,3,1,,,,,
,,,,,070911,001,2025-07-09_09h34.42.364,Simon,2024.2.4,Win32,59.88023952,,,,,,,,,,0,66.6156,67.115,,,,,,,,,,,images/yellow_butterfly.png,images/white_butterfly.png,right_image, ,,,,,,65.916,66.6149,[-0.15978835978835979],[0.003703703703703704],[1],[0],[0],[0.6987000000476655],"[""left_image""]",3,3,15,2,1,,,,,
,,,,,070911,001,2025-07-09_09h34.42.364,Simon,2024.2.4,Win32,59.88023952,,,,,,,,,,1,67.7816,68.2813,,,,,,,,,,,images/white_butterfly.png,images/purple_butterfly.png,left_image, ,,,,,,67.1156,67.7812,[-0.18518518518518517],[0.03756613756613757],[1],[0],[0],[0.6652000000476619],"[""left_image""]",4,0,16,1,1,,,,,
,,,,,070911,001,2025-07-09_09h34.42.364,Simon,2024.2.4,Win32,59.88023952,,,,,,,,,,1,68.998,69.498,,,,,,,,,,,images/purple_butterfly.png,images/white_butterfly.png,left_image, ,,,,,,68.2817,68.9979,[-0.2],[0.021693121693121695],[1],[0],[0],[0.7159000000953597],"[""left_image""]",4,1,17,0,1,,,,,
,,,,,070911,001,2025-07-09_09h34.42.364,Simon,2024.2.4,Win32,59.88023952,,,,,,,,,,1,70.1811,70.6811,,,,,,,,,,,images/yellow_butterfly.png,images/white_butterfly.png,right_image, ,,,,,,69.4985,70.1811,[0.15343915343915343],[0.0068783068783068784],[1],[0],[0],[0.6821999998092849],"[""right_image""]",4,2,18,2,1,,,,,
,,,,,070911,001,2025-07-09_09h34.42.364,Simon,2024.2.4,Win32,59.88023952,,,,,,,,,,1,71.1641,71.6643,,,,,,,,,,,images/white_butterfly.png,images/yellow_butterfly.png,right_image, ,,,,,,70.6814,71.1641,[0.23597883597883598],[-0.013227513227513227],[1],[0],[0],[0.4825000000000159],"[""right_image""]",4,3,19,3,1,,,,,
,,,,,070911,001,2025-07-09_09h34.42.364,Simon,2024.2.4,Win32,59.88023952,,,,,,,,,,,,,,,,,,,,,,,,,,,,,,,,,,,,,,,,,,,,,,71.6645,73.2141,1,[73.21390000009538],[73.21390000009538]
