﻿instructions.started,instructions.stopped,start_button.numClicks,start_button.timesOn,start_button.timesOff,participant,session,date,expName,psychopyVersion,OS,frameRate,practice_trial.started,practice_trial.stopped,mouse_2.x,mouse_2.y,mouse_2.leftButton,mouse_2.midButton,mouse_2.rightButton,mouse_2.time,mouse_2.clicked_name,correct,feedback.started,feedback.stopped,loop_until_correct.thisRepN,loop_until_correct.thisTrialN,loop_until_correct.thisN,loop_until_correct.thisIndex,loop_until_correct.ran,prac_trials.thisRepN,prac_trials.thisTrialN,prac_trials.thisN,prac_trials.thisIndex,prac_trials.ran,left_color,right_color,correct_response,top_txt,instructions_2.started,instructions_2.stopped,start_button_2.numClicks,start_button_2.timesOn,start_button_2.timesOff,trial.started,trial.stopped,mouse.x,mouse.y,mouse.leftButton,mouse.midButton,mouse.rightButton,mouse.time,mouse.clicked_name,trials.thisRepN,trials.thisTrialN,trials.thisN,trials.thisIndex,trials.ran,end.started,end.stopped,start_button_3.numClicks,start_button_3.timesOn,start_button_3.timesOff
0.0009,27.6266,1,[27.639600000000087],[27.639600000000087],070914,001,2025-07-09_09h40.38.912,Simon,2024.2.4,Win32,59.88023952,,,,,,,,,,,,,,,,,,,,,,,,,,,,,,,,,,,,,,,,,,,,,,,,,,
,,,,,070914,001,2025-07-09_09h40.38.912,Simon,2024.2.4,Win32,59.88023952,27.6447,30.66,[-0.2108667529107374],[-0.04463130659767141],[1],[0],[0],[3.013699999999943],"[""left_image_2"",""left_image_2""]",1,30.6607,31.1606,0,0,0,0,1,,,,,,,,,,,,,,,,,,,,,,,,,,,,,,,,,
,,,,,070914,001,2025-07-09_09h40.38.912,Simon,2024.2.4,Win32,59.88023952,,,,,,,,,,,,,,,,,,0,0,0,0,1,images/purple_butterfly.png,images/white_butterfly.png,left_image_2,"In this example, select the LEFT butterfly.",,,,,,,,,,,,,,,,,,,,,,,,
,,,,,070914,001,2025-07-09_09h40.38.912,Simon,2024.2.4,Win32,59.88023952,31.1644,32.8597,[-0.14877102199223805],[-0.08344113842173351],[1],[0],[0],[1.693400000000139],"[""left_image_2"",""left_image_2""]",1,32.86,33.3601,0,0,0,0,1,,,,,,,,,,,,,,,,,,,,,,,,,,,,,,,,,
,,,,,070914,001,2025-07-09_09h40.38.912,Simon,2024.2.4,Win32,59.88023952,,,,,,,,,,,,,,,,,,0,1,1,1,1,images/white_butterfly.png,images/purple_butterfly.png,left_image_2,"In this example, select the LEFT butterfly.",,,,,,,,,,,,,,,,,,,,,,,,
,,,,,070914,001,2025-07-09_09h40.38.912,Simon,2024.2.4,Win32,59.88023952,33.363,34.5095,[0.2108667529107374],[-0.11836998706338939],[1],[0],[0],[1.1450999999998714],"[""right_image_2"",""right_image_2""]",1,34.5097,35.0096,0,0,0,0,1,,,,,,,,,,,,,,,,,,,,,,,,,,,,,,,,,
,,,,,070914,001,2025-07-09_09h40.38.912,Simon,2024.2.4,Win32,59.88023952,,,,,,,,,,,,,,,,,,0,2,2,2,1,images/yellow_butterfly.png,images/white_butterfly.png,right_image_2,"In this example, select the RIGHT butterfly.",,,,,,,,,,,,,,,,,,,,,,,,
,,,,,070914,001,2025-07-09_09h40.38.912,Simon,2024.2.4,Win32,59.88023952,35.0126,36.2927,[0.18240620957309184],[-0.10155239327296249],[1],[0],[0],[1.2787000000001854],"[""right_image_2"",""right_image_2""]",1,36.293,36.7928,0,0,0,0,1,,,,,,,,,,,,,,,,,,,,,,,,,,,,,,,,,
,,,,,070914,001,2025-07-09_09h40.38.912,Simon,2024.2.4,Win32,59.88023952,,,,,,,,,,,,,,,,,,0,3,3,3,1,images/white_butterfly.png,images/yellow_butterfly.png,right_image_2,"In this example, select the RIGHT butterfly.",,,,,,,,,,,,,,,,,,,,,,,,
,,,,,070914,001,2025-07-09_09h40.38.912,Simon,2024.2.4,Win32,59.88023952,,,,,,,,,,,,,,,,,,,,,,,,,,,36.7935,45.3584,1,[45.3605],[45.3605],,,,,,,,,,,,,,,,,,,
,,,,,070914,001,2025-07-09_09h40.38.912,Simon,2024.2.4,Win32,59.88023952,,,,,,,,,,1,49.7073,50.2072,,,,,,,,,,,images/white_butterfly.png,images/yellow_butterfly.png,right_image, ,,,,,,45.3743,49.7071,[0.2445019404915912],[-0.0278137128072445],[1],[0],[0],[4.332100000000082],"[""right_image""]",0,0,0,3,1,,,,,
,,,,,070914,001,2025-07-09_09h40.38.912,Simon,2024.2.4,Win32,59.88023952,,,,,,,,,,1,51.6571,52.1568,,,,,,,,,,,images/purple_butterfly.png,images/white_butterfly.png,left_image, ,,,,,,50.2086,51.657,[-0.12677878395860284],[-0.009702457956015523],[1],[0],[0],[1.4476999999999691],"[""left_image""]",0,1,1,0,1,,,,,
,,,,,070914,001,2025-07-09_09h40.38.912,Simon,2024.2.4,Win32,59.88023952,,,,,,,,,,1,54.5901,55.0897,,,,,,,,,,,images/yellow_butterfly.png,images/white_butterfly.png,right_image, ,,,,,,52.1582,54.59,[0.1423027166882277],[0.005821474773609315],[1],[0],[0],[2.4311999999999614],"[""right_image""]",0,2,2,2,1,,,,,
,,,,,070914,001,2025-07-09_09h40.38.912,Simon,2024.2.4,Win32,59.88023952,,,,,,,,,,1,56.2065,56.7062,,,,,,,,,,,images/white_butterfly.png,images/purple_butterfly.png,left_image, ,,,,,,55.0911,56.2064,[-0.2186287192755498],[-0.009702457956015523],[1],[0],[0],[1.1146999999999707],"[""left_image""]",0,3,3,1,1,,,,,
,,,,,070914,001,2025-07-09_09h40.38.912,Simon,2024.2.4,Win32,59.88023952,,,,,,,,,,1,57.7725,58.2726,,,,,,,,,,,images/purple_butterfly.png,images/white_butterfly.png,left_image, ,,,,,,56.7075,57.7724,[-0.2186287192755498],[-0.009702457956015523],[1],[0],[0],[1.0641999999999712],"[""left_image""]",1,0,4,0,1,,,,,
,,,,,070914,001,2025-07-09_09h40.38.912,Simon,2024.2.4,Win32,59.88023952,,,,,,,,,,1,59.5394,60.0391,,,,,,,,,,,images/white_butterfly.png,images/purple_butterfly.png,left_image, ,,,,,,58.2739,59.5393,[-0.2186287192755498],[-0.009702457956015523],[1],[0],[0],[1.2644999999999982],"[""left_image""]",1,1,5,1,1,,,,,
,,,,,070914,001,2025-07-09_09h40.38.912,Simon,2024.2.4,Win32,59.88023952,,,,,,,,,,1,61.5226,62.0221,,,,,,,,,,,images/yellow_butterfly.png,images/white_butterfly.png,right_image, ,,,,,,60.0403,61.5225,[0.09184993531694696],[0.03557567917205692],[1],[0],[0],[1.4813999999999226],"[""right_image""]",1,2,6,2,1,,,,,
,,,,,070914,001,2025-07-09_09h40.38.912,Simon,2024.2.4,Win32,59.88023952,,,,,,,,,,1,63.072,63.5717,,,,,,,,,,,images/white_butterfly.png,images/yellow_butterfly.png,right_image, ,,,,,,62.0235,63.072,[0.09184993531694696],[0.03557567917205692],[1],[0],[0],[1.0477999999999952],"[""right_image""]",1,3,7,3,1,,,,,
,,,,,070914,001,2025-07-09_09h40.38.912,Simon,2024.2.4,Win32,59.88023952,,,,,,,,,,1,64.3886,64.8884,,,,,,,,,,,images/purple_butterfly.png,images/white_butterfly.png,left_image, ,,,,,,63.5732,64.3884,[-0.1423027166882277],[0.025226390685640362],[1],[0],[0],[0.814399999999921],"[""left_image""]",2,0,8,0,1,,,,,
,,,,,070914,001,2025-07-09_09h40.38.912,Simon,2024.2.4,Win32,59.88023952,,,,,,,,,,1,65.9548,66.4548,,,,,,,,,,,images/white_butterfly.png,images/purple_butterfly.png,left_image, ,,,,,,64.8896,65.9547,[-0.15265200517464425],[0.020051746442432083],[1],[0],[0],[1.064399999999921],"[""left_image""]",2,1,9,1,1,,,,,
,,,,,070914,001,2025-07-09_09h40.38.912,Simon,2024.2.4,Win32,59.88023952,,,,,,,,,,1,67.3882,67.888,,,,,,,,,,,images/white_butterfly.png,images/yellow_butterfly.png,right_image, ,,,,,,66.4561,67.3881,[0.13065976714100905],[-0.0019404915912031048],[1],[0],[0],[0.9316000000001168],"[""right_image""]",2,2,10,3,1,,,,,
,,,,,070914,001,2025-07-09_09h40.38.912,Simon,2024.2.4,Win32,59.88023952,,,,,,,,,,1,69.3215,69.8209,,,,,,,,,,,images/yellow_butterfly.png,images/white_butterfly.png,right_image, ,,,,,,67.8892,69.3214,[0.0815006468305304],[0.021345407503234153],[1],[0],[0],[1.4314000000001101],"[""right_image""]",2,3,11,2,1,,,,,
,,,,,070914,001,2025-07-09_09h40.38.912,Simon,2024.2.4,Win32,59.88023952,,,,,,,,,,1,72.2709,72.7706,,,,,,,,,,,images/purple_butterfly.png,images/white_butterfly.png,left_image, ,,,,,,69.8223,72.2707,[-0.16558861578266496],[0.000646830530401035],[1],[0],[0],[2.4478000000000293],"[""left_image""]",3,0,12,0,1,,,,,
,,,,,070914,001,2025-07-09_09h40.38.912,Simon,2024.2.4,Win32,59.88023952,,,,,,,,,,0,73.6716,74.1704,,,,,,,,,,,images/white_butterfly.png,images/yellow_butterfly.png,right_image, ,,,,,,72.772,73.6704,[-0.16558861578266496],[0.000646830530401035],[1],[0],[0],[0.8978999999998791],"[""left_image""]",3,1,13,3,1,,,,,
,,,,,070914,001,2025-07-09_09h40.38.912,Simon,2024.2.4,Win32,59.88023952,,,,,,,,,,1,75.488,75.9868,,,,,,,,,,,images/yellow_butterfly.png,images/white_butterfly.png,right_image, ,,,,,,74.1726,75.4869,[0.19404915912031048],[-0.021345407503234153],[1],[0],[0],[1.313199999999938],"[""right_image""]",3,2,14,2,1,,,,,
,,,,,070914,001,2025-07-09_09h40.38.912,Simon,2024.2.4,Win32,59.88023952,,,,,,,,,,1,77.72,78.2198,,,,,,,,,,,images/white_butterfly.png,images/purple_butterfly.png,left_image, ,,,,,,75.9881,77.7199,[-0.24708926261319533],[0.03816300129366106],[1],[0],[0],[1.7311999999999443],"[""left_image""]",3,3,15,1,1,,,,,
,,,,,070914,001,2025-07-09_09h40.38.912,Simon,2024.2.4,Win32,59.88023952,,,,,,,,,,1,79.0531,79.5528,,,,,,,,,,,images/yellow_butterfly.png,images/white_butterfly.png,right_image, ,,,,,,78.221,79.0529,[0.1423027166882277],[0.04463130659767141],[1],[0],[0],[0.8311999999999102],"[""right_image""]",4,0,16,2,1,,,,,
,,,,,070914,001,2025-07-09_09h40.38.912,Simon,2024.2.4,Win32,59.88023952,,,,,,,,,,1,80.9866,81.4859,,,,,,,,,,,images/white_butterfly.png,images/purple_butterfly.png,left_image, ,,,,,,79.5542,80.9866,[-0.1448900388098318],[0.03040103492884864],[1],[0],[0],[1.4315000000000282],"[""left_image""]",4,1,17,1,1,,,,,
,,,,,070914,001,2025-07-09_09h40.38.912,Simon,2024.2.4,Win32,59.88023952,,,,,,,,,,1,82.8859,83.3855,,,,,,,,,,,images/white_butterfly.png,images/yellow_butterfly.png,right_image, ,,,,,,81.4873,82.8858,[0.10478654592496765],[0.03428201811125485],[1],[0],[0],[1.3981000000001131],"[""right_image""]",4,2,18,3,1,,,,,
,,,,,070914,001,2025-07-09_09h40.38.912,Simon,2024.2.4,Win32,59.88023952,,,,,,,,,,1,84.2188,84.7189,,,,,,,,,,,images/purple_butterfly.png,images/white_butterfly.png,left_image, ,,,,,,83.3869,84.2186,[-0.129366106080207],[0.03169469598965071],[1],[0],[0],[0.8310999999998216],"[""left_image""]",4,3,19,0,1,,,,,
,,,,,070914,001,2025-07-09_09h40.38.912,Simon,2024.2.4,Win32,59.88023952,,,,,,,,,,,,,,,,,,,,,,,,,,,,,,,,,,,,,,,,,,,,,,84.7195,89.9185,1,[89.91819999999996],[89.91819999999996]
