﻿instructions.started,instructions.stopped,start_button.numClicks,start_button.timesOn,start_button.timesOff,participant,session,date,expName,psychopyVersion,OS,frameRate,practice_trial.started,practice_trial.stopped,mouse_2.x,mouse_2.y,mouse_2.leftButton,mouse_2.midButton,mouse_2.rightButton,mouse_2.time,mouse_2.clicked_name,correct,feedback.started,feedback.stopped,loop_until_correct.thisRepN,loop_until_correct.thisTrialN,loop_until_correct.thisN,loop_until_correct.thisIndex,loop_until_correct.ran,prac_trials.thisRepN,prac_trials.thisTrialN,prac_trials.thisN,prac_trials.thisIndex,prac_trials.ran,left_color,right_color,correct_response,top_txt,instructions_2.started,instructions_2.stopped,start_button_2.numClicks,start_button_2.timesOn,start_button_2.timesOff,trial.started,trial.stopped,mouse.x,mouse.y,mouse.leftButton,mouse.midButton,mouse.rightButton,mouse.time,mouse.clicked_name,trials.thisRepN,trials.thisTrialN,trials.thisN,trials.thisIndex,trials.ran,end.started,end.stopped,start_button_3.numClicks,start_button_3.timesOn,start_button_3.timesOff
0.0005,20.0977,1,[20.124000000000024],[20.124000000000024],070901,001,2025-07-09_09h16.39.921,Simon,2024.2.4,Win32,60.24096386,,,,,,,,,,,,,,,,,,,,,,,,,,,,,,,,,,,,,,,,,,,,,,,,,,
,,,,,070901,001,2025-07-09_09h16.39.921,Simon,2024.2.4,Win32,60.24096386,20.1165,22.0809,[-0.14073071718538566],[-0.03856562922868741],[1],[0],[0],[1.9612999992370703],"[""left_image_2"",""left_image_2""]",1,22.0828,22.5802,0,0,0,0,1,,,,,,,,,,,,,,,,,,,,,,,,,,,,,,,,,
,,,,,070901,001,2025-07-09_09h16.39.921,Simon,2024.2.4,Win32,60.24096386,,,,,,,,,,,,,,,,,,0,0,0,0,1,images/purple_butterfly.png,images/white_butterfly.png,left_image_2,"In this example, select the LEFT butterfly.",,,,,,,,,,,,,,,,,,,,,,,,
,,,,,070901,001,2025-07-09_09h16.39.921,Simon,2024.2.4,Win32,60.24096386,22.5843,24.0297,[-0.14479025710419485],[-0.060216508795669824],[1],[0],[0],[1.4420000000000073],"[""left_image_2"",""left_image_2""]",1,24.03,24.5291,0,0,0,0,1,,,,,,,,,,,,,,,,,,,,,,,,,,,,,,,,,
,,,,,070901,001,2025-07-09_09h16.39.921,Simon,2024.2.4,Win32,60.24096386,,,,,,,,,,,,,,,,,,0,1,1,1,1,images/white_butterfly.png,images/purple_butterfly.png,left_image_2,"In this example, select the LEFT butterfly.",,,,,,,,,,,,,,,,,,,,,,,,
,,,,,070901,001,2025-07-09_09h16.39.921,Simon,2024.2.4,Win32,60.24096386,24.5328,25.6462,[0.2855209742895805],[-0.02097428958051421],[1],[0],[0],[1.111099998474117],"[""right_image_2"",""right_image_2""]",1,25.6466,26.1458,0,0,0,0,1,,,,,,,,,,,,,,,,,,,,,,,,,,,,,,,,,
,,,,,070901,001,2025-07-09_09h16.39.921,Simon,2024.2.4,Win32,60.24096386,,,,,,,,,,,,,,,,,,0,2,2,2,1,images/yellow_butterfly.png,images/white_butterfly.png,right_image_2,"In this example, select the RIGHT butterfly.",,,,,,,,,,,,,,,,,,,,,,,,
,,,,,070901,001,2025-07-09_09h16.39.921,Simon,2024.2.4,Win32,60.24096386,26.1495,26.8626,[0.2774018944519621],[-0.02368064952638701],[1],[0],[0],[0.7115999984741279],"[""right_image_2"",""right_image_2""]",1,26.863,27.3619,0,0,0,0,1,,,,,,,,,,,,,,,,,,,,,,,,,,,,,,,,,
,,,,,070901,001,2025-07-09_09h16.39.921,Simon,2024.2.4,Win32,60.24096386,,,,,,,,,,,,,,,,,,0,3,3,3,1,images/white_butterfly.png,images/yellow_butterfly.png,right_image_2,"In this example, select the RIGHT butterfly.",,,,,,,,,,,,,,,,,,,,,,,,
,,,,,070901,001,2025-07-09_09h16.39.921,Simon,2024.2.4,Win32,60.24096386,,,,,,,,,,,,,,,,,,,,,,,,,,,27.3632,28.6626,1,[28.66550000000001],[28.66550000000001],,,,,,,,,,,,,,,,,,,
,,,,,070901,001,2025-07-09_09h16.39.921,Simon,2024.2.4,Win32,60.24096386,,,,,,,,,,1,29.6295,30.129,,,,,,,,,,,images/purple_butterfly.png,images/white_butterfly.png,left_image, ,,,,,,28.6754,29.6292,[-0.15290933694181327],[-0.09539918809201624],[1],[0],[0],[0.9522999992370558],"[""left_image""]",0,0,0,0,1,,,,,
,,,,,070901,001,2025-07-09_09h16.39.921,Simon,2024.2.4,Win32,60.24096386,,,,,,,,,,1,30.762,31.2619,,,,,,,,,,,images/white_butterfly.png,images/purple_butterfly.png,left_image, ,,,,,,30.131,30.7619,[-0.12990527740189445],[-0.08728010825439783],[1],[0],[0],[0.6291999988555972],"[""left_image""]",0,1,1,1,1,,,,,
,,,,,070901,001,2025-07-09_09h16.39.921,Simon,2024.2.4,Win32,60.24096386,,,,,,,,,,1,32.0952,32.5948,,,,,,,,,,,images/yellow_butterfly.png,images/white_butterfly.png,right_image, ,,,,,,31.2636,32.095,[0.17320703653585928],[-0.015561569688768605],[1],[0],[0],[0.8297000007629265],"[""right_image""]",0,2,2,2,1,,,,,
,,,,,070901,001,2025-07-09_09h16.39.921,Simon,2024.2.4,Win32,60.24096386,,,,,,,,,,1,33.2781,33.7777,,,,,,,,,,,images/white_butterfly.png,images/yellow_butterfly.png,right_image, ,,,,,,32.5964,33.2779,[0.17320703653585928],[-0.015561569688768605],[1],[0],[0],[0.6807000007629256],"[""right_image""]",0,3,3,3,1,,,,,
,,,,,070901,001,2025-07-09_09h16.39.921,Simon,2024.2.4,Win32,60.24096386,,,,,,,,,,1,34.5289,35.0276,,,,,,,,,,,images/yellow_butterfly.png,images/white_butterfly.png,right_image, ,,,,,,33.7796,34.5287,[0.17320703653585928],[-0.015561569688768605],[1],[0],[0],[0.74810000038147],"[""right_image""]",1,0,4,2,1,,,,,
,,,,,070901,001,2025-07-09_09h16.39.921,Simon,2024.2.4,Win32,60.24096386,,,,,,,,,,1,35.8946,36.3941,,,,,,,,,,,images/purple_butterfly.png,images/white_butterfly.png,left_image, ,,,,,,35.0292,35.8943,[-0.10284167794316644],[-0.06968876860622462],[1],[0],[0],[0.864399999618513],"[""left_image""]",1,1,5,0,1,,,,,
,,,,,070901,001,2025-07-09_09h16.39.921,Simon,2024.2.4,Win32,60.24096386,,,,,,,,,,1,37.0277,37.5271,,,,,,,,,,,images/white_butterfly.png,images/purple_butterfly.png,left_image, ,,,,,,36.3961,37.0275,[-0.10419485791610285],[-0.06833558863328823],[1],[0],[0],[0.630100000381475],"[""left_image""]",1,2,6,1,1,,,,,
,,,,,070901,001,2025-07-09_09h16.39.921,Simon,2024.2.4,Win32,60.24096386,,,,,,,,,,1,38.3606,38.8603,,,,,,,,,,,images/white_butterfly.png,images/yellow_butterfly.png,right_image, ,,,,,,37.5288,38.3603,[0.21515561569688768],[-0.0033829499323410014],[1],[0],[0],[0.8310000000000173],"[""right_image""]",1,3,7,3,1,,,,,
,,,,,070901,001,2025-07-09_09h16.39.921,Simon,2024.2.4,Win32,60.24096386,,,,,,,,,,1,39.644,40.1437,,,,,,,,,,,images/yellow_butterfly.png,images/white_butterfly.png,right_image, ,,,,,,38.8621,39.6438,[0.21515561569688768],[-0.0033829499323410014],[1],[0],[0],[0.7810000000000059],"[""right_image""]",2,0,8,2,1,,,,,
,,,,,070901,001,2025-07-09_09h16.39.921,Simon,2024.2.4,Win32,60.24096386,,,,,,,,,,1,41.1774,41.6765,,,,,,,,,,,images/white_butterfly.png,images/purple_butterfly.png,left_image, ,,,,,,40.1454,41.1772,[-0.13667117726657646],[-0.05615696887686062],[1],[0],[0],[1.0308999996185264],"[""left_image""]",2,1,9,1,1,,,,,
,,,,,070901,001,2025-07-09_09h16.39.921,Simon,2024.2.4,Win32,60.24096386,,,,,,,,,,1,42.3435,42.8433,,,,,,,,,,,images/purple_butterfly.png,images/white_butterfly.png,left_image, ,,,,,,41.6784,42.3434,[-0.13125845737483086],[-0.03856562922868741],[1],[0],[0],[0.6642000007629463],"[""left_image""]",2,2,10,0,1,,,,,
,,,,,070901,001,2025-07-09_09h16.39.921,Simon,2024.2.4,Win32,60.24096386,,,,,,,,,,1,43.8102,44.3098,,,,,,,,,,,images/white_butterfly.png,images/yellow_butterfly.png,right_image, ,,,,,,42.845,43.81,[0.2070365358592693],[0.012855209742895805],[1],[0],[0],[0.9638000011444205],"[""right_image""]",2,3,11,3,1,,,,,
,,,,,070901,001,2025-07-09_09h16.39.921,Simon,2024.2.4,Win32,60.24096386,,,,,,,,,,1,44.71,45.2098,,,,,,,,,,,images/white_butterfly.png,images/yellow_butterfly.png,right_image, ,,,,,,44.3113,44.7099,[0.2070365358592693],[0.012855209742895805],[1],[0],[0],[0.39800000000002456],"[""right_image""]",3,0,12,3,1,,,,,
,,,,,070901,001,2025-07-09_09h16.39.921,Simon,2024.2.4,Win32,60.24096386,,,,,,,,,,1,46.0432,46.543,,,,,,,,,,,images/purple_butterfly.png,images/white_butterfly.png,left_image, ,,,,,,45.2118,46.0431,[-0.2462787550744249],[-0.02503382949932341],[1],[0],[0],[0.8300000000000125],"[""left_image""]",3,1,13,0,1,,,,,
,,,,,070901,001,2025-07-09_09h16.39.921,Simon,2024.2.4,Win32,60.24096386,,,,,,,,,,1,47.8594,48.3594,,,,,,,,,,,images/white_butterfly.png,images/purple_butterfly.png,left_image, ,,,,,,46.5444,47.8591,[-0.14343707713125844],[0.004736129905277402],[1],[0],[0],[1.3132999992370742],"[""left_image""]",3,2,14,1,1,,,,,
,,,,,070901,001,2025-07-09_09h16.39.921,Simon,2024.2.4,Win32,60.24096386,,,,,,,,,,1,49.226,49.7254,,,,,,,,,,,images/yellow_butterfly.png,images/white_butterfly.png,right_image, ,,,,,,48.361,49.2259,[0.2219215155615697],[0.004736129905277402],[1],[0],[0],[0.8636000003814672],"[""right_image""]",3,3,15,2,1,,,,,
,,,,,070901,001,2025-07-09_09h16.39.921,Simon,2024.2.4,Win32,60.24096386,,,,,,,,,,1,50.2091,50.7088,,,,,,,,,,,images/white_butterfly.png,images/yellow_butterfly.png,right_image, ,,,,,,49.7272,50.2088,[0.2219215155615697],[0.004736129905277402],[1],[0],[0],[0.48080000114441646],"[""right_image""]",4,0,16,3,1,,,,,
,,,,,070901,001,2025-07-09_09h16.39.921,Simon,2024.2.4,Win32,60.24096386,,,,,,,,,,1,51.1757,51.6753,,,,,,,,,,,images/yellow_butterfly.png,images/white_butterfly.png,right_image, ,,,,,,50.7107,51.1755,[0.2219215155615697],[0.004736129905277402],[1],[0],[0],[0.46399999999999864],"[""right_image""]",4,1,17,2,1,,,,,
,,,,,070901,001,2025-07-09_09h16.39.921,Simon,2024.2.4,Win32,60.24096386,,,,,,,,,,1,52.4919,52.9921,,,,,,,,,,,images/white_butterfly.png,images/purple_butterfly.png,left_image, ,,,,,,51.6774,52.4917,[-0.20027063599458728],[-0.011502029769959404],[1],[0],[0],[0.8134999999999764],"[""left_image""]",4,2,18,1,1,,,,,
,,,,,070901,001,2025-07-09_09h16.39.921,Simon,2024.2.4,Win32,60.24096386,,,,,,,,,,1,53.4251,53.9251,,,,,,,,,,,images/purple_butterfly.png,images/white_butterfly.png,left_image, ,,,,,,52.9939,53.425,[-0.20027063599458728],[-0.011502029769959404],[1],[0],[0],[0.4301999988555849],"[""left_image""]",4,3,19,0,1,,,,,
,,,,,070901,001,2025-07-09_09h16.39.921,Simon,2024.2.4,Win32,60.24096386,,,,,,,,,,,,,,,,,,,,,,,,,,,,,,,,,,,,,,,,,,,,,,53.9261,56.2085,1,[56.20779999923707],[56.20779999923707]
