﻿instructions.started,instructions.stopped,start_button.numClicks,start_button.timesOn,start_button.timesOff,participant,session,date,expName,psychopyVersion,OS,frameRate,practice_trial.started,practice_trial.stopped,mouse_2.x,mouse_2.y,mouse_2.leftButton,mouse_2.midButton,mouse_2.rightButton,mouse_2.time,mouse_2.clicked_name,correct,feedback.started,feedback.stopped,loop_until_correct.thisRepN,loop_until_correct.thisTrialN,loop_until_correct.thisN,loop_until_correct.thisIndex,loop_until_correct.ran,prac_trials.thisRepN,prac_trials.thisTrialN,prac_trials.thisN,prac_trials.thisIndex,prac_trials.ran,left_color,right_color,correct_response,top_txt,instructions_2.started,instructions_2.stopped,start_button_2.numClicks,start_button_2.timesOn,start_button_2.timesOff,trial.started,trial.stopped,mouse.x,mouse.y,mouse.leftButton,mouse.midButton,mouse.rightButton,mouse.time,mouse.clicked_name,trials.thisRepN,trials.thisTrialN,trials.thisN,trials.thisIndex,trials.ran,end.started,end.stopped,start_button_3.numClicks,start_button_3.timesOn,start_button_3.timesOff
0.0001,14.1545,1,[14.161200000047643],[14.161200000047643],070916,001,2025-07-09_09h40.51.869,Simon,2024.2.4,Win32,59.88023952,,,,,,,,,,,,,,,,,,,,,,,,,,,,,,,,,,,,,,,,,,,,,,,,,,
,,,,,070916,001,2025-07-09_09h40.51.869,Simon,2024.2.4,Win32,59.88023952,14.1639,19.5542,[-0.12169312169312169],[-0.023809523809523808],[1],[0],[0],[5.38919999980925],"[""left_image_2"",""left_image_2""]",1,19.5547,20.054,0,0,0,0,1,,,,,,,,,,,,,,,,,,,,,,,,,,,,,,,,,
,,,,,070916,001,2025-07-09_09h40.51.869,Simon,2024.2.4,Win32,59.88023952,,,,,,,,,,,,,,,,,,0,0,0,0,1,images/purple_butterfly.png,images/white_butterfly.png,left_image_2,"In this example, select the LEFT butterfly.",,,,,,,,,,,,,,,,,,,,,,,,
,,,,,070916,001,2025-07-09_09h40.51.869,Simon,2024.2.4,Win32,59.88023952,20.0554,24.2867,[-0.22962962962962963],[-0.011111111111111112],[1],[0],[0],[4.230299999952308],"[""left_image_2"",""left_image_2""]",1,24.2868,24.7866,0,0,0,0,1,,,,,,,,,,,,,,,,,,,,,,,,,,,,,,,,,
,,,,,070916,001,2025-07-09_09h40.51.869,Simon,2024.2.4,Win32,59.88023952,,,,,,,,,,,,,,,,,,0,1,1,1,1,images/white_butterfly.png,images/purple_butterfly.png,left_image_2,"In this example, select the LEFT butterfly.",,,,,,,,,,,,,,,,,,,,,,,,
,,,,,070916,001,2025-07-09_09h40.51.869,Simon,2024.2.4,Win32,59.88023952,24.7877,30.4858,[0.2857142857142857],[-0.043915343915343914],[1],[0],[0],[5.697400000095399],"[""right_image_2"",""right_image_2""]",1,30.4859,30.9857,0,0,0,0,1,,,,,,,,,,,,,,,,,,,,,,,,,,,,,,,,,
,,,,,070916,001,2025-07-09_09h40.51.869,Simon,2024.2.4,Win32,59.88023952,,,,,,,,,,,,,,,,,,0,2,2,2,1,images/yellow_butterfly.png,images/white_butterfly.png,right_image_2,"In this example, select the RIGHT butterfly.",,,,,,,,,,,,,,,,,,,,,,,,
,,,,,070916,001,2025-07-09_09h40.51.869,Simon,2024.2.4,Win32,59.88023952,30.9868,39.6846,[0.2507936507936508],[-0.04708994708994709],[1],[0],[0],[8.697099999904594],"[""right_image_2"",""right_image_2""]",1,39.6848,40.1847,0,0,0,0,1,,,,,,,,,,,,,,,,,,,,,,,,,,,,,,,,,
,,,,,070916,001,2025-07-09_09h40.51.869,Simon,2024.2.4,Win32,59.88023952,,,,,,,,,,,,,,,,,,0,3,3,3,1,images/white_butterfly.png,images/yellow_butterfly.png,right_image_2,"In this example, select the RIGHT butterfly.",,,,,,,,,,,,,,,,,,,,,,,,
,,,,,070916,001,2025-07-09_09h40.51.869,Simon,2024.2.4,Win32,59.88023952,,,,,,,,,,,,,,,,,,,,,,,,,,,40.1849,44.1677,1,[44.16859999990464],[44.16859999990464],,,,,,,,,,,,,,,,,,,
,,,,,070916,001,2025-07-09_09h40.51.869,Simon,2024.2.4,Win32,59.88023952,,,,,,,,,,0,50.0514,50.5501,,,,,,,,,,,images/yellow_butterfly.png,images/white_butterfly.png,right_image, ,,,,,,44.1713,50.0503,[-0.14603174603174604],[-0.049206349206349205],[1],[0],[0],[5.878799999952321],"[""left_image""]",0,0,0,2,1,,,,,
,,,,,070916,001,2025-07-09_09h40.51.869,Simon,2024.2.4,Win32,59.88023952,,,,,,,,,,1,55.9662,56.4658,,,,,,,,,,,images/white_butterfly.png,images/purple_butterfly.png,left_image, ,,,,,,50.5505,55.9658,[-0.14603174603174604],[-0.049206349206349205],[1],[0],[0],[5.414899999856971],"[""left_image""]",0,1,1,1,1,,,,,
,,,,,070916,001,2025-07-09_09h40.51.869,Simon,2024.2.4,Win32,59.88023952,,,,,,,,,,1,58.0495,58.5489,,,,,,,,,,,images/white_butterfly.png,images/yellow_butterfly.png,right_image, ,,,,,,56.4663,58.0494,[0.24761904761904763],[-0.05238095238095238],[1],[0],[0],[1.58270000004768],"[""right_image""]",0,2,2,3,1,,,,,
,,,,,070916,001,2025-07-09_09h40.51.869,Simon,2024.2.4,Win32,59.88023952,,,,,,,,,,1,59.7322,60.232,,,,,,,,,,,images/purple_butterfly.png,images/white_butterfly.png,left_image, ,,,,,,58.5493,59.732,[-0.16613756613756614],[-0.025925925925925925],[1],[0],[0],[1.1822999999523063],"[""left_image""]",0,3,3,0,1,,,,,
,,,,,070916,001,2025-07-09_09h40.51.869,Simon,2024.2.4,Win32,59.88023952,,,,,,,,,,1,62.165,62.6649,,,,,,,,,,,images/purple_butterfly.png,images/white_butterfly.png,left_image, ,,,,,,60.2325,62.165,[-0.16613756613756614],[-0.025925925925925925],[1],[0],[0],[1.9325000000000045],"[""left_image""]",1,0,4,0,1,,,,,
,,,,,070916,001,2025-07-09_09h40.51.869,Simon,2024.2.4,Win32,59.88023952,,,,,,,,,,1,64.6484,65.1479,,,,,,,,,,,images/white_butterfly.png,images/purple_butterfly.png,left_image, ,,,,,,62.6652,64.6484,[-0.16613756613756614],[-0.025925925925925925],[1],[0],[0],[1.9827000000477142],"[""left_image""]",1,1,5,1,1,,,,,
,,,,,070916,001,2025-07-09_09h40.51.869,Simon,2024.2.4,Win32,59.88023952,,,,,,,,,,1,66.9147,67.4144,,,,,,,,,,,images/white_butterfly.png,images/yellow_butterfly.png,right_image, ,,,,,,65.1483,66.9146,[0.23174603174603176],[0.013227513227513227],[1],[0],[0],[1.7660999999046112],"[""right_image""]",1,2,6,3,1,,,,,
,,,,,070916,001,2025-07-09_09h40.51.869,Simon,2024.2.4,Win32,59.88023952,,,,,,,,,,1,69.131,69.6309,,,,,,,,,,,images/yellow_butterfly.png,images/white_butterfly.png,right_image, ,,,,,,67.415,69.131,[0.20634920634920634],[0.00582010582010582],[1],[0],[0],[1.7154999999999632],"[""right_image""]",1,3,7,2,1,,,,,
,,,,,070916,001,2025-07-09_09h40.51.869,Simon,2024.2.4,Win32,59.88023952,,,,,,,,,,1,72.6474,73.1471,,,,,,,,,,,images/purple_butterfly.png,images/white_butterfly.png,left_image, ,,,,,,69.6313,72.6474,[-0.1619047619047619],[0.018518518518518517],[1],[0],[0],[3.0159000000953142],"[""left_image""]",2,0,8,0,1,,,,,
,,,,,070916,001,2025-07-09_09h40.51.869,Simon,2024.2.4,Win32,59.88023952,,,,,,,,,,1,74.1303,74.6303,,,,,,,,,,,images/yellow_butterfly.png,images/white_butterfly.png,right_image, ,,,,,,73.1475,74.1302,[0.23809523809523808],[0.043915343915343914],[1],[0],[0],[0.9822000000476692],"[""right_image""]",2,1,9,2,1,,,,,
,,,,,070916,001,2025-07-09_09h40.51.869,Simon,2024.2.4,Win32,59.88023952,,,,,,,,,,1,75.4635,75.9633,,,,,,,,,,,images/white_butterfly.png,images/yellow_butterfly.png,right_image, ,,,,,,74.6307,75.4635,[0.23809523809523808],[0.040740740740740744],[1],[0],[0],[0.8322999999523404],"[""right_image""]",2,2,10,3,1,,,,,
,,,,,070916,001,2025-07-09_09h40.51.869,Simon,2024.2.4,Win32,59.88023952,,,,,,,,,,1,76.8302,77.3301,,,,,,,,,,,images/white_butterfly.png,images/purple_butterfly.png,left_image, ,,,,,,75.9636,76.8302,[-0.34074074074074073],[-0.026984126984126985],[1],[0],[0],[0.8661000001430352],"[""left_image""]",2,3,11,1,1,,,,,
,,,,,070916,001,2025-07-09_09h40.51.869,Simon,2024.2.4,Win32,59.88023952,,,,,,,,,,1,78.3132,78.8133,,,,,,,,,,,images/purple_butterfly.png,images/white_butterfly.png,left_image, ,,,,,,77.3304,78.3132,[-0.10264550264550265],[-0.018518518518518517],[1],[0],[0],[0.9825000000000159],"[""left_image""]",3,0,12,0,1,,,,,
,,,,,070916,001,2025-07-09_09h40.51.869,Simon,2024.2.4,Win32,59.88023952,,,,,,,,,,1,79.5299,80.0297,,,,,,,,,,,images/white_butterfly.png,images/yellow_butterfly.png,right_image, ,,,,,,78.8137,79.5298,[0.16084656084656085],[0.0015873015873015873],[1],[0],[0],[0.71550000000002],"[""right_image""]",3,1,13,3,1,,,,,
,,,,,070916,001,2025-07-09_09h40.51.869,Simon,2024.2.4,Win32,59.88023952,,,,,,,,,,1,81.4961,81.9959,,,,,,,,,,,images/white_butterfly.png,images/purple_butterfly.png,left_image, ,,,,,,80.0303,81.4961,[-0.2],[0.019576719576719578],[1],[0],[0],[1.4654000000953715],"[""left_image""]",3,2,14,1,1,,,,,
,,,,,070916,001,2025-07-09_09h40.51.869,Simon,2024.2.4,Win32,59.88023952,,,,,,,,,,1,82.7459,83.246,,,,,,,,,,,images/yellow_butterfly.png,images/white_butterfly.png,right_image, ,,,,,,81.9962,82.7459,[0.17883597883597885],[0.019576719576719578],[1],[0],[0],[0.7494000000953633],"[""right_image""]",3,3,15,2,1,,,,,
,,,,,070916,001,2025-07-09_09h40.51.869,Simon,2024.2.4,Win32,59.88023952,,,,,,,,,,1,87.8951,88.3953,,,,,,,,,,,images/yellow_butterfly.png,images/white_butterfly.png,right_image, ,,,,,,83.2463,87.8951,[0.11957671957671957],[0.051322751322751325],[1],[0],[0],[4.648700000047711],"[""right_image""]",4,0,16,2,1,,,,,
,,,,,070916,001,2025-07-09_09h40.51.869,Simon,2024.2.4,Win32,59.88023952,,,,,,,,,,1,89.3116,89.8119,,,,,,,,,,,images/purple_butterfly.png,images/white_butterfly.png,left_image, ,,,,,,88.3956,89.3115,[-0.1693121693121693],[-0.031216931216931216],[1],[0],[0],[0.9155999999046003],"[""left_image""]",4,1,17,0,1,,,,,
,,,,,070916,001,2025-07-09_09h40.51.869,Simon,2024.2.4,Win32,59.88023952,,,,,,,,,,1,91.3947,91.8945,,,,,,,,,,,images/white_butterfly.png,images/purple_butterfly.png,left_image, ,,,,,,89.8124,91.3947,[-0.13015873015873017],[-0.01216931216931217],[1],[0],[0],[1.5819999999999936],"[""left_image""]",4,2,18,1,1,,,,,
,,,,,070916,001,2025-07-09_09h40.51.869,Simon,2024.2.4,Win32,59.88023952,,,,,,,,,,1,92.8614,93.3612,,,,,,,,,,,images/white_butterfly.png,images/yellow_butterfly.png,right_image, ,,,,,,91.8953,92.8613,[0.19894179894179895],[-0.014285714285714285],[1],[0],[0],[0.9657000000476614],"[""right_image""]",4,3,19,3,1,,,,,
,,,,,070916,001,2025-07-09_09h40.51.869,Simon,2024.2.4,Win32,59.88023952,,,,,,,,,,,,,,,,,,,,,,,,,,,,,,,,,,,,,,,,,,,,,,93.3614,95.3611,1,[95.36099999999999],[95.36099999999999]
