﻿instructions.started,instructions.stopped,start_button.numClicks,start_button.timesOn,start_button.timesOff,participant,session,date,expName,psychopyVersion,OS,frameRate,practice_trial.started,practice_trial.stopped,mouse_2.x,mouse_2.y,mouse_2.leftButton,mouse_2.midButton,mouse_2.rightButton,mouse_2.time,mouse_2.clicked_name,correct,feedback.started,feedback.stopped,loop_until_correct.thisRepN,loop_until_correct.thisTrialN,loop_until_correct.thisN,loop_until_correct.thisIndex,loop_until_correct.ran,prac_trials.thisRepN,prac_trials.thisTrialN,prac_trials.thisN,prac_trials.thisIndex,prac_trials.ran,left_color,right_color,correct_response,top_txt,instructions_2.started,instructions_2.stopped,start_button_2.numClicks,start_button_2.timesOn,start_button_2.timesOff,trial.started,trial.stopped,mouse.x,mouse.y,mouse.leftButton,mouse.midButton,mouse.rightButton,mouse.time,mouse.clicked_name,trials.thisRepN,trials.thisTrialN,trials.thisN,trials.thisIndex,trials.ran,end.started,end.stopped,start_button_3.numClicks,start_button_3.timesOn,start_button_3.timesOff
0.0002,91.2515,1,[91.27219999992849],[91.27229999995234],070912,001,2025-07-09_09h33.52.233,Simon,2024.2.4,Win32,60.24096386,,,,,,,,,,,,,,,,,,,,,,,,,,,,,,,,,,,,,,,,,,,,,,,,,,
,,,,,070912,001,2025-07-09_09h33.52.233,Simon,2024.2.4,Win32,60.24096386,91.2817,93.2346,[0.15949632738719832],[-0.018363064008394544],[1],[0],[0],[1.9511000000238425],"[""right_image_2"",""right_image_2""]",0,93.235,93.7356,0,0,0,0,1,,,,,,,,,,,,,,,,,,,,,,,,,,,,,,,,,
,,,,,070912,001,2025-07-09_09h33.52.233,Simon,2024.2.4,Win32,60.24096386,93.7365,94.4193,[-0.11017838405036726],[-0.059286463798530954],[1],[0],[0],[0.6818999999761672],"[""left_image_2"",""left_image_2""]",1,94.4205,94.9195,1,0,1,0,1,,,,,,,,,,,,,,,,,,,,,,,,,,,,,,,,,
,,,,,070912,001,2025-07-09_09h33.52.233,Simon,2024.2.4,Win32,60.24096386,,,,,,,,,,,,,,,,,,0,0,0,0,1,images/purple_butterfly.png,images/white_butterfly.png,left_image_2,"In this example, select the LEFT butterfly.",,,,,,,,,,,,,,,,,,,,,,,,
,,,,,070912,001,2025-07-09_09h33.52.233,Simon,2024.2.4,Win32,60.24096386,94.9216,96.321,[0.14060860440713535],[-0.018363064008394544],[1],[0],[0],[1.3984000000953927],"[""right_image_2"",""right_image_2""]",0,96.3217,96.8212,0,0,0,0,1,,,,,,,,,,,,,,,,,,,,,,,,,,,,,,,,,
,,,,,070912,001,2025-07-09_09h33.52.233,Simon,2024.2.4,Win32,60.24096386,96.8218,98.9572,[0.09968520461699895],[-0.05613850996852046],[1],[0],[0],[2.134799999952321],"[""right_image_2"",""right_image_2""]",0,98.9574,99.4577,1,0,1,0,1,,,,,,,,,,,,,,,,,,,,,,,,,,,,,,,,,
,,,,,070912,001,2025-07-09_09h33.52.233,Simon,2024.2.4,Win32,60.24096386,99.4589,100.2421,[-0.13011542497376705],[-0.04459601259181532],[1],[0],[0],[0.7818000000715131],"[""left_image_2"",""left_image_2""]",1,100.2435,100.742,2,0,2,0,1,,,,,,,,,,,,,,,,,,,,,,,,,,,,,,,,,
,,,,,070912,001,2025-07-09_09h33.52.233,Simon,2024.2.4,Win32,60.24096386,,,,,,,,,,,,,,,,,,0,1,1,1,1,images/white_butterfly.png,images/purple_butterfly.png,left_image_2,"In this example, select the LEFT butterfly.",,,,,,,,,,,,,,,,,,,,,,,,
,,,,,070912,001,2025-07-09_09h33.52.233,Simon,2024.2.4,Win32,60.24096386,100.743,102.4436,[0.12172088142707241],[-0.04879328436516264],[1],[0],[0],[1.6996999999284697],"[""right_image_2"",""right_image_2""]",1,102.4437,102.9444,0,0,0,0,1,,,,,,,,,,,,,,,,,,,,,,,,,,,,,,,,,
,,,,,070912,001,2025-07-09_09h33.52.233,Simon,2024.2.4,Win32,60.24096386,,,,,,,,,,,,,,,,,,0,2,2,2,1,images/yellow_butterfly.png,images/white_butterfly.png,right_image_2,"In this example, select the RIGHT butterfly.",,,,,,,,,,,,,,,,,,,,,,,,
,,,,,070912,001,2025-07-09_09h33.52.233,Simon,2024.2.4,Win32,60.24096386,102.9465,104.1463,[0.18782791185729275],[-0.04459601259181532],[1],[0],[0],[1.1983000000715265],"[""right_image_2"",""right_image_2""]",1,104.1465,104.6459,0,0,0,0,1,,,,,,,,,,,,,,,,,,,,,,,,,,,,,,,,,
,,,,,070912,001,2025-07-09_09h33.52.233,Simon,2024.2.4,Win32,60.24096386,,,,,,,,,,,,,,,,,,0,3,3,3,1,images/white_butterfly.png,images/yellow_butterfly.png,right_image_2,"In this example, select the RIGHT butterfly.",,,,,,,,,,,,,,,,,,,,,,,,
,,,,,070912,001,2025-07-09_09h33.52.233,Simon,2024.2.4,Win32,60.24096386,,,,,,,,,,,,,,,,,,,,,,,,,,,104.6463,106.2654,1,[106.268],[106.268],,,,,,,,,,,,,,,,,,,
,,,,,070912,001,2025-07-09_09h33.52.233,Simon,2024.2.4,Win32,60.24096386,,,,,,,,,,1,107.8657,108.3663,,,,,,,,,,,images/white_butterfly.png,images/yellow_butterfly.png,right_image, ,,,,,,106.287,107.8656,[0.1248688352570829],[-0.08551941238195174],[1],[0],[0],[1.577799999952333],"[""right_image""]",0,0,0,3,1,,,,,
,,,,,070912,001,2025-07-09_09h33.52.233,Simon,2024.2.4,Win32,60.24096386,,,,,,,,,,1,109.4175,109.9178,,,,,,,,,,,images/yellow_butterfly.png,images/white_butterfly.png,right_image, ,,,,,,108.367,109.4174,[0.13431269674711438],[-0.07187827911857293],[1],[0],[0],[1.050100000023832],"[""right_image""]",0,1,1,2,1,,,,,
,,,,,070912,001,2025-07-09_09h33.52.233,Simon,2024.2.4,Win32,60.24096386,,,,,,,,,,1,111.0859,111.5864,,,,,,,,,,,images/purple_butterfly.png,images/white_butterfly.png,left_image, ,,,,,,109.9184,111.0858,[-0.08919202518363065],[-0.04564533053515215],[1],[0],[0],[1.1670000000000016],"[""left_image""]",0,2,2,0,1,,,,,
,,,,,070912,001,2025-07-09_09h33.52.233,Simon,2024.2.4,Win32,60.24096386,,,,,,,,,,1,112.387,112.8875,,,,,,,,,,,images/white_butterfly.png,images/purple_butterfly.png,left_image, ,,,,,,111.5876,112.3869,[-0.13011542497376705],[-0.06453305351521511],[1],[0],[0],[0.7987000000476598],"[""left_image""]",0,3,3,1,1,,,,,
,,,,,070912,001,2025-07-09_09h33.52.233,Simon,2024.2.4,Win32,60.24096386,,,,,,,,,,1,114.0894,114.5892,,,,,,,,,,,images/purple_butterfly.png,images/white_butterfly.png,left_image, ,,,,,,112.8881,114.0893,[-0.1259181532004197],[-0.06558237145855195],[1],[0],[0],[1.2007999999523236],"[""left_image""]",1,0,4,0,1,,,,,
,,,,,070912,001,2025-07-09_09h33.52.233,Simon,2024.2.4,Win32,60.24096386,,,,,,,,,,1,115.3736,115.8737,,,,,,,,,,,images/white_butterfly.png,images/purple_butterfly.png,left_image, ,,,,,,114.5901,115.3736,[-0.1259181532004197],[-0.06558237145855195],[1],[0],[0],[0.7830000000000155],"[""left_image""]",1,1,5,1,1,,,,,
,,,,,070912,001,2025-07-09_09h33.52.233,Simon,2024.2.4,Win32,60.24096386,,,,,,,,,,1,117.0257,117.5256,,,,,,,,,,,images/white_butterfly.png,images/yellow_butterfly.png,right_image, ,,,,,,115.8743,117.0256,[0.10703043022035677],[-0.07397691500524659],[1],[0],[0],[1.150900000095362],"[""right_image""]",1,2,6,3,1,,,,,
,,,,,070912,001,2025-07-09_09h33.52.233,Simon,2024.2.4,Win32,60.24096386,,,,,,,,,,1,118.1263,118.6265,,,,,,,,,,,images/yellow_butterfly.png,images/white_butterfly.png,right_image, ,,,,,,117.5264,118.1263,[0.10703043022035677],[-0.07292759706190975],[1],[0],[0],[0.5992999999523363],"[""right_image""]",1,3,7,2,1,,,,,
,,,,,070912,001,2025-07-09_09h33.52.233,Simon,2024.2.4,Win32,60.24096386,,,,,,,,,,1,119.2946,119.7945,,,,,,,,,,,images/white_butterfly.png,images/yellow_butterfly.png,right_image, ,,,,,,118.6271,119.2945,[0.10598111227701994],[-0.07187827911857293],[1],[0],[0],[0.6671000000238507],"[""right_image""]",2,0,8,3,1,,,,,
,,,,,070912,001,2025-07-09_09h33.52.233,Simon,2024.2.4,Win32,60.24096386,,,,,,,,,,1,120.5789,121.0791,,,,,,,,,,,images/yellow_butterfly.png,images/white_butterfly.png,right_image, ,,,,,,119.7954,120.5788,[0.10598111227701994],[-0.07187827911857293],[1],[0],[0],[0.7828999999761663],"[""right_image""]",2,1,9,2,1,,,,,
,,,,,070912,001,2025-07-09_09h33.52.233,Simon,2024.2.4,Win32,60.24096386,,,,,,,,,,1,122.4306,122.9309,,,,,,,,,,,images/purple_butterfly.png,images/white_butterfly.png,left_image, ,,,,,,121.0799,122.4304,[-0.08499475341028331],[-0.06243441762854145],[1],[0],[0],[1.3499999999999943],"[""left_image""]",2,2,10,0,1,,,,,
,,,,,070912,001,2025-07-09_09h33.52.233,Simon,2024.2.4,Win32,60.24096386,,,,,,,,,,1,123.832,124.3323,,,,,,,,,,,images/white_butterfly.png,images/purple_butterfly.png,left_image, ,,,,,,122.9319,123.8319,[-0.09653725078698845],[-0.040398740818468],[1],[0],[0],[0.8996000000238382],"[""left_image""]",2,3,11,1,1,,,,,
,,,,,070912,001,2025-07-09_09h33.52.233,Simon,2024.2.4,Win32,60.24096386,,,,,,,,,,1,124.883,125.3833,,,,,,,,,,,images/white_butterfly.png,images/purple_butterfly.png,left_image, ,,,,,,124.3334,124.883,[-0.09653725078698845],[-0.040398740818468],[1],[0],[0],[0.5493000000715256],"[""left_image""]",3,0,12,1,1,,,,,
,,,,,070912,001,2025-07-09_09h33.52.233,Simon,2024.2.4,Win32,60.24096386,,,,,,,,,,1,126.3345,126.8348,,,,,,,,,,,images/yellow_butterfly.png,images/white_butterfly.png,right_image, ,,,,,,125.3843,126.3344,[0.1311647429171039],[-0.057187827911857295],[1],[0],[0],[0.9496000000238496],"[""right_image""]",3,1,13,2,1,,,,,
,,,,,070912,001,2025-07-09_09h33.52.233,Simon,2024.2.4,Win32,60.24096386,,,,,,,,,,1,128.02,128.5199,,,,,,,,,,,images/purple_butterfly.png,images/white_butterfly.png,left_image, ,,,,,,126.8357,128.0198,[-0.11542497376705142],[-0.06033578174186779],[1],[0],[0],[1.1837999999523277],"[""left_image""]",3,2,14,0,1,,,,,
,,,,,070912,001,2025-07-09_09h33.52.233,Simon,2024.2.4,Win32,60.24096386,,,,,,,,,,1,129.3713,129.871,,,,,,,,,,,images/white_butterfly.png,images/yellow_butterfly.png,right_image, ,,,,,,128.5209,129.3712,[0.16474291710388247],[-0.09076600209863589],[1],[0],[0],[0.8496000000238269],"[""right_image""]",3,3,15,3,1,,,,,
,,,,,070912,001,2025-07-09_09h33.52.233,Simon,2024.2.4,Win32,60.24096386,,,,,,,,,,1,130.9892,131.49,,,,,,,,,,,images/purple_butterfly.png,images/white_butterfly.png,left_image, ,,,,,,129.8717,130.9891,[-0.05456453305351522],[-0.07712486883525708],[1],[0],[0],[1.1170000000000186],"[""left_image""]",4,0,16,0,1,,,,,
,,,,,070912,001,2025-07-09_09h33.52.233,Simon,2024.2.4,Win32,60.24096386,,,,,,,,,,1,132.5405,133.041,,,,,,,,,,,images/white_butterfly.png,images/purple_butterfly.png,left_image, ,,,,,,131.4912,132.5405,[-0.09233997901364113],[-0.032004197271773345],[1],[0],[0],[1.0486000000238391],"[""left_image""]",4,1,17,1,1,,,,,
,,,,,070912,001,2025-07-09_09h33.52.233,Simon,2024.2.4,Win32,60.24096386,,,,,,,,,,0,134.0271,134.5259,,,,,,,,,,,images/white_butterfly.png,images/yellow_butterfly.png,right_image, ,,,,,,133.0418,134.0261,[-0.11962224554039874],[-0.06977964323189927],[1],[0],[0],[0.9835000000000207],"[""left_image""]",4,2,18,3,1,,,,,
,,,,,070912,001,2025-07-09_09h33.52.233,Simon,2024.2.4,Win32,60.24096386,,,,,,,,,,1,135.4119,135.9104,,,,,,,,,,,images/yellow_butterfly.png,images/white_butterfly.png,right_image, ,,,,,,134.5269,135.4105,[0.10703043022035677],[-0.07397691500524659],[1],[0],[0],[0.8828999999761606],"[""right_image""]",4,3,19,2,1,,,,,
,,,,,070912,001,2025-07-09_09h33.52.233,Simon,2024.2.4,Win32,60.24096386,,,,,,,,,,,,,,,,,,,,,,,,,,,,,,,,,,,,,,,,,,,,,,135.9108,139.0643,1,[139.06390000009537],[139.06390000009537]
