﻿instructions.started,instructions.stopped,start_button.numClicks,start_button.timesOn,start_button.timesOff,participant,session,date,expName,psychopyVersion,OS,frameRate,practice_trial.started,practice_trial.stopped,mouse_2.x,mouse_2.y,mouse_2.leftButton,mouse_2.midButton,mouse_2.rightButton,mouse_2.time,mouse_2.clicked_name,correct,feedback.started,feedback.stopped,loop_until_correct.thisRepN,loop_until_correct.thisTrialN,loop_until_correct.thisN,loop_until_correct.thisIndex,loop_until_correct.ran,prac_trials.thisRepN,prac_trials.thisTrialN,prac_trials.thisN,prac_trials.thisIndex,prac_trials.ran,left_color,right_color,correct_response,top_txt,instructions_2.started,instructions_2.stopped,start_button_2.numClicks,start_button_2.timesOn,start_button_2.timesOff,trial.started,trial.stopped,mouse.x,mouse.y,mouse.leftButton,mouse.midButton,mouse.rightButton,mouse.time,mouse.clicked_name,trials.thisRepN,trials.thisTrialN,trials.thisN,trials.thisIndex,trials.ran,end.started,end.stopped,start_button_3.numClicks,start_button_3.timesOn,start_button_3.timesOff
0.0002,19.1039,1,[19.1107000000477],[19.1107000000477],070923,001,2025-07-09_09h54.59.662,Simon,2024.2.4,Win32,60.60606061,,,,,,,,,,,,,,,,,,,,,,,,,,,,,,,,,,,,,,,,,,,,,,,,,,
,,,,,070923,001,2025-07-09_09h54.59.662,Simon,2024.2.4,Win32,60.60606061,19.1169,22.1524,[-0.19576719576719576],[-0.01216931216931217],[1],[0],[0],[3.03449999999998],"[""left_image_2"",""left_image_2""]",1,22.1526,22.6528,0,0,0,0,1,,,,,,,,,,,,,,,,,,,,,,,,,,,,,,,,,
,,,,,070923,001,2025-07-09_09h54.59.662,Simon,2024.2.4,Win32,60.60606061,,,,,,,,,,,,,,,,,,0,0,0,0,1,images/purple_butterfly.png,images/white_butterfly.png,left_image_2,"In this example, select the LEFT butterfly.",,,,,,,,,,,,,,,,,,,,,,,,
,,,,,070923,001,2025-07-09_09h54.59.662,Simon,2024.2.4,Win32,60.60606061,22.6554,24.5855,[-0.19047619047619047],[-0.00582010582010582],[1],[0],[0],[1.928900000095382],"[""left_image_2"",""left_image_2""]",1,24.5859,25.0853,0,0,0,0,1,,,,,,,,,,,,,,,,,,,,,,,,,,,,,,,,,
,,,,,070923,001,2025-07-09_09h54.59.662,Simon,2024.2.4,Win32,60.60606061,,,,,,,,,,,,,,,,,,0,1,1,1,1,images/white_butterfly.png,images/purple_butterfly.png,left_image_2,"In this example, select the LEFT butterfly.",,,,,,,,,,,,,,,,,,,,,,,,
,,,,,070923,001,2025-07-09_09h54.59.662,Simon,2024.2.4,Win32,60.60606061,25.0874,26.3522,[0.14603174603174604],[-0.01746031746031746],[1],[0],[0],[1.2635999999047272],"[""right_image_2"",""right_image_2""]",1,26.3525,26.852,0,0,0,0,1,,,,,,,,,,,,,,,,,,,,,,,,,,,,,,,,,
,,,,,070923,001,2025-07-09_09h54.59.662,Simon,2024.2.4,Win32,60.60606061,,,,,,,,,,,,,,,,,,0,2,2,2,1,images/yellow_butterfly.png,images/white_butterfly.png,right_image_2,"In this example, select the RIGHT butterfly.",,,,,,,,,,,,,,,,,,,,,,,,
,,,,,070923,001,2025-07-09_09h54.59.662,Simon,2024.2.4,Win32,60.60606061,26.8538,27.702,[0.14603174603174604],[-0.01746031746031746],[1],[0],[0],[0.84699999999998],"[""right_image_2"",""right_image_2""]",1,27.7022,28.2017,0,0,0,0,1,,,,,,,,,,,,,,,,,,,,,,,,,,,,,,,,,
,,,,,070923,001,2025-07-09_09h54.59.662,Simon,2024.2.4,Win32,60.60606061,,,,,,,,,,,,,,,,,,0,3,3,3,1,images/white_butterfly.png,images/yellow_butterfly.png,right_image_2,"In this example, select the RIGHT butterfly.",,,,,,,,,,,,,,,,,,,,,,,,
,,,,,070923,001,2025-07-09_09h54.59.662,Simon,2024.2.4,Win32,60.60606061,,,,,,,,,,,,,,,,,,,,,,,,,,,28.2025,29.4852,1,[29.486700000047676],[29.486700000047676],,,,,,,,,,,,,,,,,,,
,,,,,070923,001,2025-07-09_09h54.59.662,Simon,2024.2.4,Win32,60.60606061,,,,,,,,,,1,30.9019,31.4018,,,,,,,,,,,images/white_butterfly.png,images/yellow_butterfly.png,right_image, ,,,,,,29.4912,30.9017,[0.1523809523809524],[-0.0015873015873015873],[1],[0],[0],[1.4102000000476664],"[""right_image""]",0,0,0,3,1,,,,,
,,,,,070923,001,2025-07-09_09h54.59.662,Simon,2024.2.4,Win32,60.60606061,,,,,,,,,,1,32.4015,32.9013,,,,,,,,,,,images/white_butterfly.png,images/purple_butterfly.png,left_image, ,,,,,,31.4033,32.4014,[-0.21693121693121692],[-0.03015873015873016],[1],[0],[0],[0.9976000001430521],"[""left_image""]",0,1,1,1,1,,,,,
,,,,,070923,001,2025-07-09_09h54.59.662,Simon,2024.2.4,Win32,60.60606061,,,,,,,,,,1,33.8346,34.3346,,,,,,,,,,,images/purple_butterfly.png,images/white_butterfly.png,left_image, ,,,,,,32.9024,33.8344,[-0.19788359788359788],[0.01216931216931217],[1],[0],[0],[0.9317000000477265],"[""left_image""]",0,2,2,0,1,,,,,
,,,,,070923,001,2025-07-09_09h54.59.662,Simon,2024.2.4,Win32,60.60606061,,,,,,,,,,1,35.1677,35.6677,,,,,,,,,,,images/yellow_butterfly.png,images/white_butterfly.png,right_image, ,,,,,,34.336,35.1676,[0.16613756613756614],[-0.03650793650793651],[1],[0],[0],[0.8310999999047226],"[""right_image""]",0,3,3,2,1,,,,,
,,,,,070923,001,2025-07-09_09h54.59.662,Simon,2024.2.4,Win32,60.60606061,,,,,,,,,,1,36.7672,37.2681,,,,,,,,,,,images/white_butterfly.png,images/yellow_butterfly.png,right_image, ,,,,,,35.6691,36.7672,[0.1746031746031746],[0.013227513227513227],[1],[0],[0],[1.0975000000000819],"[""right_image""]",1,0,4,3,1,,,,,
,,,,,070923,001,2025-07-09_09h54.59.662,Simon,2024.2.4,Win32,60.60606061,,,,,,,,,,1,38.1506,38.6506,,,,,,,,,,,images/white_butterfly.png,images/purple_butterfly.png,left_image, ,,,,,,37.2692,38.1505,[-0.16507936507936508],[-0.015343915343915344],[1],[0],[0],[0.8808000001906748],"[""left_image""]",1,1,5,1,1,,,,,
,,,,,070923,001,2025-07-09_09h54.59.662,Simon,2024.2.4,Win32,60.60606061,,,,,,,,,,1,39.2341,39.7337,,,,,,,,,,,images/purple_butterfly.png,images/white_butterfly.png,left_image, ,,,,,,38.6521,39.234,[-0.16507936507936508],[-0.014285714285714285],[1],[0],[0],[0.5810999999046089],"[""left_image""]",1,2,6,0,1,,,,,
,,,,,070923,001,2025-07-09_09h54.59.662,Simon,2024.2.4,Win32,60.60606061,,,,,,,,,,1,40.534,41.0335,,,,,,,,,,,images/yellow_butterfly.png,images/white_butterfly.png,right_image, ,,,,,,39.7353,40.5339,[0.26455026455026454],[-0.020634920634920634],[1],[0],[0],[0.7980999999047071],"[""right_image""]",1,3,7,2,1,,,,,
,,,,,070923,001,2025-07-09_09h54.59.662,Simon,2024.2.4,Win32,60.60606061,,,,,,,,,,1,41.5505,42.0498,,,,,,,,,,,images/yellow_butterfly.png,images/white_butterfly.png,right_image, ,,,,,,41.0341,41.5503,[0.19682539682539682],[-0.025925925925925925],[1],[0],[0],[0.516099999904668],"[""right_image""]",2,0,8,2,1,,,,,
,,,,,070923,001,2025-07-09_09h54.59.662,Simon,2024.2.4,Win32,60.60606061,,,,,,,,,,1,42.766,43.2662,,,,,,,,,,,images/white_butterfly.png,images/purple_butterfly.png,left_image, ,,,,,,42.0501,42.7659,[-0.2518518518518518],[-0.021693121693121695],[1],[0],[0],[0.7152999999523217],"[""left_image""]",2,1,9,1,1,,,,,
,,,,,070923,001,2025-07-09_09h54.59.662,Simon,2024.2.4,Win32,60.60606061,,,,,,,,,,1,43.7993,44.2993,,,,,,,,,,,images/purple_butterfly.png,images/white_butterfly.png,left_image, ,,,,,,43.2665,43.7993,[-0.22328042328042327],[-0.015343915343915344],[1],[0],[0],[0.5323999998569207],"[""left_image""]",2,2,10,0,1,,,,,
,,,,,070923,001,2025-07-09_09h54.59.662,Simon,2024.2.4,Win32,60.60606061,,,,,,,,,,1,45.0824,45.5826,,,,,,,,,,,images/white_butterfly.png,images/yellow_butterfly.png,right_image, ,,,,,,44.2999,45.0824,[0.13333333333333333],[-0.014285714285714285],[1],[0],[0],[0.7820000000000391],"[""right_image""]",2,3,11,3,1,,,,,
,,,,,070923,001,2025-07-09_09h54.59.662,Simon,2024.2.4,Win32,60.60606061,,,,,,,,,,1,46.4991,46.9991,,,,,,,,,,,images/white_butterfly.png,images/purple_butterfly.png,left_image, ,,,,,,45.5831,46.499,[-0.20634920634920634],[-0.026984126984126985],[1],[0],[0],[0.9156999998092488],"[""left_image""]",3,0,12,1,1,,,,,
,,,,,070923,001,2025-07-09_09h54.59.662,Simon,2024.2.4,Win32,60.60606061,,,,,,,,,,1,47.5821,48.0823,,,,,,,,,,,images/white_butterfly.png,images/yellow_butterfly.png,right_image, ,,,,,,46.9993,47.582,[0.1291005291005291],[-0.03015873015873016],[1],[0],[0],[0.5824999999999818],"[""right_image""]",3,1,13,3,1,,,,,
,,,,,070923,001,2025-07-09_09h54.59.662,Simon,2024.2.4,Win32,60.60606061,,,,,,,,,,1,48.8318,49.3322,,,,,,,,,,,images/yellow_butterfly.png,images/white_butterfly.png,right_image, ,,,,,,48.0829,48.8318,[0.19682539682539682],[0.020634920634920634],[1],[0],[0],[0.7485000000000355],"[""right_image""]",3,2,14,2,1,,,,,
,,,,,070923,001,2025-07-09_09h54.59.662,Simon,2024.2.4,Win32,60.60606061,,,,,,,,,,1,50.0493,50.5494,,,,,,,,,,,images/purple_butterfly.png,images/white_butterfly.png,left_image, ,,,,,,49.3326,50.0492,[-0.17566137566137566],[-0.008994708994708995],[1],[0],[0],[0.7162999999522981],"[""left_image""]",3,3,15,0,1,,,,,
,,,,,070923,001,2025-07-09_09h54.59.662,Simon,2024.2.4,Win32,60.60606061,,,,,,,,,,1,51.5492,52.049,,,,,,,,,,,images/white_butterfly.png,images/purple_butterfly.png,left_image, ,,,,,,50.5506,51.5491,[-0.2582010582010582],[0.0068783068783068784],[1],[0],[0],[0.9978999998569407],"[""left_image""]",4,0,16,1,1,,,,,
,,,,,070923,001,2025-07-09_09h54.59.662,Simon,2024.2.4,Win32,60.60606061,,,,,,,,,,1,52.7659,53.2653,,,,,,,,,,,images/white_butterfly.png,images/yellow_butterfly.png,right_image, ,,,,,,52.0496,52.7657,[0.13544973544973546],[-0.01746031746031746],[1],[0],[0],[0.7157000000476046],"[""right_image""]",4,1,17,3,1,,,,,
,,,,,070923,001,2025-07-09_09h54.59.662,Simon,2024.2.4,Win32,60.60606061,,,,,,,,,,1,53.8824,54.3823,,,,,,,,,,,images/yellow_butterfly.png,images/white_butterfly.png,right_image, ,,,,,,53.2669,53.8823,[0.1724867724867725],[-0.01746031746031746],[1],[0],[0],[0.6145999999046126],"[""right_image""]",4,2,18,2,1,,,,,
,,,,,070923,001,2025-07-09_09h54.59.662,Simon,2024.2.4,Win32,60.60606061,,,,,,,,,,1,55.0155,55.5154,,,,,,,,,,,images/purple_butterfly.png,images/white_butterfly.png,left_image, ,,,,,,54.3833,55.0155,[-0.18624338624338624],[-0.0015873015873015873],[1],[0],[0],[0.6315000000000737],"[""left_image""]",4,3,19,0,1,,,,,
,,,,,070923,001,2025-07-09_09h54.59.662,Simon,2024.2.4,Win32,60.60606061,,,,,,,,,,,,,,,,,,,,,,,,,,,,,,,,,,,,,,,,,,,,,,55.5162,56.8149,1,[56.81460000014306],[56.81460000014306]
