﻿instructions.started,instructions.stopped,start_button.numClicks,start_button.timesOn,start_button.timesOff,participant,session,date,expName,psychopyVersion,OS,frameRate,practice_trial.started,practice_trial.stopped,mouse_2.x,mouse_2.y,mouse_2.leftButton,mouse_2.midButton,mouse_2.rightButton,mouse_2.time,mouse_2.clicked_name,correct,feedback.started,feedback.stopped,loop_until_correct.thisRepN,loop_until_correct.thisTrialN,loop_until_correct.thisN,loop_until_correct.thisIndex,loop_until_correct.ran,prac_trials.thisRepN,prac_trials.thisTrialN,prac_trials.thisN,prac_trials.thisIndex,prac_trials.ran,left_color,right_color,correct_response,top_txt,instructions_2.started,instructions_2.stopped,start_button_2.numClicks,start_button_2.timesOn,start_button_2.timesOff,trial.started,trial.stopped,mouse.x,mouse.y,mouse.leftButton,mouse.midButton,mouse.rightButton,mouse.time,mouse.clicked_name,trials.thisRepN,trials.thisTrialN,trials.thisN,trials.thisIndex,trials.ran,end.started,end.stopped,start_button_3.numClicks,start_button_3.timesOn,start_button_3.timesOff
0.0002,12.1028,1,[12.123799999952325],[12.123799999952325],070937,001,2025-07-09_10h11.54.381,Simon,2024.2.4,Win32,59.88023952,,,,,,,,,,,,,,,,,,,,,,,,,,,,,,,,,,,,,,,,,,,,,,,,,,
,,,,,070937,001,2025-07-09_10h11.54.381,Simon,2024.2.4,Win32,59.88023952,12.1182,14.6722,[-0.1689401888772298],[-0.022560335781741866],[1],[0],[0],[2.5512999999523345],"[""left_image_2"",""left_image_2""]",1,14.6727,15.1723,0,0,0,0,1,,,,,,,,,,,,,,,,,,,,,,,,,,,,,,,,,
,,,,,070937,001,2025-07-09_10h11.54.381,Simon,2024.2.4,Win32,59.88023952,,,,,,,,,,,,,,,,,,0,0,0,0,1,images/purple_butterfly.png,images/white_butterfly.png,left_image_2,"In this example, select the LEFT butterfly.",,,,,,,,,,,,,,,,,,,,,,,,
,,,,,070937,001,2025-07-09_10h11.54.381,Simon,2024.2.4,Win32,59.88023952,15.1751,16.4745,[-0.18677859391395593],[-0.007869884575026232],[1],[0],[0],[1.2958999999762],"[""left_image_2"",""left_image_2""]",1,16.4747,16.9739,0,0,0,0,1,,,,,,,,,,,,,,,,,,,,,,,,,,,,,,,,,
,,,,,070937,001,2025-07-09_10h11.54.381,Simon,2024.2.4,Win32,59.88023952,,,,,,,,,,,,,,,,,,0,1,1,1,1,images/white_butterfly.png,images/purple_butterfly.png,left_image_2,"In this example, select the LEFT butterfly.",,,,,,,,,,,,,,,,,,,,,,,,
,,,,,070937,001,2025-07-09_10h11.54.381,Simon,2024.2.4,Win32,59.88023952,16.9748,17.9923,[0.16998950682056663],[-0.01626442812172088],[1],[0],[0],[1.0164000000953592],"[""right_image_2"",""right_image_2""]",1,17.9926,18.4926,0,0,0,0,1,,,,,,,,,,,,,,,,,,,,,,,,,,,,,,,,,
,,,,,070937,001,2025-07-09_10h11.54.381,Simon,2024.2.4,Win32,59.88023952,,,,,,,,,,,,,,,,,,0,2,2,2,1,images/yellow_butterfly.png,images/white_butterfly.png,right_image_2,"In this example, select the RIGHT butterfly.",,,,,,,,,,,,,,,,,,,,,,,,
,,,,,070937,001,2025-07-09_10h11.54.381,Simon,2024.2.4,Win32,59.88023952,18.4956,19.0096,[0.16998950682056663],[-0.01626442812172088],[1],[0],[0],[0.5121000000237927],"[""right_image_2"",""right_image_2""]",1,19.0097,19.5099,0,0,0,0,1,,,,,,,,,,,,,,,,,,,,,,,,,,,,,,,,,
,,,,,070937,001,2025-07-09_10h11.54.381,Simon,2024.2.4,Win32,59.88023952,,,,,,,,,,,,,,,,,,0,3,3,3,1,images/white_butterfly.png,images/yellow_butterfly.png,right_image_2,"In this example, select the RIGHT butterfly.",,,,,,,,,,,,,,,,,,,,,,,,
,,,,,070937,001,2025-07-09_10h11.54.381,Simon,2024.2.4,Win32,59.88023952,,,,,,,,,,,,,,,,,,,,,,,,,,,19.5105,20.6619,1,[20.664899999976228],[20.664899999976228],,,,,,,,,,,,,,,,,,,
,,,,,070937,001,2025-07-09_10h11.54.381,Simon,2024.2.4,Win32,59.88023952,,,,,,,,,,1,21.5286,22.029,,,,,,,,,,,images/white_butterfly.png,images/yellow_butterfly.png,right_image, ,,,,,,20.676,21.5285,[0.17733473242392445],[-0.01626442812172088],[1],[0],[0],[0.8518999999761263],"[""right_image""]",0,0,0,3,1,,,,,
,,,,,070937,001,2025-07-09_10h11.54.381,Simon,2024.2.4,Win32,59.88023952,,,,,,,,,,1,22.9301,23.4306,,,,,,,,,,,images/white_butterfly.png,images/purple_butterfly.png,left_image, ,,,,,,22.03,22.9301,[-0.22350472193074503],[0.0015739769150052466],[1],[0],[0],[0.8998000000714228],"[""left_image""]",0,1,1,1,1,,,,,
,,,,,070937,001,2025-07-09_10h11.54.381,Simon,2024.2.4,Win32,59.88023952,,,,,,,,,,1,23.9315,24.4316,,,,,,,,,,,images/purple_butterfly.png,images/white_butterfly.png,left_image, ,,,,,,23.4316,23.9314,[-0.22350472193074503],[0.0015739769150052466],[1],[0],[0],[0.4992000000477219],"[""left_image""]",0,2,2,0,1,,,,,
,,,,,070937,001,2025-07-09_10h11.54.381,Simon,2024.2.4,Win32,59.88023952,,,,,,,,,,1,25.5162,26.0165,,,,,,,,,,,images/yellow_butterfly.png,images/white_butterfly.png,right_image, ,,,,,,24.4324,25.5161,[0.08919202518363065],[-0.0005246589716684155],[1],[0],[0],[1.0831000000238191],"[""right_image""]",0,3,3,2,1,,,,,
,,,,,070937,001,2025-07-09_10h11.54.381,Simon,2024.2.4,Win32,59.88023952,,,,,,,,,,1,27.0845,27.5848,,,,,,,,,,,images/white_butterfly.png,images/purple_butterfly.png,left_image, ,,,,,,26.0173,27.0844,[-0.11227701993704092],[0.0005246589716684155],[1],[0],[0],[1.0666000000238682],"[""left_image""]",1,0,4,1,1,,,,,
,,,,,070937,001,2025-07-09_10h11.54.381,Simon,2024.2.4,Win32,59.88023952,,,,,,,,,,1,28.4358,28.9363,,,,,,,,,,,images/white_butterfly.png,images/yellow_butterfly.png,right_image, ,,,,,,27.5856,28.4356,[0.14900314795383002],[0.006820566631689402],[1],[0],[0],[0.8496000000238837],"[""right_image""]",1,1,5,3,1,,,,,
,,,,,070937,001,2025-07-09_10h11.54.381,Simon,2024.2.4,Win32,59.88023952,,,,,,,,,,1,29.9375,30.4375,,,,,,,,,,,images/yellow_butterfly.png,images/white_butterfly.png,right_image, ,,,,,,28.9377,29.9374,[0.08814270724029381],[-0.018363064008394544],[1],[0],[0],[0.9986000000237709],"[""right_image""]",1,2,6,2,1,,,,,
,,,,,070937,001,2025-07-09_10h11.54.381,Simon,2024.2.4,Win32,59.88023952,,,,,,,,,,1,31.4885,31.9889,,,,,,,,,,,images/purple_butterfly.png,images/white_butterfly.png,left_image, ,,,,,,30.4381,31.4884,[-0.3074501573976915],[-0.01626442812172088],[1],[0],[0],[1.0501000000239173],"[""left_image""]",1,3,7,0,1,,,,,
,,,,,070937,001,2025-07-09_10h11.54.381,Simon,2024.2.4,Win32,59.88023952,,,,,,,,,,1,32.4227,32.9233,,,,,,,,,,,images/white_butterfly.png,images/purple_butterfly.png,left_image, ,,,,,,31.9897,32.4226,[-0.29275970619097585],[-0.021511017838405037],[1],[0],[0],[0.4323999999761554],"[""left_image""]",2,0,8,1,1,,,,,
,,,,,070937,001,2025-07-09_10h11.54.381,Simon,2024.2.4,Win32,59.88023952,,,,,,,,,,1,33.9578,34.4585,,,,,,,,,,,images/yellow_butterfly.png,images/white_butterfly.png,right_image, ,,,,,,32.9243,33.9577,[0.2801678908709339],[-0.041448058761804824],[1],[0],[0],[1.0329000000953101],"[""right_image""]",2,1,9,2,1,,,,,
,,,,,070937,001,2025-07-09_10h11.54.381,Simon,2024.2.4,Win32,59.88023952,,,,,,,,,,1,35.3097,35.8094,,,,,,,,,,,images/purple_butterfly.png,images/white_butterfly.png,left_image, ,,,,,,34.4598,35.3095,[-0.15005246589716684],[-0.05299055613850997],[1],[0],[0],[0.8489999999999327],"[""left_image""]",2,2,10,0,1,,,,,
,,,,,070937,001,2025-07-09_10h11.54.381,Simon,2024.2.4,Win32,59.88023952,,,,,,,,,,1,36.527,37.0273,,,,,,,,,,,images/white_butterfly.png,images/yellow_butterfly.png,right_image, ,,,,,,35.8101,36.527,[0.2623294858342078],[-0.04564533053515215],[1],[0],[0],[0.7163999999761472],"[""right_image""]",2,3,11,3,1,,,,,
,,,,,070937,001,2025-07-09_10h11.54.381,Simon,2024.2.4,Win32,59.88023952,,,,,,,,,,1,37.8283,38.3287,,,,,,,,,,,images/white_butterfly.png,images/purple_butterfly.png,left_image, ,,,,,,37.0279,37.8282,[-0.17733473242392445],[-0.032004197271773345],[1],[0],[0],[0.7999999999999545],"[""left_image""]",3,0,12,1,1,,,,,
,,,,,070937,001,2025-07-09_10h11.54.381,Simon,2024.2.4,Win32,59.88023952,,,,,,,,,,1,39.13,39.63,,,,,,,,,,,images/yellow_butterfly.png,images/white_butterfly.png,right_image, ,,,,,,38.3293,39.1299,[0.080797481636936],[-0.00472193074501574],[1],[0],[0],[0.8002999999522444],"[""right_image""]",3,1,13,2,1,,,,,
,,,,,070937,001,2025-07-09_10h11.54.381,Simon,2024.2.4,Win32,59.88023952,,,,,,,,,,1,40.3142,40.8149,,,,,,,,,,,images/white_butterfly.png,images/yellow_butterfly.png,right_image, ,,,,,,39.6309,40.3142,[0.0912906610703043],[-0.0005246589716684155],[1],[0],[0],[0.6827000000477028],"[""right_image""]",3,2,14,3,1,,,,,
,,,,,070937,001,2025-07-09_10h11.54.381,Simon,2024.2.4,Win32,59.88023952,,,,,,,,,,1,41.5653,42.0658,,,,,,,,,,,images/purple_butterfly.png,images/white_butterfly.png,left_image, ,,,,,,40.8162,41.5652,[-0.3441762854144806],[-0.018363064008394544],[1],[0],[0],[0.7481999999284881],"[""left_image""]",3,3,15,0,1,,,,,
,,,,,070937,001,2025-07-09_10h11.54.381,Simon,2024.2.4,Win32,59.88023952,,,,,,,,,,1,42.7834,43.2838,,,,,,,,,,,images/white_butterfly.png,images/yellow_butterfly.png,right_image, ,,,,,,42.0664,42.7833,[0.07974816369359916],[-0.0026232948583420775],[1],[0],[0],[0.7164999999999964],"[""right_image""]",4,0,16,3,1,,,,,
,,,,,070937,001,2025-07-09_10h11.54.381,Simon,2024.2.4,Win32,59.88023952,,,,,,,,,,1,43.9023,44.4015,,,,,,,,,,,images/purple_butterfly.png,images/white_butterfly.png,left_image, ,,,,,,43.2846,43.9022,[-0.14480587618048268],[-0.008919202518363064],[1],[0],[0],[0.6170000000000755],"[""left_image""]",4,1,17,0,1,,,,,
,,,,,070937,001,2025-07-09_10h11.54.381,Simon,2024.2.4,Win32,59.88023952,,,,,,,,,,1,45.1026,45.6026,,,,,,,,,,,images/yellow_butterfly.png,images/white_butterfly.png,right_image, ,,,,,,44.4024,45.1025,[0.07135362014690451],[-0.0015739769150052466],[1],[0],[0],[0.6997000000476419],"[""right_image""]",4,2,18,2,1,,,,,
,,,,,070937,001,2025-07-09_10h11.54.381,Simon,2024.2.4,Win32,59.88023952,,,,,,,,,,1,46.2534,46.7538,,,,,,,,,,,images/white_butterfly.png,images/purple_butterfly.png,left_image, ,,,,,,45.6036,46.2533,[-0.20461699895068206],[-0.005771248688352571],[1],[0],[0],[0.6492999999522908],"[""left_image""]",4,3,19,1,1,,,,,
,,,,,070937,001,2025-07-09_10h11.54.381,Simon,2024.2.4,Win32,59.88023952,,,,,,,,,,,,,,,,,,,,,,,,,,,,,,,,,,,,,,,,,,,,,,46.7544,47.6882,1,[47.68789999997614],[47.68789999997614]
