﻿instructions.started,instructions.stopped,start_button.numClicks,start_button.timesOn,start_button.timesOff,participant,session,date,expName,psychopyVersion,OS,frameRate,practice_trial.started,practice_trial.stopped,mouse_2.x,mouse_2.y,mouse_2.leftButton,mouse_2.midButton,mouse_2.rightButton,mouse_2.time,mouse_2.clicked_name,correct,feedback.started,feedback.stopped,loop_until_correct.thisRepN,loop_until_correct.thisTrialN,loop_until_correct.thisN,loop_until_correct.thisIndex,loop_until_correct.ran,prac_trials.thisRepN,prac_trials.thisTrialN,prac_trials.thisN,prac_trials.thisIndex,prac_trials.ran,left_color,right_color,correct_response,top_txt,instructions_2.started,instructions_2.stopped,start_button_2.numClicks,start_button_2.timesOn,start_button_2.timesOff,trial.started,trial.stopped,mouse.x,mouse.y,mouse.leftButton,mouse.midButton,mouse.rightButton,mouse.time,mouse.clicked_name,trials.thisRepN,trials.thisTrialN,trials.thisN,trials.thisIndex,trials.ran,end.started,end.stopped,start_button_3.numClicks,start_button_3.timesOn,start_button_3.timesOff
0.0003,6.5343,1,[6.544899999999927],[6.545000000000016],070926,001,2025-07-09_10h02.17.110,Simon,2024.2.4,Win32,60.60606061,,,,,,,,,,,,,,,,,,,,,,,,,,,,,,,,,,,,,,,,,,,,,,,,,,
,,,,,070926,001,2025-07-09_10h02.17.110,Simon,2024.2.4,Win32,60.60606061,6.5663,10.2667,[-0.20310478654592498],[0.014877102199223804],[1],[0],[0],[3.6986999999997465],"[""left_image_2"",""left_image_2""]",1,10.2674,10.7662,0,0,0,0,1,,,,,,,,,,,,,,,,,,,,,,,,,,,,,,,,,
,,,,,070926,001,2025-07-09_10h02.17.110,Simon,2024.2.4,Win32,60.60606061,,,,,,,,,,,,,,,,,,0,0,0,0,1,images/purple_butterfly.png,images/white_butterfly.png,left_image_2,"In this example, select the LEFT butterfly.",,,,,,,,,,,,,,,,,,,,,,,,
,,,,,070926,001,2025-07-09_10h02.17.110,Simon,2024.2.4,Win32,60.60606061,10.7703,13.3825,[0.2095730918499353],[-0.0071151358344113845],[1],[0],[0],[2.610400000000368],"[""right_image_2"",""right_image_2""]",0,13.3839,13.8823,0,0,0,0,1,,,,,,,,,,,,,,,,,,,,,,,,,,,,,,,,,
,,,,,070926,001,2025-07-09_10h02.17.110,Simon,2024.2.4,Win32,60.60606061,13.8836,17.5486,[0.1461836998706339],[0.010996119016817595],[1],[0],[0],[3.6639000000003534],"[""right_image_2"",""right_image_2""]",0,17.5488,18.0488,1,0,1,0,1,,,,,,,,,,,,,,,,,,,,,,,,,,,,,,,,,
,,,,,070926,001,2025-07-09_10h02.17.110,Simon,2024.2.4,Win32,60.60606061,18.05,37.9458,[-0.21733505821474774],[-0.0019404915912031048],[1],[0],[0],[19.894799999999805],"[""left_image_2"",""left_image_2""]",1,37.947,38.4458,2,0,2,0,1,,,,,,,,,,,,,,,,,,,,,,,,,,,,,,,,,
,,,,,070926,001,2025-07-09_10h02.17.110,Simon,2024.2.4,Win32,60.60606061,,,,,,,,,,,,,,,,,,0,1,1,1,1,images/white_butterfly.png,images/purple_butterfly.png,left_image_2,"In this example, select the LEFT butterfly.",,,,,,,,,,,,,,,,,,,,,,,,
,,,,,070926,001,2025-07-09_10h02.17.110,Simon,2024.2.4,Win32,60.60606061,38.4486,40.6453,[0.15523932729624837],[-0.0071151358344113845],[1],[0],[0],[2.1952000000001703],"[""right_image_2"",""right_image_2""]",1,40.6456,41.1452,0,0,0,0,1,,,,,,,,,,,,,,,,,,,,,,,,,,,,,,,,,
,,,,,070926,001,2025-07-09_10h02.17.110,Simon,2024.2.4,Win32,60.60606061,,,,,,,,,,,,,,,,,,0,2,2,2,1,images/yellow_butterfly.png,images/white_butterfly.png,right_image_2,"In this example, select the RIGHT butterfly.",,,,,,,,,,,,,,,,,,,,,,,,
,,,,,070926,001,2025-07-09_10h02.17.110,Simon,2024.2.4,Win32,60.60606061,41.1483,63.9089,[0.19922380336351875],[-0.021345407503234153],[1],[0],[0],[22.759000000000015],"[""right_image_2"",""right_image_2""]",1,63.9091,64.4083,0,0,0,0,1,,,,,,,,,,,,,,,,,,,,,,,,,,,,,,,,,
,,,,,070926,001,2025-07-09_10h02.17.110,Simon,2024.2.4,Win32,60.60606061,,,,,,,,,,,,,,,,,,0,3,3,3,1,images/white_butterfly.png,images/yellow_butterfly.png,right_image_2,"In this example, select the RIGHT butterfly.",,,,,,,,,,,,,,,,,,,,,,,,
,,,,,070926,001,2025-07-09_10h02.17.110,Simon,2024.2.4,Win32,60.60606061,,,,,,,,,,,,,,,,,,,,,,,,,,,64.4092,65.8252,1,[65.82770000000016],[65.82770000000016],,,,,,,,,,,,,,,,,,,
,,,,,070926,001,2025-07-09_10h02.17.110,Simon,2024.2.4,Win32,60.60606061,,,,,,,,,,1,68.9915,69.4912,,,,,,,,,,,images/yellow_butterfly.png,images/white_butterfly.png,right_image, ,,,,,,65.8409,68.9913,[0.21733505821474774],[-0.014877102199223804],[1],[0],[0],[3.1497000000001663],"[""right_image""]",0,0,0,2,1,,,,,
,,,,,070926,001,2025-07-09_10h02.17.110,Simon,2024.2.4,Win32,60.60606061,,,,,,,,,,1,73.3574,73.8574,,,,,,,,,,,images/purple_butterfly.png,images/white_butterfly.png,left_image, ,,,,,,69.4926,73.3572,[-0.16041397153945666],[-0.0071151358344113845],[1],[0],[0],[3.8641000000001213],"[""left_image""]",0,1,1,0,1,,,,,
,,,,,070926,001,2025-07-09_10h02.17.110,Simon,2024.2.4,Win32,60.60606061,,,,,,,,,,1,76.607,77.1067,,,,,,,,,,,images/white_butterfly.png,images/yellow_butterfly.png,right_image, ,,,,,,73.8587,76.6069,[0.18111254851228978],[-0.03686934023285899],[1],[0],[0],[2.7475000000000023],"[""right_image""]",0,2,2,3,1,,,,,
,,,,,070926,001,2025-07-09_10h02.17.110,Simon,2024.2.4,Win32,60.60606061,,,,,,,,,,1,79.3232,79.823,,,,,,,,,,,images/white_butterfly.png,images/purple_butterfly.png,left_image, ,,,,,,77.1079,79.323,[-0.2069857697283312],[0.0019404915912031048],[1],[0],[0],[2.2146999999997092],"[""left_image""]",0,3,3,1,1,,,,,
,,,,,070926,001,2025-07-09_10h02.17.110,Simon,2024.2.4,Win32,60.60606061,,,,,,,,,,1,82.656,83.1558,,,,,,,,,,,images/white_butterfly.png,images/yellow_butterfly.png,right_image, ,,,,,,79.8243,82.6559,[0.16429495472186287],[-0.012289780077619664],[1],[0],[0],[2.831100000000106],"[""right_image""]",1,0,4,3,1,,,,,
,,,,,070926,001,2025-07-09_10h02.17.110,Simon,2024.2.4,Win32,60.60606061,,,,,,,,,,1,84.8722,85.3721,,,,,,,,,,,images/white_butterfly.png,images/purple_butterfly.png,left_image, ,,,,,,83.157,84.8721,[-0.16429495472186287],[0.005821474773609315],[1],[0],[0],[1.7144999999999868],"[""left_image""]",1,1,5,1,1,,,,,
,,,,,070926,001,2025-07-09_10h02.17.110,Simon,2024.2.4,Win32,60.60606061,,,,,,,,,,1,89.2883,89.7886,,,,,,,,,,,images/yellow_butterfly.png,images/white_butterfly.png,right_image, ,,,,,,85.3734,89.2881,[0.20827943078913325],[-0.0278137128072445],[1],[0],[0],[3.9139999999999873],"[""right_image""]",1,2,6,2,1,,,,,
,,,,,070926,001,2025-07-09_10h02.17.110,Simon,2024.2.4,Win32,60.60606061,,,,,,,,,,1,92.6551,93.1544,,,,,,,,,,,images/purple_butterfly.png,images/white_butterfly.png,left_image, ,,,,,,89.7901,92.655,[-0.2238033635187581],[0.016170763260025874],[1],[0],[0],[2.8643999999998755],"[""left_image""]",1,3,7,0,1,,,,,
,,,,,070926,001,2025-07-09_10h02.17.110,Simon,2024.2.4,Win32,60.60606061,,,,,,,,,,1,93.9711,94.471,,,,,,,,,,,images/purple_butterfly.png,images/white_butterfly.png,left_image, ,,,,,,93.1556,93.971,[-0.1500646830530401],[-0.008408796895213453],[1],[0],[0],[0.8151999999997201],"[""left_image""]",2,0,8,0,1,,,,,
,,,,,070926,001,2025-07-09_10h02.17.110,Simon,2024.2.4,Win32,60.60606061,,,,,,,,,,0,99.6547,100.1532,,,,,,,,,,,images/yellow_butterfly.png,images/white_butterfly.png,right_image, ,,,,,,94.4723,99.6534,[-0.2147477360931436],[0.0019404915912031048],[1],[0],[0],[5.180399999999906],"[""left_image""]",2,1,9,2,1,,,,,
,,,,,070926,001,2025-07-09_10h02.17.110,Simon,2024.2.4,Win32,60.60606061,,,,,,,,,,1,102.9204,103.42,,,,,,,,,,,images/white_butterfly.png,images/purple_butterfly.png,left_image, ,,,,,,100.1546,102.9194,[-0.16170763260025872],[-0.013583441138421734],[1],[0],[0],[2.764200000000187],"[""left_image""]",2,2,10,1,1,,,,,
,,,,,070926,001,2025-07-09_10h02.17.110,Simon,2024.2.4,Win32,60.60606061,,,,,,,,,,1,104.6862,105.1862,,,,,,,,,,,images/white_butterfly.png,images/yellow_butterfly.png,right_image, ,,,,,,103.4213,104.686,[0.1539456662354463],[-0.04463130659767141],[1],[0],[0],[1.2642999999997642],"[""right_image""]",2,3,11,3,1,,,,,
,,,,,070926,001,2025-07-09_10h02.17.110,Simon,2024.2.4,Win32,60.60606061,,,,,,,,,,1,105.836,106.3357,,,,,,,,,,,images/purple_butterfly.png,images/white_butterfly.png,left_image, ,,,,,,105.1875,105.8359,[-0.1332470892626132],[-0.016170763260025874],[1],[0],[0],[0.6477000000002135],"[""left_image""]",3,0,12,0,1,,,,,
,,,,,070926,001,2025-07-09_10h02.17.110,Simon,2024.2.4,Win32,60.60606061,,,,,,,,,,1,107.8357,108.3359,,,,,,,,,,,images/yellow_butterfly.png,images/white_butterfly.png,right_image, ,,,,,,106.3371,107.8356,[0.15265200517464425],[-0.021345407503234153],[1],[0],[0],[1.4980000000000473],"[""right_image""]",3,1,13,2,1,,,,,
,,,,,070926,001,2025-07-09_10h02.17.110,Simon,2024.2.4,Win32,60.60606061,,,,,,,,,,1,109.3855,109.8852,,,,,,,,,,,images/white_butterfly.png,images/purple_butterfly.png,left_image, ,,,,,,108.3372,109.3854,[-0.14359637774902975],[-0.017464424320827943],[1],[0],[0],[1.0474999999999568],"[""left_image""]",3,2,14,1,1,,,,,
,,,,,070926,001,2025-07-09_10h02.17.110,Simon,2024.2.4,Win32,60.60606061,,,,,,,,,,1,110.4853,110.9855,,,,,,,,,,,images/white_butterfly.png,images/yellow_butterfly.png,right_image, ,,,,,,109.8865,110.4852,[0.1759379042690815],[-0.04463130659767141],[1],[0],[0],[0.5982999999998242],"[""right_image""]",3,3,15,3,1,,,,,
,,,,,070926,001,2025-07-09_10h02.17.110,Simon,2024.2.4,Win32,60.60606061,,,,,,,,,,0,111.6529,112.1517,,,,,,,,,,,images/yellow_butterfly.png,images/white_butterfly.png,right_image, ,,,,,,110.9869,111.6519,[-0.13065976714100905],[-0.04592496765847348],[1],[0],[0],[0.6642000000001644],"[""left_image""]",4,0,16,2,1,,,,,
,,,,,070926,001,2025-07-09_10h02.17.110,Simon,2024.2.4,Win32,60.60606061,,,,,,,,,,0,113.3848,113.8851,,,,,,,,,,,images/white_butterfly.png,images/purple_butterfly.png,left_image, ,,,,,,112.153,113.3847,[0.17852522639068563],[-0.03169469598965071],[1],[0],[0],[1.230899999999906],"[""right_image""]",4,1,17,1,1,,,,,
,,,,,070926,001,2025-07-09_10h02.17.110,Simon,2024.2.4,Win32,60.60606061,,,,,,,,,,1,116.0524,116.5512,,,,,,,,,,,images/purple_butterfly.png,images/white_butterfly.png,left_image, ,,,,,,113.8868,116.0512,[-0.2069857697283312],[-0.005821474773609315],[1],[0],[0],[2.1636000000000877],"[""left_image""]",4,2,18,0,1,,,,,
,,,,,070926,001,2025-07-09_10h02.17.110,Simon,2024.2.4,Win32,60.60606061,,,,,,,,,,1,117.3178,117.8179,,,,,,,,,,,images/white_butterfly.png,images/yellow_butterfly.png,right_image, ,,,,,,116.5525,117.3177,[0.1423027166882277],[-0.0536869340232859],[1],[0],[0],[0.7643999999999096],"[""right_image""]",4,3,19,3,1,,,,,
,,,,,070926,001,2025-07-09_10h02.17.110,Simon,2024.2.4,Win32,60.60606061,,,,,,,,,,,,,,,,,,,,,,,,,,,,,,,,,,,,,,,,,,,,,,117.8186,119.2012,1,[119.20060000000012],[119.20060000000012]
