﻿instructions.started,instructions.stopped,start_button.numClicks,start_button.timesOn,start_button.timesOff,participant,session,date,expName,psychopyVersion,OS,frameRate,practice_trial.started,practice_trial.stopped,mouse_2.x,mouse_2.y,mouse_2.leftButton,mouse_2.midButton,mouse_2.rightButton,mouse_2.time,mouse_2.clicked_name,correct,feedback.started,feedback.stopped,loop_until_correct.thisRepN,loop_until_correct.thisTrialN,loop_until_correct.thisN,loop_until_correct.thisIndex,loop_until_correct.ran,prac_trials.thisRepN,prac_trials.thisTrialN,prac_trials.thisN,prac_trials.thisIndex,prac_trials.ran,left_color,right_color,correct_response,top_txt,instructions_2.started,instructions_2.stopped,start_button_2.numClicks,start_button_2.timesOn,start_button_2.timesOff,trial.started,trial.stopped,mouse.x,mouse.y,mouse.leftButton,mouse.midButton,mouse.rightButton,mouse.time,mouse.clicked_name,trials.thisRepN,trials.thisTrialN,trials.thisN,trials.thisIndex,trials.ran,end.started,end.stopped,start_button_3.numClicks,start_button_3.timesOn,start_button_3.timesOff
0.0004,17.7907,1,[17.81660000038147],[17.81660000038147],070928,001,2025-07-09_10h01.41.136,Simon,2024.2.4,Win32,59.88023952,,,,,,,,,,,,,,,,,,,,,,,,,,,,,,,,,,,,,,,,,,,,,,,,,,
,,,,,070928,001,2025-07-09_10h01.41.136,Simon,2024.2.4,Win32,59.88023952,17.8333,23.4592,[-0.22121604139715395],[0.003234152652005175],[1],[0],[0],[5.622199999809268],"[""left_image_2"",""left_image_2""]",1,23.46,23.9588,0,0,0,0,1,,,,,,,,,,,,,,,,,,,,,,,,,,,,,,,,,
,,,,,070928,001,2025-07-09_10h01.41.136,Simon,2024.2.4,Win32,59.88023952,,,,,,,,,,,,,,,,,,0,0,0,0,1,images/purple_butterfly.png,images/white_butterfly.png,left_image_2,"In this example, select the LEFT butterfly.",,,,,,,,,,,,,,,,,,,,,,,,
,,,,,070928,001,2025-07-09_10h01.41.136,Simon,2024.2.4,Win32,59.88023952,23.9631,26.81,[-0.18628719275549807],[-0.0019404915912031048],[1],[0],[0],[2.8426999998092697],"[""left_image_2"",""left_image_2""]",1,26.8104,27.31,0,0,0,0,1,,,,,,,,,,,,,,,,,,,,,,,,,,,,,,,,,
,,,,,070928,001,2025-07-09_10h01.41.136,Simon,2024.2.4,Win32,59.88023952,,,,,,,,,,,,,,,,,,0,1,1,1,1,images/white_butterfly.png,images/purple_butterfly.png,left_image_2,"In this example, select the LEFT butterfly.",,,,,,,,,,,,,,,,,,,,,,,,
,,,,,070928,001,2025-07-09_10h01.41.136,Simon,2024.2.4,Win32,59.88023952,27.3129,28.2108,[0.13065976714100905],[-0.013583441138421734],[1],[0],[0],[0.8954999999999984],"[""right_image_2"",""right_image_2""]",1,28.2111,28.7105,0,0,0,0,1,,,,,,,,,,,,,,,,,,,,,,,,,,,,,,,,,
,,,,,070928,001,2025-07-09_10h01.41.136,Simon,2024.2.4,Win32,59.88023952,,,,,,,,,,,,,,,,,,0,2,2,2,1,images/yellow_butterfly.png,images/white_butterfly.png,right_image_2,"In this example, select the RIGHT butterfly.",,,,,,,,,,,,,,,,,,,,,,,,
,,,,,070928,001,2025-07-09_10h01.41.136,Simon,2024.2.4,Win32,59.88023952,28.7137,29.2607,[0.13065976714100905],[-0.013583441138421734],[1],[0],[0],[0.545100000381467],"[""right_image_2"",""right_image_2""]",1,29.2612,29.7609,0,0,0,0,1,,,,,,,,,,,,,,,,,,,,,,,,,,,,,,,,,
,,,,,070928,001,2025-07-09_10h01.41.136,Simon,2024.2.4,Win32,59.88023952,,,,,,,,,,,,,,,,,,0,3,3,3,1,images/white_butterfly.png,images/yellow_butterfly.png,right_image_2,"In this example, select the RIGHT butterfly.",,,,,,,,,,,,,,,,,,,,,,,,
,,,,,070928,001,2025-07-09_10h01.41.136,Simon,2024.2.4,Win32,59.88023952,,,,,,,,,,,,,,,,,,,,,,,,,,,29.7617,31.7622,1,[31.765800000190737],[31.765900000572202],,,,,,,,,,,,,,,,,,,
,,,,,070928,001,2025-07-09_10h01.41.136,Simon,2024.2.4,Win32,59.88023952,,,,,,,,,,1,32.9294,33.4291,,,,,,,,,,,images/yellow_butterfly.png,images/white_butterfly.png,right_image, ,,,,,,31.7807,32.9292,[0.18111254851228978],[-0.0019404915912031048],[1],[0],[0],[1.1471999998092741],"[""right_image""]",0,0,0,2,1,,,,,
,,,,,070928,001,2025-07-09_10h01.41.136,Simon,2024.2.4,Win32,59.88023952,,,,,,,,,,1,34.4464,34.9465,,,,,,,,,,,images/white_butterfly.png,images/purple_butterfly.png,left_image, ,,,,,,33.4307,34.4464,[-0.12289780077619664],[-0.016170763260025874],[1],[0],[0],[1.0143999996185187],"[""left_image""]",0,1,1,1,1,,,,,
,,,,,070928,001,2025-07-09_10h01.41.136,Simon,2024.2.4,Win32,59.88023952,,,,,,,,,,1,35.8138,36.3134,,,,,,,,,,,images/white_butterfly.png,images/yellow_butterfly.png,right_image, ,,,,,,34.9481,35.8137,[0.17723156532988357],[-0.0019404915912031048],[1],[0],[0],[0.8644000005722035],"[""right_image""]",0,2,2,3,1,,,,,
,,,,,070928,001,2025-07-09_10h01.41.136,Simon,2024.2.4,Win32,59.88023952,,,,,,,,,,1,37.0317,37.5305,,,,,,,,,,,images/purple_butterfly.png,images/white_butterfly.png,left_image, ,,,,,,36.3151,37.0316,[-0.21216041397153945],[-0.008408796895213453],[1],[0],[0],[0.7154999999999916],"[""left_image""]",0,3,3,0,1,,,,,
,,,,,070928,001,2025-07-09_10h01.41.136,Simon,2024.2.4,Win32,59.88023952,,,,,,,,,,1,38.6478,39.1489,,,,,,,,,,,images/white_butterfly.png,images/yellow_butterfly.png,right_image, ,,,,,,37.5322,38.6477,[0.25097024579560157],[-0.014877102199223804],[1],[0],[0],[1.114600000381472],"[""right_image""]",1,0,4,3,1,,,,,
,,,,,070928,001,2025-07-09_10h01.41.136,Simon,2024.2.4,Win32,59.88023952,,,,,,,,,,1,39.8651,40.3651,,,,,,,,,,,images/purple_butterfly.png,images/white_butterfly.png,left_image, ,,,,,,39.1505,39.865,[-0.18499353169469598],[0.009702457956015523],[1],[0],[0],[0.7136000003814615],"[""left_image""]",1,1,5,0,1,,,,,
,,,,,070928,001,2025-07-09_10h01.41.136,Simon,2024.2.4,Win32,59.88023952,,,,,,,,,,1,41.199,41.6989,,,,,,,,,,,images/yellow_butterfly.png,images/white_butterfly.png,right_image, ,,,,,,40.3667,41.1988,[0.18111254851228978],[-0.03428201811125485],[1],[0],[0],[0.8313000001907369],"[""right_image""]",1,2,6,2,1,,,,,
,,,,,070928,001,2025-07-09_10h01.41.136,Simon,2024.2.4,Win32,59.88023952,,,,,,,,,,1,42.4829,42.9828,,,,,,,,,,,images/white_butterfly.png,images/purple_butterfly.png,left_image, ,,,,,,41.7006,42.4826,[-0.20439844760672704],[-0.008408796895213453],[1],[0],[0],[0.7810000000000059],"[""left_image""]",1,3,7,1,1,,,,,
,,,,,070928,001,2025-07-09_10h01.41.136,Simon,2024.2.4,Win32,59.88023952,,,,,,,,,,1,44.0337,44.5345,,,,,,,,,,,images/white_butterfly.png,images/yellow_butterfly.png,right_image, ,,,,,,42.9842,44.0336,[0.15653298835705046],[-0.005821474773609315],[1],[0],[0],[1.048800000190738],"[""right_image""]",2,0,8,3,1,,,,,
,,,,,070928,001,2025-07-09_10h01.41.136,Simon,2024.2.4,Win32,59.88023952,,,,,,,,,,1,45.4007,45.9017,,,,,,,,,,,images/yellow_butterfly.png,images/white_butterfly.png,right_image, ,,,,,,44.5358,45.4005,[0.09961190168175937],[0.010996119016817595],[1],[0],[0],[0.8636999998092847],"[""right_image""]",2,1,9,2,1,,,,,
,,,,,070928,001,2025-07-09_10h01.41.136,Simon,2024.2.4,Win32,59.88023952,,,,,,,,,,1,46.5342,47.0342,,,,,,,,,,,images/purple_butterfly.png,images/white_butterfly.png,left_image, ,,,,,,45.9032,46.5341,[-0.2056921086675291],[0.02652005174644243],[1],[0],[0],[0.6300999994277845],"[""left_image""]",2,2,10,0,1,,,,,
,,,,,070928,001,2025-07-09_10h01.41.136,Simon,2024.2.4,Win32,59.88023952,,,,,,,,,,1,47.9183,48.419,,,,,,,,,,,images/white_butterfly.png,images/purple_butterfly.png,left_image, ,,,,,,47.0358,47.9181,[-0.15653298835705046],[-0.012289780077619664],[1],[0],[0],[0.8811999998092404],"[""left_image""]",2,3,11,1,1,,,,,
,,,,,070928,001,2025-07-09_10h01.41.136,Simon,2024.2.4,Win32,59.88023952,,,,,,,,,,1,49.0683,49.5687,,,,,,,,,,,images/white_butterfly.png,images/purple_butterfly.png,left_image, ,,,,,,48.4205,49.0682,[-0.1384217335058215],[-0.009702457956015523],[1],[0],[0],[0.6474000005722189],"[""left_image""]",3,0,12,1,1,,,,,
,,,,,070928,001,2025-07-09_10h01.41.136,Simon,2024.2.4,Win32,59.88023952,,,,,,,,,,1,50.3359,50.8363,,,,,,,,,,,images/yellow_butterfly.png,images/white_butterfly.png,right_image, ,,,,,,49.5702,50.3357,[0.2186287192755498],[-0.032988357050452784],[1],[0],[0],[0.7643999996185187],"[""right_image""]",3,1,13,2,1,,,,,
,,,,,070928,001,2025-07-09_10h01.41.136,Simon,2024.2.4,Win32,59.88023952,,,,,,,,,,1,51.6698,52.1701,,,,,,,,,,,images/white_butterfly.png,images/yellow_butterfly.png,right_image, ,,,,,,50.8382,51.6696,[0.19016817593790428],[0.005821474773609315],[1],[0],[0],[0.8303999996185496],"[""right_image""]",3,2,14,3,1,,,,,
,,,,,070928,001,2025-07-09_10h01.41.136,Simon,2024.2.4,Win32,59.88023952,,,,,,,,,,1,52.9535,53.4532,,,,,,,,,,,images/purple_butterfly.png,images/white_butterfly.png,left_image, ,,,,,,52.1715,52.9533,[-0.15265200517464425],[-0.0019404915912031048],[1],[0],[0],[0.7808000001907374],"[""left_image""]",3,3,15,0,1,,,,,
,,,,,070928,001,2025-07-09_10h01.41.136,Simon,2024.2.4,Win32,59.88023952,,,,,,,,,,1,53.8881,54.3871,,,,,,,,,,,images/purple_butterfly.png,images/white_butterfly.png,left_image, ,,,,,,53.4545,53.888,[-0.15523932729624837],[0.009702457956015523],[1],[0],[0],[0.4331000003814722],"[""left_image""]",4,0,16,0,1,,,,,
,,,,,070928,001,2025-07-09_10h01.41.136,Simon,2024.2.4,Win32,59.88023952,,,,,,,,,,1,55.2709,55.771,,,,,,,,,,,images/white_butterfly.png,images/yellow_butterfly.png,right_image, ,,,,,,54.3888,55.2708,[0.13583441138421734],[-0.021345407503234153],[1],[0],[0],[0.8810999994277893],"[""right_image""]",4,1,17,3,1,,,,,
,,,,,070928,001,2025-07-09_10h01.41.136,Simon,2024.2.4,Win32,59.88023952,,,,,,,,,,1,56.5383,57.0381,,,,,,,,,,,images/white_butterfly.png,images/purple_butterfly.png,left_image, ,,,,,,55.7726,56.5381,[-0.19146183699870634],[-0.023932729624838292],[1],[0],[0],[0.7647999992370558],"[""left_image""]",4,2,18,1,1,,,,,
,,,,,070928,001,2025-07-09_10h01.41.136,Simon,2024.2.4,Win32,59.88023952,,,,,,,,,,1,57.889,58.3882,,,,,,,,,,,images/yellow_butterfly.png,images/white_butterfly.png,right_image, ,,,,,,57.04,57.8888,[0.2095730918499353],[-0.000646830530401035],[1],[0],[0],[0.8481999998092533],"[""right_image""]",4,3,19,2,1,,,,,
,,,,,070928,001,2025-07-09_10h01.41.136,Simon,2024.2.4,Win32,59.88023952,,,,,,,,,,,,,,,,,,,,,,,,,,,,,,,,,,,,,,,,,,,,,,58.3886,61.057,1,[61.0560999994278],[61.0560999994278]
