﻿instructions.started,instructions.stopped,start_button.numClicks,start_button.timesOn,start_button.timesOff,participant,session,date,expName,psychopyVersion,OS,frameRate,practice_trial.started,practice_trial.stopped,mouse_2.x,mouse_2.y,mouse_2.leftButton,mouse_2.midButton,mouse_2.rightButton,mouse_2.time,mouse_2.clicked_name,correct,feedback.started,feedback.stopped,loop_until_correct.thisRepN,loop_until_correct.thisTrialN,loop_until_correct.thisN,loop_until_correct.thisIndex,loop_until_correct.ran,prac_trials.thisRepN,prac_trials.thisTrialN,prac_trials.thisN,prac_trials.thisIndex,prac_trials.ran,left_color,right_color,correct_response,top_txt,instructions_2.started,instructions_2.stopped,start_button_2.numClicks,start_button_2.timesOn,start_button_2.timesOff,trial.started,trial.stopped,mouse.x,mouse.y,mouse.leftButton,mouse.midButton,mouse.rightButton,mouse.time,mouse.clicked_name,trials.thisRepN,trials.thisTrialN,trials.thisN,trials.thisIndex,trials.ran,end.started,end.stopped,start_button_3.numClicks,start_button_3.timesOn,start_button_3.timesOff
0.000400001,20.769,1,[20.962599999427823],[20.962699999809274],070905,001,2025-07-09_09h22.27.561,Simon,2024.2.4,Win32,59.52380952,,,,,,,,,,,,,,,,,,,,,,,,,,,,,,,,,,,,,,,,,,,,,,,,,,
,,,,,070905,001,2025-07-09_09h22.27.561,Simon,2024.2.4,Win32,59.52380952,20.8689,23.2436,[0.2095730918499353],[-0.08473479948253558],[1],[0],[0],[2.3699000005722155],"[""right_image_2"",""right_image_2""]",0,23.4786,25.364,0,0,0,0,1,,,,,,,,,,,,,,,,,,,,,,,,,,,,,,,,,
,,,,,070905,001,2025-07-09_09h22.27.561,Simon,2024.2.4,Win32,59.52380952,25.5842,29.2634,[0.2690815006468305],[0.04463130659767141],[1],[0],[0],[3.67760000038146],"[""right_image_2"",""right_image_2""]",0,29.2636,29.7667,1,0,1,0,1,,,,,,,,,,,,,,,,,,,,,,,,,,,,,,,,,
,,,,,070905,001,2025-07-09_09h22.27.561,Simon,2024.2.4,Win32,59.52380952,29.7685,32.1501,[0.21992238033635186],[0.023932729624838292],[1],[0],[0],[2.3793000001907103],"[""right_image_2"",""right_image_2""]",0,32.1507,32.6492,2,0,2,0,1,,,,,,,,,,,,,,,,,,,,,,,,,,,,,,,,,
,,,,,070905,001,2025-07-09_09h22.27.561,Simon,2024.2.4,Win32,59.52380952,32.651,38.9328,[-0.16170763260025872],[-0.000646830530401035],[1],[0],[0],[6.2796999998092815],"[""left_image_2"",""left_image_2""]",1,38.9494,39.4315,3,0,3,0,1,,,,,,,,,,,,,,,,,,,,,,,,,,,,,,,,,
,,,,,070905,001,2025-07-09_09h22.27.561,Simon,2024.2.4,Win32,59.52380952,,,,,,,,,,,,,,,,,,0,0,0,0,1,images/purple_butterfly.png,images/white_butterfly.png,left_image_2,"In this example, select the LEFT butterfly.",,,,,,,,,,,,,,,,,,,,,,,,
,,,,,070905,001,2025-07-09_09h22.27.561,Simon,2024.2.4,Win32,59.52380952,39.4472,41.0153,[-0.16170763260025872],[-0.000646830530401035],[1],[0],[0],[1.566500000000019],"[""left_image_2"",""left_image_2""]",1,41.0158,41.5147,0,0,0,0,1,,,,,,,,,,,,,,,,,,,,,,,,,,,,,,,,,
,,,,,070905,001,2025-07-09_09h22.27.561,Simon,2024.2.4,Win32,59.52380952,,,,,,,,,,,,,,,,,,0,1,1,1,1,images/white_butterfly.png,images/purple_butterfly.png,left_image_2,"In this example, select the LEFT butterfly.",,,,,,,,,,,,,,,,,,,,,,,,
,,,,,070905,001,2025-07-09_09h22.27.561,Simon,2024.2.4,Win32,59.52380952,41.5181,42.5143,[0.20310478654592498],[-0.003234152652005175],[1],[0],[0],[0.9943999996185653],"[""right_image_2"",""right_image_2""]",1,42.5145,43.0145,0,0,0,0,1,,,,,,,,,,,,,,,,,,,,,,,,,,,,,,,,,
,,,,,070905,001,2025-07-09_09h22.27.561,Simon,2024.2.4,Win32,59.52380952,,,,,,,,,,,,,,,,,,0,2,2,2,1,images/yellow_butterfly.png,images/white_butterfly.png,right_image_2,"In this example, select the RIGHT butterfly.",,,,,,,,,,,,,,,,,,,,,,,,
,,,,,070905,001,2025-07-09_09h22.27.561,Simon,2024.2.4,Win32,59.52380952,43.0175,44.5976,[0.1927554980595084],[0.003234152652005175],[1],[0],[0],[1.5791000003814588],"[""right_image_2"",""right_image_2""]",1,44.598,45.0976,0,0,0,0,1,,,,,,,,,,,,,,,,,,,,,,,,,,,,,,,,,
,,,,,070905,001,2025-07-09_09h22.27.561,Simon,2024.2.4,Win32,59.52380952,,,,,,,,,,,,,,,,,,0,3,3,3,1,images/white_butterfly.png,images/yellow_butterfly.png,right_image_2,"In this example, select the RIGHT butterfly.",,,,,,,,,,,,,,,,,,,,,,,,
,,,,,070905,001,2025-07-09_09h22.27.561,Simon,2024.2.4,Win32,59.52380952,,,,,,,,,,,,,,,,,,,,,,,,,,,45.0987,48.0816,1,[48.08469999980929],[48.08469999980929],,,,,,,,,,,,,,,,,,,
,,,,,070905,001,2025-07-09_09h22.27.561,Simon,2024.2.4,Win32,59.52380952,,,,,,,,,,1,50.1803,50.6799,,,,,,,,,,,images/white_butterfly.png,images/purple_butterfly.png,left_image, ,,,,,,48.2595,50.1803,[-0.18628719275549807],[-0.023932729624838292],[1],[0],[0],[1.9191999998092228],"[""left_image""]",0,0,0,1,1,,,,,
,,,,,070905,001,2025-07-09_09h22.27.561,Simon,2024.2.4,Win32,59.52380952,,,,,,,,,,1,51.3631,51.8631,,,,,,,,,,,images/purple_butterfly.png,images/white_butterfly.png,left_image, ,,,,,,50.6814,51.363,[-0.19016817593790428],[-0.018758085381630013],[1],[0],[0],[0.6811000003814343],"[""left_image""]",0,1,1,0,1,,,,,
,,,,,070905,001,2025-07-09_09h22.27.561,Simon,2024.2.4,Win32,59.52380952,,,,,,,,,,1,52.9801,53.4795,,,,,,,,,,,images/white_butterfly.png,images/yellow_butterfly.png,right_image, ,,,,,,51.8645,52.98,[0.19663648124191463],[-0.008408796895213453],[1],[0],[0],[1.1148999996185012],"[""right_image""]",0,2,2,3,1,,,,,
,,,,,070905,001,2025-07-09_09h22.27.561,Simon,2024.2.4,Win32,59.52380952,,,,,,,,,,1,54.3295,54.8292,,,,,,,,,,,images/yellow_butterfly.png,images/white_butterfly.png,right_image, ,,,,,,53.4811,54.3294,[0.21216041397153945],[-0.012289780077619664],[1],[0],[0],[0.8480000000000132],"[""right_image""]",0,3,3,2,1,,,,,
,,,,,070905,001,2025-07-09_09h22.27.561,Simon,2024.2.4,Win32,59.52380952,,,,,,,,,,1,55.5797,56.0792,,,,,,,,,,,images/purple_butterfly.png,images/white_butterfly.png,left_image, ,,,,,,54.8307,55.5795,[-0.16429495472186287],[-0.004527813712807244],[1],[0],[0],[0.7481999998092874],"[""left_image""]",1,0,4,0,1,,,,,
,,,,,070905,001,2025-07-09_09h22.27.561,Simon,2024.2.4,Win32,59.52380952,,,,,,,,,,1,57.3958,57.8954,,,,,,,,,,,images/white_butterfly.png,images/yellow_butterfly.png,right_image, ,,,,,,56.0805,57.3957,[0.2884864165588616],[-0.021345407503234153],[1],[0],[0],[1.3148000001907008],"[""right_image""]",1,1,5,3,1,,,,,
,,,,,070905,001,2025-07-09_09h22.27.561,Simon,2024.2.4,Win32,59.52380952,,,,,,,,,,1,58.7458,59.2455,,,,,,,,,,,images/yellow_butterfly.png,images/white_butterfly.png,right_image, ,,,,,,57.8971,58.7457,[0.2884864165588616],[-0.021345407503234153],[1],[0],[0],[0.8480000000000132],"[""right_image""]",1,2,6,2,1,,,,,
,,,,,070905,001,2025-07-09_09h22.27.561,Simon,2024.2.4,Win32,59.52380952,,,,,,,,,,1,60.1792,60.6789,,,,,,,,,,,images/white_butterfly.png,images/purple_butterfly.png,left_image, ,,,,,,59.247,60.1791,[-0.21345407503234154],[-0.008408796895213453],[1],[0],[0],[0.930800000190743],"[""left_image""]",1,3,7,1,1,,,,,
,,,,,070905,001,2025-07-09_09h22.27.561,Simon,2024.2.4,Win32,59.52380952,,,,,,,,,,1,61.4452,61.9454,,,,,,,,,,,images/white_butterfly.png,images/purple_butterfly.png,left_image, ,,,,,,60.6808,61.4451,[-0.21345407503234154],[-0.008408796895213453],[1],[0],[0],[0.764099999427799],"[""left_image""]",2,0,8,1,1,,,,,
,,,,,070905,001,2025-07-09_09h22.27.561,Simon,2024.2.4,Win32,59.52380952,,,,,,,,,,1,62.7289,63.2282,,,,,,,,,,,images/white_butterfly.png,images/yellow_butterfly.png,right_image, ,,,,,,61.9471,62.7287,[0.1539456662354463],[0.014877102199223804],[1],[0],[0],[0.7808999996185548],"[""right_image""]",2,1,9,3,1,,,,,
,,,,,070905,001,2025-07-09_09h22.27.561,Simon,2024.2.4,Win32,59.52380952,,,,,,,,,,1,63.7454,64.2447,,,,,,,,,,,images/yellow_butterfly.png,images/white_butterfly.png,right_image, ,,,,,,63.2297,63.7453,[0.1539456662354463],[0.014877102199223804],[1],[0],[0],[0.5149000005721973],"[""right_image""]",2,2,10,2,1,,,,,
,,,,,070905,001,2025-07-09_09h22.27.561,Simon,2024.2.4,Win32,59.52380952,,,,,,,,,,1,65.2783,65.7779,,,,,,,,,,,images/purple_butterfly.png,images/white_butterfly.png,left_image, ,,,,,,64.2465,65.2781,[-0.13195342820181113],[-0.004527813712807244],[1],[0],[0],[1.031000000000006],"[""left_image""]",2,3,11,0,1,,,,,
,,,,,070905,001,2025-07-09_09h22.27.561,Simon,2024.2.4,Win32,59.52380952,,,,,,,,,,1,66.5284,67.0277,,,,,,,,,,,images/purple_butterfly.png,images/white_butterfly.png,left_image, ,,,,,,65.78,66.5282,[-0.13195342820181113],[-0.004527813712807244],[1],[0],[0],[0.7478000001907503],"[""left_image""]",3,0,12,0,1,,,,,
,,,,,070905,001,2025-07-09_09h22.27.561,Simon,2024.2.4,Win32,59.52380952,,,,,,,,,,1,67.9615,68.4609,,,,,,,,,,,images/white_butterfly.png,images/yellow_butterfly.png,right_image, ,,,,,,67.0289,67.9613,[0.1371280724450194],[0.000646830530401035],[1],[0],[0],[0.9318000001907194],"[""right_image""]",3,1,13,3,1,,,,,
,,,,,070905,001,2025-07-09_09h22.27.561,Simon,2024.2.4,Win32,59.52380952,,,,,,,,,,1,69.5939,70.0954,,,,,,,,,,,images/white_butterfly.png,images/purple_butterfly.png,left_image, ,,,,,,68.4626,69.5938,[-0.2703751617076326],[-0.014877102199223804],[1],[0],[0],[1.1309999999999718],"[""left_image""]",3,2,14,1,1,,,,,
,,,,,070905,001,2025-07-09_09h22.27.561,Simon,2024.2.4,Win32,59.52380952,,,,,,,,,,1,72.3435,72.8436,,,,,,,,,,,images/yellow_butterfly.png,images/white_butterfly.png,right_image, ,,,,,,70.0969,72.3434,[0.12677878395860284],[0.013583441138421734],[1],[0],[0],[2.2451999998092447],"[""right_image""]",3,3,15,2,1,,,,,
,,,,,070905,001,2025-07-09_09h22.27.561,Simon,2024.2.4,Win32,59.52380952,,,,,,,,,,1,73.8435,74.3435,,,,,,,,,,,images/white_butterfly.png,images/purple_butterfly.png,left_image, ,,,,,,72.8456,73.8434,[-0.1539456662354463],[-0.000646830530401035],[1],[0],[0],[0.9971000003814652],"[""left_image""]",4,0,16,1,1,,,,,
,,,,,070905,001,2025-07-09_09h22.27.561,Simon,2024.2.4,Win32,59.52380952,,,,,,,,,,1,75.1442,75.6432,,,,,,,,,,,images/purple_butterfly.png,images/white_butterfly.png,left_image, ,,,,,,74.3453,75.1439,[-0.1539456662354463],[-0.000646830530401035],[1],[0],[0],[0.7975000000000136],"[""left_image""]",4,1,17,0,1,,,,,
,,,,,070905,001,2025-07-09_09h22.27.561,Simon,2024.2.4,Win32,59.52380952,,,,,,,,,,1,77.0095,77.5098,,,,,,,,,,,images/yellow_butterfly.png,images/white_butterfly.png,right_image, ,,,,,,75.6452,77.0094,[0.14877102199223805],[0.0071151358344113845],[1],[0],[0],[1.3635000000000446],"[""right_image""]",4,2,18,2,1,,,,,
,,,,,070905,001,2025-07-09_09h22.27.561,Simon,2024.2.4,Win32,59.52380952,,,,,,,,,,1,79.6427,80.1424,,,,,,,,,,,images/white_butterfly.png,images/yellow_butterfly.png,right_image, ,,,,,,77.5116,79.6426,[0.15265200517464425],[-0.014877102199223804],[1],[0],[0],[2.1302000007629545],"[""right_image""]",4,3,19,3,1,,,,,
,,,,,070905,001,2025-07-09_09h22.27.561,Simon,2024.2.4,Win32,59.52380952,,,,,,,,,,,,,,,,,,,,,,,,,,,,,,,,,,,,,,,,,,,,,,80.143,82.7594,1,[82.75880000019077],[82.75880000019077]
