﻿instructions.started,instructions.stopped,start_button.numClicks,start_button.timesOn,start_button.timesOff,participant,session,date,expName,psychopyVersion,OS,frameRate,practice_trial.started,practice_trial.stopped,mouse_2.x,mouse_2.y,mouse_2.leftButton,mouse_2.midButton,mouse_2.rightButton,mouse_2.time,mouse_2.clicked_name,correct,feedback.started,feedback.stopped,loop_until_correct.thisRepN,loop_until_correct.thisTrialN,loop_until_correct.thisN,loop_until_correct.thisIndex,loop_until_correct.ran,prac_trials.thisRepN,prac_trials.thisTrialN,prac_trials.thisN,prac_trials.thisIndex,prac_trials.ran,left_color,right_color,correct_response,top_txt,instructions_2.started,instructions_2.stopped,start_button_2.numClicks,start_button_2.timesOn,start_button_2.timesOff,trial.started,trial.stopped,mouse.x,mouse.y,mouse.leftButton,mouse.midButton,mouse.rightButton,mouse.time,mouse.clicked_name,trials.thisRepN,trials.thisTrialN,trials.thisN,trials.thisIndex,trials.ran,end.started,end.stopped,start_button_3.numClicks,start_button_3.timesOn,start_button_3.timesOff
0.0002,14.8394,1,[14.865499999999997],[14.865499999999997],070915,001,2025-07-09_09h43.24.712,Simon,2024.2.4,Win32,59.88023952,,,,,,,,,,,,,,,,,,,,,,,,,,,,,,,,,,,,,,,,,,,,,,,,,,
,,,,,070915,001,2025-07-09_09h43.24.712,Simon,2024.2.4,Win32,59.88023952,14.883,17.739,[-0.19663648124191463],[-0.03557567917205692],[1],[0],[0],[2.8528000001907117],"[""left_image_2"",""left_image_2""]",1,17.7397,18.2389,0,0,0,0,1,,,,,,,,,,,,,,,,,,,,,,,,,,,,,,,,,
,,,,,070915,001,2025-07-09_09h43.24.712,Simon,2024.2.4,Win32,59.88023952,,,,,,,,,,,,,,,,,,0,0,0,0,1,images/purple_butterfly.png,images/white_butterfly.png,left_image_2,"In this example, select the LEFT butterfly.",,,,,,,,,,,,,,,,,,,,,,,,
,,,,,070915,001,2025-07-09_09h43.24.712,Simon,2024.2.4,Win32,59.88023952,18.2434,25.8583,[0.16041397153945666],[-0.0536869340232859],[1],[0],[0],[7.6126999998092515],"[""right_image_2"",""right_image_2""]",0,25.8591,26.3589,0,0,0,0,1,,,,,,,,,,,,,,,,,,,,,,,,,,,,,,,,,
,,,,,070915,001,2025-07-09_09h43.24.712,Simon,2024.2.4,Win32,59.88023952,26.3603,33.8119,[0.1759379042690815],[0.02652005174644243],[1],[0],[0],[7.450200000762948],"[""right_image_2"",""right_image_2""]",0,33.8122,34.3119,1,0,1,0,1,,,,,,,,,,,,,,,,,,,,,,,,,,,,,,,,,
,,,,,070915,001,2025-07-09_09h43.24.712,Simon,2024.2.4,Win32,59.88023952,34.3135,37.8637,[-0.3350582147477361],[-0.018758085381630013],[1],[0],[0],[3.548899999618527],"[""left_image_2"",""left_image_2""]",1,37.8653,38.3632,2,0,2,0,1,,,,,,,,,,,,,,,,,,,,,,,,,,,,,,,,,
,,,,,070915,001,2025-07-09_09h43.24.712,Simon,2024.2.4,Win32,59.88023952,,,,,,,,,,,,,,,,,,0,1,1,1,1,images/white_butterfly.png,images/purple_butterfly.png,left_image_2,"In this example, select the LEFT butterfly.",,,,,,,,,,,,,,,,,,,,,,,,
,,,,,070915,001,2025-07-09_09h43.24.712,Simon,2024.2.4,Win32,59.88023952,38.3665,45.0662,[0.2677878395860285],[0.014877102199223804],[1],[0],[0],[6.697499999999991],"[""right_image_2"",""right_image_2""]",1,45.0666,45.5663,0,0,0,0,1,,,,,,,,,,,,,,,,,,,,,,,,,,,,,,,,,
,,,,,070915,001,2025-07-09_09h43.24.712,Simon,2024.2.4,Win32,59.88023952,,,,,,,,,,,,,,,,,,0,2,2,2,1,images/yellow_butterfly.png,images/white_butterfly.png,right_image_2,"In this example, select the RIGHT butterfly.",,,,,,,,,,,,,,,,,,,,,,,,
,,,,,070915,001,2025-07-09_09h43.24.712,Simon,2024.2.4,Win32,59.88023952,45.5693,47.1506,[0.2677878395860285],[0.014877102199223804],[1],[0],[0],[1.5790000000000077],"[""right_image_2"",""right_image_2""]",1,47.1508,47.6501,0,0,0,0,1,,,,,,,,,,,,,,,,,,,,,,,,,,,,,,,,,
,,,,,070915,001,2025-07-09_09h43.24.712,Simon,2024.2.4,Win32,59.88023952,,,,,,,,,,,,,,,,,,0,3,3,3,1,images/white_butterfly.png,images/yellow_butterfly.png,right_image_2,"In this example, select the RIGHT butterfly.",,,,,,,,,,,,,,,,,,,,,,,,
,,,,,070915,001,2025-07-09_09h43.24.712,Simon,2024.2.4,Win32,59.88023952,,,,,,,,,,,,,,,,,,,,,,,,,,,47.6511,49.1352,1,[49.139899999618535],[49.14000000000004],,,,,,,,,,,,,,,,,,,
,,,,,070915,001,2025-07-09_09h43.24.712,Simon,2024.2.4,Win32,59.88023952,,,,,,,,,,1,51.369,51.8686,,,,,,,,,,,images/purple_butterfly.png,images/white_butterfly.png,left_image, ,,,,,,49.153,51.3688,[-0.11513583441138421],[0.03040103492884864],[1],[0],[0],[2.214699999809284],"[""left_image""]",0,0,0,0,1,,,,,
,,,,,070915,001,2025-07-09_09h43.24.712,Simon,2024.2.4,Win32,59.88023952,,,,,,,,,,1,52.8864,53.3861,,,,,,,,,,,images/white_butterfly.png,images/yellow_butterfly.png,right_image, ,,,,,,51.8704,52.8862,[0.16688227684346701],[-0.022639068564036222],[1],[0],[0],[1.0151000003814374],"[""right_image""]",0,1,1,3,1,,,,,
,,,,,070915,001,2025-07-09_09h43.24.712,Simon,2024.2.4,Win32,59.88023952,,,,,,,,,,1,55.1036,55.6047,,,,,,,,,,,images/white_butterfly.png,images/purple_butterfly.png,left_image, ,,,,,,53.3874,55.1034,[-0.2833117723156533],[0.03428201811125485],[1],[0],[0],[1.715299999237061],"[""left_image""]",0,2,2,1,1,,,,,
,,,,,070915,001,2025-07-09_09h43.24.712,Simon,2024.2.4,Win32,59.88023952,,,,,,,,,,0,57.6056,58.1045,,,,,,,,,,,images/yellow_butterfly.png,images/white_butterfly.png,right_image, ,,,,,,55.606,57.6038,[-0.16946959896507116],[-0.025226390685640362],[1],[0],[0],[1.997000000000014],"[""left_image""]",0,3,3,2,1,,,,,
,,,,,070915,001,2025-07-09_09h43.24.712,Simon,2024.2.4,Win32,59.88023952,,,,,,,,,,1,59.9569,60.4554,,,,,,,,,,,images/purple_butterfly.png,images/white_butterfly.png,left_image, ,,,,,,58.106,59.9555,[-0.17852522639068563],[-0.02910737386804657],[1],[0],[0],[1.8485999994277904],"[""left_image""]",1,0,4,0,1,,,,,
,,,,,070915,001,2025-07-09_09h43.24.712,Simon,2024.2.4,Win32,59.88023952,,,,,,,,,,1,62.6731,63.1731,,,,,,,,,,,images/white_butterfly.png,images/purple_butterfly.png,left_image, ,,,,,,60.4573,62.673,[-0.15653298835705046],[-0.010996119016817595],[1],[0],[0],[2.2143999996185357],"[""left_image""]",1,1,5,1,1,,,,,
,,,,,070915,001,2025-07-09_09h43.24.712,Simon,2024.2.4,Win32,59.88023952,,,,,,,,,,1,66.9082,67.408,,,,,,,,,,,images/yellow_butterfly.png,images/white_butterfly.png,right_image, ,,,,,,63.1746,66.908,[0.14877102199223805],[-0.021345407503234153],[1],[0],[0],[3.732300000190719],"[""right_image""]",1,2,6,2,1,,,,,
,,,,,070915,001,2025-07-09_09h43.24.712,Simon,2024.2.4,Win32,59.88023952,,,,,,,,,,1,69.7271,70.2256,,,,,,,,,,,images/white_butterfly.png,images/yellow_butterfly.png,right_image, ,,,,,,67.4096,69.7271,[0.22121604139715395],[-0.03945666235446313],[1],[0],[0],[2.316400000572173],"[""right_image""]",1,3,7,3,1,,,,,
,,,,,070915,001,2025-07-09_09h43.24.712,Simon,2024.2.4,Win32,59.88023952,,,,,,,,,,1,71.8932,72.3933,,,,,,,,,,,images/yellow_butterfly.png,images/white_butterfly.png,right_image, ,,,,,,70.2271,71.8932,[0.22509702457956016],[-0.03816300129366106],[1],[0],[0],[1.6649999999999636],"[""right_image""]",2,0,8,2,1,,,,,
,,,,,070915,001,2025-07-09_09h43.24.712,Simon,2024.2.4,Win32,59.88023952,,,,,,,,,,1,73.6773,74.1774,,,,,,,,,,,images/white_butterfly.png,images/purple_butterfly.png,left_image, ,,,,,,72.3947,73.677,[-0.15782664941785252],[0.000646830530401035],[1],[0],[0],[1.281399999618543],"[""left_image""]",2,1,9,1,1,,,,,
,,,,,070915,001,2025-07-09_09h43.24.712,Simon,2024.2.4,Win32,59.88023952,,,,,,,,,,1,76.6451,77.1452,,,,,,,,,,,images/purple_butterfly.png,images/white_butterfly.png,left_image, ,,,,,,74.1791,76.6449,[-0.17464424320827943],[-0.012289780077619664],[1],[0],[0],[2.464899999618524],"[""left_image""]",2,2,10,0,1,,,,,
,,,,,070915,001,2025-07-09_09h43.24.712,Simon,2024.2.4,Win32,59.88023952,,,,,,,,,,1,78.4456,78.9463,,,,,,,,,,,images/white_butterfly.png,images/yellow_butterfly.png,right_image, ,,,,,,77.1468,78.4455,[0.2535575679172057],[-0.003234152652005175],[1],[0],[0],[1.297799999236986],"[""right_image""]",2,3,11,3,1,,,,,
,,,,,070915,001,2025-07-09_09h43.24.712,Simon,2024.2.4,Win32,59.88023952,,,,,,,,,,1,79.6626,80.1633,,,,,,,,,,,images/white_butterfly.png,images/yellow_butterfly.png,right_image, ,,,,,,78.9477,79.6624,[0.22639068564036222],[0.0019404915912031048],[1],[0],[0],[0.71449999999993],"[""right_image""]",3,0,12,3,1,,,,,
,,,,,070915,001,2025-07-09_09h43.24.712,Simon,2024.2.4,Win32,59.88023952,,,,,,,,,,1,81.2307,81.7305,,,,,,,,,,,images/white_butterfly.png,images/purple_butterfly.png,left_image, ,,,,,,80.1644,81.2305,[-0.2056921086675291],[-0.012289780077619664],[1],[0],[0],[1.065800000190734],"[""left_image""]",3,1,13,1,1,,,,,
,,,,,070915,001,2025-07-09_09h43.24.712,Simon,2024.2.4,Win32,59.88023952,,,,,,,,,,1,82.7986,83.2974,,,,,,,,,,,images/yellow_butterfly.png,images/white_butterfly.png,right_image, ,,,,,,81.7325,82.7985,[0.10219922380336352],[-0.008408796895213453],[1],[0],[0],[1.0652000007629567],"[""right_image""]",3,2,14,2,1,,,,,
,,,,,070915,001,2025-07-09_09h43.24.712,Simon,2024.2.4,Win32,59.88023952,,,,,,,,,,1,84.2145,84.7157,,,,,,,,,,,images/purple_butterfly.png,images/white_butterfly.png,left_image, ,,,,,,83.299,84.2142,[-0.08279430789133248],[0.025226390685640362],[1],[0],[0],[0.9145000000000891],"[""left_image""]",3,3,15,0,1,,,,,
,,,,,070915,001,2025-07-09_09h43.24.712,Simon,2024.2.4,Win32,59.88023952,,,,,,,,,,1,86.1823,86.6824,,,,,,,,,,,images/yellow_butterfly.png,images/white_butterfly.png,right_image, ,,,,,,84.7173,86.1822,[0.23027166882276842],[-0.0278137128072445],[1],[0],[0],[1.4641000003814497],"[""right_image""]",4,0,16,2,1,,,,,
,,,,,070915,001,2025-07-09_09h43.24.712,Simon,2024.2.4,Win32,59.88023952,,,,,,,,,,1,87.6325,88.1325,,,,,,,,,,,images/white_butterfly.png,images/yellow_butterfly.png,right_image, ,,,,,,86.6838,87.6324,[0.21345407503234154],[-0.04204398447606727],[1],[0],[0],[0.9477999992369632],"[""right_image""]",4,1,17,3,1,,,,,
,,,,,070915,001,2025-07-09_09h43.24.712,Simon,2024.2.4,Win32,59.88023952,,,,,,,,,,1,89.2333,89.7339,,,,,,,,,,,images/white_butterfly.png,images/purple_butterfly.png,left_image, ,,,,,,88.1343,89.233,[-0.16170763260025872],[0.04333764553686934],[1],[0],[0],[1.0981000003814643],"[""left_image""]",4,2,18,1,1,,,,,
,,,,,070915,001,2025-07-09_09h43.24.712,Simon,2024.2.4,Win32,59.88023952,,,,,,,,,,1,90.9839,91.4845,,,,,,,,,,,images/purple_butterfly.png,images/white_butterfly.png,left_image, ,,,,,,89.7353,90.9837,[-0.2069857697283312],[0.032988357050452784],[1],[0],[0],[1.2473999996185512],"[""left_image""]",4,3,19,0,1,,,,,
,,,,,070915,001,2025-07-09_09h43.24.712,Simon,2024.2.4,Win32,59.88023952,,,,,,,,,,,,,,,,,,,,,,,,,,,,,,,,,,,,,,,,,,,,,,91.4854,92.7185,1,[92.71760000038154],[92.71760000038154]
