﻿instructions.started,instructions.stopped,start_button.numClicks,start_button.timesOn,start_button.timesOff,participant,session,date,expName,psychopyVersion,OS,frameRate,practice_trial.started,practice_trial.stopped,mouse_2.x,mouse_2.y,mouse_2.leftButton,mouse_2.midButton,mouse_2.rightButton,mouse_2.time,mouse_2.clicked_name,correct,feedback.started,feedback.stopped,loop_until_correct.thisRepN,loop_until_correct.thisTrialN,loop_until_correct.thisN,loop_until_correct.thisIndex,loop_until_correct.ran,prac_trials.thisRepN,prac_trials.thisTrialN,prac_trials.thisN,prac_trials.thisIndex,prac_trials.ran,left_color,right_color,correct_response,top_txt,instructions_2.started,instructions_2.stopped,start_button_2.numClicks,start_button_2.timesOn,start_button_2.timesOff,trial.started,trial.stopped,mouse.x,mouse.y,mouse.leftButton,mouse.midButton,mouse.rightButton,mouse.time,mouse.clicked_name,trials.thisRepN,trials.thisTrialN,trials.thisN,trials.thisIndex,trials.ran,end.started,end.stopped,start_button_3.numClicks,start_button_3.timesOn,start_button_3.timesOff
0.0001,13.1798,1,[13.191500000000019],[13.191500000000019],070904,001,2025-07-09_09h20.52.669,Simon,2024.2.4,Win32,59.52380952,,,,,,,,,,,,,,,,,,,,,,,,,,,,,,,,,,,,,,,,,,,,,,,,,,
,,,,,070904,001,2025-07-09_09h20.52.669,Simon,2024.2.4,Win32,59.52380952,13.2009,15.8796,[-0.18403247631935046],[0.006089309878213802],[1],[0],[0],[2.6771999988555706],"[""left_image_2"",""left_image_2""]",1,15.8808,16.3795,0,0,0,0,1,,,,,,,,,,,,,,,,,,,,,,,,,,,,,,,,,
,,,,,070904,001,2025-07-09_09h20.52.669,Simon,2024.2.4,Win32,59.52380952,,,,,,,,,,,,,,,,,,0,0,0,0,1,images/purple_butterfly.png,images/white_butterfly.png,left_image_2,"In this example, select the LEFT butterfly.",,,,,,,,,,,,,,,,,,,,,,,,
,,,,,070904,001,2025-07-09_09h20.52.669,Simon,2024.2.4,Win32,59.52380952,16.3835,17.7959,[-0.16914749661705006],[-0.004736129905277402],[1],[0],[0],[1.4111000003814809],"[""left_image_2"",""left_image_2""]",1,17.7963,18.2956,0,0,0,0,1,,,,,,,,,,,,,,,,,,,,,,,,,,,,,,,,,
,,,,,070904,001,2025-07-09_09h20.52.669,Simon,2024.2.4,Win32,59.52380952,,,,,,,,,,,,,,,,,,0,1,1,1,1,images/white_butterfly.png,images/purple_butterfly.png,left_image_2,"In this example, select the LEFT butterfly.",,,,,,,,,,,,,,,,,,,,,,,,
,,,,,070904,001,2025-07-09_09h20.52.669,Simon,2024.2.4,Win32,59.52380952,18.2989,19.3958,[0.19891745602165087],[-0.016914749661705007],[1],[0],[0],[1.095599998474114],"[""right_image_2"",""right_image_2""]",1,19.3961,19.8954,0,0,0,0,1,,,,,,,,,,,,,,,,,,,,,,,,,,,,,,,,,
,,,,,070904,001,2025-07-09_09h20.52.669,Simon,2024.2.4,Win32,59.52380952,,,,,,,,,,,,,,,,,,0,2,2,2,1,images/yellow_butterfly.png,images/white_butterfly.png,right_image_2,"In this example, select the RIGHT butterfly.",,,,,,,,,,,,,,,,,,,,,,,,
,,,,,070904,001,2025-07-09_09h20.52.669,Simon,2024.2.4,Win32,59.52380952,19.8987,20.7627,[0.19891745602165087],[-0.016914749661705007],[1],[0],[0],[0.862700000762942],"[""right_image_2"",""right_image_2""]",1,20.7631,21.2621,0,0,0,0,1,,,,,,,,,,,,,,,,,,,,,,,,,,,,,,,,,
,,,,,070904,001,2025-07-09_09h20.52.669,Simon,2024.2.4,Win32,59.52380952,,,,,,,,,,,,,,,,,,0,3,3,3,1,images/white_butterfly.png,images/yellow_butterfly.png,right_image_2,"In this example, select the RIGHT butterfly.",,,,,,,,,,,,,,,,,,,,,,,,
,,,,,070904,001,2025-07-09_09h20.52.669,Simon,2024.2.4,Win32,59.52380952,,,,,,,,,,,,,,,,,,,,,,,,,,,21.2626,23.6784,1,[23.681899999618537],[23.682000000000016],,,,,,,,,,,,,,,,,,,
,,,,,070904,001,2025-07-09_09h20.52.669,Simon,2024.2.4,Win32,59.52380952,,,,,,,,,,1,24.9283,25.4281,,,,,,,,,,,images/white_butterfly.png,images/yellow_butterfly.png,right_image, ,,,,,,23.6886,24.9282,[0.20162381596752368],[0.006089309878213802],[1],[0],[0],[1.239200000762935],"[""right_image""]",0,0,0,3,1,,,,,
,,,,,070904,001,2025-07-09_09h20.52.669,Simon,2024.2.4,Win32,59.52380952,,,,,,,,,,1,26.5115,27.0114,,,,,,,,,,,images/purple_butterfly.png,images/white_butterfly.png,left_image, ,,,,,,25.4294,26.5114,[-0.15696887686062247],[-0.01962110960757781],[1],[0],[0],[1.0814000015258785],"[""left_image""]",0,1,1,0,1,,,,,
,,,,,070904,001,2025-07-09_09h20.52.669,Simon,2024.2.4,Win32,59.52380952,,,,,,,,,,1,27.9779,28.4775,,,,,,,,,,,images/yellow_butterfly.png,images/white_butterfly.png,right_image, ,,,,,,27.0133,27.9778,[0.18132611637347767],[-0.029093369418132613],[1],[0],[0],[0.9638999996185476],"[""right_image""]",0,2,2,2,1,,,,,
,,,,,070904,001,2025-07-09_09h20.52.669,Simon,2024.2.4,Win32,59.52380952,,,,,,,,,,1,29.4946,29.9938,,,,,,,,,,,images/white_butterfly.png,images/purple_butterfly.png,left_image, ,,,,,,28.4792,29.4945,[-0.20027063599458728],[-0.0020297699594046007],[1],[0],[0],[1.014399999618547],"[""left_image""]",0,3,3,1,1,,,,,
,,,,,070904,001,2025-07-09_09h20.52.669,Simon,2024.2.4,Win32,59.52380952,,,,,,,,,,1,30.761,31.2607,,,,,,,,,,,images/purple_butterfly.png,images/white_butterfly.png,left_image, ,,,,,,29.9951,30.7608,[-0.20027063599458728],[-0.0020297699594046007],[1],[0],[0],[0.7652000007629454],"[""left_image""]",1,0,4,0,1,,,,,
,,,,,070904,001,2025-07-09_09h20.52.669,Simon,2024.2.4,Win32,59.52380952,,,,,,,,,,1,32.4107,32.9106,,,,,,,,,,,images/yellow_butterfly.png,images/white_butterfly.png,right_image, ,,,,,,31.2624,32.4105,[0.11096075778078485],[-0.030446549391069014],[1],[0],[0],[1.147699998855586],"[""right_image""]",1,1,5,2,1,,,,,
,,,,,070904,001,2025-07-09_09h20.52.669,Simon,2024.2.4,Win32,59.52380952,,,,,,,,,,1,33.8271,34.3268,,,,,,,,,,,images/white_butterfly.png,images/purple_butterfly.png,left_image, ,,,,,,32.9123,33.8269,[-0.21380243572395127],[-0.004736129905277402],[1],[0],[0],[0.9137000007629581],"[""left_image""]",1,2,6,1,1,,,,,
,,,,,070904,001,2025-07-09_09h20.52.669,Simon,2024.2.4,Win32,59.52380952,,,,,,,,,,1,35.4437,35.9436,,,,,,,,,,,images/white_butterfly.png,images/yellow_butterfly.png,right_image, ,,,,,,34.3287,35.4434,[0.18538565629228687],[-0.04262516914749662],[1],[0],[0],[1.1143000011444144],"[""right_image""]",1,3,7,3,1,,,,,
,,,,,070904,001,2025-07-09_09h20.52.669,Simon,2024.2.4,Win32,59.52380952,,,,,,,,,,1,36.8766,37.3771,,,,,,,,,,,images/yellow_butterfly.png,images/white_butterfly.png,right_image, ,,,,,,35.9451,36.8764,[0.2259810554803789],[-0.014208389715832206],[1],[0],[0],[0.9303000011443885],"[""right_image""]",2,0,8,2,1,,,,,
,,,,,070904,001,2025-07-09_09h20.52.669,Simon,2024.2.4,Win32,59.52380952,,,,,,,,,,1,38.1935,38.693,,,,,,,,,,,images/white_butterfly.png,images/yellow_butterfly.png,right_image, ,,,,,,37.3789,38.1934,[0.18538565629228687],[-0.03585926928281461],[1],[0],[0],[0.812700000762959],"[""right_image""]",2,1,9,3,1,,,,,
,,,,,070904,001,2025-07-09_09h20.52.669,Simon,2024.2.4,Win32,59.52380952,,,,,,,,,,1,39.6261,40.1258,,,,,,,,,,,images/purple_butterfly.png,images/white_butterfly.png,left_image, ,,,,,,38.6947,39.626,[-0.18403247631935046],[-0.022327469553450607],[1],[0],[0],[0.930499999999995],"[""left_image""]",2,2,10,0,1,,,,,
,,,,,070904,001,2025-07-09_09h20.52.669,Simon,2024.2.4,Win32,59.52380952,,,,,,,,,,1,41.093,41.5925,,,,,,,,,,,images/white_butterfly.png,images/purple_butterfly.png,left_image, ,,,,,,40.1273,41.0929,[-0.20433017591339647],[-0.010148849797023005],[1],[0],[0],[0.9651000003814829],"[""left_image""]",2,3,11,1,1,,,,,
,,,,,070904,001,2025-07-09_09h20.52.669,Simon,2024.2.4,Win32,59.52380952,,,,,,,,,,1,42.8929,43.3925,,,,,,,,,,,images/purple_butterfly.png,images/white_butterfly.png,left_image, ,,,,,,41.5942,42.8927,[-0.13531799729364005],[-0.012855209742895805],[1],[0],[0],[1.2976999988555917],"[""left_image""]",3,0,12,0,1,,,,,
,,,,,070904,001,2025-07-09_09h20.52.669,Simon,2024.2.4,Win32,59.52380952,,,,,,,,,,1,44.6426,45.142,,,,,,,,,,,images/white_butterfly.png,images/yellow_butterfly.png,right_image, ,,,,,,43.3944,44.6425,[0.18267929634641408],[0.014208389715832206],[1],[0],[0],[1.246799999237055],"[""right_image""]",3,1,13,3,1,,,,,
,,,,,070904,001,2025-07-09_09h20.52.669,Simon,2024.2.4,Win32,59.52380952,,,,,,,,,,1,46.0258,46.5251,,,,,,,,,,,images/yellow_butterfly.png,images/white_butterfly.png,right_image, ,,,,,,45.1438,46.0256,[0.21921515561569688],[0.014208389715832206],[1],[0],[0],[0.8807000007629426],"[""right_image""]",3,2,14,2,1,,,,,
,,,,,070904,001,2025-07-09_09h20.52.669,Simon,2024.2.4,Win32,59.52380952,,,,,,,,,,1,47.5918,48.0918,,,,,,,,,,,images/white_butterfly.png,images/purple_butterfly.png,left_image, ,,,,,,46.5268,47.5917,[-0.22056833558863329],[-0.0033829499323410014],[1],[0],[0],[1.0641999988555995],"[""left_image""]",3,3,15,1,1,,,,,
,,,,,070904,001,2025-07-09_09h20.52.669,Simon,2024.2.4,Win32,59.52380952,,,,,,,,,,1,48.9917,49.4914,,,,,,,,,,,images/white_butterfly.png,images/purple_butterfly.png,left_image, ,,,,,,48.0935,48.9916,[-0.1880920162381597],[-0.007442489851150203],[1],[0],[0],[0.897600000381459],"[""left_image""]",4,0,16,1,1,,,,,
,,,,,070904,001,2025-07-09_09h20.52.669,Simon,2024.2.4,Win32,59.52380952,,,,,,,,,,1,50.4749,50.9746,,,,,,,,,,,images/yellow_butterfly.png,images/white_butterfly.png,right_image, ,,,,,,49.4935,50.4748,[0.17456021650879566],[-0.018267929634641408],[1],[0],[0],[0.9806000003814574],"[""right_image""]",4,1,17,2,1,,,,,
,,,,,070904,001,2025-07-09_09h20.52.669,Simon,2024.2.4,Win32,59.52380952,,,,,,,,,,1,51.7411,52.241,,,,,,,,,,,images/white_butterfly.png,images/yellow_butterfly.png,right_image, ,,,,,,50.9765,51.7409,[0.17456021650879566],[-0.018267929634641408],[1],[0],[0],[0.7637000007629524],"[""right_image""]",4,2,18,3,1,,,,,
,,,,,070904,001,2025-07-09_09h20.52.669,Simon,2024.2.4,Win32,59.52380952,,,,,,,,,,1,53.2077,53.7073,,,,,,,,,,,images/purple_butterfly.png,images/white_butterfly.png,left_image, ,,,,,,52.2429,53.2075,[-0.17726657645466848],[-0.008795669824086604],[1],[0],[0],[0.9639000015258716],"[""left_image""]",4,3,19,0,1,,,,,
,,,,,070904,001,2025-07-09_09h20.52.669,Simon,2024.2.4,Win32,59.52380952,,,,,,,,,,,,,,,,,,,,,,,,,,,,,,,,,,,,,,,,,,,,,,53.7079,60.5066,1,[60.50620000076293],[60.50620000076293]
