﻿instructions.started,instructions.stopped,start_button.numClicks,start_button.timesOn,start_button.timesOff,participant,session,date,expName,psychopyVersion,OS,frameRate,practice_trial.started,practice_trial.stopped,mouse_2.x,mouse_2.y,mouse_2.leftButton,mouse_2.midButton,mouse_2.rightButton,mouse_2.time,mouse_2.clicked_name,correct,feedback.started,feedback.stopped,loop_until_correct.thisRepN,loop_until_correct.thisTrialN,loop_until_correct.thisN,loop_until_correct.thisIndex,loop_until_correct.ran,prac_trials.thisRepN,prac_trials.thisTrialN,prac_trials.thisN,prac_trials.thisIndex,prac_trials.ran,left_color,right_color,correct_response,top_txt,instructions_2.started,instructions_2.stopped,start_button_2.numClicks,start_button_2.timesOn,start_button_2.timesOff,trial.started,trial.stopped,mouse.x,mouse.y,mouse.leftButton,mouse.midButton,mouse.rightButton,mouse.time,mouse.clicked_name,trials.thisRepN,trials.thisTrialN,trials.thisN,trials.thisIndex,trials.ran,end.started,end.stopped,start_button_3.numClicks,start_button_3.timesOn,start_button_3.timesOff
0.0004,34.7139,1,[34.72469999999976],[34.72469999999976],071525,001,2025-10-20_12h40.13.227,Simon,2024.2.4,Win32,59.52380952,,,,,,,,,,,,,,,,,,,,,,,,,,,,,,,,,,,,,,,,,,,,,,,,,,
,,,,,071525,001,2025-10-20_12h40.13.227,Simon,2024.2.4,Win32,59.52380952,34.7287,37.527,[-0.1576978065984712],[0.020287778566209533],[1],[0],[0],[2.7957000000001244],"[""left_image_2"",""left_image_2""]",1,37.5274,38.0263,0,0,0,0,1,,,,,,,,,,,,,,,,,,,,,,,,,,,,,,,,,
,,,,,071525,001,2025-10-20_12h40.13.227,Simon,2024.2.4,Win32,59.52380952,,,,,,,,,,,,,,,,,,0,0,0,0,1,images/purple_butterfly.png,images/white_butterfly.png,left_image_2,"In this example, select the LEFT butterfly.",,,,,,,,,,,,,,,,,,,,,,,,
,,,,,071525,001,2025-10-20_12h40.13.227,Simon,2024.2.4,Win32,59.52380952,38.0277,39.5251,[-0.1841726618705036],[-0.018848929645346225],[1],[0],[0],[1.4960999999996147],"[""left_image_2"",""left_image_2""]",1,39.5252,40.025,0,0,0,0,1,,,,,,,,,,,,,,,,,,,,,,,,,,,,,,,,,
,,,,,071525,001,2025-10-20_12h40.13.227,Simon,2024.2.4,Win32,59.52380952,,,,,,,,,,,,,,,,,,0,1,1,1,1,images/white_butterfly.png,images/purple_butterfly.png,left_image_2,"In this example, select the LEFT butterfly.",,,,,,,,,,,,,,,,,,,,,,,,
,,,,,071525,001,2025-10-20_12h40.13.227,Simon,2024.2.4,Win32,59.52380952,40.0264,41.0901,[0.1369784348302608],[0.013381277399955037],[1],[0],[0],[1.0627999999999247],"[""right_image_2"",""right_image_2""]",1,41.0902,41.5901,0,0,0,0,1,,,,,,,,,,,,,,,,,,,,,,,,,,,,,,,,,
,,,,,071525,001,2025-10-20_12h40.13.227,Simon,2024.2.4,Win32,59.52380952,,,,,,,,,,,,,,,,,,0,2,2,2,1,images/yellow_butterfly.png,images/white_butterfly.png,right_image_2,"In this example, select the RIGHT butterfly.",,,,,,,,,,,,,,,,,,,,,,,,
,,,,,071525,001,2025-10-20_12h40.13.227,Simon,2024.2.4,Win32,59.52380952,41.5915,42.6228,[0.2578417441827788],[0.043309361300022484],[1],[0],[0],[1.0303999999998723],"[""right_image_2"",""right_image_2""]",1,42.6228,43.1218,0,0,0,0,1,,,,,,,,,,,,,,,,,,,,,,,,,,,,,,,,,
,,,,,071525,001,2025-10-20_12h40.13.227,Simon,2024.2.4,Win32,59.52380952,,,,,,,,,,,,,,,,,,0,3,3,3,1,images/white_butterfly.png,images/yellow_butterfly.png,right_image_2,"In this example, select the RIGHT butterfly.",,,,,,,,,,,,,,,,,,,,,,,,
,,,,,071525,001,2025-10-20_12h40.13.227,Simon,2024.2.4,Win32,59.52380952,,,,,,,,,,,,,,,,,,,,,,,,,,,43.122,46.419,1,[46.4203],[46.4203],,,,,,,,,,,,,,,,,,,
,,,,,071525,001,2025-10-20_12h40.13.227,Simon,2024.2.4,Win32,59.52380952,,,,,,,,,,1,48.2173,48.7163,,,,,,,,,,,images/white_butterfly.png,images/yellow_butterfly.png,right_image, ,,,,,,46.4243,48.2172,[0.18647487283610611],[-0.05683453237410072],[1],[0],[0],[1.7925000000000182],"[""right_image""]",0,0,0,3,1,,,,,
,,,,,071525,001,2025-10-20_12h40.13.227,Simon,2024.2.4,Win32,59.52380952,,,,,,,,,,1,49.8655,50.3649,,,,,,,,,,,images/white_butterfly.png,images/purple_butterfly.png,left_image, ,,,,,,48.7168,49.8655,[-0.2025899104934802],[0.032949631505732914],[1],[0],[0],[1.1485000000000127],"[""left_image""]",0,1,1,1,1,,,,,
,,,,,071525,001,2025-10-20_12h40.13.227,Simon,2024.2.4,Win32,59.52380952,,,,,,,,,,1,51.3138,51.8138,,,,,,,,,,,images/purple_butterfly.png,images/white_butterfly.png,left_image, ,,,,,,50.3654,51.3138,[-0.11625897524168166],[0.001870486033048561],[1],[0],[0],[0.9481000000000677],"[""left_image""]",0,2,2,0,1,,,,,
,,,,,071525,001,2025-10-20_12h40.13.227,Simon,2024.2.4,Win32,59.52380952,,,,,,,,,,1,52.4963,52.9957,,,,,,,,,,,images/yellow_butterfly.png,images/white_butterfly.png,right_image, ,,,,,,51.8143,52.4962,[0.27165465869491906],[0.032949631505732914],[1],[0],[0],[0.6816000000001168],"[""right_image""]",0,3,3,2,1,,,,,
,,,,,071525,001,2025-10-20_12h40.13.227,Simon,2024.2.4,Win32,59.52380952,,,,,,,,,,1,54.3611,54.8606,,,,,,,,,,,images/purple_butterfly.png,images/white_butterfly.png,left_image, ,,,,,,52.9963,54.3611,[-0.1553956834532374],[0.03179856993311601],[1],[0],[0],[1.3645999999996548],"[""left_image""]",1,0,4,0,1,,,,,
,,,,,071525,001,2025-10-20_12h40.13.227,Simon,2024.2.4,Win32,59.52380952,,,,,,,,,,1,55.5769,56.0764,,,,,,,,,,,images/white_butterfly.png,images/yellow_butterfly.png,right_image, ,,,,,,54.8613,55.5768,[0.14618710305193344],[0.007625881716501798],[1],[0],[0],[0.7149999999999181],"[""right_image""]",1,1,5,3,1,,,,,
,,,,,071525,001,2025-10-20_12h40.13.227,Simon,2024.2.4,Win32,59.52380952,,,,,,,,,,1,56.8918,57.3916,,,,,,,,,,,images/yellow_butterfly.png,images/white_butterfly.png,right_image, ,,,,,,56.0769,56.8917,[0.18877699598133993],[-0.005035971223021582],[1],[0],[0],[0.814600000000155],"[""right_image""]",1,2,6,2,1,,,,,
,,,,,071525,001,2025-10-20_12h40.13.227,Simon,2024.2.4,Win32,59.52380952,,,,,,,,,,1,58.174,58.6741,,,,,,,,,,,images/white_butterfly.png,images/purple_butterfly.png,left_image, ,,,,,,57.3922,58.1739,[-0.14503595365894784],[-0.01194247238927608],[1],[0],[0],[0.7815000000000509],"[""left_image""]",1,3,7,1,1,,,,,
,,,,,071525,001,2025-10-20_12h40.13.227,Simon,2024.2.4,Win32,59.52380952,,,,,,,,,,1,59.3397,59.8399,,,,,,,,,,,images/yellow_butterfly.png,images/white_butterfly.png,right_image, ,,,,,,58.6746,59.3396,[0.17496408146919964],[-0.007338138278439748],[1],[0],[0],[0.6646999999995842],"[""right_image""]",2,0,8,2,1,,,,,
,,,,,071525,001,2025-10-20_12h40.13.227,Simon,2024.2.4,Win32,59.52380952,,,,,,,,,,1,60.7721,61.2713,,,,,,,,,,,images/white_butterfly.png,images/purple_butterfly.png,left_image, ,,,,,,59.8406,60.7721,[-0.18992805755395684],[0.011079110344536871],[1],[0],[0],[0.9312999999999647],"[""left_image""]",2,1,9,1,1,,,,,
,,,,,071525,001,2025-10-20_12h40.13.227,Simon,2024.2.4,Win32,59.52380952,,,,,,,,,,1,61.7542,62.2534,,,,,,,,,,,images/white_butterfly.png,images/yellow_butterfly.png,right_image, ,,,,,,61.2718,61.7541,[0.13582737325764388],[0.0007194244604316547],[1],[0],[0],[0.4819999999999709],"[""right_image""]",2,2,10,3,1,,,,,
,,,,,071525,001,2025-10-20_12h40.13.227,Simon,2024.2.4,Win32,59.52380952,,,,,,,,,,1,63.6024,64.1015,,,,,,,,,,,images/purple_butterfly.png,images/white_butterfly.png,left_image, ,,,,,,62.2537,63.6023,[-0.16000001756407375],[0.008776987199303058],[1],[0],[0],[1.348299999999881],"[""left_image""]",2,3,11,0,1,,,,,
,,,,,071525,001,2025-10-20_12h40.13.227,Simon,2024.2.4,Win32,59.52380952,,,,,,,,,,1,64.619,65.1179,,,,,,,,,,,images/white_butterfly.png,images/yellow_butterfly.png,right_image, ,,,,,,64.1023,64.6189,[0.16230214070930754],[-0.006187076705822842],[1],[0],[0],[0.5162000000002536],"[""right_image""]",3,0,12,3,1,,,,,
,,,,,071525,001,2025-10-20_12h40.13.227,Simon,2024.2.4,Win32,59.52380952,,,,,,,,,,1,66.0332,66.5331,,,,,,,,,,,images/white_butterfly.png,images/purple_butterfly.png,left_image, ,,,,,,65.1187,66.0332,[-0.15884886817108812],[0.029496402877697843],[1],[0],[0],[0.9141999999997097],"[""left_image""]",3,1,13,1,1,,,,,
,,,,,071525,001,2025-10-20_12h40.13.227,Simon,2024.2.4,Win32,59.52380952,,,,,,,,,,1,67.6151,68.1149,,,,,,,,,,,images/purple_butterfly.png,images/white_butterfly.png,left_image, ,,,,,,66.5336,67.615,[-0.1576978065984712],[0.023741007194244605],[1],[0],[0],[1.081299999999601],"[""left_image""]",3,2,14,0,1,,,,,
,,,,,071525,001,2025-10-20_12h40.13.227,Simon,2024.2.4,Win32,59.52380952,,,,,,,,,,1,68.7975,69.297,,,,,,,,,,,images/yellow_butterfly.png,images/white_butterfly.png,right_image, ,,,,,,68.1155,68.7974,[0.1082014564129946],[-0.014244595534509892],[1],[0],[0],[0.681800000000294],"[""right_image""]",3,3,15,2,1,,,,,
,,,,,071525,001,2025-10-20_12h40.13.227,Simon,2024.2.4,Win32,59.52380952,,,,,,,,,,1,70.1796,70.6791,,,,,,,,,,,images/white_butterfly.png,images/purple_butterfly.png,left_image, ,,,,,,69.2974,70.1796,[-0.13467622386465827],[-0.017697868072729318],[1],[0],[0],[0.8816999999996824],"[""left_image""]",4,0,16,1,1,,,,,
,,,,,071525,001,2025-10-20_12h40.13.227,Simon,2024.2.4,Win32,59.52380952,,,,,,,,,,1,71.3287,71.8282,,,,,,,,,,,images/yellow_butterfly.png,images/white_butterfly.png,right_image, ,,,,,,70.6799,71.3286,[0.14503595365894784],[-0.02115109670076439],[1],[0],[0],[0.6484000000000378],"[""right_image""]",4,1,17,2,1,,,,,
,,,,,071525,001,2025-10-20_12h40.13.227,Simon,2024.2.4,Win32,59.52380952,,,,,,,,,,1,72.4438,72.9433,,,,,,,,,,,images/purple_butterfly.png,images/white_butterfly.png,left_image, ,,,,,,71.8288,72.4438,[-0.11856109838691546],[-0.002733804167603417],[1],[0],[0],[0.6147000000000844],"[""left_image""]",4,2,18,0,1,,,,,
,,,,,071525,001,2025-10-20_12h40.13.227,Simon,2024.2.4,Win32,59.52380952,,,,,,,,,,1,73.4435,73.9423,,,,,,,,,,,images/white_butterfly.png,images/yellow_butterfly.png,right_image, ,,,,,,72.9437,73.4434,[0.11856118620728417],[0.013381277399955037],[1],[0],[0],[0.4995000000001255],"[""right_image""]",4,3,19,3,1,,,,,
,,,,,071525,001,2025-10-20_12h40.13.227,Simon,2024.2.4,Win32,59.52380952,,,,,,,,,,,,,,,,,,,,,,,,,,,,,,,,,,,,,,,,,,,,,,73.9426,75.5416,1,[75.54120000000012],[75.54120000000012]
