﻿instructions.started,instructions.stopped,start_button.numClicks,start_button.timesOn,start_button.timesOff,participant,session,date,expName,psychopyVersion,OS,frameRate,practice_trial.started,practice_trial.stopped,mouse_2.x,mouse_2.y,mouse_2.leftButton,mouse_2.midButton,mouse_2.rightButton,mouse_2.time,mouse_2.clicked_name,correct,feedback.started,feedback.stopped,loop_until_correct.thisRepN,loop_until_correct.thisTrialN,loop_until_correct.thisN,loop_until_correct.thisIndex,loop_until_correct.ran,prac_trials.thisRepN,prac_trials.thisTrialN,prac_trials.thisN,prac_trials.thisIndex,prac_trials.ran,left_color,right_color,correct_response,top_txt,prac_trials.order,loop_until_correct.order
0.0007,0.9916,1,[1.022799999982119],[1.022799999982119],073778,001,2025-12-05_12h35.01.695,Simon,2024.2.4,Win32,59.88023952,,,,,,,,,,,,,,,,,,,,,,,,,,,,
,,,,,073778,001,2025-12-05_12h35.01.695,Simon,2024.2.4,Win32,59.88023952,1.0349,2.3901,[-0.1481132075471698],[-0.07641509433962264],[1],[0],[0],[1.3504000000059602],"[""left_image_2"",""left_image_2""]",1,2.3914,2.8977,0,0,0,0,1,,,,,,,,,,,
,,,,,073778,001,2025-12-05_12h35.01.695,Simon,2024.2.4,Win32,59.88023952,,,,,,,,,,,,,,,,,,0,0,0,0,1,images/purple_butterfly.png,images/white_butterfly.png,left_image_2,"In this example, select the LEFT butterfly.",,
,,,,,073778,001,2025-12-05_12h35.01.695,Simon,2024.2.4,Win32,59.88023952,2.901,3.511,[-0.1830188679245283],[-0.033962264150943396],[1],[0],[0],[0.606900000005961],"[""left_image_2"",""left_image_2""]",1,3.5114,4.0027,0,0,0,0,1,,,,,,,,,,,
,,,,,073778,001,2025-12-05_12h35.01.695,Simon,2024.2.4,Win32,59.88023952,,,,,,,,,,,,,,,,,,0,1,1,1,1,images/white_butterfly.png,images/purple_butterfly.png,left_image_2,"In this example, select the LEFT butterfly.",,
,,,,,073778,001,2025-12-05_12h35.01.695,Simon,2024.2.4,Win32,59.88023952,4.0064,4.4588,[0.15566037735849056],[-0.040566037735849055],[1],[0],[0],[0.4500999999940394],"[""right_image_2"",""right_image_2""]",1,4.4589,4.9586,0,0,0,0,1,,,,,,,,,,,
,,,,,073778,001,2025-12-05_12h35.01.695,Simon,2024.2.4,Win32,59.88023952,,,,,,,,,,,,,,,,,,0,2,2,2,1,images/yellow_butterfly.png,images/white_butterfly.png,right_image_2,"In this example, select the RIGHT butterfly.",,
,,,,,073778,001,2025-12-05_12h35.01.695,Simon,2024.2.4,Win32,59.88023952,4.9618,,,,,,,,,,,,0,0,0,0,1,0,3,3,3,1,images/white_butterfly.png,images/yellow_butterfly.png,right_image_2,"In this example, select the RIGHT butterfly.",3,9
