﻿instructions.started,instructions.stopped,start_button.numClicks,start_button.timesOn,start_button.timesOff,participant,session,date,expName,psychopyVersion,OS,frameRate,practice_trial.started,practice_trial.stopped,mouse_2.x,mouse_2.y,mouse_2.leftButton,mouse_2.midButton,mouse_2.rightButton,mouse_2.time,mouse_2.clicked_name,correct,feedback.started,feedback.stopped,loop_until_correct.thisRepN,loop_until_correct.thisTrialN,loop_until_correct.thisN,loop_until_correct.thisIndex,loop_until_correct.ran,prac_trials.thisRepN,prac_trials.thisTrialN,prac_trials.thisN,prac_trials.thisIndex,prac_trials.ran,left_color,right_color,correct_response,top_txt,instructions_2.started,instructions_2.stopped,start_button_2.numClicks,start_button_2.timesOn,start_button_2.timesOff,trial.started,trial.stopped,mouse.x,mouse.y,mouse.leftButton,mouse.midButton,mouse.rightButton,mouse.time,mouse.clicked_name,trials.thisRepN,trials.thisTrialN,trials.thisN,trials.thisIndex,trials.ran,end.started,end.stopped,start_button_3.numClicks,start_button_3.timesOn,start_button_3.timesOff
9.99999E-05,0.7485,1,[0.7562000002860714],[0.7562000002860714],074432,001,2026-01-14_16h23.01.276,Simon,2024.2.4,MacIntel,60.24096386,,,,,,,,,,,,,,,,,,,,,,,,,,,,,,,,,,,,,,,,,,,,,,,,,,
,,,,,074432,001,2026-01-14_16h23.01.276,Simon,2024.2.4,MacIntel,60.24096386,0.7582,5.1151,[-0.14400682245922208],[-0.006597004391468005],[1],[0],[0],[4.355800000190811],"[""left_image_2"",""left_image_2""]",1,5.1155,5.6149,0,0,0,0,1,,,,,,,,,,,,,,,,,,,,,,,,,,,,,,,,,
,,,,,074432,001,2026-01-14_16h23.01.276,Simon,2024.2.4,MacIntel,60.24096386,,,,,,,,,,,,,,,,,,0,0,0,0,1,images/purple_butterfly.png,images/white_butterfly.png,left_image_2,"In this example, select the LEFT butterfly.",,,,,,,,,,,,,,,,,,,,,,,,
,,,,,074432,001,2026-01-14_16h23.01.276,Simon,2024.2.4,MacIntel,60.24096386,5.6158,6.9316,[-0.14400682245922208],[-0.006597004391468005],[1],[0],[0],[1.3151999998092379],"[""left_image_2"",""left_image_2""]",1,6.9317,7.4316,0,0,0,0,1,,,,,,,,,,,,,,,,,,,,,,,,,,,,,,,,,
,,,,,074432,001,2026-01-14_16h23.01.276,Simon,2024.2.4,MacIntel,60.24096386,,,,,,,,,,,,,,,,,,0,1,1,1,1,images/white_butterfly.png,images/purple_butterfly.png,left_image_2,"In this example, select the LEFT butterfly.",,,,,,,,,,,,,,,,,,,,,,,,
,,,,,074432,001,2026-01-14_16h23.01.276,Simon,2024.2.4,MacIntel,60.24096386,7.4322,8.3316,[0.20693812735257214],[-0.030416797365119198],[1],[0],[0],[0.8987999997139013],"[""right_image_2"",""right_image_2""]",1,8.3317,8.8306,0,0,0,0,1,,,,,,,,,,,,,,,,,,,,,,,,,,,,,,,,,
,,,,,074432,001,2026-01-14_16h23.01.276,Simon,2024.2.4,MacIntel,60.24096386,,,,,,,,,,,,,,,,,,0,2,2,2,1,images/yellow_butterfly.png,images/white_butterfly.png,right_image_2,"In this example, select the RIGHT butterfly.",,,,,,,,,,,,,,,,,,,,,,,,
,,,,,074432,001,2026-01-14_16h23.01.276,Simon,2024.2.4,MacIntel,60.24096386,8.8312,9.3483,[0.20693812735257214],[-0.030112923462986198],[1],[0],[0],[0.5162999997138513],"[""right_image_2"",""right_image_2""]",1,9.3483,9.8489,0,0,0,0,1,,,,,,,,,,,,,,,,,,,,,,,,,,,,,,,,,
,,,,,074432,001,2026-01-14_16h23.01.276,Simon,2024.2.4,MacIntel,60.24096386,,,,,,,,,,,,,,,,,,0,3,3,3,1,images/white_butterfly.png,images/yellow_butterfly.png,right_image_2,"In this example, select the RIGHT butterfly.",,,,,,,,,,,,,,,,,,,,,,,,
,,,,,074432,001,2026-01-14_16h23.01.276,Simon,2024.2.4,MacIntel,60.24096386,,,,,,,,,,,,,,,,,,,,,,,,,,,9.8493,55740.1812,1,[55740.182899999614],[55740.182899999614],,,,,,,,,,,,,,,,,,,
,,,,,074432,001,2026-01-14_16h23.01.276,Simon,2024.2.4,MacIntel,60.24096386,,,,,,,,,,1,55749.2297,55749.7305,,,,,,,,,,,images/purple_butterfly.png,images/white_butterfly.png,left_image, ,,,,,,55740.1925,55749.2296,[-0.2071488786072773],[-0.0013772349435382685],[1],[0],[0],[9.036899999613524],"[""left_image""]",0,0,0,0,1,,,,,
,,,,,074432,001,2026-01-14_16h23.01.276,Simon,2024.2.4,MacIntel,60.24096386,,,,,,,,,,1,55754.2462,55754.7472,,,,,,,,,,,images/white_butterfly.png,images/purple_butterfly.png,left_image, ,,,,,,55749.731,55754.2462,[-0.19644467534504392],[-0.011806971455457968],[1],[0],[0],[4.514999999999418],"[""left_image""]",0,1,1,1,1,,,,,
,,,,,074432,001,2026-01-14_16h23.01.276,Simon,2024.2.4,MacIntel,60.24096386,,,,,,,,,,1,55759.5805,55760.0804,,,,,,,,,,,images/white_butterfly.png,images/yellow_butterfly.png,right_image, ,,,,,,55754.7475,55759.5804,[0.19252862296110415],[-0.011145310539523213],[1],[0],[0],[4.832699999809847],"[""right_image""]",0,2,2,3,1,,,,,
,,,,,074432,001,2026-01-14_16h23.01.276,Simon,2024.2.4,MacIntel,60.24096386,,,,,,,,,,1,55761.9461,55762.447,,,,,,,,,,,images/yellow_butterfly.png,images/white_butterfly.png,right_image, ,,,,,,55760.0808,55761.9461,[0.17633998588456712],[-0.007939930991217065],[1],[0],[0],[1.865099999908125],"[""right_image""]",0,3,3,2,1,,,,,
,,,,,074432,001,2026-01-14_16h23.01.276,Simon,2024.2.4,MacIntel,60.24096386,,,,,,,,,,1,55763.7137,55764.2132,,,,,,,,,,,images/purple_butterfly.png,images/white_butterfly.png,left_image, ,,,,,,55762.4475,55763.7137,[-0.18603454360100377],[0.013689029171894605],[1],[0],[0],[1.2661000003790832],"[""left_image""]",1,0,4,0,1,,,,,
,,,,,074432,001,2026-01-14_16h23.01.276,Simon,2024.2.4,MacIntel,60.24096386,,,,,,,,,,1,55765.2137,55765.7137,,,,,,,,,,,images/white_butterfly.png,images/yellow_butterfly.png,right_image, ,,,,,,55764.2143,55765.2137,[0.20402191813048934],[-0.02402564303638645],[1],[0],[0],[0.9988999996203347],"[""right_image""]",1,1,5,3,1,,,,,
,,,,,074432,001,2026-01-14_16h23.01.276,Simon,2024.2.4,MacIntel,60.24096386,,,,,,,,,,0,55766.0497,55766.6592,,,,,,,,,,,images/yellow_butterfly.png,images/white_butterfly.png,right_image, ,,,,,,55765.714,55766.047,[-0.2219406759723965],[0.03614629077791719],[1],[0],[0],[0.33299999999871943],"[""left_image""]",1,2,6,2,1,,,,,
,,,,,074432,001,2026-01-14_16h23.01.276,Simon,2024.2.4,MacIntel,60.24096386,,,,,,,,,,1,55767.6306,55768.1303,,,,,,,,,,,images/white_butterfly.png,images/purple_butterfly.png,left_image, ,,,,,,55766.6595,55767.6303,[-0.1208633939774153],[0.004121902446675031],[1],[0],[0],[0.9707000002890709],"[""left_image""]",1,3,7,1,1,,,,,
,,,,,074432,001,2026-01-14_16h23.01.276,Simon,2024.2.4,MacIntel,60.24096386,,,,,,,,,,1,55769.0461,55769.546,,,,,,,,,,,images/yellow_butterfly.png,images/white_butterfly.png,right_image, ,,,,,,55768.1308,55769.046,[0.1840054501254705],[-0.01852650564617315],[1],[0],[0],[0.9150999999037595],"[""right_image""]",2,0,8,2,1,,,,,
,,,,,074432,001,2026-01-14_16h23.01.276,Simon,2024.2.4,MacIntel,60.24096386,,,,,,,,,,1,55770.2627,55770.7639,,,,,,,,,,,images/white_butterfly.png,images/yellow_butterfly.png,right_image, ,,,,,,55769.5464,55770.2627,[0.25497961104140526],[-0.00022545483061480552],[1],[0],[0],[0.7162000002863351],"[""right_image""]",2,1,9,3,1,,,,,
,,,,,074432,001,2026-01-14_16h23.01.276,Simon,2024.2.4,MacIntel,60.24096386,,,,,,,,,,1,55771.3628,55771.8628,,,,,,,,,,,images/white_butterfly.png,images/purple_butterfly.png,left_image, ,,,,,,55770.7647,55771.3627,[-0.12140252509410289],[0.019345004705144293],[1],[0],[0],[0.5975999999063788],"[""left_image""]",2,2,10,1,1,,,,,
,,,,,074432,001,2026-01-14_16h23.01.276,Simon,2024.2.4,MacIntel,60.24096386,,,,,,,,,,1,55773.3636,55773.8632,,,,,,,,,,,images/purple_butterfly.png,images/white_butterfly.png,left_image, ,,,,,,55771.8633,55773.3636,[-0.19610159190715182],[0.013674325595984943],[1],[0],[0],[1.5000999999028863],"[""left_image""]",2,3,11,0,1,,,,,
,,,,,074432,001,2026-01-14_16h23.01.276,Simon,2024.2.4,MacIntel,60.24096386,,,,,,,,,,1,55774.6636,55775.1635,,,,,,,,,,,images/white_butterfly.png,images/purple_butterfly.png,left_image, ,,,,,,55773.8639,55774.6635,[-0.2447361198243413],[0.00011272741530740276],[1],[0],[0],[0.7992999997150037],"[""left_image""]",3,0,12,1,1,,,,,
,,,,,074432,001,2026-01-14_16h23.01.276,Simon,2024.2.4,MacIntel,60.24096386,,,,,,,,,,1,55776.3469,55776.847,,,,,,,,,,,images/yellow_butterfly.png,images/white_butterfly.png,right_image, ,,,,,,55775.1639,55776.3469,[0.1556814617314931],[-0.01466926756587202],[1],[0],[0],[1.182900000094378],"[""right_image""]",3,1,13,2,1,,,,,
,,,,,074432,001,2026-01-14_16h23.01.276,Simon,2024.2.4,MacIntel,60.24096386,,,,,,,,,,1,55789.2627,55789.7638,,,,,,,,,,,images/white_butterfly.png,images/yellow_butterfly.png,right_image, ,,,,,,55776.8473,55789.2627,"[0.2146575047051443,0.20511978513174403,0.20511978513174403,0.20511978513174403,0.20511978513174403,0.17187009880803011]","[0.2275917503136763,0.2255675580301129,0.2255675580301129,0.2255675580301129,0.2255675580301129,0.013184206398996236]","[1,1,1,1,1,1]","[0,0,0,0,0,0]","[0,0,0,0,0,0]","[6.514900000089256,6.9159000000945525,7.848500000000058,7.999200000282144,8.131900000094902,12.41509999990376]","[null,null,null,null,null,""right_image""]",3,2,14,3,1,,,,,
,,,,,074432,001,2026-01-14_16h23.01.276,Simon,2024.2.4,MacIntel,60.24096386,,,,,,,,,,1,55790.7467,55791.2464,,,,,,,,,,,images/purple_butterfly.png,images/white_butterfly.png,left_image, ,,,,,,55789.7649,55790.7467,[-0.2652476082183187],[0.02784857277289837],[1],[0],[0],[0.9814000000988017],"[""left_image""]",3,3,15,0,1,,,,,
,,,,,074432,001,2026-01-14_16h23.01.276,Simon,2024.2.4,MacIntel,60.24096386,,,,,,,,,,1,55792.9633,55793.4637,,,,,,,,,,,images/white_butterfly.png,images/purple_butterfly.png,left_image, ,,,,,,55791.2475,55792.9633,[-0.2197792503136763],[0.0074106022584692595],[1],[0],[0],[1.7152000002897694],"[""left_image""]",4,0,16,1,1,,,,,
,,,,,074432,001,2026-01-14_16h23.01.276,Simon,2024.2.4,MacIntel,60.24096386,,,,,,,,,,1,55794.4794,55794.9804,,,,,,,,,,,images/purple_butterfly.png,images/white_butterfly.png,left_image, ,,,,,,55793.4648,55794.4794,[-0.20219377352572146],[-0.002499607904642409],[1],[0],[0],[1.0140999999057385],"[""left_image""]",4,1,17,0,1,,,,,
,,,,,074432,001,2026-01-14_16h23.01.276,Simon,2024.2.4,MacIntel,60.24096386,,,,,,,,,,0,55795.4637,55795.9627,,,,,,,,,,,images/yellow_butterfly.png,images/white_butterfly.png,right_image, ,,,,,,55794.9813,55795.4633,[-0.20219377352572146],[-0.002499607904642409],[1],[0],[0],[0.481500000001688],"[""left_image""]",4,2,18,2,1,,,,,
,,,,,074432,001,2026-01-14_16h23.01.276,Simon,2024.2.4,MacIntel,60.24096386,,,,,,,,,,1,55797.2803,55797.7802,,,,,,,,,,,images/white_butterfly.png,images/yellow_butterfly.png,right_image, ,,,,,,55795.963,55797.2799,[0.20972200439146801],[-0.04977650564617315],[1],[0],[0],[1.3167000002868008],"[""right_image""]",4,3,19,3,1,,,,,
,,,,,074432,001,2026-01-14_16h23.01.276,Simon,2024.2.4,MacIntel,60.24096386,,,,,,,,,,,,,,,,,,,,,,,,,,,,,,,,,,,,,,,,,,,,,,55797.7808,55811.6299,1,[55811.62970000029],[55811.62970000029]
