﻿instructions.started,instructions.stopped,start_button.numClicks,start_button.timesOn,start_button.timesOff,participant,session,date,expName,psychopyVersion,OS,frameRate,practice_trial.started,practice_trial.stopped,mouse_2.x,mouse_2.y,mouse_2.leftButton,mouse_2.midButton,mouse_2.rightButton,mouse_2.time,mouse_2.clicked_name,correct,feedback.started,feedback.stopped,loop_until_correct.thisRepN,loop_until_correct.thisTrialN,loop_until_correct.thisN,loop_until_correct.thisIndex,loop_until_correct.ran,prac_trials.thisRepN,prac_trials.thisTrialN,prac_trials.thisN,prac_trials.thisIndex,prac_trials.ran,left_color,right_color,correct_response,top_txt,instructions_2.started,instructions_2.stopped,start_button_2.numClicks,start_button_2.timesOn,start_button_2.timesOff,trial.started,trial.stopped,mouse.x,mouse.y,mouse.leftButton,mouse.midButton,mouse.rightButton,mouse.time,mouse.clicked_name,trials.thisRepN,trials.thisTrialN,trials.thisN,trials.thisIndex,trials.ran,end.started,end.stopped,start_button_3.numClicks,start_button_3.timesOn,start_button_3.timesOff
0.0004,7.1244,1,[7.138700000047685],[7.138700000047685],074892,001,2025-09-10_15h31.18.427,Simon,2024.2.4,Win32,60.24096386,,,,,,,,,,,,,,,,,,,,,,,,,,,,,,,,,,,,,,,,,,,,,,,,,,
,,,,,074892,001,2025-09-10_15h31.18.427,Simon,2024.2.4,Win32,60.24096386,7.143,8.8783,[-0.23660130718954248],[0.10522875816993464],[1],[0],[0],[1.7319999999999993],"[""left_image_2"",""left_image_2""]",1,8.88,9.378,0,0,0,0,1,,,,,,,,,,,,,,,,,,,,,,,,,,,,,,,,,
,,,,,074892,001,2025-09-10_15h31.18.427,Simon,2024.2.4,Win32,60.24096386,,,,,,,,,,,,,,,,,,0,0,0,0,1,images/purple_butterfly.png,images/white_butterfly.png,left_image_2,"In this example, select the LEFT butterfly.",,,,,,,,,,,,,,,,,,,,,,,,
,,,,,074892,001,2025-09-10_15h31.18.427,Simon,2024.2.4,Win32,60.24096386,9.3805,12.9928,[-0.14248366013071895],[0.013725490196078431],[1],[0],[0],[3.610799999952315],"[""left_image_2"",""left_image_2""]",1,12.9931,13.4872,0,0,0,0,1,,,,,,,,,,,,,,,,,,,,,,,,,,,,,,,,,
,,,,,074892,001,2025-09-10_15h31.18.427,Simon,2024.2.4,Win32,60.24096386,,,,,,,,,,,,,,,,,,0,1,1,1,1,images/white_butterfly.png,images/purple_butterfly.png,left_image_2,"In this example, select the LEFT butterfly.",,,,,,,,,,,,,,,,,,,,,,,,
,,,,,074892,001,2025-09-10_15h31.18.427,Simon,2024.2.4,Win32,60.24096386,13.4904,15.0278,[0.21437908496732025],[0.05555555555555555],[1],[0],[0],[1.5350000000000001],"[""right_image_2"",""right_image_2""]",1,15.0279,15.5289,0,0,0,0,1,,,,,,,,,,,,,,,,,,,,,,,,,,,,,,,,,
,,,,,074892,001,2025-09-10_15h31.18.427,Simon,2024.2.4,Win32,60.24096386,,,,,,,,,,,,,,,,,,0,2,2,2,1,images/yellow_butterfly.png,images/white_butterfly.png,right_image_2,"In this example, select the RIGHT butterfly.",,,,,,,,,,,,,,,,,,,,,,,,
,,,,,074892,001,2025-09-10_15h31.18.427,Simon,2024.2.4,Win32,60.24096386,15.5308,17.0649,[0.1803921568627451],[0.045098039215686274],[1],[0],[0],[1.5331000000238433],"[""right_image_2"",""right_image_2""]",1,17.065,17.566,0,0,0,0,1,,,,,,,,,,,,,,,,,,,,,,,,,,,,,,,,,
,,,,,074892,001,2025-09-10_15h31.18.427,Simon,2024.2.4,Win32,60.24096386,,,,,,,,,,,,,,,,,,0,3,3,3,1,images/white_butterfly.png,images/yellow_butterfly.png,right_image_2,"In this example, select the RIGHT butterfly.",,,,,,,,,,,,,,,,,,,,,,,,
,,,,,074892,001,2025-09-10_15h31.18.427,Simon,2024.2.4,Win32,60.24096386,,,,,,,,,,,,,,,,,,,,,,,,,,,17.5665,18.7297,1,[18.733199999928473],[18.733199999928473],,,,,,,,,,,,,,,,,,,
,,,,,074892,001,2025-09-10_15h31.18.427,Simon,2024.2.4,Win32,60.24096386,,,,,,,,,,1,19.7153,20.2151,,,,,,,,,,,images/white_butterfly.png,images/yellow_butterfly.png,right_image, ,,,,,,18.7485,19.7152,[0.2457516339869281],[0.01764705882352941],[1],[0],[0],[0.9653000000715259],"[""right_image""]",0,0,0,3,1,,,,,
,,,,,074892,001,2025-09-10_15h31.18.427,Simon,2024.2.4,Win32,60.24096386,,,,,,,,,,0,21.4191,21.9186,,,,,,,,,,,images/yellow_butterfly.png,images/white_butterfly.png,right_image, ,,,,,,20.216,21.4177,[-0.19607843137254902],[-0.06470588235294118],[1],[0],[0],[1.2003999999761596],"[""left_image""]",0,1,1,2,1,,,,,
,,,,,074892,001,2025-09-10_15h31.18.427,Simon,2024.2.4,Win32,60.24096386,,,,,,,,,,1,24.1905,24.6902,,,,,,,,,,,images/purple_butterfly.png,images/white_butterfly.png,left_image, ,,,,,,21.9197,24.1895,[-0.1607843137254902],[-0.04771241830065359],[1],[0],[0],[2.2683999999761575],"[""left_image""]",0,2,2,0,1,,,,,
,,,,,074892,001,2025-09-10_15h31.18.427,Simon,2024.2.4,Win32,60.24096386,,,,,,,,,,1,26.3596,26.8607,,,,,,,,,,,images/white_butterfly.png,images/purple_butterfly.png,left_image, ,,,,,,24.6914,26.3596,[-0.11764705882352941],[-0.03333333333333333],[1],[0],[0],[1.6672000000476856],"[""left_image""]",0,3,3,1,1,,,,,
,,,,,074892,001,2025-09-10_15h31.18.427,Simon,2024.2.4,Win32,60.24096386,,,,,,,,,,1,27.7461,28.2475,,,,,,,,,,,images/white_butterfly.png,images/purple_butterfly.png,left_image, ,,,,,,26.8613,27.746,[-0.12026143790849673],[-0.03594771241830065],[1],[0],[0],[0.8843999999761607],"[""left_image""]",1,0,4,1,1,,,,,
,,,,,074892,001,2025-09-10_15h31.18.427,Simon,2024.2.4,Win32,60.24096386,,,,,,,,,,1,30.2175,30.718,,,,,,,,,,,images/purple_butterfly.png,images/white_butterfly.png,left_image, ,,,,,,28.2491,30.2174,[-0.09019607843137255],[-0.049019607843137254],[1],[0],[0],[1.9664999999999964],"[""left_image""]",1,1,5,0,1,,,,,
,,,,,074892,001,2025-09-10_15h31.18.427,Simon,2024.2.4,Win32,60.24096386,,,,,,,,,,1,31.6089,32.1059,,,,,,,,,,,images/yellow_butterfly.png,images/white_butterfly.png,right_image, ,,,,,,30.7194,31.6089,[0.24444444444444444],[-0.013725490196078431],[1],[0],[0],[0.8883999999761585],"[""right_image""]",1,2,6,2,1,,,,,
,,,,,074892,001,2025-09-10_15h31.18.427,Simon,2024.2.4,Win32,60.24096386,,,,,,,,,,0,32.9064,33.4071,,,,,,,,,,,images/white_butterfly.png,images/yellow_butterfly.png,right_image, ,,,,,,32.1065,32.9057,[-0.13594771241830064],[-0.06601307189542484],[1],[0],[0],[0.7987000000476812],"[""left_image""]",1,3,7,3,1,,,,,
,,,,,074892,001,2025-09-10_15h31.18.427,Simon,2024.2.4,Win32,60.24096386,,,,,,,,,,1,34.2425,34.7425,,,,,,,,,,,images/white_butterfly.png,images/yellow_butterfly.png,right_image, ,,,,,,33.4086,34.2414,[0.16862745098039217],[-0.00718954248366013],[1],[0],[0],[0.8322999999523191],"[""right_image""]",2,0,8,3,1,,,,,
,,,,,074892,001,2025-09-10_15h31.18.427,Simon,2024.2.4,Win32,60.24096386,,,,,,,,,,1,36.4857,36.9854,,,,,,,,,,,images/purple_butterfly.png,images/white_butterfly.png,left_image, ,,,,,,34.7441,36.4857,[-0.0718954248366013],[-0.06862745098039216],[1],[0],[0],[1.7406000000238464],"[""left_image""]",2,1,9,0,1,,,,,
,,,,,074892,001,2025-09-10_15h31.18.427,Simon,2024.2.4,Win32,60.24096386,,,,,,,,,,1,37.6987,38.1995,,,,,,,,,,,images/yellow_butterfly.png,images/white_butterfly.png,right_image, ,,,,,,36.9862,37.6986,[0.20915032679738563],[-0.00980392156862745],[1],[0],[0],[0.7117999999523192],"[""right_image""]",2,2,10,2,1,,,,,
,,,,,074892,001,2025-09-10_15h31.18.427,Simon,2024.2.4,Win32,60.24096386,,,,,,,,,,0,39.92,40.4194,,,,,,,,,,,images/white_butterfly.png,images/purple_butterfly.png,left_image, ,,,,,,38.2015,39.9189,[0.19215686274509805],[0.046405228758169936],[1],[0],[0],[1.7167999999523147],"[""right_image""]",2,3,11,1,1,,,,,
,,,,,074892,001,2025-09-10_15h31.18.427,Simon,2024.2.4,Win32,60.24096386,,,,,,,,,,1,41.5225,42.0227,,,,,,,,,,,images/purple_butterfly.png,images/white_butterfly.png,left_image, ,,,,,,40.4205,41.5218,[-0.2797385620915033],[-0.1130718954248366],[1],[0],[0],[1.1001000000238434],"[""left_image""]",3,0,12,0,1,,,,,
,,,,,074892,001,2025-09-10_15h31.18.427,Simon,2024.2.4,Win32,60.24096386,,,,,,,,,,1,43.1755,43.6755,,,,,,,,,,,images/white_butterfly.png,images/yellow_butterfly.png,right_image, ,,,,,,42.0244,43.1755,[0.15294117647058825],[0.041176470588235294],[1],[0],[0],[1.1498999999761566],"[""right_image""]",3,1,13,3,1,,,,,
,,,,,074892,001,2025-09-10_15h31.18.427,Simon,2024.2.4,Win32,60.24096386,,,,,,,,,,0,44.5505,45.0452,,,,,,,,,,,images/yellow_butterfly.png,images/white_butterfly.png,right_image, ,,,,,,43.6767,44.5499,[-0.10196078431372549],[-0.004575163398692811],[1],[0],[0],[0.8726999999284715],"[""left_image""]",3,2,14,2,1,,,,,
,,,,,074892,001,2025-09-10_15h31.18.427,Simon,2024.2.4,Win32,60.24096386,,,,,,,,,,1,47.3829,47.8845,,,,,,,,,,,images/white_butterfly.png,images/purple_butterfly.png,left_image, ,,,,,,45.0476,47.3823,[-0.11633986928104575],[-0.025490196078431372],[1],[0],[0],[2.333800000071527],"[""left_image""]",3,3,15,1,1,,,,,
,,,,,074892,001,2025-09-10_15h31.18.427,Simon,2024.2.4,Win32,60.24096386,,,,,,,,,,1,48.552,49.0531,,,,,,,,,,,images/white_butterfly.png,images/purple_butterfly.png,left_image, ,,,,,,47.8858,48.5519,[-0.17647058823529413],[-0.052941176470588235],[1],[0],[0],[0.6657999999523128],"[""left_image""]",4,0,16,1,1,,,,,
,,,,,074892,001,2025-09-10_15h31.18.427,Simon,2024.2.4,Win32,60.24096386,,,,,,,,,,1,49.8203,50.322,,,,,,,,,,,images/yellow_butterfly.png,images/white_butterfly.png,right_image, ,,,,,,49.0546,49.8202,[0.22745098039215686],[0.015032679738562092],[1],[0],[0],[0.7646000000238402],"[""right_image""]",4,1,17,2,1,,,,,
,,,,,074892,001,2025-09-10_15h31.18.427,Simon,2024.2.4,Win32,60.24096386,,,,,,,,,,1,51.3403,51.8417,,,,,,,,,,,images/purple_butterfly.png,images/white_butterfly.png,left_image, ,,,,,,50.3229,51.3401,[-0.13333333333333333],[-0.015032679738562092],[1],[0],[0],[1.0162999999523166],"[""left_image""]",4,2,18,0,1,,,,,
,,,,,074892,001,2025-09-10_15h31.18.427,Simon,2024.2.4,Win32,60.24096386,,,,,,,,,,1,53.1602,53.6616,,,,,,,,,,,images/white_butterfly.png,images/yellow_butterfly.png,right_image, ,,,,,,51.8432,53.16,[0.24444444444444444],[0.004575163398692811],[1],[0],[0],[1.3159999999999954],"[""right_image""]",4,3,19,3,1,,,,,
,,,,,074892,001,2025-09-10_15h31.18.427,Simon,2024.2.4,Win32,60.24096386,,,,,,,,,,,,,,,,,,,,,,,,,,,,,,,,,,,,,,,,,,,,,,53.6618,55.0814,1,[55.08069999992848],[55.08069999992848]
