﻿instructions.started,instructions.stopped,start_button.numClicks,start_button.timesOn,start_button.timesOff,participant,session,date,expName,psychopyVersion,OS,frameRate,practice_trial.started,practice_trial.stopped,mouse_2.x,mouse_2.y,mouse_2.leftButton,mouse_2.midButton,mouse_2.rightButton,mouse_2.time,mouse_2.clicked_name,correct,feedback.started,feedback.stopped,loop_until_correct.thisRepN,loop_until_correct.thisTrialN,loop_until_correct.thisN,loop_until_correct.thisIndex,loop_until_correct.ran,prac_trials.thisRepN,prac_trials.thisTrialN,prac_trials.thisN,prac_trials.thisIndex,prac_trials.ran,left_color,right_color,correct_response,top_txt,instructions_2.started,instructions_2.stopped,start_button_2.numClicks,start_button_2.timesOn,start_button_2.timesOff,trial.started,trial.stopped,mouse.x,mouse.y,mouse.leftButton,mouse.midButton,mouse.rightButton,mouse.time,mouse.clicked_name,trials.thisRepN,trials.thisTrialN,trials.thisN,trials.thisIndex,trials.ran,end.started,end.stopped,start_button_3.numClicks,start_button_3.timesOn,start_button_3.timesOff
0.0003,27.7719,1,[27.78020000000112],[27.78020000000112],075152,001,2025-11-17_15h31.15.802,Simon,2024.2.4,Win32,60.24096386,,,,,,,,,,,,,,,,,,,,,,,,,,,,,,,,,,,,,,,,,,,,,,,,,,
,,,,,075152,001,2025-11-17_15h31.15.802,Simon,2024.2.4,Win32,60.24096386,27.7845,32.4052,[-0.16247379454926625],[0.031446540880503145],[1],[0],[0],[4.618699999999254],"[""left_image_2"",""left_image_2""]",1,32.4056,32.9051,0,0,0,0,1,,,,,,,,,,,,,,,,,,,,,,,,,,,,,,,,,
,,,,,075152,001,2025-11-17_15h31.15.802,Simon,2024.2.4,Win32,60.24096386,,,,,,,,,,,,,,,,,,0,0,0,0,1,images/purple_butterfly.png,images/white_butterfly.png,left_image_2,"In this example, select the LEFT butterfly.",,,,,,,,,,,,,,,,,,,,,,,,
,,,,,075152,001,2025-11-17_15h31.15.802,Simon,2024.2.4,Win32,60.24096386,32.906,33.1048,[0.20649895178197064],[-0.01781970649895178],[1],[0],[0],[0.197499999999998],"[""right_image_2"",""right_image_2""]",0,33.1052,33.6051,0,0,0,0,1,,,,,,,,,,,,,,,,,,,,,,,,,,,,,,,,,
,,,,,075152,001,2025-11-17_15h31.15.802,Simon,2024.2.4,Win32,60.24096386,33.6054,35.2716,[-0.09224318658280922],[0.0660377358490566],[1],[0],[0],[1.6658999999985156],"[""left_image_2"",""left_image_2""]",1,35.272,35.7716,1,0,1,0,1,,,,,,,,,,,,,,,,,,,,,,,,,,,,,,,,,
,,,,,075152,001,2025-11-17_15h31.15.802,Simon,2024.2.4,Win32,60.24096386,,,,,,,,,,,,,,,,,,0,1,1,1,1,images/white_butterfly.png,images/purple_butterfly.png,left_image_2,"In this example, select the LEFT butterfly.",,,,,,,,,,,,,,,,,,,,,,,,
,,,,,075152,001,2025-11-17_15h31.15.802,Simon,2024.2.4,Win32,60.24096386,35.7723,37.705,[0.13417190775681342],[0.015723270440251572],[1],[0],[0],[1.9314999999999998],"[""right_image_2"",""right_image_2""]",1,37.705,38.2048,0,0,0,0,1,,,,,,,,,,,,,,,,,,,,,,,,,,,,,,,,,
,,,,,075152,001,2025-11-17_15h31.15.802,Simon,2024.2.4,Win32,60.24096386,,,,,,,,,,,,,,,,,,0,2,2,2,1,images/yellow_butterfly.png,images/white_butterfly.png,right_image_2,"In this example, select the RIGHT butterfly.",,,,,,,,,,,,,,,,,,,,,,,,
,,,,,075152,001,2025-11-17_15h31.15.802,Simon,2024.2.4,Win32,60.24096386,38.2059,39.6053,[0.13417190775681342],[0.015723270440251572],[1],[0],[0],[1.3984000000003718],"[""right_image_2"",""right_image_2""]",1,39.6054,40.1049,0,0,0,0,1,,,,,,,,,,,,,,,,,,,,,,,,,,,,,,,,,
,,,,,075152,001,2025-11-17_15h31.15.802,Simon,2024.2.4,Win32,60.24096386,,,,,,,,,,,,,,,,,,0,3,3,3,1,images/white_butterfly.png,images/yellow_butterfly.png,right_image_2,"In this example, select the RIGHT butterfly.",,,,,,,,,,,,,,,,,,,,,,,,
,,,,,075152,001,2025-11-17_15h31.15.802,Simon,2024.2.4,Win32,60.24096386,,,,,,,,,,,,,,,,,,,,,,,,,,,40.1054,41.3719,1,[41.37330000000075],[41.37330000000075],,,,,,,,,,,,,,,,,,,
,,,,,075152,001,2025-11-17_15h31.15.802,Simon,2024.2.4,Win32,60.24096386,,,,,,,,,,1,42.5552,43.0549,,,,,,,,,,,images/purple_butterfly.png,images/white_butterfly.png,left_image, ,,,,,,41.3765,42.5551,[-0.13731656184486374],[-0.015723270440251572],[1],[0],[0],[1.178099999999631],"[""left_image""]",0,0,0,0,1,,,,,
,,,,,075152,001,2025-11-17_15h31.15.802,Simon,2024.2.4,Win32,60.24096386,,,,,,,,,,1,44.0382,44.5383,,,,,,,,,,,images/yellow_butterfly.png,images/white_butterfly.png,right_image, ,,,,,,43.0552,44.0382,[0.18134171907756813],[0.007337526205450734],[1],[0],[0],[0.9828000000007435],"[""right_image""]",0,1,1,2,1,,,,,
,,,,,075152,001,2025-11-17_15h31.15.802,Simon,2024.2.4,Win32,60.24096386,,,,,,,,,,0,45.622,46.1215,,,,,,,,,,,images/white_butterfly.png,images/purple_butterfly.png,left_image, ,,,,,,44.5386,45.6217,[0.14779874213836477],[0.007337526205450734],[1],[0],[0],[1.0829999999999984],"[""right_image""]",0,2,2,1,1,,,,,
,,,,,075152,001,2025-11-17_15h31.15.802,Simon,2024.2.4,Win32,60.24096386,,,,,,,,,,1,47.1052,47.6049,,,,,,,,,,,images/white_butterfly.png,images/yellow_butterfly.png,right_image, ,,,,,,46.1218,47.1048,[0.12683438155136267],[0.0031446540880503146],[1],[0],[0],[0.9829000000003703],"[""right_image""]",0,3,3,3,1,,,,,
,,,,,075152,001,2025-11-17_15h31.15.802,Simon,2024.2.4,Win32,60.24096386,,,,,,,,,,1,48.9382,49.4383,,,,,,,,,,,images/yellow_butterfly.png,images/white_butterfly.png,right_image, ,,,,,,47.6053,48.9382,[0.1278825995807128],[0.03249475890985325],[1],[0],[0],[1.3327000000011182],"[""right_image""]",1,0,4,2,1,,,,,
,,,,,075152,001,2025-11-17_15h31.15.802,Simon,2024.2.4,Win32,60.24096386,,,,,,,,,,1,50.1549,50.6549,,,,,,,,,,,images/white_butterfly.png,images/purple_butterfly.png,left_image, ,,,,,,49.4387,50.1548,[-0.13417190775681342],[0.023060796645702306],[1],[0],[0],[0.7158000000007476],"[""left_image""]",1,1,5,1,1,,,,,
,,,,,075152,001,2025-11-17_15h31.15.802,Simon,2024.2.4,Win32,60.24096386,,,,,,,,,,1,52.2716,52.7717,,,,,,,,,,,images/white_butterfly.png,images/yellow_butterfly.png,right_image, ,,,,,,50.6553,52.2715,[0.1289308176100629],[0.008385744234800839],[1],[0],[0],[1.6159999999999997],"[""right_image""]",1,2,6,3,1,,,,,
,,,,,075152,001,2025-11-17_15h31.15.802,Simon,2024.2.4,Win32,60.24096386,,,,,,,,,,1,53.4049,53.9051,,,,,,,,,,,images/purple_butterfly.png,images/white_butterfly.png,left_image, ,,,,,,52.772,53.4049,[-0.13941299790356393],[0.027253668763102725],[1],[0],[0],[0.6326999999992537],"[""left_image""]",1,3,7,0,1,,,,,
,,,,,075152,001,2025-11-17_15h31.15.802,Simon,2024.2.4,Win32,60.24096386,,,,,,,,,,1,54.6548,55.1555,,,,,,,,,,,images/purple_butterfly.png,images/white_butterfly.png,left_image, ,,,,,,53.9053,54.6548,[-0.15513626834381553],[0.03563941299790356],[1],[0],[0],[0.7495000000000047],"[""left_image""]",2,0,8,0,1,,,,,
,,,,,075152,001,2025-11-17_15h31.15.802,Simon,2024.2.4,Win32,60.24096386,,,,,,,,,,1,55.7385,56.2384,,,,,,,,,,,images/white_butterfly.png,images/yellow_butterfly.png,right_image, ,,,,,,55.156,55.7384,[0.12368972746331237],[0.011530398322851153],[1],[0],[0],[0.5821999999992542],"[""right_image""]",2,1,9,3,1,,,,,
,,,,,075152,001,2025-11-17_15h31.15.802,Simon,2024.2.4,Win32,60.24096386,,,,,,,,,,1,57.5885,58.0883,,,,,,,,,,,images/yellow_butterfly.png,images/white_butterfly.png,right_image, ,,,,,,56.2386,57.5885,[0.18553459119496854],[0.0041928721174004195],[1],[0],[0],[1.3496999999992596],"[""right_image""]",2,2,10,2,1,,,,,
,,,,,075152,001,2025-11-17_15h31.15.802,Simon,2024.2.4,Win32,60.24096386,,,,,,,,,,1,59.4049,59.9051,,,,,,,,,,,images/white_butterfly.png,images/purple_butterfly.png,left_image, ,,,,,,58.0886,59.4049,[-0.13417190775681342],[0.049266247379454925],[1],[0],[0],[1.3160999999996292],"[""left_image""]",2,3,11,1,1,,,,,
,,,,,075152,001,2025-11-17_15h31.15.802,Simon,2024.2.4,Win32,60.24096386,,,,,,,,,,1,60.6885,61.1883,,,,,,,,,,,images/white_butterfly.png,images/purple_butterfly.png,left_image, ,,,,,,59.9055,60.6885,[-0.11320754716981132],[0.03039832285115304],[1],[0],[0],[0.7829000000003674],"[""left_image""]",3,0,12,1,1,,,,,
,,,,,075152,001,2025-11-17_15h31.15.802,Simon,2024.2.4,Win32,60.24096386,,,,,,,,,,1,61.855,62.3551,,,,,,,,,,,images/yellow_butterfly.png,images/white_butterfly.png,right_image, ,,,,,,61.1886,61.8549,[0.17714884696016772],[0.012578616352201259],[1],[0],[0],[0.6660999999996235],"[""right_image""]",3,1,13,2,1,,,,,
,,,,,075152,001,2025-11-17_15h31.15.802,Simon,2024.2.4,Win32,60.24096386,,,,,,,,,,1,63.2883,63.7882,,,,,,,,,,,images/white_butterfly.png,images/yellow_butterfly.png,right_image, ,,,,,,62.3555,63.2883,[0.1540880503144654],[0.011530398322851153],[1],[0],[0],[0.9322000000011172],"[""right_image""]",3,2,14,3,1,,,,,
,,,,,075152,001,2025-11-17_15h31.15.802,Simon,2024.2.4,Win32,60.24096386,,,,,,,,,,1,64.5884,65.0882,,,,,,,,,,,images/purple_butterfly.png,images/white_butterfly.png,left_image, ,,,,,,63.7886,64.5883,[-0.11740041928721175],[0.03249475890985325],[1],[0],[0],[0.799500000000009],"[""left_image""]",3,3,15,0,1,,,,,
,,,,,075152,001,2025-11-17_15h31.15.802,Simon,2024.2.4,Win32,60.24096386,,,,,,,,,,1,65.7715,66.2718,,,,,,,,,,,images/white_butterfly.png,images/yellow_butterfly.png,right_image, ,,,,,,65.0887,65.7715,[0.129979035639413],[0.011530398322851153],[1],[0],[0],[0.6826999999992438],"[""right_image""]",4,0,16,3,1,,,,,
,,,,,075152,001,2025-11-17_15h31.15.802,Simon,2024.2.4,Win32,60.24096386,,,,,,,,,,1,67.2383,67.7385,,,,,,,,,,,images/white_butterfly.png,images/purple_butterfly.png,left_image, ,,,,,,66.2722,67.2383,[-0.15618448637316562],[0.04507337526205451],[1],[0],[0],[0.9658000000007547],"[""left_image""]",4,1,17,1,1,,,,,
,,,,,075152,001,2025-11-17_15h31.15.802,Simon,2024.2.4,Win32,60.24096386,,,,,,,,,,1,68.4217,68.9215,,,,,,,,,,,images/yellow_butterfly.png,images/white_butterfly.png,right_image, ,,,,,,67.7388,68.4217,[0.129979035639413],[0.02620545073375262],[1],[0],[0],[0.6827000000011196],"[""right_image""]",4,2,18,2,1,,,,,
,,,,,075152,001,2025-11-17_15h31.15.802,Simon,2024.2.4,Win32,60.24096386,,,,,,,,,,1,69.8717,70.3716,,,,,,,,,,,images/purple_butterfly.png,images/white_butterfly.png,left_image, ,,,,,,68.922,69.8716,[-0.10062893081761007],[0.0440251572327044],[1],[0],[0],[0.9495000000000005],"[""left_image""]",4,3,19,0,1,,,,,
,,,,,075152,001,2025-11-17_15h31.15.802,Simon,2024.2.4,Win32,60.24096386,,,,,,,,,,,,,,,,,,,,,,,,,,,,,,,,,,,,,,,,,,,,,,70.3718,71.4054,1,[71.40530000000075],[71.40530000000075]
