﻿instructions.started,instructions.stopped,start_button.numClicks,start_button.timesOn,start_button.timesOff,participant,session,date,expName,psychopyVersion,OS,frameRate,practice_trial.started,practice_trial.stopped,mouse_2.x,mouse_2.y,mouse_2.leftButton,mouse_2.midButton,mouse_2.rightButton,mouse_2.time,mouse_2.clicked_name,correct,feedback.started,feedback.stopped,loop_until_correct.thisRepN,loop_until_correct.thisTrialN,loop_until_correct.thisN,loop_until_correct.thisIndex,loop_until_correct.ran,prac_trials.thisRepN,prac_trials.thisTrialN,prac_trials.thisN,prac_trials.thisIndex,prac_trials.ran,left_color,right_color,correct_response,top_txt,instructions_2.started,instructions_2.stopped,start_button_2.numClicks,start_button_2.timesOn,start_button_2.timesOff,trial.started,trial.stopped,mouse.x,mouse.y,mouse.leftButton,mouse.midButton,mouse.rightButton,mouse.time,mouse.clicked_name,trials.thisRepN,trials.thisTrialN,trials.thisN,trials.thisIndex,trials.ran
0.0003,5.6081,1,[5.628100000381469],[5.628100000381469],078190,001,2025-02-18_12h36.41.649,Simon,2024.2.4,Linux x86_64,59.88023952,,,,,,,,,,,,,,,,,,,,,,,,,,,,,,,,,,,,,,,,,,,,,
,,,,,078190,001,2025-02-18_12h36.41.649,Simon,2024.2.4,Linux x86_64,59.88023952,5.6288,9.434400001,[-0.15450643776824036],[0.023605150214592276],[1],[0],[0],[3.8033999996185273],"[""left_image_2"",""left_image_2""]",1,9.4351,9.9241,0,0,0,0,1,,,,,,,,,,,,,,,,,,,,,,,,,,,,
,,,,,078190,001,2025-02-18_12h36.41.649,Simon,2024.2.4,Linux x86_64,59.88023952,,,,,,,,,,,,,,,,,,0,0,0,0,1,images/purple_butterfly.png,images/white_butterfly.png,left_image_2,"In this example, select the LEFT butterfly.",,,,,,,,,,,,,,,,,,,
,,,,,078190,001,2025-02-18_12h36.41.649,Simon,2024.2.4,Linux x86_64,59.88023952,9.925,12.766,[0.15021459227467812],[0.032188841201716736],[1],[0],[0],[2.839899999618531],"[""right_image_2"",""right_image_2""]",0,12.7665,13.2566,0,0,0,0,1,,,,,,,,,,,,,,,,,,,,,,,,,,,,
,,,,,078190,001,2025-02-18_12h36.41.649,Simon,2024.2.4,Linux x86_64,59.88023952,13.2571,15.1241,[-0.13626609442060086],[0.008583690987124463],[1],[0],[0],[1.866500000000002],"[""left_image_2"",""left_image_2""]",1,15.1246,15.6289,1,0,1,0,1,,,,,,,,,,,,,,,,,,,,,,,,,,,,
,,,,,078190,001,2025-02-18_12h36.41.649,Simon,2024.2.4,Linux x86_64,59.88023952,,,,,,,,,,,,,,,,,,0,1,1,1,1,images/white_butterfly.png,images/purple_butterfly.png,left_image_2,"In this example, select the LEFT butterfly.",,,,,,,,,,,,,,,,,,,
,,,,,078190,001,2025-02-18_12h36.41.649,Simon,2024.2.4,Linux x86_64,59.88023952,15.6311,18.4507,[0.1223175965665236],[0.033261802575107295],[1],[0],[0],[2.8181000003814702],"[""right_image_2"",""right_image_2""]",1,18.4509,18.94,0,0,0,0,1,,,,,,,,,,,,,,,,,,,,,,,,,,,,
,,,,,078190,001,2025-02-18_12h36.41.649,Simon,2024.2.4,Linux x86_64,59.88023952,,,,,,,,,,,,,,,,,,0,2,2,2,1,images/yellow_butterfly.png,images/white_butterfly.png,right_image_2,"In this example, select the RIGHT butterfly.",,,,,,,,,,,,,,,,,,,
,,,,,078190,001,2025-02-18_12h36.41.649,Simon,2024.2.4,Linux x86_64,59.88023952,18.9408,21.8736,[0.11695278969957082],[0.02145922746781116],[1],[0],[0],[2.9321000003814675],"[""right_image_2"",""right_image_2""]",1,21.8738,22.3655,0,0,0,0,1,,,,,,,,,,,,,,,,,,,,,,,,,,,,
,,,,,078190,001,2025-02-18_12h36.41.649,Simon,2024.2.4,Linux x86_64,59.88023952,,,,,,,,,,,,,,,,,,0,3,3,3,1,images/white_butterfly.png,images/yellow_butterfly.png,right_image_2,"In this example, select the RIGHT butterfly.",,,,,,,,,,,,,,,,,,,
,,,,,078190,001,2025-02-18_12h36.41.649,Simon,2024.2.4,Linux x86_64,59.88023952,,,,,,,,,,,,,,,,,,,,,,,,,,,22.3658,24.5,1,[24.502399999618525],[24.502399999618525],,,,,,,,,,,,,,
,,,,,078190,001,2025-02-18_12h36.41.649,Simon,2024.2.4,Linux x86_64,59.88023952,,,,,,,,,,0,27.5905,28.0896,,,,,,,,,,,images/white_butterfly.png,images/purple_butterfly.png,left_image, ,,,,,,24.5086,27.5901,[0.18776824034334763],[-0.034334763948497854],[1],[0],[0],[3.080999999999996],"[""right_image""]",0,0,0,1,1
,,,,,078190,001,2025-02-18_12h36.41.649,Simon,2024.2.4,Linux x86_64,59.88023952,,,,,,,,,,0,29.573,30.0728,,,,,,,,,,,images/purple_butterfly.png,images/white_butterfly.png,left_image, ,,,,,,28.0904,29.573,[0.20064377682403434],[-0.03862660944206009],[1],[0],[0],[1.4821000003814646],"[""right_image""]",0,1,1,0,1
,,,,,078190,001,2025-02-18_12h36.41.649,Simon,2024.2.4,Linux x86_64,59.88023952,,,,,,,,,,0,30.8735,31.3729,,,,,,,,,,,images/white_butterfly.png,images/yellow_butterfly.png,right_image, ,,,,,,30.0732,30.8733,[-0.15450643776824036],[-0.02145922746781116],[1],[0],[0],[0.7998000001907357],"[""left_image""]",0,2,2,3,1
,,,,,078190,001,2025-02-18_12h36.41.649,Simon,2024.2.4,Linux x86_64,59.88023952,,,,,,,,,,0,32.4731,32.9732,,,,,,,,,,,images/yellow_butterfly.png,images/white_butterfly.png,right_image, ,,,,,,31.3734,32.4731,[-0.1405579399141631],[-0.0075107296137339056],[1],[0],[0],[1.0993000001907376],"[""left_image""]",0,3,3,2,1
,,,,,078190,001,2025-02-18_12h36.41.649,Simon,2024.2.4,Linux x86_64,59.88023952,,,,,,,,,,1,33.4562,33.9565,,,,,,,,,,,images/yellow_butterfly.png,images/white_butterfly.png,right_image, ,,,,,,32.9737,33.4557,[0.13090128755364808],[-0.019313304721030045],[1],[0],[0],[0.4818999996185269],"[""right_image""]",1,0,4,2,1
,,,,,078190,001,2025-02-18_12h36.41.649,Simon,2024.2.4,Linux x86_64,59.88023952,,,,,,,,,,0,35.0231,35.5158,,,,,,,,,,,images/purple_butterfly.png,images/white_butterfly.png,left_image, ,,,,,,33.9571,35.0225,[0.15879828326180256],[-0.0203862660944206],[1],[0],[0],[1.0651999998092663],"[""right_image""]",1,1,5,0,1
,,,,,078190,001,2025-02-18_12h36.41.649,Simon,2024.2.4,Linux x86_64,59.88023952,,,,,,,,,,0,35.9725,36.4725,,,,,,,,,,,images/white_butterfly.png,images/yellow_butterfly.png,right_image, ,,,,,,35.5161,35.9725,[-0.09227467811158799],[-0.01072961373390558],[1],[0],[0],[0.45599999999999596],"[""left_image""]",1,2,6,3,1
,,,,,078190,001,2025-02-18_12h36.41.649,Simon,2024.2.4,Linux x86_64,59.88023952,,,,,,,,,,0,36.8394,37.3401,,,,,,,,,,,images/white_butterfly.png,images/purple_butterfly.png,left_image, ,,,,,,36.4728,36.8393,[0.12124463519313304],[-0.012875536480686695],[1],[0],[0],[0.3663000001907335],"[""right_image""]",1,3,7,1,1
,,,,,078190,001,2025-02-18_12h36.41.649,Simon,2024.2.4,Linux x86_64,59.88023952,,,,,,,,,,0,38.123,38.6223,,,,,,,,,,,images/white_butterfly.png,images/yellow_butterfly.png,right_image, ,,,,,,37.3409,38.1229,[-0.16523605150214593],[-0.006437768240343348],[1],[0],[0],[0.7816000003814736],"[""left_image""]",2,0,8,3,1
,,,,,078190,001,2025-02-18_12h36.41.649,Simon,2024.2.4,Linux x86_64,59.88023952,,,,,,,,,,0,39.3057,39.8062,,,,,,,,,,,images/purple_butterfly.png,images/white_butterfly.png,left_image, ,,,,,,38.6226,39.3056,[0.17274678111587982],[-0.0203862660944206],[1],[0],[0],[0.6828000001907313],"[""right_image""]",2,1,9,0,1
,,,,,078190,001,2025-02-18_12h36.41.649,Simon,2024.2.4,Linux x86_64,59.88023952,,,,,,,,,,0,40.4056,40.8989,,,,,,,,,,,images/yellow_butterfly.png,images/white_butterfly.png,right_image, ,,,,,,39.8065,40.4056,[-0.13412017167381973],[-0.009656652360515022],[1],[0],[0],[0.5988000001907352],"[""left_image""]",2,2,10,2,1
,,,,,078190,001,2025-02-18_12h36.41.649,Simon,2024.2.4,Linux x86_64,59.88023952,,,,,,,,,,0,41.6891,42.1893,,,,,,,,,,,images/white_butterfly.png,images/purple_butterfly.png,left_image, ,,,,,,40.8992,41.6891,[0.14699570815450644],[-0.011802575107296138],[1],[0],[0],[0.7895999994278],"[""right_image""]",2,3,11,1,1
,,,,,078190,001,2025-02-18_12h36.41.649,Simon,2024.2.4,Linux x86_64,59.88023952,,,,,,,,,,1,42.9168,43.4062,,,,,,,,,,,images/white_butterfly.png,images/purple_butterfly.png,left_image, ,,,,,,42.1898,42.9161,[-0.11051502145922747],[-0.001072961373390558],[1],[0],[0],[0.7260999994277952],"[""left_image""]",3,0,12,1,1
,,,,,078190,001,2025-02-18_12h36.41.649,Simon,2024.2.4,Linux x86_64,59.88023952,,,,,,,,,,1,43.8156,44.3059,,,,,,,,,,,images/white_butterfly.png,images/yellow_butterfly.png,right_image, ,,,,,,43.4065,43.8155,[0.15987124463519314],[-0.009656652360515022],[1],[0],[0],[0.4088000001907375],"[""right_image""]",3,1,13,3,1
,,,,,078190,001,2025-02-18_12h36.41.649,Simon,2024.2.4,Linux x86_64,59.88023952,,,,,,,,,,0,44.6893,45.1885,,,,,,,,,,,images/purple_butterfly.png,images/white_butterfly.png,left_image, ,,,,,,44.3067,44.6889,[0.15987124463519314],[-0.009656652360515022],[1],[0],[0],[0.38169999980926406],"[""right_image""]",3,2,14,0,1
,,,,,078190,001,2025-02-18_12h36.41.649,Simon,2024.2.4,Linux x86_64,59.88023952,,,,,,,,,,0,45.6055,46.1062,,,,,,,,,,,images/yellow_butterfly.png,images/white_butterfly.png,right_image, ,,,,,,45.1889,45.6053,[-0.15128755364806867],[0.003218884120171674],[1],[0],[0],[0.41619999980926536],"[""left_image""]",3,3,15,2,1
,,,,,078190,001,2025-02-18_12h36.41.649,Simon,2024.2.4,Linux x86_64,59.88023952,,,,,,,,,,1,48.273,48.7721,,,,,,,,,,,images/white_butterfly.png,images/yellow_butterfly.png,right_image, ,,,,,,46.1069,48.2723,[0.1223175965665236],[-0.011802575107296138],[1],[0],[0],[2.1646999998092653],"[""right_image""]",4,0,16,3,1
