﻿instructions.started,instructions.stopped,start_button.numClicks,start_button.timesOn,start_button.timesOff,participant,session,date,expName,psychopyVersion,OS,frameRate,practice_trial.started,practice_trial.stopped,mouse_2.x,mouse_2.y,mouse_2.leftButton,mouse_2.midButton,mouse_2.rightButton,mouse_2.time,mouse_2.clicked_name,correct,feedback.started,feedback.stopped,loop_until_correct.thisRepN,loop_until_correct.thisTrialN,loop_until_correct.thisN,loop_until_correct.thisIndex,loop_until_correct.ran,prac_trials.thisRepN,prac_trials.thisTrialN,prac_trials.thisN,prac_trials.thisIndex,prac_trials.ran,left_color,right_color,correct_response,top_txt,instructions_2.started,instructions_2.stopped,start_button_2.numClicks,start_button_2.timesOn,start_button_2.timesOff,trial.started,trial.stopped,mouse.x,mouse.y,mouse.leftButton,mouse.midButton,mouse.rightButton,mouse.time,mouse.clicked_name,trials.thisRepN,trials.thisTrialN,trials.thisN,trials.thisIndex,trials.ran,end.started,end.stopped,start_button_3.numClicks,start_button_3.timesOn,start_button_3.timesOff
0,5.214,1,[5.228999999999999],[5.228999999999999],078203,001,2025-07-31_12h53.58.222,Simon,2024.2.4,MacIntel,24.3902439,,,,,,,,,,,,,,,,,,,,,,,,,,,,,,,,,,,,,,,,,,,,,,,,,,
,,,,,078203,001,2025-07-31_12h53.58.222,Simon,2024.2.4,MacIntel,24.3902439,5.239,7.566,[-0.2410032715376227],[-0.04961832061068702],[1],[0],[0],[2.3230000000000004],"[""left_image_2"",""left_image_2""]",1,7.567,8.049,0,0,0,0,1,,,,,,,,,,,,,,,,,,,,,,,,,,,,,,,,,
,,,,,078203,001,2025-07-31_12h53.58.222,Simon,2024.2.4,MacIntel,24.3902439,,,,,,,,,,,,,,,,,,0,0,0,0,1,images/purple_butterfly.png,images/white_butterfly.png,left_image_2,"In this example, select the LEFT butterfly.",,,,,,,,,,,,,,,,,,,,,,,,
,,,,,078203,001,2025-07-31_12h53.58.222,Simon,2024.2.4,MacIntel,24.3902439,8.055,9.132,[-0.2737186477644493],[0.004907306434023991],[1],[0],[0],[1.0719999999999992],"[""left_image_2"",""left_image_2""]",1,9.132,9.617,0,0,0,0,1,,,,,,,,,,,,,,,,,,,,,,,,,,,,,,,,,
,,,,,078203,001,2025-07-31_12h53.58.222,Simon,2024.2.4,MacIntel,24.3902439,,,,,,,,,,,,,,,,,,0,1,1,1,1,images/white_butterfly.png,images/purple_butterfly.png,left_image_2,"In this example, select the LEFT butterfly.",,,,,,,,,,,,,,,,,,,,,,,,
,,,,,078203,001,2025-07-31_12h53.58.222,Simon,2024.2.4,MacIntel,24.3902439,9.62,10.32,[0.25190839694656486],[-0.022355507088331516],[1],[0],[0],[0.6969999999999992],"[""right_image_2"",""right_image_2""]",1,10.32,10.817,0,0,0,0,1,,,,,,,,,,,,,,,,,,,,,,,,,,,,,,,,,
,,,,,078203,001,2025-07-31_12h53.58.222,Simon,2024.2.4,MacIntel,24.3902439,,,,,,,,,,,,,,,,,,0,2,2,2,1,images/yellow_butterfly.png,images/white_butterfly.png,right_image_2,"In this example, select the RIGHT butterfly.",,,,,,,,,,,,,,,,,,,,,,,,
,,,,,078203,001,2025-07-31_12h53.58.222,Simon,2024.2.4,MacIntel,24.3902439,10.82,11.567,[0.25627044711014174],[-0.0059978189749182115],[1],[0],[0],[0.7439999999999998],"[""right_image_2"",""right_image_2""]",1,11.568,12.052,0,0,0,0,1,,,,,,,,,,,,,,,,,,,,,,,,,,,,,,,,,
,,,,,078203,001,2025-07-31_12h53.58.222,Simon,2024.2.4,MacIntel,24.3902439,,,,,,,,,,,,,,,,,,0,3,3,3,1,images/white_butterfly.png,images/yellow_butterfly.png,right_image_2,"In this example, select the RIGHT butterfly.",,,,,,,,,,,,,,,,,,,,,,,,
,,,,,078203,001,2025-07-31_12h53.58.222,Simon,2024.2.4,MacIntel,24.3902439,,,,,,,,,,,,,,,,,,,,,,,,,,,12.053,12.902,1,[12.904],[12.904],,,,,,,,,,,,,,,,,,,
,,,,,078203,001,2025-07-31_12h53.58.222,Simon,2024.2.4,MacIntel,24.3902439,,,,,,,,,,1,13.604,14.086,,,,,,,,,,,images/purple_butterfly.png,images/white_butterfly.png,left_image, ,,,,,,12.908,13.604,[-0.2693565976008724],[0.008178844056706653],[1],[0],[0],[0.6930000000000014],"[""left_image""]",0,0,0,0,1,,,,,
,,,,,078203,001,2025-07-31_12h53.58.222,Simon,2024.2.4,MacIntel,24.3902439,,,,,,,,,,1,14.643,15.12,,,,,,,,,,,images/yellow_butterfly.png,images/white_butterfly.png,right_image, ,,,,,,14.087,14.643,[0.23446019629225737],[-0.014721919302071973],[1],[0],[0],[0.5539999999999985],"[""right_image""]",0,1,1,2,1,,,,,
,,,,,078203,001,2025-07-31_12h53.58.222,Simon,2024.2.4,MacIntel,24.3902439,,,,,,,,,,1,16.387,16.887,,,,,,,,,,,images/white_butterfly.png,images/yellow_butterfly.png,right_image, ,,,,,,15.121,16.387,[0.26717557251908397],[-0.0016357688113413304],[1],[0],[0],[1.261999999999997],"[""right_image""]",0,2,2,3,1,,,,,
,,,,,078203,001,2025-07-31_12h53.58.222,Simon,2024.2.4,MacIntel,24.3902439,,,,,,,,,,1,17.545,18.022,,,,,,,,,,,images/white_butterfly.png,images/purple_butterfly.png,left_image, ,,,,,,16.889,17.545,[-0.27262813522355506],[-0.004907306434023991],[1],[0],[0],[0.6539999999999999],"[""left_image""]",0,3,3,1,1,,,,,
,,,,,078203,001,2025-07-31_12h53.58.222,Simon,2024.2.4,MacIntel,24.3902439,,,,,,,,,,1,18.546,19.056,,,,,,,,,,,images/white_butterfly.png,images/purple_butterfly.png,left_image, ,,,,,,18.023,18.546,[-0.2628135223555071],[-0.004907306434023991],[1],[0],[0],[0.5229999999999997],"[""left_image""]",1,0,4,1,1,,,,,
,,,,,078203,001,2025-07-31_12h53.58.222,Simon,2024.2.4,MacIntel,24.3902439,,,,,,,,,,1,20.306,20.79,,,,,,,,,,,images/white_butterfly.png,images/yellow_butterfly.png,right_image, ,,,,,,19.057,20.306,[0.2410032715376227],[-0.015812431842966195],[1],[0],[0],[1.248000000000001],"[""right_image""]",1,1,5,3,1,,,,,
,,,,,078203,001,2025-07-31_12h53.58.222,Simon,2024.2.4,MacIntel,24.3902439,,,,,,,,,,1,21.374,21.857,,,,,,,,,,,images/purple_butterfly.png,images/white_butterfly.png,left_image, ,,,,,,20.792,21.374,[-0.2737186477644493],[-0.003816793893129771],[1],[0],[0],[0.5800000000000018],"[""left_image""]",1,2,6,0,1,,,,,
,,,,,078203,001,2025-07-31_12h53.58.222,Simon,2024.2.4,MacIntel,24.3902439,,,,,,,,,,1,22.575,23.058,,,,,,,,,,,images/yellow_butterfly.png,images/white_butterfly.png,right_image, ,,,,,,21.859,22.575,[0.2410032715376227],[-0.025627044711014176],[1],[0],[0],[0.7140000000000022],"[""right_image""]",1,3,7,2,1,,,,,
,,,,,078203,001,2025-07-31_12h53.58.222,Simon,2024.2.4,MacIntel,24.3902439,,,,,,,,,,1,23.809,24.292,,,,,,,,,,,images/white_butterfly.png,images/yellow_butterfly.png,right_image, ,,,,,,23.06,23.809,[0.24536532170119957],[-0.016902944383860415],[1],[0],[0],[0.7480000000000011],"[""right_image""]",2,0,8,3,1,,,,,
,,,,,078203,001,2025-07-31_12h53.58.222,Simon,2024.2.4,MacIntel,24.3902439,,,,,,,,,,1,24.81,25.292,,,,,,,,,,,images/purple_butterfly.png,images/white_butterfly.png,left_image, ,,,,,,24.294,24.809,[-0.2682660850599782],[-0.009269356597600873],[1],[0],[0],[0.5129999999999981],"[""left_image""]",2,1,9,0,1,,,,,
,,,,,078203,001,2025-07-31_12h53.58.222,Simon,2024.2.4,MacIntel,24.3902439,,,,,,,,,,1,25.843,26.327,,,,,,,,,,,images/yellow_butterfly.png,images/white_butterfly.png,right_image, ,,,,,,25.293,25.842,[0.2420937840785169],[-0.026717557251908396],[1],[0],[0],[0.5470000000000041],"[""right_image""]",2,2,10,2,1,,,,,
,,,,,078203,001,2025-07-31_12h53.58.222,Simon,2024.2.4,MacIntel,24.3902439,,,,,,,,,,1,26.911,27.394,,,,,,,,,,,images/white_butterfly.png,images/purple_butterfly.png,left_image, ,,,,,,26.329,26.911,[-0.2606324972737186],[-0.011450381679389313],[1],[0],[0],[0.5779999999999959],"[""left_image""]",2,3,11,1,1,,,,,
,,,,,078203,001,2025-07-31_12h53.58.222,Simon,2024.2.4,MacIntel,24.3902439,,,,,,,,,,1,27.994,28.494,,,,,,,,,,,images/yellow_butterfly.png,images/white_butterfly.png,right_image, ,,,,,,27.396,27.994,[0.24863685932388221],[-0.029989094874591057],[1],[0],[0],[0.5970000000000013],"[""right_image""]",3,0,12,2,1,,,,,
,,,,,078203,001,2025-07-31_12h53.58.222,Simon,2024.2.4,MacIntel,24.3902439,,,,,,,,,,1,29.345,29.829,,,,,,,,,,,images/white_butterfly.png,images/yellow_butterfly.png,right_image, ,,,,,,28.496,29.345,[0.2595419847328244],[-0.017993456924754635],[1],[0],[0],[0.8460000000000036],"[""right_image""]",3,1,13,3,1,,,,,
,,,,,078203,001,2025-07-31_12h53.58.222,Simon,2024.2.4,MacIntel,24.3902439,,,,,,,,,,1,30.679,31.163,,,,,,,,,,,images/white_butterfly.png,images/purple_butterfly.png,left_image, ,,,,,,29.83,30.679,[-0.27044711014176664],[-0.015812431842966195],[1],[0],[0],[0.847999999999999],"[""left_image""]",3,2,14,1,1,,,,,
,,,,,078203,001,2025-07-31_12h53.58.222,Simon,2024.2.4,MacIntel,24.3902439,,,,,,,,,,1,31.72,32.197,,,,,,,,,,,images/purple_butterfly.png,images/white_butterfly.png,left_image, ,,,,,,31.164,31.72,[-0.2846237731733915],[0.0005452562704471102],[1],[0],[0],[0.554000000000002],"[""left_image""]",3,3,15,0,1,,,,,
,,,,,078203,001,2025-07-31_12h53.58.222,Simon,2024.2.4,MacIntel,24.3902439,,,,,,,,,,1,32.747,33.23,,,,,,,,,,,images/white_butterfly.png,images/yellow_butterfly.png,right_image, ,,,,,,32.198,32.747,[0.27153762268266085],[-0.012540894220283533],[1],[0],[0],[0.5480000000000018],"[""right_image""]",4,0,16,3,1,,,,,
,,,,,078203,001,2025-07-31_12h53.58.222,Simon,2024.2.4,MacIntel,24.3902439,,,,,,,,,,1,33.814,34.298,,,,,,,,,,,images/purple_butterfly.png,images/white_butterfly.png,left_image, ,,,,,,33.231,33.814,[-0.2780806979280262],[-0.0016357688113413304],[1],[0],[0],[0.5830000000000055],"[""left_image""]",4,1,17,0,1,,,,,
,,,,,078203,001,2025-07-31_12h53.58.222,Simon,2024.2.4,MacIntel,24.3902439,,,,,,,,,,1,35.015,35.499,,,,,,,,,,,images/yellow_butterfly.png,images/white_butterfly.png,right_image, ,,,,,,34.299,35.015,[0.2639040348964013],[-0.010359869138495093],[1],[0],[0],[0.7150000000000034],"[""right_image""]",4,2,18,2,1,,,,,
,,,,,078203,001,2025-07-31_12h53.58.222,Simon,2024.2.4,MacIntel,24.3902439,,,,,,,,,,1,36.083,36.566,,,,,,,,,,,images/white_butterfly.png,images/purple_butterfly.png,left_image, ,,,,,,35.5,36.083,[-0.2802617230098146],[-0.003816793893129771],[1],[0],[0],[0.5810000000000031],"[""left_image""]",4,3,19,1,1,,,,,
,,,,,078203,001,2025-07-31_12h53.58.222,Simon,2024.2.4,MacIntel,24.3902439,,,,,,,,,,,,,,,,,,,,,,,,,,,,,,,,,,,,,,,,,,,,,,36.567,37.383,1,[37.382],[37.382]
