﻿instructions.started,instructions.stopped,start_button.numClicks,start_button.timesOn,start_button.timesOff,participant,session,date,expName,psychopyVersion,OS,frameRate,practice_trial.started,practice_trial.stopped,mouse_2.x,mouse_2.y,mouse_2.leftButton,mouse_2.midButton,mouse_2.rightButton,mouse_2.time,mouse_2.clicked_name,correct,feedback.started,feedback.stopped,loop_until_correct.thisRepN,loop_until_correct.thisTrialN,loop_until_correct.thisN,loop_until_correct.thisIndex,loop_until_correct.ran,prac_trials.thisRepN,prac_trials.thisTrialN,prac_trials.thisN,prac_trials.thisIndex,prac_trials.ran,left_color,right_color,correct_response,top_txt,instructions_2.started,instructions_2.stopped,start_button_2.numClicks,start_button_2.timesOn,start_button_2.timesOff,trial.started,trial.stopped,mouse.x,mouse.y,mouse.leftButton,mouse.midButton,mouse.rightButton,mouse.time,mouse.clicked_name,trials.thisRepN,trials.thisTrialN,trials.thisN,trials.thisIndex,trials.ran,end.started,end.stopped,start_button_3.numClicks,start_button_3.timesOn,start_button_3.timesOff
0.0003,6.5888,1,[6.596900000000375],[6.596900000000375],078950,001,2025-09-28_15h33.27.367,Simon,2024.2.4,Linux x86_64,166.6666667,,,,,,,,,,,,,,,,,,,,,,,,,,,,,,,,,,,,,,,,,,,,,,,,,,
,,,,,078950,001,2025-09-28_15h33.27.367,Simon,2024.2.4,Linux x86_64,166.6666667,6.6077,10.991,[-0.248868778280543],[0.03996983408748114],[1],[0],[0],[4.3815999999996365],"[""left_image_2"",""left_image_2""]",1,10.992,11.4882,0,0,0,0,1,,,,,,,,,,,,,,,,,,,,,,,,,,,,,,,,,
,,,,,078950,001,2025-09-28_15h33.27.367,Simon,2024.2.4,Linux x86_64,166.6666667,,,,,,,,,,,,,,,,,,0,0,0,0,1,images/purple_butterfly.png,images/white_butterfly.png,left_image_2,"In this example, select the LEFT butterfly.",,,,,,,,,,,,,,,,,,,,,,,,
,,,,,078950,001,2025-09-28_15h33.27.367,Simon,2024.2.4,Linux x86_64,166.6666667,11.4905,13.506,[0.2171945701357466],[0.02564102564102564],[1],[0],[0],[2.0125999999996225],"[""right_image_2"",""right_image_2""]",0,13.5069,14.0031,0,0,0,0,1,,,,,,,,,,,,,,,,,,,,,,,,,,,,,,,,,
,,,,,078950,001,2025-09-28_15h33.27.367,Simon,2024.2.4,Linux x86_64,166.6666667,14.0044,15.225,[-0.2239819004524887],[0.0392156862745098],[1],[0],[0],[1.219300000000743],"[""left_image_2"",""left_image_2""]",1,15.2266,15.725,1,0,1,0,1,,,,,,,,,,,,,,,,,,,,,,,,,,,,,,,,,
,,,,,078950,001,2025-09-28_15h33.27.367,Simon,2024.2.4,Linux x86_64,166.6666667,,,,,,,,,,,,,,,,,,0,1,1,1,1,images/white_butterfly.png,images/purple_butterfly.png,left_image_2,"In this example, select the LEFT butterfly.",,,,,,,,,,,,,,,,,,,,,,,,
,,,,,078950,001,2025-09-28_15h33.27.367,Simon,2024.2.4,Linux x86_64,166.6666667,15.7276,18.0385,[0.15761689291101055],[0.038461538461538464],[1],[0],[0],[2.3087999999988824],"[""right_image_2"",""right_image_2""]",1,18.0387,18.5361,0,0,0,0,1,,,,,,,,,,,,,,,,,,,,,,,,,,,,,,,,,
,,,,,078950,001,2025-09-28_15h33.27.367,Simon,2024.2.4,Linux x86_64,166.6666667,,,,,,,,,,,,,,,,,,0,2,2,2,1,images/yellow_butterfly.png,images/white_butterfly.png,right_image_2,"In this example, select the RIGHT butterfly.",,,,,,,,,,,,,,,,,,,,,,,,
,,,,,078950,001,2025-09-28_15h33.27.367,Simon,2024.2.4,Linux x86_64,166.6666667,18.5378,19.5178,[0.15761689291101055],[0.038461538461538464],[1],[0],[0],[0.9786000000014923],"[""right_image_2"",""right_image_2""]",1,19.518,20.0161,0,0,0,0,1,,,,,,,,,,,,,,,,,,,,,,,,,,,,,,,,,
,,,,,078950,001,2025-09-28_15h33.27.367,Simon,2024.2.4,Linux x86_64,166.6666667,,,,,,,,,,,,,,,,,,0,3,3,3,1,images/white_butterfly.png,images/yellow_butterfly.png,right_image_2,"In this example, select the RIGHT butterfly.",,,,,,,,,,,,,,,,,,,,,,,,
,,,,,078950,001,2025-09-28_15h33.27.367,Simon,2024.2.4,Linux x86_64,166.6666667,,,,,,,,,,,,,,,,,,,,,,,,,,,20.0171,237.8581,1,[237.85909999999964],[237.85909999999964],,,,,,,,,,,,,,,,,,,
,,,,,078950,001,2025-09-28_15h33.27.367,Simon,2024.2.4,Linux x86_64,166.6666667,,,,,,,,,,1,239.4458,239.9417,,,,,,,,,,,images/white_butterfly.png,images/purple_butterfly.png,left_image, ,,,,,,237.8681,239.4456,[-0.21945701357466063],[0.0015082956259426848],[1],[0],[0],[1.5767000000010967],"[""left_image""]",0,0,0,1,1,,,,,
,,,,,078950,001,2025-09-28_15h33.27.367,Simon,2024.2.4,Linux x86_64,166.6666667,,,,,,,,,,1,241.5314,242.0333,,,,,,,,,,,images/white_butterfly.png,images/yellow_butterfly.png,right_image, ,,,,,,239.9426,241.5312,[0.24509803921568626],[0.0022624434389140274],[1],[0],[0],[1.588100000001475],"[""right_image""]",0,1,1,3,1,,,,,
,,,,,078950,001,2025-09-28_15h33.27.367,Simon,2024.2.4,Linux x86_64,166.6666667,,,,,,,,,,1,243.1492,243.6448,,,,,,,,,,,images/purple_butterfly.png,images/white_butterfly.png,left_image, ,,,,,,242.0338,243.1491,[-0.15987933634992457],[0],[1],[0],[0],[1.1146999999992317],"[""left_image""]",0,2,2,0,1,,,,,
,,,,,078950,001,2025-09-28_15h33.27.367,Simon,2024.2.4,Linux x86_64,166.6666667,,,,,,,,,,1,244.8817,245.3787,,,,,,,,,,,images/yellow_butterfly.png,images/white_butterfly.png,right_image, ,,,,,,243.6458,244.8816,[0.16214177978883862],[0.003770739064856712],[1],[0],[0],[1.2350999999995906],"[""right_image""]",0,3,3,2,1,,,,,
,,,,,078950,001,2025-09-28_15h33.27.367,Simon,2024.2.4,Linux x86_64,166.6666667,,,,,,,,,,1,246.3785,246.8755,,,,,,,,,,,images/white_butterfly.png,images/yellow_butterfly.png,right_image, ,,,,,,245.3799,246.3784,[0.1478129713423831],[0.004524886877828055],[1],[0],[0],[0.9977999999989038],"[""right_image""]",1,0,4,3,1,,,,,
,,,,,078950,001,2025-09-28_15h33.27.367,Simon,2024.2.4,Linux x86_64,166.6666667,,,,,,,,,,1,247.9174,248.4152,,,,,,,,,,,images/purple_butterfly.png,images/white_butterfly.png,left_image, ,,,,,,246.8765,247.9174,[-0.2028657616892911],[-0.006787330316742082],[1],[0],[0],[1.040300000000741],"[""left_image""]",1,1,5,0,1,,,,,
,,,,,078950,001,2025-09-28_15h33.27.367,Simon,2024.2.4,Linux x86_64,166.6666667,,,,,,,,,,0,249.4211,249.9184,,,,,,,,,,,images/white_butterfly.png,images/purple_butterfly.png,left_image, ,,,,,,248.416,249.4203,[0.18250377073906485],[-0.01282051282051282],[1],[0],[0],[1.0039000000003853],"[""right_image""]",1,2,6,1,1,,,,,
,,,,,078950,001,2025-09-28_15h33.27.367,Simon,2024.2.4,Linux x86_64,166.6666667,,,,,,,,,,1,259.0038,259.5003,,,,,,,,,,,images/yellow_butterfly.png,images/white_butterfly.png,right_image, ,,,,,,249.9193,259.003,[0.13499245852187028],[-0.0007541478129713424],[1],[0],[0],[9.082900000000393],"[""right_image""]",1,3,7,2,1,,,,,
,,,,,078950,001,2025-09-28_15h33.27.367,Simon,2024.2.4,Linux x86_64,166.6666667,,,,,,,,,,1,260.906,261.4029,,,,,,,,,,,images/white_butterfly.png,images/yellow_butterfly.png,right_image, ,,,,,,259.5011,260.9059,[0.13499245852187028],[-0.0007541478129713424],[1],[0],[0],[1.4040999999996302],"[""right_image""]",2,0,8,3,1,,,,,
,,,,,078950,001,2025-09-28_15h33.27.367,Simon,2024.2.4,Linux x86_64,166.6666667,,,,,,,,,,1,262.6886,263.1844,,,,,,,,,,,images/purple_butterfly.png,images/white_butterfly.png,left_image, ,,,,,,261.4036,262.6886,[-0.15610859728506787],[-0.01583710407239819],[1],[0],[0],[1.2842999999988933],"[""left_image""]",2,1,9,0,1,,,,,
,,,,,078950,001,2025-09-28_15h33.27.367,Simon,2024.2.4,Linux x86_64,166.6666667,,,,,,,,,,1,265.6276,266.1245,,,,,,,,,,,images/white_butterfly.png,images/purple_butterfly.png,left_image, ,,,,,,263.1854,265.6275,[-0.12669683257918551],[-0.0007541478129713424],[1],[0],[0],[2.4414000000003853],"[""left_image""]",2,2,10,1,1,,,,,
,,,,,078950,001,2025-09-28_15h33.27.367,Simon,2024.2.4,Linux x86_64,166.6666667,,,,,,,,,,1,267.319,267.8151,,,,,,,,,,,images/yellow_butterfly.png,images/white_butterfly.png,right_image, ,,,,,,266.1254,267.3189,[0.16666666666666666],[0.02262443438914027],[1],[0],[0],[1.192800000000716],"[""right_image""]",2,3,11,2,1,,,,,
,,,,,078950,001,2025-09-28_15h33.27.367,Simon,2024.2.4,Linux x86_64,166.6666667,,,,,,,,,,1,269.4753,269.9721,,,,,,,,,,,images/white_butterfly.png,images/yellow_butterfly.png,right_image, ,,,,,,267.8159,269.4753,[0.13725490196078433],[-0.0007541478129713424],[1],[0],[0],[1.6587000000011471],"[""right_image""]",3,0,12,3,1,,,,,
,,,,,078950,001,2025-09-28_15h33.27.367,Simon,2024.2.4,Linux x86_64,166.6666667,,,,,,,,,,1,271.0097,271.507,,,,,,,,,,,images/white_butterfly.png,images/purple_butterfly.png,left_image, ,,,,,,269.9731,271.0096,[-0.24132730015082957],[0.024132730015082957],[1],[0],[0],[1.0358999999984917],"[""left_image""]",3,1,13,1,1,,,,,
,,,,,078950,001,2025-09-28_15h33.27.367,Simon,2024.2.4,Linux x86_64,166.6666667,,,,,,,,,,1,273.9186,274.4153,,,,,,,,,,,images/yellow_butterfly.png,images/white_butterfly.png,right_image, ,,,,,,271.5085,273.9185,[0.13951734539969834],[0.024886877828054297],[1],[0],[0],[2.4091999999992026],"[""right_image""]",3,2,14,2,1,,,,,
,,,,,078950,001,2025-09-28_15h33.27.367,Simon,2024.2.4,Linux x86_64,166.6666667,,,,,,,,,,1,275.4699,275.9669,,,,,,,,,,,images/purple_butterfly.png,images/white_butterfly.png,left_image, ,,,,,,274.416,275.4699,[-0.20739064856711917],[0.03167420814479638],[1],[0],[0],[1.0535999999996193],"[""left_image""]",3,3,15,0,1,,,,,
,,,,,078950,001,2025-09-28_15h33.27.367,Simon,2024.2.4,Linux x86_64,166.6666667,,,,,,,,,,1,276.9785,277.4757,,,,,,,,,,,images/white_butterfly.png,images/yellow_butterfly.png,right_image, ,,,,,,275.9676,276.9784,[0.16591251885369532],[0.06184012066365008],[1],[0],[0],[1.0101999999992586],"[""right_image""]",4,0,16,3,1,,,,,
,,,,,078950,001,2025-09-28_15h33.27.367,Simon,2024.2.4,Linux x86_64,166.6666667,,,,,,,,,,0,278.1069,278.6033,,,,,,,,,,,images/yellow_butterfly.png,images/white_butterfly.png,right_image, ,,,,,,277.4764,278.1061,[-0.12669683257918551],[0.02564102564102564],[1],[0],[0],[0.6291999999992299],"[""left_image""]",4,1,17,2,1,,,,,
,,,,,078950,001,2025-09-28_15h33.27.367,Simon,2024.2.4,Linux x86_64,166.6666667,,,,,,,,,,1,280.9191,281.4153,,,,,,,,,,,images/white_butterfly.png,images/purple_butterfly.png,left_image, ,,,,,,278.6043,280.9182,[-0.06561085972850679],[0.011312217194570135],[1],[0],[0],[2.3133000000007655],"[""left_image""]",4,2,18,1,1,,,,,
,,,,,078950,001,2025-09-28_15h33.27.367,Simon,2024.2.4,Linux x86_64,166.6666667,,,,,,,,,,1,282.3918,282.8879,,,,,,,,,,,images/purple_butterfly.png,images/white_butterfly.png,left_image, ,,,,,,281.416,282.3917,[-0.1546003016591252],[0.024132730015082957],[1],[0],[0],[0.9752000000011094],"[""left_image""]",4,3,19,0,1,,,,,
,,,,,078950,001,2025-09-28_15h33.27.367,Simon,2024.2.4,Linux x86_64,166.6666667,,,,,,,,,,,,,,,,,,,,,,,,,,,,,,,,,,,,,,,,,,,,,,282.8886,286.004,1,[286.00330000000076],[286.0034000000004]
