﻿instructions.started,instructions.stopped,start_button.numClicks,start_button.timesOn,start_button.timesOff,participant,session,date,expName,psychopyVersion,OS,frameRate,practice_trial.started,practice_trial.stopped,mouse_2.x,mouse_2.y,mouse_2.leftButton,mouse_2.midButton,mouse_2.rightButton,mouse_2.time,mouse_2.clicked_name,correct,feedback.started,feedback.stopped,loop_until_correct.thisRepN,loop_until_correct.thisTrialN,loop_until_correct.thisN,loop_until_correct.thisIndex,loop_until_correct.ran,prac_trials.thisRepN,prac_trials.thisTrialN,prac_trials.thisN,prac_trials.thisIndex,prac_trials.ran,left_color,right_color,correct_response,top_txt,instructions_2.started,instructions_2.stopped,start_button_2.numClicks,start_button_2.timesOn,start_button_2.timesOff,trial.started,trial.stopped,mouse.x,mouse.y,mouse.leftButton,mouse.midButton,mouse.rightButton,mouse.time,mouse.clicked_name,trials.thisRepN,trials.thisTrialN,trials.thisN,trials.thisIndex,trials.ran,end.started,end.stopped,start_button_3.numClicks,start_button_3.timesOn,start_button_3.timesOff
0.0002,30.3855,1,[30.391400000035766],[30.391400000035766],079956,001,2025-12-09_13h42.44.292,Simon,2024.2.4,Win32,59.88023952,,,,,,,,,,,,,,,,,,,,,,,,,,,,,,,,,,,,,,,,,,,,,,,,,,
,,,,,079956,001,2025-12-09_13h42.44.292,Simon,2024.2.4,Win32,59.88023952,30.3977,34.0879,[-0.2698412698412698],[0.0026455026455026454],[1],[0],[0],[3.6883999999761627],"[""left_image_2"",""left_image_2""]",1,34.0887,34.5847,0,0,0,0,1,,,,,,,,,,,,,,,,,,,,,,,,,,,,,,,,,
,,,,,079956,001,2025-12-09_13h42.44.292,Simon,2024.2.4,Win32,59.88023952,,,,,,,,,,,,,,,,,,0,0,0,0,1,images/purple_butterfly.png,images/white_butterfly.png,left_image_2,"In this example, select the LEFT butterfly.",,,,,,,,,,,,,,,,,,,,,,,,
,,,,,079956,001,2025-12-09_13h42.44.292,Simon,2024.2.4,Win32,59.88023952,34.5866,37.4843,[-0.2105820105820106],[-0.05873015873015873],[1],[0],[0],[2.895400000035764],"[""left_image_2"",""left_image_2""]",1,37.4845,37.984,0,0,0,0,1,,,,,,,,,,,,,,,,,,,,,,,,,,,,,,,,,
,,,,,079956,001,2025-12-09_13h42.44.292,Simon,2024.2.4,Win32,59.88023952,,,,,,,,,,,,,,,,,,0,1,1,1,1,images/white_butterfly.png,images/purple_butterfly.png,left_image_2,"In this example, select the LEFT butterfly.",,,,,,,,,,,,,,,,,,,,,,,,
,,,,,079956,001,2025-12-09_13h42.44.292,Simon,2024.2.4,Win32,59.88023952,37.9855,40.5341,[0.19894179894179895],[0.0015873015873015873],[1],[0],[0],[2.5466000000238367],"[""right_image_2"",""right_image_2""]",1,40.5344,41.0235,0,0,0,0,1,,,,,,,,,,,,,,,,,,,,,,,,,,,,,,,,,
,,,,,079956,001,2025-12-09_13h42.44.292,Simon,2024.2.4,Win32,59.88023952,,,,,,,,,,,,,,,,,,0,2,2,2,1,images/yellow_butterfly.png,images/white_butterfly.png,right_image_2,"In this example, select the RIGHT butterfly.",,,,,,,,,,,,,,,,,,,,,,,,
,,,,,079956,001,2025-12-09_13h42.44.292,Simon,2024.2.4,Win32,59.88023952,41.0251,43.7003,[0.2708994708994709],[0.1328042328042328],[1],[0],[0],[2.6741000000238415],"[""right_image_2"",""right_image_2""]",1,43.7006,44.1896,0,0,0,0,1,,,,,,,,,,,,,,,,,,,,,,,,,,,,,,,,,
,,,,,079956,001,2025-12-09_13h42.44.292,Simon,2024.2.4,Win32,59.88023952,,,,,,,,,,,,,,,,,,0,3,3,3,1,images/white_butterfly.png,images/yellow_butterfly.png,right_image_2,"In this example, select the RIGHT butterfly.",,,,,,,,,,,,,,,,,,,,,,,,
,,,,,079956,001,2025-12-09_13h42.44.292,Simon,2024.2.4,Win32,59.88023952,,,,,,,,,,,,,,,,,,,,,,,,,,,44.1902,46.9496,1,[46.95019999998808],[46.95019999998808],,,,,,,,,,,,,,,,,,,
,,,,,079956,001,2025-12-09_13h42.44.292,Simon,2024.2.4,Win32,59.88023952,,,,,,,,,,1,51.4159,51.9053,,,,,,,,,,,images/white_butterfly.png,images/yellow_butterfly.png,right_image, ,,,,,,46.9568,51.4157,[0.15026455026455027],[0.0026455026455026454],[1],[0],[0],[4.457999999999998],"[""right_image""]",0,0,0,3,1,,,,,
,,,,,079956,001,2025-12-09_13h42.44.292,Simon,2024.2.4,Win32,59.88023952,,,,,,,,,,1,53.0654,53.5552,,,,,,,,,,,images/yellow_butterfly.png,images/white_butterfly.png,right_image, ,,,,,,51.906,53.0653,[0.1365079365079365],[-0.015343915343915344],[1],[0],[0],[1.1588000000119223],"[""right_image""]",0,1,1,2,1,,,,,
,,,,,079956,001,2025-12-09_13h42.44.292,Simon,2024.2.4,Win32,59.88023952,,,,,,,,,,0,58.1491,58.6481,,,,,,,,,,,images/purple_butterfly.png,images/white_butterfly.png,left_image, ,,,,,,53.5559,58.1481,[0.18095238095238095],[0.01746031746031746],[1],[0],[0],[4.5916000000238455],"[""right_image""]",0,2,2,0,1,,,,,
,,,,,079956,001,2025-12-09_13h42.44.292,Simon,2024.2.4,Win32,59.88023952,,,,,,,,,,1,59.7549,60.2477,,,,,,,,,,,images/white_butterfly.png,images/purple_butterfly.png,left_image, ,,,,,,58.6489,59.7542,[-0.1523809523809524],[-0.0164021164021164],[1],[0],[0],[1.1046999999880782],"[""left_image""]",0,3,3,1,1,,,,,
,,,,,079956,001,2025-12-09_13h42.44.292,Simon,2024.2.4,Win32,59.88023952,,,,,,,,,,0,66.0815,66.5803,,,,,,,,,,,images/white_butterfly.png,images/yellow_butterfly.png,right_image, ,,,,,,60.2486,66.0806,[-0.15767195767195769],[-0.007936507936507936],[1],[0],[0],[5.831499999999991],"[""left_image""]",1,0,4,3,1,,,,,
,,,,,079956,001,2025-12-09_13h42.44.292,Simon,2024.2.4,Win32,59.88023952,,,,,,,,,,0,70.3965,70.8964,,,,,,,,,,,images/purple_butterfly.png,images/white_butterfly.png,left_image, ,,,,,,66.5813,70.3964,[0.14603174603174604],[0.014285714285714285],[1],[0],[0],[3.8144999999999953],"[""right_image""]",1,1,5,0,1,,,,,
,,,,,079956,001,2025-12-09_13h42.44.292,Simon,2024.2.4,Win32,59.88023952,,,,,,,,,,0,79.6121,80.1145,,,,,,,,,,,images/white_butterfly.png,images/purple_butterfly.png,left_image, ,,,,,,70.897,79.6121,[0.091005291005291],[0.01216931216931217],[1],[0],[0],[8.714600000023836],"[""right_image""]",1,2,6,1,1,,,,,
,,,,,079956,001,2025-12-09_13h42.44.292,Simon,2024.2.4,Win32,59.88023952,,,,,,,,,,1,87.3954,87.8942,,,,,,,,,,,images/yellow_butterfly.png,images/white_butterfly.png,right_image, ,,,,,,80.1152,87.3944,[0.1492063492063492],[0.0005291005291005291],[1],[0],[0],[7.278699999988092],"[""right_image""]",1,3,7,2,1,,,,,
,,,,,079956,001,2025-12-09_13h42.44.292,Simon,2024.2.4,Win32,59.88023952,,,,,,,,,,0,96.6105,97.1097,,,,,,,,,,,images/yellow_butterfly.png,images/white_butterfly.png,right_image, ,,,,,,87.8951,96.6097,[-0.13333333333333333],[-0.0026455026455026454],[1],[0],[0],[8.714500000000001],"[""left_image""]",2,0,8,2,1,,,,,
,,,,,079956,001,2025-12-09_13h42.44.292,Simon,2024.2.4,Win32,59.88023952,,,,,,,,,,0,101.9589,102.459,,,,,,,,,,,images/white_butterfly.png,images/purple_butterfly.png,left_image, ,,,,,,97.1105,101.9589,[0.164021164021164],[0.00582010582010582],[1],[0],[0],[4.847399999976162],"[""right_image""]",2,1,9,1,1,,,,,
,,,,,079956,001,2025-12-09_13h42.44.292,Simon,2024.2.4,Win32,59.88023952,,,,,,,,,,0,103.7755,104.2755,,,,,,,,,,,images/purple_butterfly.png,images/white_butterfly.png,left_image, ,,,,,,102.4596,103.7755,[0.1523809523809524],[0.014285714285714285],[1],[0],[0],[1.315399999976151],"[""right_image""]",2,2,10,0,1,,,,,
,,,,,079956,001,2025-12-09_13h42.44.292,Simon,2024.2.4,Win32,59.88023952,,,,,,,,,,0,106.8917,107.3914,,,,,,,,,,,images/white_butterfly.png,images/yellow_butterfly.png,right_image, ,,,,,,104.2761,106.8917,[-0.13333333333333333],[0.0068783068783068784],[1],[0],[0],[2.615100000023844],"[""left_image""]",2,3,11,3,1,,,,,
,,,,,079956,001,2025-12-09_13h42.44.292,Simon,2024.2.4,Win32,59.88023952,,,,,,,,,,1,108.7754,109.2747,,,,,,,,,,,images/purple_butterfly.png,images/white_butterfly.png,left_image, ,,,,,,107.392,108.7748,[-0.1343915343915344],[0.008994708994708995],[1],[0],[0],[1.3823999999761583],"[""left_image""]",3,0,12,0,1,,,,,
,,,,,079956,001,2025-12-09_13h42.44.292,Simon,2024.2.4,Win32,59.88023952,,,,,,,,,,1,110.9744,111.4743,,,,,,,,,,,images/white_butterfly.png,images/yellow_butterfly.png,right_image, ,,,,,,109.2754,110.9743,[0.1439153439153439],[0.008994708994708995],[1],[0],[0],[1.6983999999761608],"[""right_image""]",3,1,13,3,1,,,,,
,,,,,079956,001,2025-12-09_13h42.44.292,Simon,2024.2.4,Win32,59.88023952,,,,,,,,,,0,112.0247,112.5241,,,,,,,,,,,images/yellow_butterfly.png,images/white_butterfly.png,right_image, ,,,,,,111.4748,112.0242,[-0.17354497354497356],[0.008994708994708995],[1],[0],[0],[0.548900000035772],"[""left_image""]",3,2,14,2,1,,,,,
,,,,,079956,001,2025-12-09_13h42.44.292,Simon,2024.2.4,Win32,59.88023952,,,,,,,,,,1,114.6747,115.1736,,,,,,,,,,,images/white_butterfly.png,images/purple_butterfly.png,left_image, ,,,,,,112.5247,114.674,[-0.14497354497354498],[0.0005291005291005291],[1],[0],[0],[2.148899999976166],"[""left_image""]",3,3,15,1,1,,,,,
,,,,,079956,001,2025-12-09_13h42.44.292,Simon,2024.2.4,Win32,59.88023952,,,,,,,,,,1,116.4405,116.9403,,,,,,,,,,,images/white_butterfly.png,images/yellow_butterfly.png,right_image, ,,,,,,115.1741,116.4403,[0.13968253968253969],[-0.0005291005291005291],[1],[0],[0],[1.2660000000000053],"[""right_image""]",4,0,16,3,1,,,,,
,,,,,079956,001,2025-12-09_13h42.44.292,Simon,2024.2.4,Win32,59.88023952,,,,,,,,,,1,119.0567,119.5568,,,,,,,,,,,images/purple_butterfly.png,images/white_butterfly.png,left_image, ,,,,,,116.941,119.0567,[-0.18095238095238095],[0.003703703703703704],[1],[0],[0],[2.1153000000119278],"[""left_image""]",4,1,17,0,1,,,,,
,,,,,079956,001,2025-12-09_13h42.44.292,Simon,2024.2.4,Win32,59.88023952,,,,,,,,,,1,121.9729,122.473,,,,,,,,,,,images/white_butterfly.png,images/purple_butterfly.png,left_image, ,,,,,,119.5574,121.9729,[-0.19682539682539682],[0.0291005291005291],[1],[0],[0],[2.4150000000000063],"[""left_image""]",4,2,18,1,1,,,,,
,,,,,079956,001,2025-12-09_13h42.44.292,Simon,2024.2.4,Win32,59.88023952,,,,,,,,,,1,124.3061,124.806,,,,,,,,,,,images/yellow_butterfly.png,images/white_butterfly.png,right_image, ,,,,,,122.4736,124.306,[0.16613756613756614],[-0.0026455026455026454],[1],[0],[0],[1.8319999999999936],"[""right_image""]",4,3,19,2,1,,,,,
,,,,,079956,001,2025-12-09_13h42.44.292,Simon,2024.2.4,Win32,59.88023952,,,,,,,,,,,,,,,,,,,,,,,,,,,,,,,,,,,,,,,,,,,,,,124.8064,126.4728,1,[126.47240000003575],[126.47240000003575]
