﻿instructions.started,instructions.stopped,start_button.numClicks,start_button.timesOn,start_button.timesOff,participant,session,date,expName,psychopyVersion,OS,frameRate,practice_trial.started,practice_trial.stopped,mouse_2.x,mouse_2.y,mouse_2.leftButton,mouse_2.midButton,mouse_2.rightButton,mouse_2.time,mouse_2.clicked_name,correct,feedback.started,feedback.stopped,loop_until_correct.thisRepN,loop_until_correct.thisTrialN,loop_until_correct.thisN,loop_until_correct.thisIndex,loop_until_correct.ran,prac_trials.thisRepN,prac_trials.thisTrialN,prac_trials.thisN,prac_trials.thisIndex,prac_trials.ran,left_color,right_color,correct_response,top_txt,instructions_2.started,instructions_2.stopped,start_button_2.numClicks,start_button_2.timesOn,start_button_2.timesOff,trial.started,trial.stopped,mouse.x,mouse.y,mouse.leftButton,mouse.midButton,mouse.rightButton,mouse.time,mouse.clicked_name,trials.thisRepN,trials.thisTrialN,trials.thisN,trials.thisIndex,trials.ran,end.started,end.stopped,start_button_3.numClicks,start_button_3.timesOn,start_button_3.timesOff
0.0007,32.9906,1,[33.003300000000046],[33.003300000000046],085081,001,2025-10-18_14h12.58.270,Simon,2024.2.4,Win32,12.78772379,,,,,,,,,,,,,,,,,,,,,,,,,,,,,,,,,,,,,,,,,,,,,,,,,,
,,,,,085081,001,2025-10-18_14h12.58.270,Simon,2024.2.4,Win32,12.78772379,33.026,41.7722,[-0.13731656184486374],[0.029350104821802937],[1],[0],[0],[8.738100000000088],"[""left_image_2"",""left_image_2""]",1,41.7732,42.245,0,0,0,0,1,,,,,,,,,,,,,,,,,,,,,,,,,,,,,,,,,
,,,,,085081,001,2025-10-18_14h12.58.270,Simon,2024.2.4,Win32,12.78772379,,,,,,,,,,,,,,,,,,0,0,0,0,1,images/purple_butterfly.png,images/white_butterfly.png,left_image_2,"In this example, select the LEFT butterfly.",,,,,,,,,,,,,,,,,,,,,,,,
,,,,,085081,001,2025-10-18_14h12.58.270,Simon,2024.2.4,Win32,12.78772379,42.2472,57.2143,[-0.1310272536687631],[0.05870020964360587],[1],[0],[0],[14.964500000000001],"[""left_image_2"",""left_image_2""]",1,57.2144,57.6447,0,0,0,0,1,,,,,,,,,,,,,,,,,,,,,,,,,,,,,,,,,
,,,,,085081,001,2025-10-18_14h12.58.270,Simon,2024.2.4,Win32,12.78772379,,,,,,,,,,,,,,,,,,0,1,1,1,1,images/white_butterfly.png,images/purple_butterfly.png,left_image_2,"In this example, select the LEFT butterfly.",,,,,,,,,,,,,,,,,,,,,,,,
,,,,,085081,001,2025-10-18_14h12.58.270,Simon,2024.2.4,Win32,12.78772379,57.6474,61.1652,[0.1488469601677149],[0.05870020964360587],[1],[0],[0],[3.515500000000003],"[""right_image_2"",""right_image_2""]",1,61.1653,61.5857,0,0,0,0,1,,,,,,,,,,,,,,,,,,,,,,,,,,,,,,,,,
,,,,,085081,001,2025-10-18_14h12.58.270,Simon,2024.2.4,Win32,12.78772379,,,,,,,,,,,,,,,,,,0,2,2,2,1,images/yellow_butterfly.png,images/white_butterfly.png,right_image_2,"In this example, select the RIGHT butterfly.",,,,,,,,,,,,,,,,,,,,,,,,
,,,,,085081,001,2025-10-18_14h12.58.270,Simon,2024.2.4,Win32,12.78772379,61.5874,68.4039,[0.27672955974842767],[0.03249475890985325],[1],[0],[0],[6.815600000000103],"[""right_image_2"",""right_image_2""]",1,68.404,68.796,0,0,0,0,1,,,,,,,,,,,,,,,,,,,,,,,,,,,,,,,,,
,,,,,085081,001,2025-10-18_14h12.58.270,Simon,2024.2.4,Win32,12.78772379,,,,,,,,,,,,,,,,,,0,3,3,3,1,images/white_butterfly.png,images/yellow_butterfly.png,right_image_2,"In this example, select the RIGHT butterfly.",,,,,,,,,,,,,,,,,,,,,,,,
,,,,,085081,001,2025-10-18_14h12.58.270,Simon,2024.2.4,Win32,12.78772379,,,,,,,,,,,,,,,,,,,,,,,,,,,68.7975,72.6238,1,[72.62619999999994],[72.62619999999994],,,,,,,,,,,,,,,,,,,
,,,,,085081,001,2025-10-18_14h12.58.270,Simon,2024.2.4,Win32,12.78772379,,,,,,,,,,1,82.655,83.2261,,,,,,,,,,,images/purple_butterfly.png,images/white_butterfly.png,left_image, ,,,,,,72.6398,82.6549,[-0.16457023060796647],[0.009433962264150943],[1],[0],[0],[10.014100000000099],"[""left_image""]",0,0,0,0,1,,,,,
,,,,,085081,001,2025-10-18_14h12.58.270,Simon,2024.2.4,Win32,12.78772379,,,,,,,,,,1,95.3808,95.8024,,,,,,,,,,,images/white_butterfly.png,images/purple_butterfly.png,left_image, ,,,,,,83.2266,95.3808,[-0.1320754716981132],[0.03459119496855346],[1],[0],[0],[12.15369999999993],"[""left_image""]",0,1,1,1,1,,,,,
,,,,,085081,001,2025-10-18_14h12.58.270,Simon,2024.2.4,Win32,12.78772379,,,,,,,,,,1,98.7499,99.2999,,,,,,,,,,,images/white_butterfly.png,images/yellow_butterfly.png,right_image, ,,,,,,95.8029,98.7498,[0.16247379454926625],[-0.02620545073375262],[1],[0],[0],[2.9465999999998473],"[""right_image""]",0,2,2,3,1,,,,,
,,,,,085081,001,2025-10-18_14h12.58.270,Simon,2024.2.4,Win32,12.78772379,,,,,,,,,,1,101.6196,102.0086,,,,,,,,,,,images/yellow_butterfly.png,images/white_butterfly.png,right_image, ,,,,,,99.3007,101.6196,[0.16666666666666666],[-0.01781970649895178],[1],[0],[0],[2.3185000000000002],"[""right_image""]",0,3,3,2,1,,,,,
,,,,,085081,001,2025-10-18_14h12.58.270,Simon,2024.2.4,Win32,12.78772379,,,,,,,,,,1,104.0477,104.459,,,,,,,,,,,images/white_butterfly.png,images/yellow_butterfly.png,right_image, ,,,,,,102.0096,104.0476,[0.16457023060796647],[0.009433962264150943],[1],[0],[0],[2.0377000000001715],"[""right_image""]",1,0,4,3,1,,,,,
,,,,,085081,001,2025-10-18_14h12.58.270,Simon,2024.2.4,Win32,12.78772379,,,,,,,,,,1,105.9353,106.3433,,,,,,,,,,,images/purple_butterfly.png,images/white_butterfly.png,left_image, ,,,,,,104.4597,105.9352,[-0.15618448637316562],[-0.03039832285115304],[1],[0],[0],[1.4748999999999057],"[""left_image""]",1,1,5,0,1,,,,,
,,,,,085081,001,2025-10-18_14h12.58.270,Simon,2024.2.4,Win32,12.78772379,,,,,,,,,,1,109.0188,109.3918,,,,,,,,,,,images/white_butterfly.png,images/purple_butterfly.png,left_image, ,,,,,,106.3444,109.0188,[-0.14465408805031446],[0.051362683438155136],[1],[0],[0],[2.6739000000001454],"[""left_image""]",1,2,6,1,1,,,,,
,,,,,085081,001,2025-10-18_14h12.58.270,Simon,2024.2.4,Win32,12.78772379,,,,,,,,,,1,111.0639,111.4523,,,,,,,,,,,images/yellow_butterfly.png,images/white_butterfly.png,right_image, ,,,,,,109.3928,111.0639,[0.1320754716981132],[0.020964360587002098],[1],[0],[0],[1.6706000000000927],"[""right_image""]",1,3,7,2,1,,,,,
,,,,,085081,001,2025-10-18_14h12.58.270,Simon,2024.2.4,Win32,12.78772379,,,,,,,,,,1,113.3467,113.734,,,,,,,,,,,images/purple_butterfly.png,images/white_butterfly.png,left_image, ,,,,,,111.453,113.3466,[-0.12368972746331237],[0.01781970649895178],[1],[0],[0],[1.8931999999999505],"[""left_image""]",2,0,8,0,1,,,,,
,,,,,085081,001,2025-10-18_14h12.58.270,Simon,2024.2.4,Win32,12.78772379,,,,,,,,,,1,115.8993,116.3313,,,,,,,,,,,images/white_butterfly.png,images/yellow_butterfly.png,right_image, ,,,,,,113.7348,115.8993,[0.13522012578616352],[0.020964360587002098],[1],[0],[0],[2.164099999999877],"[""right_image""]",2,1,9,3,1,,,,,
,,,,,085081,001,2025-10-18_14h12.58.270,Simon,2024.2.4,Win32,12.78772379,,,,,,,,,,1,117.8948,118.4102,,,,,,,,,,,images/white_butterfly.png,images/purple_butterfly.png,left_image, ,,,,,,116.3318,117.8948,[-0.21069182389937108],[0.009433962264150943],[1],[0],[0],[1.5626999999999498],"[""left_image""]",2,2,10,1,1,,,,,
,,,,,085081,001,2025-10-18_14h12.58.270,Simon,2024.2.4,Win32,12.78772379,,,,,,,,,,1,121.8709,122.3298,,,,,,,,,,,images/yellow_butterfly.png,images/white_butterfly.png,right_image, ,,,,,,118.4107,121.8709,[0.1792452830188679],[-0.0020964360587002098],[1],[0],[0],[3.460000000000008],"[""right_image""]",2,3,11,2,1,,,,,
,,,,,085081,001,2025-10-18_14h12.58.270,Simon,2024.2.4,Win32,12.78772379,,,,,,,,,,1,123.3607,123.8391,,,,,,,,,,,images/yellow_butterfly.png,images/white_butterfly.png,right_image, ,,,,,,122.3304,123.3606,[0.1792452830188679],[-0.0020964360587002098],[1],[0],[0],[1.0300000000000011],"[""right_image""]",3,0,12,2,1,,,,,
,,,,,085081,001,2025-10-18_14h12.58.270,Simon,2024.2.4,Win32,12.78772379,,,,,,,,,,1,125.3598,125.7956,,,,,,,,,,,images/purple_butterfly.png,images/white_butterfly.png,left_image, ,,,,,,123.8395,125.3598,[-0.2190775681341719],[0.013626834381551363],[1],[0],[0],[1.5201000000000988],"[""left_image""]",3,1,13,0,1,,,,,
,,,,,085081,001,2025-10-18_14h12.58.270,Simon,2024.2.4,Win32,12.78772379,,,,,,,,,,1,126.8483,127.2689,,,,,,,,,,,images/white_butterfly.png,images/yellow_butterfly.png,right_image, ,,,,,,125.796,126.8483,[0.14255765199161424],[0],[1],[0],[0],[1.0519999999999925],"[""right_image""]",3,2,14,3,1,,,,,
,,,,,085081,001,2025-10-18_14h12.58.270,Simon,2024.2.4,Win32,12.78772379,,,,,,,,,,1,128.4446,128.859,,,,,,,,,,,images/white_butterfly.png,images/purple_butterfly.png,left_image, ,,,,,,127.2696,128.4446,[-0.20545073375262055],[0.011530398322851153],[1],[0],[0],[1.1746999999999446],"[""left_image""]",3,3,15,1,1,,,,,
,,,,,085081,001,2025-10-18_14h12.58.270,Simon,2024.2.4,Win32,12.78772379,,,,,,,,,,1,130.3168,130.76,,,,,,,,,,,images/purple_butterfly.png,images/white_butterfly.png,left_image, ,,,,,,128.8594,130.3167,[-0.2945492662473795],[0.03039832285115304],[1],[0],[0],[1.4569999999999936],"[""left_image""]",4,0,16,0,1,,,,,
,,,,,085081,001,2025-10-18_14h12.58.270,Simon,2024.2.4,Win32,12.78772379,,,,,,,,,,1,132.0272,132.5632,,,,,,,,,,,images/white_butterfly.png,images/yellow_butterfly.png,right_image, ,,,,,,130.7606,132.0271,[0.2840670859538784],[-0.006289308176100629],[1],[0],[0],[1.2649000000001251],"[""right_image""]",4,1,17,3,1,,,,,
,,,,,085081,001,2025-10-18_14h12.58.270,Simon,2024.2.4,Win32,12.78772379,,,,,,,,,,1,134.179,134.5905,,,,,,,,,,,images/white_butterfly.png,images/purple_butterfly.png,left_image, ,,,,,,132.5638,134.1789,[-0.17295597484276728],[0.0010482180293501049],[1],[0],[0],[1.6147999999998035],"[""left_image""]",4,2,18,1,1,,,,,
,,,,,085081,001,2025-10-18_14h12.58.270,Simon,2024.2.4,Win32,12.78772379,,,,,,,,,,1,136.3063,136.8291,,,,,,,,,,,images/yellow_butterfly.png,images/white_butterfly.png,right_image, ,,,,,,134.591,136.3062,[0.1530398322851153],[0.033542976939203356],[1],[0],[0],[1.7150000000000034],"[""right_image""]",4,3,19,2,1,,,,,
,,,,,085081,001,2025-10-18_14h12.58.270,Simon,2024.2.4,Win32,12.78772379,,,,,,,,,,,,,,,,,,,,,,,,,,,,,,,,,,,,,,,,,,,,,,136.8293,137.9466,1,[137.94630000000004],[137.9463999999999]
