﻿instructions.started,instructions.stopped,start_button.numClicks,start_button.timesOn,start_button.timesOff,participant,session,date,expName,psychopyVersion,OS,frameRate,practice_trial.started,practice_trial.stopped,mouse_2.x,mouse_2.y,mouse_2.leftButton,mouse_2.midButton,mouse_2.rightButton,mouse_2.time,mouse_2.clicked_name,correct,feedback.started,feedback.stopped,loop_until_correct.thisRepN,loop_until_correct.thisTrialN,loop_until_correct.thisN,loop_until_correct.thisIndex,loop_until_correct.ran,prac_trials.thisRepN,prac_trials.thisTrialN,prac_trials.thisN,prac_trials.thisIndex,prac_trials.ran,left_color,right_color,correct_response,top_txt,instructions_2.started,instructions_2.stopped,start_button_2.numClicks,start_button_2.timesOn,start_button_2.timesOff,trial.started,trial.stopped,mouse.x,mouse.y,mouse.leftButton,mouse.midButton,mouse.rightButton,mouse.time,mouse.clicked_name,trials.thisRepN,trials.thisTrialN,trials.thisN,trials.thisIndex,trials.ran,end.started,end.stopped,start_button_3.numClicks,start_button_3.timesOn,start_button_3.timesOff
0.0005,17.9271,1,[17.94140000000596],[17.94140000000596],085370,001,2025-10-30_08h54.24.602,Simon,2024.2.4,Win32,8,,,,,,,,,,,,,,,,,,,,,,,,,,,,,,,,,,,,,,,,,,,,,,,,,,
,,,,,085370,001,2025-10-30_08h54.24.602,Simon,2024.2.4,Win32,8,17.9504,23.4441,[-0.19153439153439153],[0.014285714285714285],[1],[0],[0],[5.49009999999404],"[""left_image_2"",""left_image_2""]",1,23.4446,24.0095,0,0,0,0,1,,,,,,,,,,,,,,,,,,,,,,,,,,,,,,,,,
,,,,,085370,001,2025-10-30_08h54.24.602,Simon,2024.2.4,Win32,8,,,,,,,,,,,,,,,,,,0,0,0,0,1,images/purple_butterfly.png,images/white_butterfly.png,left_image_2,"In this example, select the LEFT butterfly.",,,,,,,,,,,,,,,,,,,,,,,,
,,,,,085370,001,2025-10-30_08h54.24.602,Simon,2024.2.4,Win32,8,24.0112,24.4318,[-0.182010582010582],[0.018518518518518517],[1],[0],[0],[0.4187999999970202],"[""left_image_2"",""left_image_2""]",1,24.432,24.8814,0,0,0,0,1,,,,,,,,,,,,,,,,,,,,,,,,,,,,,,,,,
,,,,,085370,001,2025-10-30_08h54.24.602,Simon,2024.2.4,Win32,8,,,,,,,,,,,,,,,,,,0,1,1,1,1,images/white_butterfly.png,images/purple_butterfly.png,left_image_2,"In this example, select the LEFT butterfly.",,,,,,,,,,,,,,,,,,,,,,,,
,,,,,085370,001,2025-10-30_08h54.24.602,Simon,2024.2.4,Win32,8,24.8829,27.2179,[0.23386243386243386],[-0.013227513227513227],[1],[0],[0],[2.3334000000059554],"[""right_image_2"",""right_image_2""]",1,27.2181,27.6441,0,0,0,0,1,,,,,,,,,,,,,,,,,,,,,,,,,,,,,,,,,
,,,,,085370,001,2025-10-30_08h54.24.602,Simon,2024.2.4,Win32,8,,,,,,,,,,,,,,,,,,0,2,2,2,1,images/yellow_butterfly.png,images/white_butterfly.png,right_image_2,"In this example, select the RIGHT butterfly.",,,,,,,,,,,,,,,,,,,,,,,,
,,,,,085370,001,2025-10-30_08h54.24.602,Simon,2024.2.4,Win32,8,27.6456,32.5402,[0.2783068783068783],[0.02486772486772487],[1],[0],[0],[4.893499999999996],"[""right_image_2"",""right_image_2""]",1,32.5402,32.9771,0,0,0,0,1,,,,,,,,,,,,,,,,,,,,,,,,,,,,,,,,,
,,,,,085370,001,2025-10-30_08h54.24.602,Simon,2024.2.4,Win32,8,,,,,,,,,,,,,,,,,,0,3,3,3,1,images/white_butterfly.png,images/yellow_butterfly.png,right_image_2,"In this example, select the RIGHT butterfly.",,,,,,,,,,,,,,,,,,,,,,,,
,,,,,085370,001,2025-10-30_08h54.24.602,Simon,2024.2.4,Win32,8,,,,,,,,,,,,,,,,,,,,,,,,,,,32.9775,34.8237,1,[34.82629999999701],[34.82629999999701],,,,,,,,,,,,,,,,,,,
,,,,,085370,001,2025-10-30_08h54.24.602,Simon,2024.2.4,Win32,8,,,,,,,,,,0,39.3122,39.7312,,,,,,,,,,,images/yellow_butterfly.png,images/white_butterfly.png,right_image, ,,,,,,34.8303,39.3116,[-0.14708994708994708],[0.020634920634920634],[1],[0],[0],[4.480700000002983],"[""left_image""]",0,0,0,2,1,,,,,
,,,,,085370,001,2025-10-30_08h54.24.602,Simon,2024.2.4,Win32,8,,,,,,,,,,0,42.362,42.7733,,,,,,,,,,,images/white_butterfly.png,images/purple_butterfly.png,left_image, ,,,,,,39.732,42.3618,[0.15873015873015872],[-0.008994708994708995],[1],[0],[0],[2.6295],"[""right_image""]",0,1,1,1,1,,,,,
,,,,,085370,001,2025-10-30_08h54.24.602,Simon,2024.2.4,Win32,8,,,,,,,,,,0,43.6081,44.0062,,,,,,,,,,,images/white_butterfly.png,images/yellow_butterfly.png,right_image, ,,,,,,42.774,43.6081,[-0.3396825396825397],[0.013227513227513227],[1],[0],[0],[0.8339000000059613],"[""left_image""]",0,2,2,3,1,,,,,
,,,,,085370,001,2025-10-30_08h54.24.602,Simon,2024.2.4,Win32,8,,,,,,,,,,0,44.9222,45.3439,,,,,,,,,,,images/purple_butterfly.png,images/white_butterfly.png,left_image, ,,,,,,44.0068,44.9221,[0.20105820105820105],[0.021693121693121695],[1],[0],[0],[0.9150000000000063],"[""right_image""]",0,3,3,0,1,,,,,
,,,,,085370,001,2025-10-30_08h54.24.602,Simon,2024.2.4,Win32,8,,,,,,,,,,0,46.181,46.5888,,,,,,,,,,,images/white_butterfly.png,images/yellow_butterfly.png,right_image, ,,,,,,45.3446,46.1809,[-0.1365079365079365],[-0.0015873015873015873],[1],[0],[0],[0.8359000000059567],"[""left_image""]",1,0,4,3,1,,,,,
,,,,,085370,001,2025-10-30_08h54.24.602,Simon,2024.2.4,Win32,8,,,,,,,,,,0,47.1478,47.576,,,,,,,,,,,images/white_butterfly.png,images/purple_butterfly.png,left_image, ,,,,,,46.5893,47.1477,[0.1693121693121693],[0.008994708994708995],[1],[0],[0],[0.5580999999940417],"[""right_image""]",1,1,5,1,1,,,,,
,,,,,085370,001,2025-10-30_08h54.24.602,Simon,2024.2.4,Win32,8,,,,,,,,,,0,48.1369,48.5446,,,,,,,,,,,images/purple_butterfly.png,images/white_butterfly.png,left_image, ,,,,,,47.5764,48.1367,[0.1693121693121693],[0.008994708994708995],[1],[0],[0],[0.5598999999910603],"[""right_image""]",1,2,6,0,1,,,,,
,,,,,085370,001,2025-10-30_08h54.24.602,Simon,2024.2.4,Win32,8,,,,,,,,,,1,49.8729,50.3042,,,,,,,,,,,images/yellow_butterfly.png,images/white_butterfly.png,right_image, ,,,,,,48.5452,49.8722,[0.1693121693121693],[0.008994708994708995],[1],[0],[0],[1.3267000000029796],"[""right_image""]",1,3,7,2,1,,,,,
,,,,,085370,001,2025-10-30_08h54.24.602,Simon,2024.2.4,Win32,8,,,,,,,,,,0,52.7916,53.2065,,,,,,,,,,,images/white_butterfly.png,images/yellow_butterfly.png,right_image, ,,,,,,50.3049,52.791,[-0.10476190476190476],[0.0005291005291005291],[1],[0],[0],[2.4856999999880784],"[""left_image""]",2,0,8,3,1,,,,,
,,,,,085370,001,2025-10-30_08h54.24.602,Simon,2024.2.4,Win32,8,,,,,,,,,,1,56.2461,56.6817,,,,,,,,,,,images/yellow_butterfly.png,images/white_butterfly.png,right_image, ,,,,,,53.2069,56.2456,[0.308994708994709],[0.06084656084656084],[1],[0],[0],[3.038499999999999],"[""right_image""]",2,1,9,2,1,,,,,
,,,,,085370,001,2025-10-30_08h54.24.602,Simon,2024.2.4,Win32,8,,,,,,,,,,1,58.8859,59.2701,,,,,,,,,,,images/purple_butterfly.png,images/white_butterfly.png,left_image, ,,,,,,56.6821,58.8858,[-0.1724867724867725],[0.032275132275132276],[1],[0],[0],[2.2034999999999982],"[""left_image""]",2,2,10,0,1,,,,,
,,,,,085370,001,2025-10-30_08h54.24.602,Simon,2024.2.4,Win32,8,,,,,,,,,,0,61.7803,62.1807,,,,,,,,,,,images/white_butterfly.png,images/purple_butterfly.png,left_image, ,,,,,,59.2706,61.7798,[0.11428571428571428],[0.06296296296296296],[1],[0],[0],[2.5089000000059514],"[""right_image""]",2,3,11,1,1,,,,,
,,,,,085370,001,2025-10-30_08h54.24.602,Simon,2024.2.4,Win32,8,,,,,,,,,,1,63.521,63.9445,,,,,,,,,,,images/purple_butterfly.png,images/white_butterfly.png,left_image, ,,,,,,62.1811,63.5206,[-0.14497354497354498],[0.07883597883597884],[1],[0],[0],[1.3392999999970243],"[""left_image""]",3,0,12,0,1,,,,,
,,,,,085370,001,2025-10-30_08h54.24.602,Simon,2024.2.4,Win32,8,,,,,,,,,,0,65.9172,66.3486,,,,,,,,,,,images/yellow_butterfly.png,images/white_butterfly.png,right_image, ,,,,,,63.9451,65.9166,[-0.1671957671957672],[0.032275132275132276],[1],[0],[0],[1.971299999997015],"[""left_image""]",3,1,13,2,1,,,,,
,,,,,085370,001,2025-10-30_08h54.24.602,Simon,2024.2.4,Win32,8,,,,,,,,,,0,67.2728,67.6733,,,,,,,,,,,images/white_butterfly.png,images/purple_butterfly.png,left_image, ,,,,,,66.3492,67.2728,[0.11005291005291006],[0.05555555555555555],[1],[0],[0],[0.9233000000119205],"[""right_image""]",3,2,14,1,1,,,,,
,,,,,085370,001,2025-10-30_08h54.24.602,Simon,2024.2.4,Win32,8,,,,,,,,,,0,71.588,72.0105,,,,,,,,,,,images/white_butterfly.png,images/yellow_butterfly.png,right_image, ,,,,,,67.6739,71.5879,[-0.13333333333333333],[0.008994708994708995],[1],[0],[0],[3.9137999999970248],"[""left_image""]",3,3,15,3,1,,,,,
,,,,,085370,001,2025-10-30_08h54.24.602,Simon,2024.2.4,Win32,8,,,,,,,,,,0,73.5369,73.9619,,,,,,,,,,,images/white_butterfly.png,images/yellow_butterfly.png,right_image, ,,,,,,72.0112,73.5368,[-0.11957671957671957],[0.08941798941798942],[1],[0],[0],[1.524499999999989],"[""left_image""]",4,0,16,3,1,,,,,
,,,,,085370,001,2025-10-30_08h54.24.602,Simon,2024.2.4,Win32,8,,,,,,,,,,1,76.8201,77.2579,,,,,,,,,,,images/white_butterfly.png,images/purple_butterfly.png,left_image, ,,,,,,73.9624,76.8195,[-0.1037037037037037],[0.05873015873015873],[1],[0],[0],[2.8569999999999993],"[""left_image""]",4,1,17,1,1,,,,,
,,,,,085370,001,2025-10-30_08h54.24.602,Simon,2024.2.4,Win32,8,,,,,,,,,,0,82.425,82.855,,,,,,,,,,,images/yellow_butterfly.png,images/white_butterfly.png,right_image, ,,,,,,77.2583,82.4244,[-0.11746031746031746],[-0.0005291005291005291],[1],[0],[0],[5.16579999999702],"[""left_image""]",4,2,18,2,1,,,,,
,,,,,085370,001,2025-10-30_08h54.24.602,Simon,2024.2.4,Win32,8,,,,,,,,,,1,84.082,84.5021,,,,,,,,,,,images/purple_butterfly.png,images/white_butterfly.png,left_image, ,,,,,,82.8555,84.0816,[-0.0962962962962963],[0.06507936507936508],[1],[0],[0],[1.2257999999970224],"[""left_image""]",4,3,19,0,1,,,,,
,,,,,085370,001,2025-10-30_08h54.24.602,Simon,2024.2.4,Win32,8,,,,,,,,,,,,,,,,,,,,,,,,,,,,,,,,,,,,,,,,,,,,,,84.5026,85.868,1,[85.86779999999702],[85.86779999999702]
