﻿instructions.started,instructions.stopped,start_button.numClicks,start_button.timesOn,start_button.timesOff,participant,session,date,expName,psychopyVersion,OS,frameRate,practice_trial.started,practice_trial.stopped,mouse_2.x,mouse_2.y,mouse_2.leftButton,mouse_2.midButton,mouse_2.rightButton,mouse_2.time,mouse_2.clicked_name,correct,feedback.started,feedback.stopped,loop_until_correct.thisRepN,loop_until_correct.thisTrialN,loop_until_correct.thisN,loop_until_correct.thisIndex,loop_until_correct.ran,prac_trials.thisRepN,prac_trials.thisTrialN,prac_trials.thisN,prac_trials.thisIndex,prac_trials.ran,left_color,right_color,correct_response,top_txt,instructions_2.started,instructions_2.stopped,start_button_2.numClicks,start_button_2.timesOn,start_button_2.timesOff,trial.started,trial.stopped,mouse.x,mouse.y,mouse.leftButton,mouse.midButton,mouse.rightButton,mouse.time,mouse.clicked_name,trials.thisRepN,trials.thisTrialN,trials.thisN,trials.thisIndex,trials.ran,end.started,end.stopped,start_button_3.numClicks,start_button_3.timesOn,start_button_3.timesOff
0.0009,17.0538,1,[17.08489999999991],[17.08489999999991],086914,001,2026-01-29_10h21.52.857,Simon,2024.2.4,Win32,60.60606061,,,,,,,,,,,,,,,,,,,,,,,,,,,,,,,,,,,,,,,,,,,,,,,,,,
,,,,,086914,001,2026-01-29_10h21.52.857,Simon,2024.2.4,Win32,60.60606061,17.0877,19.6613,[-0.13270142180094788],[-0.08925750394944708],[1],[0],[0],[2.569599999999859],"[""left_image_2"",""left_image_2""]",1,19.6634,20.1602,0,0,0,0,1,,,,,,,,,,,,,,,,,,,,,,,,,,,,,,,,,
,,,,,086914,001,2026-01-29_10h21.52.857,Simon,2024.2.4,Win32,60.60606061,,,,,,,,,,,,,,,,,,0,0,0,0,1,images/purple_butterfly.png,images/white_butterfly.png,left_image_2,"In this example, select the LEFT butterfly.",,,,,,,,,,,,,,,,,,,,,,,,
,,,,,086914,001,2026-01-29_10h21.52.857,Simon,2024.2.4,Win32,60.60606061,20.1653,21.3857,[-0.13270142180094788],[-0.08925750394944708],[1],[0],[0],[1.218],"[""left_image_2"",""left_image_2""]",1,21.3859,21.8775,0,0,0,0,1,,,,,,,,,,,,,,,,,,,,,,,,,,,,,,,,,
,,,,,086914,001,2026-01-29_10h21.52.857,Simon,2024.2.4,Win32,60.60606061,,,,,,,,,,,,,,,,,,0,1,1,1,1,images/white_butterfly.png,images/purple_butterfly.png,left_image_2,"In this example, select the LEFT butterfly.",,,,,,,,,,,,,,,,,,,,,,,,
,,,,,086914,001,2026-01-29_10h21.52.857,Simon,2024.2.4,Win32,60.60606061,21.8805,26.3443,[0.17851500789889416],[-0.04818325434439179],[1],[0],[0],[4.461699999999951],"[""right_image_2"",""right_image_2""]",1,26.3455,26.8436,0,0,0,0,1,,,,,,,,,,,,,,,,,,,,,,,,,,,,,,,,,
,,,,,086914,001,2026-01-29_10h21.52.857,Simon,2024.2.4,Win32,60.60606061,,,,,,,,,,,,,,,,,,0,2,2,2,1,images/yellow_butterfly.png,images/white_butterfly.png,right_image_2,"In this example, select the RIGHT butterfly.",,,,,,,,,,,,,,,,,,,,,,,,
,,,,,086914,001,2026-01-29_10h21.52.857,Simon,2024.2.4,Win32,60.60606061,26.8483,27.9778,[0.17851500789889416],[-0.04818325434439179],[1],[0],[0],[1.1273999999999091],"[""right_image_2"",""right_image_2""]",1,27.9784,28.4854,0,0,0,0,1,,,,,,,,,,,,,,,,,,,,,,,,,,,,,,,,,
,,,,,086914,001,2026-01-29_10h21.52.857,Simon,2024.2.4,Win32,60.60606061,,,,,,,,,,,,,,,,,,0,3,3,3,1,images/white_butterfly.png,images/yellow_butterfly.png,right_image_2,"In this example, select the RIGHT butterfly.",,,,,,,,,,,,,,,,,,,,,,,,
,,,,,086914,001,2026-01-29_10h21.52.857,Simon,2024.2.4,Win32,60.60606061,,,,,,,,,,,,,,,,,,,,,,,,,,,28.486,29.6198,1,[29.628000000000004],[29.628000000000004],,,,,,,,,,,,,,,,,,,
,,,,,086914,001,2026-01-29_10h21.52.857,Simon,2024.2.4,Win32,60.60606061,,,,,,,,,,1,30.7717,31.261,,,,,,,,,,,images/yellow_butterfly.png,images/white_butterfly.png,right_image, ,,,,,,29.6357,30.7716,[0.13744075829383887],[-0.019747235387045814],[1],[0],[0],[1.1348000000000482],"[""right_image""]",0,0,0,2,1,,,,,
,,,,,086914,001,2026-01-29_10h21.52.857,Simon,2024.2.4,Win32,60.60606061,,,,,,,,,,1,32.0094,32.5098,,,,,,,,,,,images/white_butterfly.png,images/yellow_butterfly.png,right_image, ,,,,,,31.2631,32.0093,[0.14218009478672985],[-0.010268562401263823],[1],[0],[0],[0.7454000000001457],"[""right_image""]",0,1,1,3,1,,,,,
,,,,,086914,001,2026-01-29_10h21.52.857,Simon,2024.2.4,Win32,60.60606061,,,,,,,,,,1,33.4037,33.906,,,,,,,,,,,images/purple_butterfly.png,images/white_butterfly.png,left_image, ,,,,,,32.5107,33.4036,[-0.28278041074249605],[-0.03238546603475513],[1],[0],[0],[0.8921000000000916],"[""left_image""]",0,2,2,0,1,,,,,
,,,,,086914,001,2026-01-29_10h21.52.857,Simon,2024.2.4,Win32,60.60606061,,,,,,,,,,1,34.5606,35.0594,,,,,,,,,,,images/white_butterfly.png,images/purple_butterfly.png,left_image, ,,,,,,33.9074,34.5603,[-0.14375987361769352],[-0.005529225908372828],[1],[0],[0],[0.6522000000001853],"[""left_image""]",0,3,3,1,1,,,,,
,,,,,086914,001,2026-01-29_10h21.52.857,Simon,2024.2.4,Win32,60.60606061,,,,,,,,,,1,36.1387,36.6264,,,,,,,,,,,images/white_butterfly.png,images/yellow_butterfly.png,right_image, ,,,,,,35.0624,36.1385,[0.24486571879936808],[0.011848341232227487],[1],[0],[0],[1.0756000000000938],"[""right_image""]",1,0,4,3,1,,,,,
,,,,,086914,001,2026-01-29_10h21.52.857,Simon,2024.2.4,Win32,60.60606061,,,,,,,,,,1,37.2867,37.7766,,,,,,,,,,,images/yellow_butterfly.png,images/white_butterfly.png,right_image, ,,,,,,36.6285,37.2866,[0.24170616113744076],[0.011848341232227487],[1],[0],[0],[0.6572000000001879],"[""right_image""]",1,1,5,2,1,,,,,
,,,,,086914,001,2026-01-29_10h21.52.857,Simon,2024.2.4,Win32,60.60606061,,,,,,,,,,1,38.6597,39.16,,,,,,,,,,,images/white_butterfly.png,images/purple_butterfly.png,left_image, ,,,,,,37.779,38.6596,[-0.1848341232227488],[-0.016587677725118485],[1],[0],[0],[0.8801000000000911],"[""left_image""]",1,2,6,1,1,,,,,
,,,,,086914,001,2026-01-29_10h21.52.857,Simon,2024.2.4,Win32,60.60606061,,,,,,,,,,1,39.9099,40.4097,,,,,,,,,,,images/purple_butterfly.png,images/white_butterfly.png,left_image, ,,,,,,39.1612,39.9097,[-0.13270142180094788],[-0.002369668246445498],[1],[0],[0],[0.7476000000000909],"[""left_image""]",1,3,7,0,1,,,,,
,,,,,086914,001,2026-01-29_10h21.52.857,Simon,2024.2.4,Win32,60.60606061,,,,,,,,,,1,41.1092,41.6089,,,,,,,,,,,images/yellow_butterfly.png,images/white_butterfly.png,right_image, ,,,,,,40.4108,41.1091,[0.21800947867298578],[0.029225908372827805],[1],[0],[0],[0.6979000000001392],"[""right_image""]",2,0,8,2,1,,,,,
,,,,,086914,001,2026-01-29_10h21.52.857,Simon,2024.2.4,Win32,60.60606061,,,,,,,,,,1,42.827,43.3371,,,,,,,,,,,images/white_butterfly.png,images/yellow_butterfly.png,right_image, ,,,,,,41.6098,42.8268,[0.11058451816745656],[-0.008688783570300158],[1],[0],[0],[1.2160999999998552],"[""right_image""]",2,1,9,3,1,,,,,
,,,,,086914,001,2026-01-29_10h21.52.857,Simon,2024.2.4,Win32,60.60606061,,,,,,,,,,1,44.0771,44.5761,,,,,,,,,,,images/purple_butterfly.png,images/white_butterfly.png,left_image, ,,,,,,43.338,44.0767,[-0.1895734597156398],[-0.026066350710900472],[1],[0],[0],[0.7380999999998608],"[""left_image""]",2,2,10,0,1,,,,,
,,,,,086914,001,2026-01-29_10h21.52.857,Simon,2024.2.4,Win32,60.60606061,,,,,,,,,,1,45.0257,45.5256,,,,,,,,,,,images/white_butterfly.png,images/purple_butterfly.png,left_image, ,,,,,,44.5782,45.0256,[-0.1895734597156398],[-0.026066350710900472],[1],[0],[0],[0.44669999999995724],"[""left_image""]",2,3,11,1,1,,,,,
,,,,,086914,001,2026-01-29_10h21.52.857,Simon,2024.2.4,Win32,60.60606061,,,,,,,,,,1,46.4191,46.9097,,,,,,,,,,,images/white_butterfly.png,images/yellow_butterfly.png,right_image, ,,,,,,45.5275,46.419,[0.08214849921011058],[0.02132701421800948],[1],[0],[0],[0.8908000000000484],"[""right_image""]",3,0,12,3,1,,,,,
,,,,,086914,001,2026-01-29_10h21.52.857,Simon,2024.2.4,Win32,60.60606061,,,,,,,,,,1,47.6924,48.1924,,,,,,,,,,,images/white_butterfly.png,images/purple_butterfly.png,left_image, ,,,,,,46.9118,47.6924,[-0.30173775671406006],[-0.019747235387045814],[1],[0],[0],[0.7800000000000011],"[""left_image""]",3,1,13,1,1,,,,,
,,,,,086914,001,2026-01-29_10h21.52.857,Simon,2024.2.4,Win32,60.60606061,,,,,,,,,,1,48.7586,49.2589,,,,,,,,,,,images/purple_butterfly.png,images/white_butterfly.png,left_image, ,,,,,,48.1934,48.7585,[-0.1579778830963665],[-0.010268562401263823],[1],[0],[0],[0.5641000000000957],"[""left_image""]",3,2,14,0,1,,,,,
,,,,,086914,001,2026-01-29_10h21.52.857,Simon,2024.2.4,Win32,60.60606061,,,,,,,,,,1,50.0039,50.4966,,,,,,,,,,,images/yellow_butterfly.png,images/white_butterfly.png,right_image, ,,,,,,49.2599,50.0038,[0.1406003159557662],[0.011848341232227487],[1],[0],[0],[0.7436000000000931],"[""right_image""]",3,3,15,2,1,,,,,
,,,,,086914,001,2026-01-29_10h21.52.857,Simon,2024.2.4,Win32,60.60606061,,,,,,,,,,1,51.1692,51.6588,,,,,,,,,,,images/yellow_butterfly.png,images/white_butterfly.png,right_image, ,,,,,,50.4984,51.1692,[0.14533965244865718],[0.013428120063191154],[1],[0],[0],[0.6705000000000041],"[""right_image""]",4,0,16,2,1,,,,,
,,,,,086914,001,2026-01-29_10h21.52.857,Simon,2024.2.4,Win32,60.60606061,,,,,,,,,,1,52.6371,53.1273,,,,,,,,,,,images/white_butterfly.png,images/yellow_butterfly.png,right_image, ,,,,,,51.661,52.637,[0.16113744075829384],[0.0071090047393364926],[1],[0],[0],[0.9750999999998626],"[""right_image""]",4,1,17,3,1,,,,,
,,,,,086914,001,2026-01-29_10h21.52.857,Simon,2024.2.4,Win32,60.60606061,,,,,,,,,,1,53.9582,54.4582,,,,,,,,,,,images/purple_butterfly.png,images/white_butterfly.png,left_image, ,,,,,,53.1285,53.9582,[-0.13428120063191154],[0.008688783570300158],[1],[0],[0],[0.8293000000000461],"[""left_image""]",4,2,18,0,1,,,,,
,,,,,086914,001,2026-01-29_10h21.52.857,Simon,2024.2.4,Win32,60.60606061,,,,,,,,,,0,55.4776,55.9665,,,,,,,,,,,images/white_butterfly.png,images/purple_butterfly.png,left_image, ,,,,,,54.459,55.4756,[0.13744075829383887],[-0.010268562401263823],[1],[0],[0],[1.0158999999999097],"[""right_image""]",4,3,19,1,1,,,,,
,,,,,086914,001,2026-01-29_10h21.52.857,Simon,2024.2.4,Win32,60.60606061,,,,,,,,,,,,,,,,,,,,,,,,,,,,,,,,,,,,,,,,,,,,,,55.9676,57.8028,1,[57.802399999999906],[57.802399999999906]
