﻿instructions.started,instructions.stopped,start_button.numClicks,start_button.timesOn,start_button.timesOff,participant,session,date,expName,psychopyVersion,OS,frameRate,practice_trial.started,practice_trial.stopped,mouse_2.x,mouse_2.y,mouse_2.leftButton,mouse_2.midButton,mouse_2.rightButton,mouse_2.time,mouse_2.clicked_name,correct,feedback.started,feedback.stopped,loop_until_correct.thisRepN,loop_until_correct.thisTrialN,loop_until_correct.thisN,loop_until_correct.thisIndex,loop_until_correct.ran,prac_trials.thisRepN,prac_trials.thisTrialN,prac_trials.thisN,prac_trials.thisIndex,prac_trials.ran,left_color,right_color,correct_response,top_txt,instructions_2.started,instructions_2.stopped,start_button_2.numClicks,start_button_2.timesOn,start_button_2.timesOff,trial.started,trial.stopped,mouse.x,mouse.y,mouse.leftButton,mouse.midButton,mouse.rightButton,mouse.time,mouse.clicked_name,trials.thisRepN,trials.thisTrialN,trials.thisN,trials.thisIndex,trials.ran,end.started,end.stopped,start_button_3.numClicks,start_button_3.timesOn,start_button_3.timesOff
0.0001,12.3504,1,[12.363],[12.363100000023842],089354,001,2025-04-16_23h58.43.061,Simon,2024.2.4,Win32,58.82352941,,,,,,,,,,,,,,,,,,,,,,,,,,,,,,,,,,,,,,,,,,,,,,,,,,
,,,,,089354,001,2025-04-16_23h58.43.061,Simon,2024.2.4,Win32,58.82352941,12.3942,14.8495,[0.21715526601520088],[0.013572204125950055],[1],[0],[0],[2.4533999999761598],"[""right_image_2"",""right_image_2""]",0,14.85,15.3492,0,0,0,0,1,,,,,,,,,,,,,,,,,,,,,,,,,,,,,,,,,
,,,,,089354,001,2025-04-16_23h58.43.061,Simon,2024.2.4,Win32,58.82352941,15.3498,20.3,[-0.23561346362649294],[0.039630836047774155],[1],[0],[0],[4.949499999999997],"[""left_image_2"",""left_image_2""]",1,20.3014,20.7997,1,0,1,0,1,,,,,,,,,,,,,,,,,,,,,,,,,,,,,,,,,
,,,,,089354,001,2025-04-16_23h58.43.061,Simon,2024.2.4,Win32,58.82352941,,,,,,,,,,,,,,,,,,0,0,0,0,1,images/purple_butterfly.png,images/white_butterfly.png,left_image_2,"In this example, select the LEFT butterfly.",,,,,,,,,,,,,,,,,,,,,,,,
,,,,,089354,001,2025-04-16_23h58.43.061,Simon,2024.2.4,Win32,58.82352941,20.8029,23.0162,[-0.22149837133550487],[0.025515743756786103],[1],[0],[0],[2.211700000047685],"[""left_image_2"",""left_image_2""]",1,23.0164,23.517,0,0,0,0,1,,,,,,,,,,,,,,,,,,,,,,,,,,,,,,,,,
,,,,,089354,001,2025-04-16_23h58.43.061,Simon,2024.2.4,Win32,58.82352941,,,,,,,,,,,,,,,,,,0,1,1,1,1,images/white_butterfly.png,images/purple_butterfly.png,left_image_2,"In this example, select the LEFT butterfly.",,,,,,,,,,,,,,,,,,,,,,,,
,,,,,089354,001,2025-04-16_23h58.43.061,Simon,2024.2.4,Win32,58.82352941,23.5211,25.4497,[0.18675352877307275],[0.008143322475570033],[1],[0],[0],[1.927100000023838],"[""right_image_2"",""right_image_2""]",1,25.4499,25.95,0,0,0,0,1,,,,,,,,,,,,,,,,,,,,,,,,,,,,,,,,,
,,,,,089354,001,2025-04-16_23h58.43.061,Simon,2024.2.4,Win32,58.82352941,,,,,,,,,,,,,,,,,,0,2,2,2,1,images/yellow_butterfly.png,images/white_butterfly.png,right_image_2,"In this example, select the RIGHT butterfly.",,,,,,,,,,,,,,,,,,,,,,,,
,,,,,089354,001,2025-04-16_23h58.43.061,Simon,2024.2.4,Win32,58.82352941,25.9526,29.4498,[0.18458197611292074],[0.008143322475570033],[1],[0],[0],[3.4961999999284785],"[""right_image_2"",""right_image_2""]",1,29.45,29.95,0,0,0,0,1,,,,,,,,,,,,,,,,,,,,,,,,,,,,,,,,,
,,,,,089354,001,2025-04-16_23h58.43.061,Simon,2024.2.4,Win32,58.82352941,,,,,,,,,,,,,,,,,,0,3,3,3,1,images/white_butterfly.png,images/yellow_butterfly.png,right_image_2,"In this example, select the RIGHT butterfly.",,,,,,,,,,,,,,,,,,,,,,,,
,,,,,089354,001,2025-04-16_23h58.43.061,Simon,2024.2.4,Win32,58.82352941,,,,,,,,,,,,,,,,,,,,,,,,,,,29.9502,36.2008,1,[36.20419999992848],[36.20429999995232],,,,,,,,,,,,,,,,,,,
,,,,,089354,001,2025-04-16_23h58.43.061,Simon,2024.2.4,Win32,58.82352941,,,,,,,,,,0,39.285,39.7839,,,,,,,,,,,images/purple_butterfly.png,images/white_butterfly.png,left_image, ,,,,,,36.2123,39.2842,[0.18132464712269272],[0.004885993485342019],[1],[0],[0],[3.07110000002384],"[""right_image""]",0,0,0,0,1,,,,,
,,,,,089354,001,2025-04-16_23h58.43.061,Simon,2024.2.4,Win32,58.82352941,,,,,,,,,,0,41.3679,41.8675,,,,,,,,,,,images/white_butterfly.png,images/purple_butterfly.png,left_image, ,,,,,,39.7849,41.3678,[0.18132464712269272],[0.004885993485342019],[1],[0],[0],[1.5824000000953689],"[""right_image""]",0,1,1,1,1,,,,,
,,,,,089354,001,2025-04-16_23h58.43.061,Simon,2024.2.4,Win32,58.82352941,,,,,,,,,,1,42.9024,43.4012,,,,,,,,,,,images/yellow_butterfly.png,images/white_butterfly.png,right_image, ,,,,,,41.8685,42.9011,[0.1758957654723127],[0.004885993485342019],[1],[0],[0],[1.0318999999761616],"[""right_image""]",0,2,2,2,1,,,,,
,,,,,089354,001,2025-04-16_23h58.43.061,Simon,2024.2.4,Win32,58.82352941,,,,,,,,,,1,43.9346,44.4346,,,,,,,,,,,images/white_butterfly.png,images/yellow_butterfly.png,right_image, ,,,,,,43.4026,43.9344,[0.1758957654723127],[0.004885993485342019],[1],[0],[0],[0.5308999999761568],"[""right_image""]",0,3,3,3,1,,,,,
,,,,,089354,001,2025-04-16_23h58.43.061,Simon,2024.2.4,Win32,58.82352941,,,,,,,,,,1,47.1011,47.6015,,,,,,,,,,,images/white_butterfly.png,images/purple_butterfly.png,left_image, ,,,,,,44.4359,47.101,[-0.256243213897937],[0.0494028230184582],[1],[0],[0],[2.664600000023839],"[""left_image""]",1,0,4,1,1,,,,,
,,,,,089354,001,2025-04-16_23h58.43.061,Simon,2024.2.4,Win32,58.82352941,,,,,,,,,,1,48.8515,49.3511,,,,,,,,,,,images/white_butterfly.png,images/yellow_butterfly.png,right_image, ,,,,,,47.6026,48.8513,[0.1986970684039088],[0.026601520086862108],[1],[0],[0],[1.2478999999761555],"[""right_image""]",1,1,5,3,1,,,,,
,,,,,089354,001,2025-04-16_23h58.43.061,Simon,2024.2.4,Win32,58.82352941,,,,,,,,,,1,50.5181,51.0187,,,,,,,,,,,images/yellow_butterfly.png,images/white_butterfly.png,right_image, ,,,,,,49.3519,50.518,[0.19326818675352878],[-0.0016286644951140066],[1],[0],[0],[1.1656000000238436],"[""right_image""]",1,2,6,2,1,,,,,
,,,,,089354,001,2025-04-16_23h58.43.061,Simon,2024.2.4,Win32,58.82352941,,,,,,,,,,1,51.7515,52.2513,,,,,,,,,,,images/purple_butterfly.png,images/white_butterfly.png,left_image, ,,,,,,51.0202,51.7514,[-0.1769815418023887],[0.003800217155266015],[1],[0],[0],[0.7306000000238413],"[""left_image""]",1,3,7,0,1,,,,,
,,,,,089354,001,2025-04-16_23h58.43.061,Simon,2024.2.4,Win32,58.82352941,,,,,,,,,,1,53.2683,53.7681,,,,,,,,,,,images/yellow_butterfly.png,images/white_butterfly.png,right_image, ,,,,,,52.2519,53.2682,[0.248642779587405],[0.0005428881650380022],[1],[0],[0],[1.0158999999761562],"[""right_image""]",2,0,8,2,1,,,,,
,,,,,089354,001,2025-04-16_23h58.43.061,Simon,2024.2.4,Win32,58.82352941,,,,,,,,,,1,54.4018,54.902,,,,,,,,,,,images/purple_butterfly.png,images/white_butterfly.png,left_image, ,,,,,,53.7687,54.4018,[-0.19109663409337677],[0.007057546145494028],[1],[0],[0],[0.6328000000715193],"[""left_image""]",2,1,9,0,1,,,,,
,,,,,089354,001,2025-04-16_23h58.43.061,Simon,2024.2.4,Win32,58.82352941,,,,,,,,,,1,57.552,58.0514,,,,,,,,,,,images/white_butterfly.png,images/purple_butterfly.png,left_image, ,,,,,,54.9037,57.5519,[-0.23561346362649294],[0.013572204125950055],[1],[0],[0],[2.6467999999523215],"[""left_image""]",2,2,10,1,1,,,,,
,,,,,089354,001,2025-04-16_23h58.43.061,Simon,2024.2.4,Win32,58.82352941,,,,,,,,,,1,59.2017,59.7018,,,,,,,,,,,images/white_butterfly.png,images/yellow_butterfly.png,right_image, ,,,,,,58.052,59.2017,[0.18892508143322476],[0.009229098805646038],[1],[0],[0],[1.149499999999989],"[""right_image""]",2,3,11,3,1,,,,,
,,,,,089354,001,2025-04-16_23h58.43.061,Simon,2024.2.4,Win32,58.82352941,,,,,,,,,,1,60.8851,61.386,,,,,,,,,,,images/purple_butterfly.png,images/white_butterfly.png,left_image, ,,,,,,59.7022,60.8849,[-0.15852334419109662],[0.008143322475570033],[1],[0],[0],[1.1822999999523205],"[""left_image""]",3,0,12,0,1,,,,,
,,,,,089354,001,2025-04-16_23h58.43.061,Simon,2024.2.4,Win32,58.82352941,,,,,,,,,,1,62.4687,62.9683,,,,,,,,,,,images/white_butterfly.png,images/yellow_butterfly.png,right_image, ,,,,,,61.388,62.4687,[0.17263843648208468],[0.007057546145494028],[1],[0],[0],[1.079600000023845],"[""right_image""]",3,1,13,3,1,,,,,
,,,,,089354,001,2025-04-16_23h58.43.061,Simon,2024.2.4,Win32,58.82352941,,,,,,,,,,1,64.3355,64.8351,,,,,,,,,,,images/white_butterfly.png,images/purple_butterfly.png,left_image, ,,,,,,62.9694,64.3354,[-0.11183496199782844],[0.0027144408251900108],[1],[0],[0],[1.3657000000476813],"[""left_image""]",3,2,14,1,1,,,,,
,,,,,089354,001,2025-04-16_23h58.43.061,Simon,2024.2.4,Win32,58.82352941,,,,,,,,,,1,65.7191,66.2187,,,,,,,,,,,images/yellow_butterfly.png,images/white_butterfly.png,right_image, ,,,,,,64.8361,65.7189,[0.17263843648208468],[-0.0005428881650380022],[1],[0],[0],[0.8823999999761583],"[""right_image""]",3,3,15,2,1,,,,,
,,,,,089354,001,2025-04-16_23h58.43.061,Simon,2024.2.4,Win32,58.82352941,,,,,,,,,,1,67.3189,67.8191,,,,,,,,,,,images/white_butterfly.png,images/purple_butterfly.png,left_image, ,,,,,,66.2193,67.3188,[-0.15526601520086863],[-0.0027144408251900108],[1],[0],[0],[1.0988999999761546],"[""left_image""]",4,0,16,1,1,,,,,
,,,,,089354,001,2025-04-16_23h58.43.061,Simon,2024.2.4,Win32,58.82352941,,,,,,,,,,1,68.5858,69.0857,,,,,,,,,,,images/purple_butterfly.png,images/white_butterfly.png,left_image, ,,,,,,67.8202,68.5857,[-0.18783930510314875],[0.0027144408251900108],[1],[0],[0],[0.7648999999761656],"[""left_image""]",4,1,17,0,1,,,,,
,,,,,089354,001,2025-04-16_23h58.43.061,Simon,2024.2.4,Win32,58.82352941,,,,,,,,,,1,70.1192,70.6192,,,,,,,,,,,images/white_butterfly.png,images/yellow_butterfly.png,right_image, ,,,,,,69.0863,70.1192,[0.19435396308360478],[0.003800217155266015],[1],[0],[0],[1.032399999976164],"[""right_image""]",4,2,18,3,1,,,,,
,,,,,089354,001,2025-04-16_23h58.43.061,Simon,2024.2.4,Win32,58.82352941,,,,,,,,,,1,70.9861,71.4861,,,,,,,,,,,images/yellow_butterfly.png,images/white_butterfly.png,right_image, ,,,,,,70.6207,70.9859,[0.16720955483170466],[0.007057546145494028],[1],[0],[0],[0.36369999992847113],"[""right_image""]",4,3,19,2,1,,,,,
,,,,,089354,001,2025-04-16_23h58.43.061,Simon,2024.2.4,Win32,58.82352941,,,,,,,,,,,,,,,,,,,,,,,,,,,,,,,,,,,,,,,,,,,,,,71.4867,72.9698,1,[72.96919999992846],[72.96919999992846]
