﻿instructions.started,instructions.stopped,start_button.numClicks,start_button.timesOn,start_button.timesOff,participant,session,date,expName,psychopyVersion,OS,frameRate,practice_trial.started,practice_trial.stopped,mouse_2.x,mouse_2.y,mouse_2.leftButton,mouse_2.midButton,mouse_2.rightButton,mouse_2.time,mouse_2.clicked_name,correct,feedback.started,feedback.stopped,loop_until_correct.thisRepN,loop_until_correct.thisTrialN,loop_until_correct.thisN,loop_until_correct.thisIndex,loop_until_correct.ran,prac_trials.thisRepN,prac_trials.thisTrialN,prac_trials.thisN,prac_trials.thisIndex,prac_trials.ran,left_color,right_color,correct_response,top_txt,instructions_2.started,instructions_2.stopped,start_button_2.numClicks,start_button_2.timesOn,start_button_2.timesOff,trial.started,trial.stopped,mouse.x,mouse.y,mouse.leftButton,mouse.midButton,mouse.rightButton,mouse.time,mouse.clicked_name,trials.thisRepN,trials.thisTrialN,trials.thisN,trials.thisIndex,trials.ran,end.started,end.stopped,start_button_3.numClicks,start_button_3.timesOn,start_button_3.timesOff
0.0002,58.3055,1,[58.31309999990463],[58.31309999990463],089354,001,2025-10-31_09h07.57.307,Simon,2024.2.4,Win32,60.24096386,,,,,,,,,,,,,,,,,,,,,,,,,,,,,,,,,,,,,,,,,,,,,,,,,,
,,,,,089354,001,2025-10-31_09h07.57.307,Simon,2024.2.4,Win32,60.24096386,58.3165,64.9876,[-0.19620594551892784],[-0.03929539295392954],[1],[0],[0],[6.668599999904629],"[""left_image_2"",""left_image_2""]",1,64.9887,65.4818,0,0,0,0,1,,,,,,,,,,,,,,,,,,,,,,,,,,,,,,,,,
,,,,,089354,001,2025-10-31_09h07.57.307,Simon,2024.2.4,Win32,60.24096386,,,,,,,,,,,,,,,,,,0,0,0,0,1,images/purple_butterfly.png,images/white_butterfly.png,left_image_2,"In this example, select the LEFT butterfly.",,,,,,,,,,,,,,,,,,,,,,,,
,,,,,089354,001,2025-10-31_09h07.57.307,Simon,2024.2.4,Win32,60.24096386,65.4848,70.0525,[-0.19295387991721713],[0.011653124801511688],[1],[0],[0],[4.5660000000000025],"[""left_image_2"",""left_image_2""]",1,70.0526,70.552,0,0,0,0,1,,,,,,,,,,,,,,,,,,,,,,,,,,,,,,,,,
,,,,,089354,001,2025-10-31_09h07.57.307,Simon,2024.2.4,Win32,60.24096386,,,,,,,,,,,,,,,,,,0,1,1,1,1,images/white_butterfly.png,images/purple_butterfly.png,left_image_2,"In this example, select the LEFT butterfly.",,,,,,,,,,,,,,,,,,,,,,,,
,,,,,089354,001,2025-10-31_09h07.57.307,Simon,2024.2.4,Win32,60.24096386,70.5539,74.6119,[0.18536583711784382],[0.01707317900205369],[1],[0],[0],[4.056299999952316],"[""right_image_2"",""right_image_2""]",1,74.6122,75.1119,0,0,0,0,1,,,,,,,,,,,,,,,,,,,,,,,,,,,,,,,,,
,,,,,089354,001,2025-10-31_09h07.57.307,Simon,2024.2.4,Win32,60.24096386,,,,,,,,,,,,,,,,,,0,2,2,2,1,images/yellow_butterfly.png,images/white_butterfly.png,right_image_2,"In this example, select the RIGHT butterfly.",,,,,,,,,,,,,,,,,,,,,,,,
,,,,,089354,001,2025-10-31_09h07.57.307,Simon,2024.2.4,Win32,60.24096386,75.1144,78.7324,[0.22330621652163787],[-0.006775067750677507],[1],[0],[0],[3.6172999999523228],"[""right_image_2"",""right_image_2""]",1,78.7325,79.2263,0,0,0,0,1,,,,,,,,,,,,,,,,,,,,,,,,,,,,,,,,,
,,,,,089354,001,2025-10-31_09h07.57.307,Simon,2024.2.4,Win32,60.24096386,,,,,,,,,,,,,,,,,,0,3,3,3,1,images/white_butterfly.png,images/yellow_butterfly.png,right_image_2,"In this example, select the RIGHT butterfly.",,,,,,,,,,,,,,,,,,,,,,,,
,,,,,089354,001,2025-10-31_09h07.57.307,Simon,2024.2.4,Win32,60.24096386,,,,,,,,,,,,,,,,,,,,,,,,,,,79.2269,81.8429,1,[81.84410000002384],[81.84410000002384],,,,,,,,,,,,,,,,,,,
,,,,,089354,001,2025-10-31_09h07.57.307,Simon,2024.2.4,Win32,60.24096386,,,,,,,,,,0,85.8266,86.3242,,,,,,,,,,,images/white_butterfly.png,images/purple_butterfly.png,left_image, ,,,,,,81.8501,85.8249,[0.1528455119145918],[0.007317064900385332],[1],[0],[0],[3.9739999999999895],"[""right_image""]",0,0,0,1,1,,,,,
,,,,,089354,001,2025-10-31_09h07.57.307,Simon,2024.2.4,Win32,60.24096386,,,,,,,,,,1,89.225,89.723,,,,,,,,,,,images/white_butterfly.png,images/yellow_butterfly.png,right_image, ,,,,,,86.3254,89.2238,[0.1821138542195969],[-0.017615176151761516],[1],[0],[0],[2.8981000000238453],"[""right_image""]",0,1,1,3,1,,,,,
,,,,,089354,001,2025-10-31_09h07.57.307,Simon,2024.2.4,Win32,60.24096386,,,,,,,,,,1,92.7885,93.2886,,,,,,,,,,,images/purple_butterfly.png,images/white_butterfly.png,left_image, ,,,,,,89.7237,92.7885,[-0.10948507831025577],[-0.04037942860507707],[1],[0],[0],[3.064100000023842],"[""left_image""]",0,2,2,0,1,,,,,
,,,,,089354,001,2025-10-31_09h07.57.307,Simon,2024.2.4,Win32,60.24096386,,,,,,,,,,1,94.4544,94.9551,,,,,,,,,,,images/yellow_butterfly.png,images/white_butterfly.png,right_image, ,,,,,,93.2891,94.4544,[0.20162599971946985],[-0.023035230352303523],[1],[0],[0],[1.1648999999761571],"[""right_image""]",0,3,3,2,1,,,,,
,,,,,089354,001,2025-10-31_09h07.57.307,Simon,2024.2.4,Win32,60.24096386,,,,,,,,,,1,95.7047,96.2046,,,,,,,,,,,images/purple_butterfly.png,images/white_butterfly.png,left_image, ,,,,,,94.9561,95.7046,[-0.0975609756097561],[-0.045799482805619074],[1],[0],[0],[0.7478999999761555],"[""left_image""]",1,0,4,0,1,,,,,
,,,,,089354,001,2025-10-31_09h07.57.307,Simon,2024.2.4,Win32,60.24096386,,,,,,,,,,0,96.872,97.3708,,,,,,,,,,,images/white_butterfly.png,images/purple_butterfly.png,left_image, ,,,,,,96.2062,96.8709,[0.2460705103266853],[-0.017615176151761516],[1],[0],[0],[0.6637999999523174],"[""right_image""]",1,1,5,1,1,,,,,
,,,,,089354,001,2025-10-31_09h07.57.307,Simon,2024.2.4,Win32,60.24096386,,,,,,,,,,0,98.1705,98.6697,,,,,,,,,,,images/white_butterfly.png,images/yellow_butterfly.png,right_image, ,,,,,,97.372,98.1701,[-0.14308939781292343],[-0.0490515070555979],[1],[0],[0],[0.7974999999999994],"[""left_image""]",1,2,6,3,1,,,,,
,,,,,089354,001,2025-10-31_09h07.57.307,Simon,2024.2.4,Win32,60.24096386,,,,,,,,,,0,99.4533,99.9532,,,,,,,,,,,images/yellow_butterfly.png,images/white_butterfly.png,right_image, ,,,,,,98.6709,99.4532,[-0.12682923521129744],[-0.0490515070555979],[1],[0],[0],[0.7819999999999965],"[""left_image""]",1,3,7,2,1,,,,,
,,,,,089354,001,2025-10-31_09h07.57.307,Simon,2024.2.4,Win32,60.24096386,,,,,,,,,,1,100.6539,101.1528,,,,,,,,,,,images/yellow_butterfly.png,images/white_butterfly.png,right_image, ,,,,,,99.9548,100.653,[0.16151763171684452],[-0.006775067750677507],[1],[0],[0],[0.6978999999761584],"[""right_image""]",2,0,8,2,1,,,,,
,,,,,089354,001,2025-10-31_09h07.57.307,Simon,2024.2.4,Win32,60.24096386,,,,,,,,,,0,102.553,103.0523,,,,,,,,,,,images/white_butterfly.png,images/purple_butterfly.png,left_image, ,,,,,,101.1547,102.5521,[0.15392958891747122],[-0.010027092000656334],[1],[0],[0],[1.3969999999999914],"[""right_image""]",2,1,9,1,1,,,,,
,,,,,089354,001,2025-10-31_09h07.57.307,Simon,2024.2.4,Win32,60.24096386,,,,,,,,,,1,103.7021,104.2015,,,,,,,,,,,images/white_butterfly.png,images/yellow_butterfly.png,right_image, ,,,,,,103.0536,103.7016,[0.15392958891747122],[-0.008943097701240684],[1],[0],[0],[0.6474999999999937],"[""right_image""]",2,2,10,3,1,,,,,
,,,,,089354,001,2025-10-31_09h07.57.307,Simon,2024.2.4,Win32,60.24096386,,,,,,,,,,0,104.8186,105.3173,,,,,,,,,,,images/purple_butterfly.png,images/white_butterfly.png,left_image, ,,,,,,104.2035,104.8176,[0.15392958891747122],[-0.008943097701240684],[1],[0],[0],[0.6135000000000019],"[""right_image""]",2,3,11,0,1,,,,,
,,,,,089354,001,2025-10-31_09h07.57.307,Simon,2024.2.4,Win32,60.24096386,,,,,,,,,,0,106.0009,106.5007,,,,,,,,,,,images/yellow_butterfly.png,images/white_butterfly.png,right_image, ,,,,,,105.3177,106.0009,[-0.14308939781292343],[-0.051219537006161074],[1],[0],[0],[0.6827999999523087],"[""left_image""]",3,0,12,2,1,,,,,
,,,,,089354,001,2025-10-31_09h07.57.307,Simon,2024.2.4,Win32,60.24096386,,,,,,,,,,1,106.9844,107.4837,,,,,,,,,,,images/white_butterfly.png,images/purple_butterfly.png,left_image, ,,,,,,106.5016,106.9834,[-0.1420054035135078],[-0.047967471404450374],[1],[0],[0],[0.48130000007152773],"[""left_image""]",3,1,13,1,1,,,,,
,,,,,089354,001,2025-10-31_09h07.57.307,Simon,2024.2.4,Win32,60.24096386,,,,,,,,,,0,108.3011,108.7999,,,,,,,,,,,images/purple_butterfly.png,images/white_butterfly.png,left_image, ,,,,,,107.4848,108.3001,[0.16043363741742886],[-0.017615176151761516],[1],[0],[0],[0.8147000000476794],"[""right_image""]",3,2,14,0,1,,,,,
,,,,,089354,001,2025-10-31_09h07.57.307,Simon,2024.2.4,Win32,60.24096386,,,,,,,,,,0,109.3832,109.8883,,,,,,,,,,,images/white_butterfly.png,images/yellow_butterfly.png,right_image, ,,,,,,108.8016,109.3831,[-0.15392950621400744],[-0.08915991640995512],[1],[0],[0],[0.5803999999761658],"[""left_image""]",3,3,15,3,1,,,,,
,,,,,089354,001,2025-10-31_09h07.57.307,Simon,2024.2.4,Win32,60.24096386,,,,,,,,,,1,110.383,110.8827,,,,,,,,,,,images/purple_butterfly.png,images/white_butterfly.png,left_image, ,,,,,,109.8892,110.3825,[-0.15609757751630252],[-0.06639566395663957],[1],[0],[0],[0.4928000000715258],"[""left_image""]",4,0,16,0,1,,,,,
,,,,,089354,001,2025-10-31_09h07.57.307,Simon,2024.2.4,Win32,60.24096386,,,,,,,,,,0,111.6665,112.1651,,,,,,,,,,,images/yellow_butterfly.png,images/white_butterfly.png,right_image, ,,,,,,110.8842,111.6657,[-0.1387533379117971],[-0.047967471404450374],[1],[0],[0],[0.7810000000000059],"[""left_image""]",4,1,17,2,1,,,,,
,,,,,089354,001,2025-10-31_09h07.57.307,Simon,2024.2.4,Win32,60.24096386,,,,,,,,,,0,112.6156,113.115,,,,,,,,,,,images/white_butterfly.png,images/yellow_butterfly.png,right_image, ,,,,,,112.1656,112.6156,[-0.1387533379117971],[-0.047967471404450374],[1],[0],[0],[0.4493999999761513],"[""left_image""]",4,2,18,3,1,,,,,
,,,,,089354,001,2025-10-31_09h07.57.307,Simon,2024.2.4,Win32,60.24096386,,,,,,,,,,1,113.6496,114.1483,,,,,,,,,,,images/white_butterfly.png,images/purple_butterfly.png,left_image, ,,,,,,113.1161,113.6483,[-0.1387533379117971],[-0.03929539295392954],[1],[0],[0],[0.5318999999761473],"[""left_image""]",4,3,19,1,1,,,,,
,,,,,089354,001,2025-10-31_09h07.57.307,Simon,2024.2.4,Win32,60.24096386,,,,,,,,,,,,,,,,,,,,,,,,,,,,,,,,,,,,,,,,,,,,,,114.1488,116.5476,1,[116.54729999995232],[116.54729999995232]
