﻿instructions.started,instructions.stopped,start_button.numClicks,start_button.timesOn,start_button.timesOff,participant,session,date,expName,psychopyVersion,OS,frameRate,practice_trial.started,practice_trial.stopped,mouse_2.x,mouse_2.y,mouse_2.leftButton,mouse_2.midButton,mouse_2.rightButton,mouse_2.time,mouse_2.clicked_name,correct,feedback.started,feedback.stopped,loop_until_correct.thisRepN,loop_until_correct.thisTrialN,loop_until_correct.thisN,loop_until_correct.thisIndex,loop_until_correct.ran,prac_trials.thisRepN,prac_trials.thisTrialN,prac_trials.thisN,prac_trials.thisIndex,prac_trials.ran,left_color,right_color,correct_response,top_txt,instructions_2.started,instructions_2.stopped,start_button_2.numClicks,start_button_2.timesOn,start_button_2.timesOff,trial.started,trial.stopped,mouse.x,mouse.y,mouse.leftButton,mouse.midButton,mouse.rightButton,mouse.time,mouse.clicked_name,trials.thisRepN,trials.thisTrialN,trials.thisN,trials.thisIndex,trials.ran,end.started,end.stopped,start_button_3.numClicks,start_button_3.timesOn,start_button_3.timesOff
0.001,14.996,1,[15.008000000000003],[15.008000000000003],089536,001,2025-01-22_20h24.03.104,Simon,2024.2.4,MacIntel,58.82352941,,,,,,,,,,,,,,,,,,,,,,,,,,,,,,,,,,,,,,,,,,,,,,,,,,
,,,,,089536,001,2025-01-22_20h24.03.104,Simon,2024.2.4,MacIntel,58.82352941,15.011,21.679,[-0.1402439024390244],[-0.024390243902439025],[1],[0],[0],[6.664999999999999],"[""left_image_2"",""left_image_2""]",1,21.68,22.179,0,0,0,0,1,,,,,,,,,,,,,,,,,,,,,,,,,,,,,,,,,
,,,,,089536,001,2025-01-22_20h24.03.104,Simon,2024.2.4,MacIntel,58.82352941,,,,,,,,,,,,,,,,,,0,0,0,0,1,images/purple_butterfly.png,images/white_butterfly.png,left_image_2,"In this example, select the LEFT butterfly.",,,,,,,,,,,,,,,,,,,,,,,,
,,,,,089536,001,2025-01-22_20h24.03.104,Simon,2024.2.4,MacIntel,58.82352941,22.181,24.929,[-0.1524390243902439],[-0.012195121951219513],[1],[0],[0],[2.7439999999999998],"[""left_image_2"",""left_image_2""]",1,24.929,25.428,0,0,0,0,1,,,,,,,,,,,,,,,,,,,,,,,,,,,,,,,,,
,,,,,089536,001,2025-01-22_20h24.03.104,Simon,2024.2.4,MacIntel,58.82352941,,,,,,,,,,,,,,,,,,0,1,1,1,1,images/white_butterfly.png,images/purple_butterfly.png,left_image_2,"In this example, select the LEFT butterfly.",,,,,,,,,,,,,,,,,,,,,,,,
,,,,,089536,001,2025-01-22_20h24.03.104,Simon,2024.2.4,MacIntel,58.82352941,25.43,26.345,[0.1353658536585366],[0.015853658536585366],[1],[0],[0],[0.9130000000000003],"[""right_image_2"",""right_image_2""]",1,26.345,26.845,0,0,0,0,1,,,,,,,,,,,,,,,,,,,,,,,,,,,,,,,,,
,,,,,089536,001,2025-01-22_20h24.03.104,Simon,2024.2.4,MacIntel,58.82352941,,,,,,,,,,,,,,,,,,0,2,2,2,1,images/yellow_butterfly.png,images/white_butterfly.png,right_image_2,"In this example, select the RIGHT butterfly.",,,,,,,,,,,,,,,,,,,,,,,,
,,,,,089536,001,2025-01-22_20h24.03.104,Simon,2024.2.4,MacIntel,58.82352941,26.848,27.462,[0.17682926829268292],[0.023170731707317073],[1],[0],[0],[0.6119999999999983],"[""right_image_2"",""right_image_2""]",1,27.462,27.962,0,0,0,0,1,,,,,,,,,,,,,,,,,,,,,,,,,,,,,,,,,
,,,,,089536,001,2025-01-22_20h24.03.104,Simon,2024.2.4,MacIntel,58.82352941,,,,,,,,,,,,,,,,,,0,3,3,3,1,images/white_butterfly.png,images/yellow_butterfly.png,right_image_2,"In this example, select the RIGHT butterfly.",,,,,,,,,,,,,,,,,,,,,,,,
,,,,,089536,001,2025-01-22_20h24.03.104,Simon,2024.2.4,MacIntel,58.82352941,,,,,,,,,,,,,,,,,,,,,,,,,,,27.963,29.695,1,[29.696000000000005],[29.696000000000005],,,,,,,,,,,,,,,,,,,
,,,,,089536,001,2025-01-22_20h24.03.104,Simon,2024.2.4,MacIntel,58.82352941,,,,,,,,,,1,35.096,35.595,,,,,,,,,,,images/white_butterfly.png,images/yellow_butterfly.png,right_image, ,,,,,,29.703,35.096,[0.14268292682926828],[-0.01951219512195122],[1],[0],[0],[5.391999999999996],"[""right_image""]",0,0,0,3,1,,,,,
,,,,,089536,001,2025-01-22_20h24.03.104,Simon,2024.2.4,MacIntel,58.82352941,,,,,,,,,,1,36.612,37.112,,,,,,,,,,,images/white_butterfly.png,images/purple_butterfly.png,left_image, ,,,,,,35.597,36.612,[-0.1402439024390244],[0.014634146341463415],[1],[0],[0],[1.014000000000003],"[""left_image""]",0,1,1,1,1,,,,,
,,,,,089536,001,2025-01-22_20h24.03.104,Simon,2024.2.4,MacIntel,58.82352941,,,,,,,,,,1,37.778,38.277,,,,,,,,,,,images/purple_butterfly.png,images/white_butterfly.png,left_image, ,,,,,,37.113,37.778,[-0.1475609756097561],[0.014634146341463415],[1],[0],[0],[0.6640000000000015],"[""left_image""]",0,2,2,0,1,,,,,
,,,,,089536,001,2025-01-22_20h24.03.104,Simon,2024.2.4,MacIntel,58.82352941,,,,,,,,,,1,39.079,39.578,,,,,,,,,,,images/yellow_butterfly.png,images/white_butterfly.png,right_image, ,,,,,,38.278,39.078,[0.09268292682926829],[0],[1],[0],[0],[0.7989999999999995],"[""right_image""]",0,3,3,2,1,,,,,
,,,,,089536,001,2025-01-22_20h24.03.104,Simon,2024.2.4,MacIntel,58.82352941,,,,,,,,,,1,40.212,40.712,,,,,,,,,,,images/purple_butterfly.png,images/white_butterfly.png,left_image, ,,,,,,39.579,40.212,[-0.12439024390243902],[0.00853658536585366],[1],[0],[0],[0.6319999999999979],"[""left_image""]",1,0,4,0,1,,,,,
,,,,,089536,001,2025-01-22_20h24.03.104,Simon,2024.2.4,MacIntel,58.82352941,,,,,,,,,,1,41.278,41.778,,,,,,,,,,,images/yellow_butterfly.png,images/white_butterfly.png,right_image, ,,,,,,40.713,41.278,[0.13170731707317074],[0],[1],[0],[0],[0.5649999999999977],"[""right_image""]",1,1,5,2,1,,,,,
,,,,,089536,001,2025-01-22_20h24.03.104,Simon,2024.2.4,MacIntel,58.82352941,,,,,,,,,,1,42.612,43.112,,,,,,,,,,,images/white_butterfly.png,images/purple_butterfly.png,left_image, ,,,,,,41.779,42.612,[-0.22926829268292684],[0.036585365853658534],[1],[0],[0],[0.8320000000000007],"[""left_image""]",1,2,6,1,1,,,,,
,,,,,089536,001,2025-01-22_20h24.03.104,Simon,2024.2.4,MacIntel,58.82352941,,,,,,,,,,1,43.595,44.095,,,,,,,,,,,images/white_butterfly.png,images/yellow_butterfly.png,right_image, ,,,,,,43.113,43.595,[0.10853658536585366],[-0.00975609756097561],[1],[0],[0],[0.48100000000000165],"[""right_image""]",1,3,7,3,1,,,,,
,,,,,089536,001,2025-01-22_20h24.03.104,Simon,2024.2.4,MacIntel,58.82352941,,,,,,,,,,1,45.078,45.578,,,,,,,,,,,images/yellow_butterfly.png,images/white_butterfly.png,right_image, ,,,,,,44.096,45.078,[0.09390243902439024],[0.015853658536585366],[1],[0],[0],[0.9819999999999993],"[""right_image""]",2,0,8,2,1,,,,,
,,,,,089536,001,2025-01-22_20h24.03.104,Simon,2024.2.4,MacIntel,58.82352941,,,,,,,,,,1,46.229,46.729,,,,,,,,,,,images/white_butterfly.png,images/purple_butterfly.png,left_image, ,,,,,,45.579,46.229,[-0.1597560975609756],[0.014634146341463415],[1],[0],[0],[0.6480000000000032],"[""left_image""]",2,1,9,1,1,,,,,
,,,,,089536,001,2025-01-22_20h24.03.104,Simon,2024.2.4,MacIntel,58.82352941,,,,,,,,,,0,47.497,47.995,,,,,,,,,,,images/purple_butterfly.png,images/white_butterfly.png,left_image, ,,,,,,46.729,47.495,[0.1329268292682927],[-0.007317073170731708],[1],[0],[0],[0.7649999999999935],"[""right_image""]",2,2,10,0,1,,,,,
,,,,,089536,001,2025-01-22_20h24.03.104,Simon,2024.2.4,MacIntel,58.82352941,,,,,,,,,,1,48.662,49.162,,,,,,,,,,,images/white_butterfly.png,images/yellow_butterfly.png,right_image, ,,,,,,47.996,48.661,[0.12560975609756098],[-0.0012195121951219512],[1],[0],[0],[0.6640000000000015],"[""right_image""]",2,3,11,3,1,,,,,
,,,,,089536,001,2025-01-22_20h24.03.104,Simon,2024.2.4,MacIntel,58.82352941,,,,,,,,,,1,49.812,50.312,,,,,,,,,,,images/white_butterfly.png,images/purple_butterfly.png,left_image, ,,,,,,49.163,49.812,[-0.1329268292682927],[0],[1],[0],[0],[0.6479999999999961],"[""left_image""]",3,0,12,1,1,,,,,
,,,,,089536,001,2025-01-22_20h24.03.104,Simon,2024.2.4,MacIntel,58.82352941,,,,,,,,,,1,50.862,51.362,,,,,,,,,,,images/purple_butterfly.png,images/white_butterfly.png,left_image, ,,,,,,50.313,50.862,[-0.13658536585365855],[0.01097560975609756],[1],[0],[0],[0.5480000000000018],"[""left_image""]",3,1,13,0,1,,,,,
,,,,,089536,001,2025-01-22_20h24.03.104,Simon,2024.2.4,MacIntel,58.82352941,,,,,,,,,,1,52.179,52.678,,,,,,,,,,,images/yellow_butterfly.png,images/white_butterfly.png,right_image, ,,,,,,51.363,52.179,[0.17073170731707318],[0],[1],[0],[0],[0.8149999999999977],"[""right_image""]",3,2,14,2,1,,,,,
,,,,,089536,001,2025-01-22_20h24.03.104,Simon,2024.2.4,MacIntel,58.82352941,,,,,,,,,,1,53.279,53.779,,,,,,,,,,,images/white_butterfly.png,images/yellow_butterfly.png,right_image, ,,,,,,52.678,53.279,[0.09268292682926829],[0.0012195121951219512],[1],[0],[0],[0.5989999999999966],"[""right_image""]",3,3,15,3,1,,,,,
,,,,,089536,001,2025-01-22_20h24.03.104,Simon,2024.2.4,MacIntel,58.82352941,,,,,,,,,,1,54.579,55.079,,,,,,,,,,,images/purple_butterfly.png,images/white_butterfly.png,left_image, ,,,,,,53.779,54.579,[-0.16463414634146342],[0.007317073170731708],[1],[0],[0],[0.7980000000000018],"[""left_image""]",4,0,16,0,1,,,,,
,,,,,089536,001,2025-01-22_20h24.03.104,Simon,2024.2.4,MacIntel,58.82352941,,,,,,,,,,1,55.579,56.079,,,,,,,,,,,images/white_butterfly.png,images/yellow_butterfly.png,right_image, ,,,,,,55.079,55.578,[0.15121951219512195],[0.006097560975609756],[1],[0],[0],[0.49800000000000466],"[""right_image""]",4,1,17,3,1,,,,,
,,,,,089536,001,2025-01-22_20h24.03.104,Simon,2024.2.4,MacIntel,58.82352941,,,,,,,,,,1,56.995,57.495,,,,,,,,,,,images/white_butterfly.png,images/purple_butterfly.png,left_image, ,,,,,,56.079,56.995,[-0.1926829268292683],[0.03414634146341464],[1],[0],[0],[0.9149999999999991],"[""left_image""]",4,2,18,1,1,,,,,
,,,,,089536,001,2025-01-22_20h24.03.104,Simon,2024.2.4,MacIntel,58.82352941,,,,,,,,,,1,58.312,58.812,,,,,,,,,,,images/yellow_butterfly.png,images/white_butterfly.png,right_image, ,,,,,,57.496,58.312,[0.17804878048780487],[0.013414634146341463],[1],[0],[0],[0.8149999999999977],"[""right_image""]",4,3,19,2,1,,,,,
,,,,,089536,001,2025-01-22_20h24.03.104,Simon,2024.2.4,MacIntel,58.82352941,,,,,,,,,,,,,,,,,,,,,,,,,,,,,,,,,,,,,,,,,,,,,,58.813,60.013,1,[60.012],[60.012]
