﻿instructions.started,instructions.stopped,start_button.numClicks,start_button.timesOn,start_button.timesOff,participant,session,date,expName,psychopyVersion,OS,frameRate,practice_trial.started,practice_trial.stopped,mouse_2.x,mouse_2.y,mouse_2.leftButton,mouse_2.midButton,mouse_2.rightButton,mouse_2.time,mouse_2.clicked_name,correct,feedback.started,feedback.stopped,loop_until_correct.thisRepN,loop_until_correct.thisTrialN,loop_until_correct.thisN,loop_until_correct.thisIndex,loop_until_correct.ran,prac_trials.thisRepN,prac_trials.thisTrialN,prac_trials.thisN,prac_trials.thisIndex,prac_trials.ran,left_color,right_color,correct_response,top_txt,instructions_2.started,instructions_2.stopped,start_button_2.numClicks,start_button_2.timesOn,start_button_2.timesOff,trial.started,trial.stopped,mouse.x,mouse.y,mouse.leftButton,mouse.midButton,mouse.rightButton,mouse.time,mouse.clicked_name,trials.thisRepN,trials.thisTrialN,trials.thisN,trials.thisIndex,trials.ran,end.started,end.stopped,start_button_3.numClicks,start_button_3.timesOn,start_button_3.timesOff
0.0011,34.7877,1,[34.834],[34.834],090208,001,2025-03-27_08h46.24.981,Simon,2024.2.4,Linux armv81,120.4819277,,,,,,,,,,,,,,,,,,,,,,,,,,,,,,,,,,,,,,,,,,,,,,,,,,
,,,,,090208,001,2025-03-27_08h46.24.981,Simon,2024.2.4,Linux armv81,120.4819277,34.8208,36.377,[-0.25954679206565573],[-0.0730179680718316],[1],[0],[0],[1.5516000000014856],"[""left_image_2"",""left_image_2""]",1,36.3781,36.8729,0,0,0,0,1,,,,,,,,,,,,,,,,,,,,,,,,,,,,,,,,,
,,,,,090208,001,2025-03-27_08h46.24.981,Simon,2024.2.4,Linux armv81,120.4819277,,,,,,,,,,,,,,,,,,0,0,0,0,1,images/purple_butterfly.png,images/white_butterfly.png,left_image_2,"In this example, select the LEFT butterfly.",,,,,,,,,,,,,,,,,,,,,,,,
,,,,,090208,001,2025-03-27_08h46.24.981,Simon,2024.2.4,Linux armv81,120.4819277,36.8886,38.3532,[-0.2320068324053729],[-0.06121423509385851],[1],[0],[0],[1.4594999999999914],"[""left_image_2"",""left_image_2""]",1,38.3535,38.8425,0,0,0,0,1,,,,,,,,,,,,,,,,,,,,,,,,,,,,,,,,,
,,,,,090208,001,2025-03-27_08h46.24.981,Simon,2024.2.4,Linux armv81,120.4819277,,,,,,,,,,,,,,,,,,0,1,1,1,1,images/white_butterfly.png,images/purple_butterfly.png,left_image_2,"In this example, select the LEFT butterfly.",,,,,,,,,,,,,,,,,,,,,,,,
,,,,,090208,001,2025-03-27_08h46.24.981,Simon,2024.2.4,Linux armv81,120.4819277,38.8512,39.8206,[0.2160382447419343],[-0.03760493243182147],[1],[0],[0],[0.964900000002217],"[""right_image_2"",""right_image_2""]",1,39.821,40.3141,0,0,0,0,1,,,,,,,,,,,,,,,,,,,,,,,,,,,,,,,,,
,,,,,090208,001,2025-03-27_08h46.24.981,Simon,2024.2.4,Linux armv81,120.4819277,,,,,,,,,,,,,,,,,,0,2,2,2,1,images/yellow_butterfly.png,images/white_butterfly.png,right_image_2,"In this example, select the RIGHT butterfly.",,,,,,,,,,,,,,,,,,,,,,,,
,,,,,090208,001,2025-03-27_08h46.24.981,Simon,2024.2.4,Linux armv81,120.4819277,40.3267,41.6592,[0.21650123596191406],[-0.07486979166666667],[1],[0],[0],[1.326800000000759],"[""right_image_2"",""right_image_2""]",1,41.6598,42.1619,0,0,0,0,1,,,,,,,,,,,,,,,,,,,,,,,,,,,,,,,,,
,,,,,090208,001,2025-03-27_08h46.24.981,Simon,2024.2.4,Linux armv81,120.4819277,,,,,,,,,,,,,,,,,,0,3,3,3,1,images/white_butterfly.png,images/yellow_butterfly.png,right_image_2,"In this example, select the RIGHT butterfly.",,,,,,,,,,,,,,,,,,,,,,,,
,,,,,090208,001,2025-03-27_08h46.24.981,Simon,2024.2.4,Linux armv81,120.4819277,,,,,,,,,,,,,,,,,,,,,,,,,,,42.1643,45.0229,1,[45.03009999999776],[45.03009999999776],,,,,,,,,,,,,,,,,,,
,,,,,090208,001,2025-03-27_08h46.24.981,Simon,2024.2.4,Linux armv81,120.4819277,,,,,,,,,,1,46.7199,47.2159,,,,,,,,,,,images/yellow_butterfly.png,images/white_butterfly.png,right_image, ,,,,,,45.0339,46.7198,[0.21788922062626592],[-0.027190031828703703],[1],[0],[0],[1.6839999999999975],"[""right_image""]",0,0,0,2,1,,,,,
,,,,,090208,001,2025-03-27_08h46.24.981,Simon,2024.2.4,Linux armv81,120.4819277,,,,,,,,,,1,48.3139,48.8209,,,,,,,,,,,images/purple_butterfly.png,images/white_butterfly.png,left_image, ,,,,,,47.2211,48.3138,[-0.2276095814175076],[-0.07510128727665653],[1],[0],[0],[1.0901000000014847],"[""left_image""]",0,1,1,0,1,,,,,
,,,,,090208,001,2025-03-27_08h46.24.981,Simon,2024.2.4,Linux armv81,120.4819277,,,,,,,,,,1,49.8746,50.371,,,,,,,,,,,images/white_butterfly.png,images/yellow_butterfly.png,right_image, ,,,,,,48.8255,49.8746,[0.2370976342095269],[-0.06514845954047309],[1],[0],[0],[1.0461000000014735],"[""right_image""]",0,2,2,3,1,,,,,
,,,,,090208,001,2025-03-27_08h46.24.981,Simon,2024.2.4,Linux armv81,120.4819277,,,,,,,,,,1,51.6444,52.1449,,,,,,,,,,,images/white_butterfly.png,images/purple_butterfly.png,left_image, ,,,,,,50.3758,51.6444,[-0.24797543772944697],[-0.056816030431676795],[1],[0],[0],[1.2668000000007282],"[""left_image""]",0,3,3,1,1,,,,,
,,,,,090208,001,2025-03-27_08h46.24.981,Simon,2024.2.4,Linux armv81,120.4819277,,,,,,,,,,1,52.8203,53.3163,,,,,,,,,,,images/white_butterfly.png,images/purple_butterfly.png,left_image, ,,,,,,52.149,52.8203,[-0.2417263454861111],[-0.02950392829047309],[1],[0],[0],[0.6706999999992718],"[""left_image""]",1,0,4,1,1,,,,,
,,,,,090208,001,2025-03-27_08h46.24.981,Simon,2024.2.4,Linux armv81,120.4819277,,,,,,,,,,1,54.3001,54.7861,,,,,,,,,,,images/yellow_butterfly.png,images/white_butterfly.png,right_image, ,,,,,,53.3216,54.3,[0.23270041854293258],[-0.07510128727665653],[1],[0],[0],[0.975199999999262],"[""right_image""]",1,1,5,2,1,,,,,
,,,,,090208,001,2025-03-27_08h46.24.981,Simon,2024.2.4,Linux armv81,120.4819277,,,,,,,,,,1,56.6513,57.1444,,,,,,,,,,,images/white_butterfly.png,images/yellow_butterfly.png,right_image, ,,,,,,54.7907,56.6512,[0.25144675925925924],[-0.09685876634385851],[1],[0],[0],[1.858099999997762],"[""right_image""]",1,2,6,3,1,,,,,
,,,,,090208,001,2025-03-27_08h46.24.981,Simon,2024.2.4,Linux armv81,120.4819277,,,,,,,,,,1,58.0092,58.5134,,,,,,,,,,,images/purple_butterfly.png,images/white_butterfly.png,left_image, ,,,,,,57.1478,58.0091,[-0.23779206805759007],[-0.056121614244249135],[1],[0],[0],[0.8586999999992599],"[""left_image""]",1,3,7,0,1,,,,,
,,,,,090208,001,2025-03-27_08h46.24.981,Simon,2024.2.4,Linux armv81,120.4819277,,,,,,,,,,1,59.712,60.211,,,,,,,,,,,images/white_butterfly.png,images/purple_butterfly.png,left_image, ,,,,,,58.5181,59.712,[-0.23663466065018265],[-0.07093549657751012],[1],[0],[0],[1.1914999999999907],"[""left_image""]",2,0,8,1,1,,,,,
,,,,,090208,001,2025-03-27_08h46.24.981,Simon,2024.2.4,Linux armv81,120.4819277,,,,,,,,,,1,61.1866,61.6833,,,,,,,,,,,images/white_butterfly.png,images/yellow_butterfly.png,right_image, ,,,,,,60.2153,61.1866,[0.24010686521176938],[-0.07348088864926938],[1],[0],[0],[0.9696000000014919],"[""right_image""]",2,1,9,3,1,,,,,
,,,,,090208,001,2025-03-27_08h46.24.981,Simon,2024.2.4,Linux armv81,120.4819277,,,,,,,,,,1,65.1987,65.6971,,,,,,,,,,,images/yellow_butterfly.png,images/white_butterfly.png,right_image, ,,,,,,61.6895,65.1987,[0.230849442658601],[-0.0468632733380353],[1],[0],[0],[3.507099999997763],"[""right_image""]",2,2,10,2,1,,,,,
,,,,,090208,001,2025-03-27_08h46.24.981,Simon,2024.2.4,Linux armv81,120.4819277,,,,,,,,,,1,66.7337,67.2304,,,,,,,,,,,images/purple_butterfly.png,images/white_butterfly.png,left_image, ,,,,,,65.702,66.7336,[-0.24681803032203956],[-0.044549376876265916],[1],[0],[0],[1.0301999999992404],"[""left_image""]",2,3,11,0,1,,,,,
,,,,,090208,001,2025-03-27_08h46.24.981,Simon,2024.2.4,Linux armv81,120.4819277,,,,,,,,,,1,68.0583,68.5525,,,,,,,,,,,images/yellow_butterfly.png,images/white_butterfly.png,right_image, ,,,,,,67.2344,68.0582,[0.22529481958459924],[-0.05265031037507234],[1],[0],[0],[0.822199999999242],"[""right_image""]",3,0,12,2,1,,,,,
,,,,,090208,001,2025-03-27_08h46.24.981,Simon,2024.2.4,Linux armv81,120.4819277,,,,,,,,,,1,70.5935,71.0999,,,,,,,,,,,images/white_butterfly.png,images/purple_butterfly.png,left_image, ,,,,,,68.5568,70.5933,[-0.2454291449652778],[-0.051724398577654804],[1],[0],[0],[2.0335999999977616],"[""left_image""]",3,1,13,1,1,,,,,
,,,,,090208,001,2025-03-27_08h46.24.981,Simon,2024.2.4,Linux armv81,120.4819277,,,,,,,,,,1,72.0417,72.5414,,,,,,,,,,,images/purple_butterfly.png,images/white_butterfly.png,left_image, ,,,,,,71.1041,72.0416,[-0.2574634728608308],[-0.041308579621491606],[1],[0],[0],[0.9351000000014835],"[""left_image""]",3,2,14,0,1,,,,,
,,,,,090208,001,2025-03-27_08h46.24.981,Simon,2024.2.4,Linux armv81,120.4819277,,,,,,,,,,1,73.1783,73.6705,,,,,,,,,,,images/white_butterfly.png,images/yellow_butterfly.png,right_image, ,,,,,,72.545,73.1783,[0.24218933670609086],[-0.052418814765082464],[1],[0],[0],[0.6311000000014815],"[""right_image""]",3,3,15,3,1,,,,,
,,,,,090208,001,2025-03-27_08h46.24.981,Simon,2024.2.4,Linux armv81,120.4819277,,,,,,,,,,1,74.368,74.8702,,,,,,,,,,,images/white_butterfly.png,images/yellow_butterfly.png,right_image, ,,,,,,73.6747,74.3679,[0.23640321802209924],[-0.07000958478009259],[1],[0],[0],[0.6928999999985308],"[""right_image""]",4,0,16,3,1,,,,,
,,,,,090208,001,2025-03-27_08h46.24.981,Simon,2024.2.4,Linux armv81,120.4819277,,,,,,,,,,1,75.6664,76.1608,,,,,,,,,,,images/purple_butterfly.png,images/white_butterfly.png,left_image, ,,,,,,74.8741,75.6664,[-0.24890046649509007],[-0.043854890046296294],[1],[0],[0],[0.7901000000014733],"[""left_image""]",4,1,17,0,1,,,,,
,,,,,090208,001,2025-03-27_08h46.24.981,Simon,2024.2.4,Linux armv81,120.4819277,,,,,,,,,,1,77.0742,77.5788,,,,,,,,,,,images/yellow_butterfly.png,images/white_butterfly.png,right_image, ,,,,,,76.164,77.0741,[0.208632645783601],[-0.04640028211805555],[1],[0],[0],[0.9087999999970293],"[""right_image""]",4,2,18,2,1,,,,,
,,,,,090208,001,2025-03-27_08h46.24.981,Simon,2024.2.4,Linux armv81,120.4819277,,,,,,,,,,1,79.7015,80.207,,,,,,,,,,,images/white_butterfly.png,images/purple_butterfly.png,left_image, ,,,,,,77.5833,79.7011,[-0.2343207465277778],[-0.0746382960566768],[1],[0],[0],[2.115799999997023],"[""left_image""]",4,3,19,1,1,,,,,
,,,,,090208,001,2025-03-27_08h46.24.981,Simon,2024.2.4,Linux armv81,120.4819277,,,,,,,,,,,,,,,,,,,,,,,,,,,,,,,,,,,,,,,,,,,,,,80.2083,123.5548,1,[123.55439999999851],[123.55439999999851]
