﻿instructions.started,instructions.stopped,start_button.numClicks,start_button.timesOn,start_button.timesOff,participant,session,date,expName,psychopyVersion,OS,frameRate,practice_trial.started,practice_trial.stopped,mouse_2.x,mouse_2.y,mouse_2.leftButton,mouse_2.midButton,mouse_2.rightButton,mouse_2.time,mouse_2.clicked_name,correct,feedback.started,feedback.stopped,loop_until_correct.thisRepN,loop_until_correct.thisTrialN,loop_until_correct.thisN,loop_until_correct.thisIndex,loop_until_correct.ran,prac_trials.thisRepN,prac_trials.thisTrialN,prac_trials.thisN,prac_trials.thisIndex,prac_trials.ran,left_color,right_color,correct_response,top_txt,instructions_2.started,instructions_2.stopped,start_button_2.numClicks,start_button_2.timesOn,start_button_2.timesOff,trial.started,trial.stopped,mouse.x,mouse.y,mouse.leftButton,mouse.midButton,mouse.rightButton,mouse.time,mouse.clicked_name,trials.thisRepN,trials.thisTrialN,trials.thisN,trials.thisIndex,trials.ran,end.started,end.stopped,start_button_3.numClicks,start_button_3.timesOn,start_button_3.timesOff
0.0007,257.6992,1,[257.734099999994],[257.734099999994],090385,001,2025-06-16_15h34.07.926,Simon,2024.2.4,MacIntel,58.47953216,,,,,,,,,,,,,,,,,,,,,,,,,,,,,,,,,,,,,,,,,,,,,,,,,,
,,,,,090385,001,2025-06-16_15h34.07.926,Simon,2024.2.4,MacIntel,58.47953216,257.7274,260.5304,[-0.15291935610831234],[-0.005795418765743073],[1],[0],[0],[2.7979000000059386],"[""left_image_2"",""left_image_2""]",1,260.5309,261.0306,0,0,0,0,1,,,,,,,,,,,,,,,,,,,,,,,,,,,,,,,,,
,,,,,090385,001,2025-06-16_15h34.07.926,Simon,2024.2.4,MacIntel,58.47953216,,,,,,,,,,,,,,,,,,0,0,0,0,1,images/purple_butterfly.png,images/white_butterfly.png,left_image_2,"In this example, select the LEFT butterfly.",,,,,,,,,,,,,,,,,,,,,,,,
,,,,,090385,001,2025-06-16_15h34.07.926,Simon,2024.2.4,MacIntel,58.47953216,261.0329,261.9305,[0.14622363035264482],[0.006774441120906801],[1],[0],[0],[0.895099999994045],"[""right_image_2"",""right_image_2""]",0,261.9338,262.4304,0,0,0,0,1,,,,,,,,,,,,,,,,,,,,,,,,,,,,,,,,,
,,,,,090385,001,2025-06-16_15h34.07.926,Simon,2024.2.4,MacIntel,58.47953216,262.4313,262.9635,[0.14622363035264482],[0.006774441120906801],[1],[0],[0],[0.5312999999821386],"[""right_image_2"",""right_image_2""]",0,262.9636,263.4638,1,0,1,0,1,,,,,,,,,,,,,,,,,,,,,,,,,,,,,,,,,
,,,,,090385,001,2025-06-16_15h34.07.926,Simon,2024.2.4,MacIntel,58.47953216,263.4649,267.2643,[-0.1519304943324937],[-0.009554077455919395],[1],[0],[0],[3.7981999999880713],"[""left_image_2"",""left_image_2""]",1,267.2674,267.7635,2,0,2,0,1,,,,,,,,,,,,,,,,,,,,,,,,,,,,,,,,,
,,,,,090385,001,2025-06-16_15h34.07.926,Simon,2024.2.4,MacIntel,58.47953216,,,,,,,,,,,,,,,,,,0,1,1,1,1,images/white_butterfly.png,images/purple_butterfly.png,left_image_2,"In this example, select the LEFT butterfly.",,,,,,,,,,,,,,,,,,,,,,,,
,,,,,090385,001,2025-06-16_15h34.07.926,Simon,2024.2.4,MacIntel,58.47953216,267.7649,269.4473,[0.20332178841309823],[-0.010203479219143576],[1],[0],[0],[1.6810999999940464],"[""right_image_2"",""right_image_2""]",1,269.4475,269.9471,0,0,0,0,1,,,,,,,,,,,,,,,,,,,,,,,,,,,,,,,,,
,,,,,090385,001,2025-06-16_15h34.07.926,Simon,2024.2.4,MacIntel,58.47953216,,,,,,,,,,,,,,,,,,0,2,2,2,1,images/yellow_butterfly.png,images/white_butterfly.png,right_image_2,"In this example, select the RIGHT butterfly.",,,,,,,,,,,,,,,,,,,,,,,,
,,,,,090385,001,2025-06-16_15h34.07.926,Simon,2024.2.4,MacIntel,58.47953216,269.9489,271.9646,[0.12036563287153652],[0.010518340680100756],[1],[0],[0],[2.014399999976149],"[""right_image_2"",""right_image_2""]",1,271.9649,272.4639,0,0,0,0,1,,,,,,,,,,,,,,,,,,,,,,,,,,,,,,,,,
,,,,,090385,001,2025-06-16_15h34.07.926,Simon,2024.2.4,MacIntel,58.47953216,,,,,,,,,,,,,,,,,,0,3,3,3,1,images/white_butterfly.png,images/yellow_butterfly.png,right_image_2,"In this example, select the RIGHT butterfly.",,,,,,,,,,,,,,,,,,,,,,,,
,,,,,090385,001,2025-06-16_15h34.07.926,Simon,2024.2.4,MacIntel,58.47953216,,,,,,,,,,,,,,,,,,,,,,,,,,,272.4648,275.5644,1,[275.5657999999821],[275.5657999999821],,,,,,,,,,,,,,,,,,,
,,,,,090385,001,2025-06-16_15h34.07.926,Simon,2024.2.4,MacIntel,58.47953216,,,,,,,,,,0,277.4326,277.931,,,,,,,,,,,images/white_butterfly.png,images/purple_butterfly.png,left_image, ,,,,,,275.5722,277.4311,[0.14003955447103275],[-0.059936830919395466],[1],[0],[0],[1.8581999999880736],"[""right_image""]",0,0,0,1,1,,,,,
,,,,,090385,001,2025-06-16_15h34.07.926,Simon,2024.2.4,MacIntel,58.47953216,,,,,,,,,,1,279.1653,279.6642,,,,,,,,,,,images/purple_butterfly.png,images/white_butterfly.png,left_image, ,,,,,,277.9328,279.1642,[-0.16104179785894207],[-0.037552148929471035],[1],[0],[0],[1.2307000000179187],"[""left_image""]",0,1,1,0,1,,,,,
,,,,,090385,001,2025-06-16_15h34.07.926,Simon,2024.2.4,MacIntel,58.47953216,,,,,,,,,,1,280.5977,281.0974,,,,,,,,,,,images/white_butterfly.png,images/yellow_butterfly.png,right_image, ,,,,,,279.6653,280.5977,[0.1391294080604534],[-0.01648102959697733],[1],[0],[0],[0.93180000001189],"[""right_image""]",0,2,2,3,1,,,,,
,,,,,090385,001,2025-06-16_15h34.07.926,Simon,2024.2.4,MacIntel,58.47953216,,,,,,,,,,0,281.8808,282.382,,,,,,,,,,,images/yellow_butterfly.png,images/white_butterfly.png,right_image, ,,,,,,281.0983,281.8801,[-0.16803762594458438],[-0.015005116498740555],[1],[0],[0],[0.781399999976145],"[""left_image""]",0,3,3,2,1,,,,,
,,,,,090385,001,2025-06-16_15h34.07.926,Simon,2024.2.4,MacIntel,58.47953216,,,,,,,,,,0,283.6809,284.1807,,,,,,,,,,,images/white_butterfly.png,images/purple_butterfly.png,left_image, ,,,,,,282.3828,283.6808,[0.11480144049118388],[0.00925889483627204],[1],[0],[0],[1.2977000000178691],"[""right_image""]",1,0,4,1,1,,,,,
,,,,,090385,001,2025-06-16_15h34.07.926,Simon,2024.2.4,MacIntel,58.47953216,,,,,,,,,,0,285.0143,285.5141,,,,,,,,,,,images/purple_butterfly.png,images/white_butterfly.png,left_image, ,,,,,,284.1813,285.0143,[0.11543116341309824],[0.00925889483627204],[1],[0],[0],[0.8327000000178941],"[""right_image""]",1,1,5,0,1,,,,,
,,,,,090385,001,2025-06-16_15h34.07.926,Simon,2024.2.4,MacIntel,58.47953216,,,,,,,,,,1,286.6495,287.1477,,,,,,,,,,,images/yellow_butterfly.png,images/white_butterfly.png,right_image, ,,,,,,285.5148,286.6479,[0.1800564782745592],[0.03356226385390428],[1],[0],[0],[1.1326999999880627],"[""right_image""]",1,2,6,2,1,,,,,
,,,,,090385,001,2025-06-16_15h34.07.926,Simon,2024.2.4,MacIntel,58.47953216,,,,,,,,,,0,288.2643,288.7641,,,,,,,,,,,images/white_butterfly.png,images/yellow_butterfly.png,right_image, ,,,,,,287.1483,288.2636,[-0.13636453085642317],[0.02154341152392947],[1],[0],[0],[1.1146999999880904],"[""left_image""]",1,3,7,3,1,,,,,
,,,,,090385,001,2025-06-16_15h34.07.926,Simon,2024.2.4,MacIntel,58.47953216,,,,,,,,,,1,290.2313,290.7302,,,,,,,,,,,images/white_butterfly.png,images/yellow_butterfly.png,right_image, ,,,,,,288.7645,290.2308,[0.14905738350125944],[0.005293608312342569],[1],[0],[0],[1.4663000000119268],"[""right_image""]",2,0,8,3,1,,,,,
,,,,,090385,001,2025-06-16_15h34.07.926,Simon,2024.2.4,MacIntel,58.47953216,,,,,,,,,,1,291.4644,291.9643,,,,,,,,,,,images/yellow_butterfly.png,images/white_butterfly.png,right_image, ,,,,,,290.7306,291.4643,[0.14905738350125944],[0.005293608312342569],[1],[0],[0],[0.7334999999999923],"[""right_image""]",2,1,9,2,1,,,,,
,,,,,090385,001,2025-06-16_15h34.07.926,Simon,2024.2.4,MacIntel,58.47953216,,,,,,,,,,0,292.4651,292.9645,,,,,,,,,,,images/white_butterfly.png,images/purple_butterfly.png,left_image, ,,,,,,291.9651,292.4645,[0.14905738350125944],[0.005293608312342569],[1],[0],[0],[0.49879999998211133],"[""right_image""]",2,2,10,1,1,,,,,
,,,,,090385,001,2025-06-16_15h34.07.926,Simon,2024.2.4,MacIntel,58.47953216,,,,,,,,,,0,294.0984,294.5975,,,,,,,,,,,images/purple_butterfly.png,images/white_butterfly.png,left_image, ,,,,,,292.9658,294.0982,[0.14905738350125944],[0.005293608312342569],[1],[0],[0],[1.1316999999880863],"[""right_image""]",2,3,11,0,1,,,,,
,,,,,090385,001,2025-06-16_15h34.07.926,Simon,2024.2.4,MacIntel,58.47953216,,,,,,,,,,1,295.3993,295.897,,,,,,,,,,,images/purple_butterfly.png,images/white_butterfly.png,left_image, ,,,,,,294.5983,295.3981,[-0.1291965129093199],[0.028519560768261964],[1],[0],[0],[0.7994999999999663],"[""left_image""]",3,0,12,0,1,,,,,
,,,,,090385,001,2025-06-16_15h34.07.926,Simon,2024.2.4,MacIntel,58.47953216,,,,,,,,,,1,296.8481,297.3471,,,,,,,,,,,images/yellow_butterfly.png,images/white_butterfly.png,right_image, ,,,,,,295.8978,296.848,[0.20043883816120905],[0.022827455919395466],[1],[0],[0],[0.9495999999940636],"[""right_image""]",3,1,13,2,1,,,,,
,,,,,090385,001,2025-06-16_15h34.07.926,Simon,2024.2.4,MacIntel,58.47953216,,,,,,,,,,1,298.3825,298.881,,,,,,,,,,,images/white_butterfly.png,images/yellow_butterfly.png,right_image, ,,,,,,297.3479,298.3822,[0.18988605950881612],[0.03892966782115869],[1],[0],[0],[1.03369999998813],"[""right_image""]",3,2,14,3,1,,,,,
,,,,,090385,001,2025-06-16_15h34.07.926,Simon,2024.2.4,MacIntel,58.47953216,,,,,,,,,,0,300.35,300.8479,,,,,,,,,,,images/white_butterfly.png,images/purple_butterfly.png,left_image, ,,,,,,298.8824,300.3482,[0.15227487405541562],[0.0399332887279597],[1],[0],[0],[1.4651999999880445],"[""right_image""]",3,3,15,1,1,,,,,
,,,,,090385,001,2025-06-16_15h34.07.926,Simon,2024.2.4,MacIntel,58.47953216,,,,,,,,,,0,301.8483,302.3472,,,,,,,,,,,images/white_butterfly.png,images/purple_butterfly.png,left_image, ,,,,,,300.8489,301.8482,[0.13977880982367757],[0.03934784319899244],[1],[0],[0],[0.9993000000119423],"[""right_image""]",4,0,16,1,1,,,,,
,,,,,090385,001,2025-06-16_15h34.07.926,Simon,2024.2.4,MacIntel,58.47953216,,,,,,,,,,1,303.5649,304.0643,,,,,,,,,,,images/purple_butterfly.png,images/white_butterfly.png,left_image, ,,,,,,302.3478,303.5645,[-0.08950428998740555],[0.04386905698992443],[1],[0],[0],[1.2159999999999513],"[""left_image""]",4,1,17,0,1,,,,,
,,,,,090385,001,2025-06-16_15h34.07.926,Simon,2024.2.4,MacIntel,58.47953216,,,,,,,,,,0,305.3328,305.8307,,,,,,,,,,,images/white_butterfly.png,images/yellow_butterfly.png,right_image, ,,,,,,304.0653,305.3321,[-0.09966349181360201],[0.046870080289672544],[1],[0],[0],[1.2663999999761586],"[""left_image""]",4,2,18,3,1,,,,,
,,,,,090385,001,2025-06-16_15h34.07.926,Simon,2024.2.4,MacIntel,58.47953216,,,,,,,,,,0,306.6316,307.1316,,,,,,,,,,,images/yellow_butterfly.png,images/white_butterfly.png,right_image, ,,,,,,305.8316,306.6315,[-0.0945863507556675],[0.04233410736775819],[1],[0],[0],[0.7991999999880477],"[""left_image""]",4,3,19,2,1,,,,,
,,,,,090385,001,2025-06-16_15h34.07.926,Simon,2024.2.4,MacIntel,58.47953216,,,,,,,,,,,,,,,,,,,,,,,,,,,,,,,,,,,,,,,,,,,,,,307.1327,308.6144,1,[308.61390000000597],[308.61390000000597]
