﻿instructions.started,instructions.stopped,start_button.numClicks,start_button.timesOn,start_button.timesOff,participant,session,date,expName,psychopyVersion,OS,frameRate,practice_trial.started,practice_trial.stopped,mouse_2.x,mouse_2.y,mouse_2.leftButton,mouse_2.midButton,mouse_2.rightButton,mouse_2.time,mouse_2.clicked_name,correct,feedback.started,feedback.stopped,loop_until_correct.thisRepN,loop_until_correct.thisTrialN,loop_until_correct.thisN,loop_until_correct.thisIndex,loop_until_correct.ran,prac_trials.thisRepN,prac_trials.thisTrialN,prac_trials.thisN,prac_trials.thisIndex,prac_trials.ran,left_color,right_color,correct_response,top_txt,instructions_2.started,instructions_2.stopped,start_button_2.numClicks,start_button_2.timesOn,start_button_2.timesOff,trial.started,trial.stopped,mouse.x,mouse.y,mouse.leftButton,mouse.midButton,mouse.rightButton,mouse.time,mouse.clicked_name,trials.thisRepN,trials.thisTrialN,trials.thisN,trials.thisIndex,trials.ran,end.started,end.stopped,start_button_3.numClicks,start_button_3.timesOn,start_button_3.timesOff
0,13.55,1,[13.561999999999998],[13.561999999999998],090460,001,2025-09-11_09h28.17.286,Simon,2024.2.4,Win32,59.95203837,,,,,,,,,,,,,,,,,,,,,,,,,,,,,,,,,,,,,,,,,,,,,,,,,,
,,,,,090460,001,2025-09-11_09h28.17.286,Simon,2024.2.4,Win32,59.95203837,13.562,17.334,[-0.21283255086071987],[-0.002347417840375587],[1],[0],[0],[3.7659999999999982],"[""left_image_2"",""left_image_2""]",1,17.334,17.833,0,0,0,0,1,,,,,,,,,,,,,,,,,,,,,,,,,,,,,,,,,
,,,,,090460,001,2025-09-11_09h28.17.286,Simon,2024.2.4,Win32,59.95203837,,,,,,,,,,,,,,,,,,0,0,0,0,1,images/purple_butterfly.png,images/white_butterfly.png,left_image_2,"In this example, select the LEFT butterfly.",,,,,,,,,,,,,,,,,,,,,,,,
,,,,,090460,001,2025-09-11_09h28.17.286,Simon,2024.2.4,Win32,59.95203837,17.834,21.333,[-0.2942097026604069],[-0.008607198748043818],[1],[0],[0],[3.497],"[""left_image_2"",""left_image_2""]",1,21.334,21.833,0,0,0,0,1,,,,,,,,,,,,,,,,,,,,,,,,,,,,,,,,,
,,,,,090460,001,2025-09-11_09h28.17.286,Simon,2024.2.4,Win32,59.95203837,,,,,,,,,,,,,,,,,,0,1,1,1,1,images/white_butterfly.png,images/purple_butterfly.png,left_image_2,"In this example, select the LEFT butterfly.",,,,,,,,,,,,,,,,,,,,,,,,
,,,,,090460,001,2025-09-11_09h28.17.286,Simon,2024.2.4,Win32,59.95203837,21.834,23.416,[0.30203442879499215],[0.028951486697965573],[1],[0],[0],[1.581000000000003],"[""right_image_2"",""right_image_2""]",1,23.417,23.916,0,0,0,0,1,,,,,,,,,,,,,,,,,,,,,,,,,,,,,,,,,
,,,,,090460,001,2025-09-11_09h28.17.286,Simon,2024.2.4,Win32,59.95203837,,,,,,,,,,,,,,,,,,0,2,2,2,1,images/yellow_butterfly.png,images/white_butterfly.png,right_image_2,"In this example, select the RIGHT butterfly.",,,,,,,,,,,,,,,,,,,,,,,,
,,,,,090460,001,2025-09-11_09h28.17.286,Simon,2024.2.4,Win32,59.95203837,23.917,24.5,[0.28325508607198746],[-0.036776212832550864],[1],[0],[0],[0.5820000000000007],"[""right_image_2"",""right_image_2""]",1,24.5,24.999,0,0,0,0,1,,,,,,,,,,,,,,,,,,,,,,,,,,,,,,,,,
,,,,,090460,001,2025-09-11_09h28.17.286,Simon,2024.2.4,Win32,59.95203837,,,,,,,,,,,,,,,,,,0,3,3,3,1,images/white_butterfly.png,images/yellow_butterfly.png,right_image_2,"In this example, select the RIGHT butterfly.",,,,,,,,,,,,,,,,,,,,,,,,
,,,,,090460,001,2025-09-11_09h28.17.286,Simon,2024.2.4,Win32,59.95203837,,,,,,,,,,,,,,,,,,,,,,,,,,,24.999,26.1,1,[26.103],[26.103],,,,,,,,,,,,,,,,,,,
,,,,,090460,001,2025-09-11_09h28.17.286,Simon,2024.2.4,Win32,59.95203837,,,,,,,,,,1,28.35,28.85,,,,,,,,,,,images/yellow_butterfly.png,images/white_butterfly.png,right_image, ,,,,,,26.105,28.35,[0.25508607198748046],[0.013302034428794992],[1],[0],[0],[2.2439999999999998],"[""right_image""]",0,0,0,2,1,,,,,
,,,,,090460,001,2025-09-11_09h28.17.286,Simon,2024.2.4,Win32,59.95203837,,,,,,,,,,1,29.649,30.149,,,,,,,,,,,images/purple_butterfly.png,images/white_butterfly.png,left_image, ,,,,,,28.85,29.649,[-0.2269170579029734],[0.03834115805946792],[1],[0],[0],[0.7980000000000018],"[""left_image""]",0,1,1,0,1,,,,,
,,,,,090460,001,2025-09-11_09h28.17.286,Simon,2024.2.4,Win32,59.95203837,,,,,,,,,,1,31.6,32.099,,,,,,,,,,,images/white_butterfly.png,images/purple_butterfly.png,left_image, ,,,,,,30.149,31.6,[-0.23630672926447574],[0.027386541471048513],[1],[0],[0],[1.448999999999998],"[""left_image""]",0,2,2,1,1,,,,,
,,,,,090460,001,2025-09-11_09h28.17.286,Simon,2024.2.4,Win32,59.95203837,,,,,,,,,,1,32.866,33.366,,,,,,,,,,,images/white_butterfly.png,images/yellow_butterfly.png,right_image, ,,,,,,32.102,32.866,[0.2566510172143975],[-0.005477308294209703],[1],[0],[0],[0.7629999999999981],"[""right_image""]",0,3,3,3,1,,,,,
,,,,,090460,001,2025-09-11_09h28.17.286,Simon,2024.2.4,Win32,59.95203837,,,,,,,,,,1,34.049,34.549,,,,,,,,,,,images/white_butterfly.png,images/yellow_butterfly.png,right_image, ,,,,,,33.366,34.049,[0.25039123630672927],[0.013302034428794992],[1],[0],[0],[0.6820000000000022],"[""right_image""]",1,0,4,3,1,,,,,
,,,,,090460,001,2025-09-11_09h28.17.286,Simon,2024.2.4,Win32,59.95203837,,,,,,,,,,1,35.466,35.966,,,,,,,,,,,images/white_butterfly.png,images/purple_butterfly.png,left_image, ,,,,,,34.55,35.466,[-0.07668231611893583],[0.03834115805946792],[1],[0],[0],[0.9160000000000039],"[""left_image""]",1,1,5,1,1,,,,,
,,,,,090460,001,2025-09-11_09h28.17.286,Simon,2024.2.4,Win32,59.95203837,,,,,,,,,,1,36.699,37.199,,,,,,,,,,,images/purple_butterfly.png,images/white_butterfly.png,left_image, ,,,,,,35.967,36.699,[-0.11267605633802817],[-0.01486697965571205],[1],[0],[0],[0.7310000000000016],"[""left_image""]",1,2,6,0,1,,,,,
,,,,,090460,001,2025-09-11_09h28.17.286,Simon,2024.2.4,Win32,59.95203837,,,,,,,,,,1,38.732,39.232,,,,,,,,,,,images/yellow_butterfly.png,images/white_butterfly.png,right_image, ,,,,,,37.2,38.732,[0.19248826291079812],[-0.03051643192488263],[1],[0],[0],[1.5309999999999988],"[""right_image""]",1,3,7,2,1,,,,,
,,,,,090460,001,2025-09-11_09h28.17.286,Simon,2024.2.4,Win32,59.95203837,,,,,,,,,,1,39.932,40.432,,,,,,,,,,,images/purple_butterfly.png,images/white_butterfly.png,left_image, ,,,,,,39.233,39.932,[-0.15805946791862285],[-0.024256651017214397],[1],[0],[0],[0.6990000000000052],"[""left_image""]",2,0,8,0,1,,,,,
,,,,,090460,001,2025-09-11_09h28.17.286,Simon,2024.2.4,Win32,59.95203837,,,,,,,,,,1,41.249,41.748,,,,,,,,,,,images/white_butterfly.png,images/yellow_butterfly.png,right_image, ,,,,,,40.433,41.249,[0.2347417840375587],[0.010172143974960876],[1],[0],[0],[0.8159999999999954],"[""right_image""]",2,1,9,3,1,,,,,
,,,,,090460,001,2025-09-11_09h28.17.286,Simon,2024.2.4,Win32,59.95203837,,,,,,,,,,1,42.916,43.415,,,,,,,,,,,images/white_butterfly.png,images/purple_butterfly.png,left_image, ,,,,,,41.749,42.916,[-0.2535211267605634],[0.032081377151799685],[1],[0],[0],[1.166000000000004],"[""left_image""]",2,2,10,1,1,,,,,
,,,,,090460,001,2025-09-11_09h28.17.286,Simon,2024.2.4,Win32,59.95203837,,,,,,,,,,1,44.498,44.998,,,,,,,,,,,images/yellow_butterfly.png,images/white_butterfly.png,right_image, ,,,,,,43.415,44.498,[0.2222222222222222],[0.032081377151799685],[1],[0],[0],[1.0820000000000007],"[""right_image""]",2,3,11,2,1,,,,,
,,,,,090460,001,2025-09-11_09h28.17.286,Simon,2024.2.4,Win32,59.95203837,,,,,,,,,,1,45.881,46.382,,,,,,,,,,,images/white_butterfly.png,images/yellow_butterfly.png,right_image, ,,,,,,44.998,45.881,[0.18935837245696402],[-0.011737089201877934],[1],[0],[0],[0.882000000000005],"[""right_image""]",3,0,12,3,1,,,,,
,,,,,090460,001,2025-09-11_09h28.17.286,Simon,2024.2.4,Win32,59.95203837,,,,,,,,,,1,47.065,47.565,,,,,,,,,,,images/purple_butterfly.png,images/white_butterfly.png,left_image, ,,,,,,46.382,47.065,[-0.10172143974960876],[-0.008607198748043818],[1],[0],[0],[0.6829999999999998],"[""left_image""]",3,1,13,0,1,,,,,
,,,,,090460,001,2025-09-11_09h28.17.286,Simon,2024.2.4,Win32,59.95203837,,,,,,,,,,1,48.349,48.849,,,,,,,,,,,images/yellow_butterfly.png,images/white_butterfly.png,right_image, ,,,,,,47.566,48.349,[0.27073552425665104],[-0.05086071987480438],[1],[0],[0],[0.7830000000000013],"[""right_image""]",3,2,14,2,1,,,,,
,,,,,090460,001,2025-09-11_09h28.17.286,Simon,2024.2.4,Win32,59.95203837,,,,,,,,,,1,49.815,50.315,,,,,,,,,,,images/white_butterfly.png,images/purple_butterfly.png,left_image, ,,,,,,48.849,49.815,[-0.1752738654147105],[-0.019561815336463225],[1],[0],[0],[0.9660000000000011],"[""left_image""]",3,3,15,1,1,,,,,
,,,,,090460,001,2025-09-11_09h28.17.286,Simon,2024.2.4,Win32,59.95203837,,,,,,,,,,1,51.448,51.948,,,,,,,,,,,images/yellow_butterfly.png,images/white_butterfly.png,right_image, ,,,,,,50.315,51.448,[0.27386541471048514],[0.010172143974960876],[1],[0],[0],[1.1330000000000027],"[""right_image""]",4,0,16,2,1,,,,,
,,,,,090460,001,2025-09-11_09h28.17.286,Simon,2024.2.4,Win32,59.95203837,,,,,,,,,,1,53.131,53.631,,,,,,,,,,,images/white_butterfly.png,images/yellow_butterfly.png,right_image, ,,,,,,51.949,53.131,[0.13615023474178403],[0.01643192488262911],[1],[0],[0],[1.1820000000000022],"[""right_image""]",4,1,17,3,1,,,,,
,,,,,090460,001,2025-09-11_09h28.17.286,Simon,2024.2.4,Win32,59.95203837,,,,,,,,,,1,54.331,54.831,,,,,,,,,,,images/white_butterfly.png,images/purple_butterfly.png,left_image, ,,,,,,53.632,54.331,[-0.14397496087636932],[0.003912363067292645],[1],[0],[0],[0.6989999999999981],"[""left_image""]",4,2,18,1,1,,,,,
,,,,,090460,001,2025-09-11_09h28.17.286,Simon,2024.2.4,Win32,59.95203837,,,,,,,,,,1,55.414,55.915,,,,,,,,,,,images/purple_butterfly.png,images/white_butterfly.png,left_image, ,,,,,,54.832,55.414,[-0.14084507042253522],[0.07120500782472614],[1],[0],[0],[0.5820000000000007],"[""left_image""]",4,3,19,0,1,,,,,
,,,,,090460,001,2025-09-11_09h28.17.286,Simon,2024.2.4,Win32,59.95203837,,,,,,,,,,,,,,,,,,,,,,,,,,,,,,,,,,,,,,,,,,,,,,55.915,56.831,1,[56.830999999999996],[56.830999999999996]
