﻿instructions.started,instructions.stopped,start_button.numClicks,start_button.timesOn,start_button.timesOff,participant,session,date,expName,psychopyVersion,OS,frameRate,practice_trial.started,practice_trial.stopped,mouse_2.x,mouse_2.y,mouse_2.leftButton,mouse_2.midButton,mouse_2.rightButton,mouse_2.time,mouse_2.clicked_name,correct,feedback.started,feedback.stopped,loop_until_correct.thisRepN,loop_until_correct.thisTrialN,loop_until_correct.thisN,loop_until_correct.thisIndex,loop_until_correct.ran,prac_trials.thisRepN,prac_trials.thisTrialN,prac_trials.thisN,prac_trials.thisIndex,prac_trials.ran,left_color,right_color,correct_response,top_txt
0,1.893,1,[1.9410000000000007],[1.9410000000000007],090840,001,2025-07-17_10h06.15.830,Simon,2024.2.4,Win32,59.95203837,,,,,,,,,,,,,,,,,,,,,,,,,,
,,,,,090840,001,2025-07-17_10h06.15.830,Simon,2024.2.4,Win32,59.95203837,1.948,3.439,[0.20987654320987653],[-0.004409171075837742],[1],[0],[0],[1.4719999999999995],"[""right_image_2"",""right_image_2""]",0,3.442,3.937,0,0,0,0,1,,,,,,,,,
,,,,,090840,001,2025-07-17_10h06.15.830,Simon,2024.2.4,Win32,59.95203837,3.943,4.688,[-0.14285714285714285],[-0.05026455026455026],[1],[0],[0],[0.7419999999999991],"[""left_image_2"",""left_image_2""]",1,4.693,5.186,1,0,1,0,1,,,,,,,,,
,,,,,090840,001,2025-07-17_10h06.15.830,Simon,2024.2.4,Win32,59.95203837,,,,,,,,,,,,,,,,,,0,0,0,0,1,images/purple_butterfly.png,images/white_butterfly.png,left_image_2,"In this example, select the LEFT butterfly."
