﻿instructions.started,instructions.stopped,start_button.numClicks,start_button.timesOn,start_button.timesOff,participant,session,date,expName,psychopyVersion,OS,frameRate,practice_trial.started,practice_trial.stopped,mouse_2.x,mouse_2.y,mouse_2.leftButton,mouse_2.midButton,mouse_2.rightButton,mouse_2.time,mouse_2.clicked_name,correct,feedback.started,feedback.stopped,loop_until_correct.thisRepN,loop_until_correct.thisTrialN,loop_until_correct.thisN,loop_until_correct.thisIndex,loop_until_correct.ran,prac_trials.thisRepN,prac_trials.thisTrialN,prac_trials.thisN,prac_trials.thisIndex,prac_trials.ran,left_color,right_color,correct_response,top_txt,instructions_2.started,instructions_2.stopped,start_button_2.numClicks,start_button_2.timesOn,start_button_2.timesOff,trial.started,trial.stopped,mouse.x,mouse.y,mouse.leftButton,mouse.midButton,mouse.rightButton,mouse.time,mouse.clicked_name,trials.thisRepN,trials.thisTrialN,trials.thisN,trials.thisIndex,trials.ran,end.started,end.stopped,start_button_3.numClicks,start_button_3.timesOn,start_button_3.timesOff
0.0004,17.5659,1,[17.576199999999254],[17.576199999999254],092473,001,2025-02-23_18h59.36.485,Simon,2024.2.4,Win32,12.78772379,,,,,,,,,,,,,,,,,,,,,,,,,,,,,,,,,,,,,,,,,,,,,,,,,,
,,,,,092473,001,2025-02-23_18h59.36.485,Simon,2024.2.4,Win32,12.78772379,17.5834,20.2368,[-0.22455403987408185],[0.0026232948583420775],[1],[0],[0],[2.650900000000373],"[""left_image_2"",""left_image_2""]",1,20.2372,20.6844,0,0,0,0,1,,,,,,,,,,,,,,,,,,,,,,,,,,,,,,,,,
,,,,,092473,001,2025-02-23_18h59.36.485,Simon,2024.2.4,Win32,12.78772379,,,,,,,,,,,,,,,,,,0,0,0,0,1,images/purple_butterfly.png,images/white_butterfly.png,left_image_2,"In this example, select the LEFT butterfly.",,,,,,,,,,,,,,,,,,,,,,,,
,,,,,092473,001,2025-02-23_18h59.36.485,Simon,2024.2.4,Win32,12.78772379,20.6857,22.1421,[-0.21511017838405036],[0.007869884575026232],[1],[0],[0],[1.4550999999996286],"[""left_image_2"",""left_image_2""]",1,22.1423,22.5533,0,0,0,0,1,,,,,,,,,,,,,,,,,,,,,,,,,,,,,,,,,
,,,,,092473,001,2025-02-23_18h59.36.485,Simon,2024.2.4,Win32,12.78772379,,,,,,,,,,,,,,,,,,0,1,1,1,1,images/white_butterfly.png,images/purple_butterfly.png,left_image_2,"In this example, select the LEFT butterfly.",,,,,,,,,,,,,,,,,,,,,,,,
,,,,,092473,001,2025-02-23_18h59.36.485,Simon,2024.2.4,Win32,12.78772379,22.5542,26.966,[0.16474291710388247],[-0.0036726128016789086],[1],[0],[0],[4.410600000001487],"[""right_image_2"",""right_image_2""]",1,26.9661,27.5067,0,0,0,0,1,,,,,,,,,,,,,,,,,,,,,,,,,,,,,,,,,
,,,,,092473,001,2025-02-23_18h59.36.485,Simon,2024.2.4,Win32,12.78772379,,,,,,,,,,,,,,,,,,0,2,2,2,1,images/yellow_butterfly.png,images/white_butterfly.png,right_image_2,"In this example, select the RIGHT butterfly.",,,,,,,,,,,,,,,,,,,,,,,,
,,,,,092473,001,2025-02-23_18h59.36.485,Simon,2024.2.4,Win32,12.78772379,27.508,28.7353,[0.1689401888772298],[-0.0026232948583420775],[1],[0],[0],[1.2265000000000015],"[""right_image_2"",""right_image_2""]",1,28.7355,29.2761,0,0,0,0,1,,,,,,,,,,,,,,,,,,,,,,,,,,,,,,,,,
,,,,,092473,001,2025-02-23_18h59.36.485,Simon,2024.2.4,Win32,12.78772379,,,,,,,,,,,,,,,,,,0,3,3,3,1,images/white_butterfly.png,images/yellow_butterfly.png,right_image_2,"In this example, select the RIGHT butterfly.",,,,,,,,,,,,,,,,,,,,,,,,
,,,,,092473,001,2025-02-23_18h59.36.485,Simon,2024.2.4,Win32,12.78772379,,,,,,,,,,,,,,,,,,,,,,,,,,,29.2764,32.0939,1,[32.09640000000037],[32.09640000000037],,,,,,,,,,,,,,,,,,,
,,,,,092473,001,2025-02-23_18h59.36.485,Simon,2024.2.4,Win32,12.78772379,,,,,,,,,,1,33.6544,34.061,,,,,,,,,,,images/purple_butterfly.png,images/white_butterfly.png,left_image, ,,,,,,32.1007,33.6544,[-0.2088142707240294],[0.006820566631689402],[1],[0],[0],[1.553099999999631],"[""left_image""]",0,0,0,0,1,,,,,
,,,,,092473,001,2025-02-23_18h59.36.485,Simon,2024.2.4,Win32,12.78772379,,,,,,,,,,1,34.7378,35.1443,,,,,,,,,,,images/white_butterfly.png,images/purple_butterfly.png,left_image, ,,,,,,34.0616,34.7378,[-0.2088142707240294],[0.007869884575026232],[1],[0],[0],[0.6759000000003752],"[""left_image""]",0,1,1,1,1,,,,,
,,,,,092473,001,2025-02-23_18h59.36.485,Simon,2024.2.4,Win32,12.78772379,,,,,,,,,,1,36.2682,36.6752,,,,,,,,,,,images/yellow_butterfly.png,images/white_butterfly.png,right_image, ,,,,,,35.1448,36.2682,[0.18572927597061908],[-0.03620146904512067],[1],[0],[0],[1.1229000000003708],"[""right_image""]",0,2,2,2,1,,,,,
,,,,,092473,001,2025-02-23_18h59.36.485,Simon,2024.2.4,Win32,12.78772379,,,,,,,,,,1,37.3465,37.7555,,,,,,,,,,,images/white_butterfly.png,images/yellow_butterfly.png,right_image, ,,,,,,36.6758,37.3464,[0.19517313746065057],[-0.03410283315844701],[1],[0],[0],[0.6702000000011168],"[""right_image""]",0,3,3,3,1,,,,,
,,,,,092473,001,2025-02-23_18h59.36.485,Simon,2024.2.4,Win32,12.78772379,,,,,,,,,,1,38.845,39.2577,,,,,,,,,,,images/white_butterfly.png,images/purple_butterfly.png,left_image, ,,,,,,37.7559,38.8449,[-0.14480587618048268],[-0.02570828961175236],[1],[0],[0],[1.0888000000007452],"[""left_image""]",1,0,4,1,1,,,,,
,,,,,092473,001,2025-02-23_18h59.36.485,Simon,2024.2.4,Win32,12.78772379,,,,,,,,,,1,40.1402,40.5487,,,,,,,,,,,images/yellow_butterfly.png,images/white_butterfly.png,right_image, ,,,,,,39.2581,40.1402,[0.2539349422875131],[-0.008919202518363064],[1],[0],[0],[0.8816999999992561],"[""right_image""]",1,1,5,2,1,,,,,
,,,,,092473,001,2025-02-23_18h59.36.485,Simon,2024.2.4,Win32,12.78772379,,,,,,,,,,1,41.4261,41.832,,,,,,,,,,,images/purple_butterfly.png,images/white_butterfly.png,left_image, ,,,,,,40.5491,41.426,[-0.14270724029380902],[-0.037250786988457504],[1],[0],[0],[0.8767000000011222],"[""left_image""]",1,2,6,0,1,,,,,
,,,,,092473,001,2025-02-23_18h59.36.485,Simon,2024.2.4,Win32,12.78772379,,,,,,,,,,1,42.8252,43.2364,,,,,,,,,,,images/white_butterfly.png,images/yellow_butterfly.png,right_image, ,,,,,,41.8324,42.8252,[0.19097586568730326],[-0.017313746065057714],[1],[0],[0],[0.9925999999996264],"[""right_image""]",1,3,7,3,1,,,,,
,,,,,092473,001,2025-02-23_18h59.36.485,Simon,2024.2.4,Win32,12.78772379,,,,,,,,,,1,44.2171,44.6237,,,,,,,,,,,images/white_butterfly.png,images/purple_butterfly.png,left_image, ,,,,,,43.2369,44.2171,[-0.12801678908709338],[-0.005771248688352571],[1],[0],[0],[0.9800999999996236],"[""left_image""]",2,0,8,1,1,,,,,
,,,,,092473,001,2025-02-23_18h59.36.485,Simon,2024.2.4,Win32,12.78772379,,,,,,,,,,1,45.7026,46.1179,,,,,,,,,,,images/white_butterfly.png,images/yellow_butterfly.png,right_image, ,,,,,,44.6242,45.7026,[0.15320041972717732],[0.0005246589716684155],[1],[0],[0],[1.0783000000007448],"[""right_image""]",2,1,9,3,1,,,,,
,,,,,092473,001,2025-02-23_18h59.36.485,Simon,2024.2.4,Win32,12.78772379,,,,,,,,,,1,47.0981,47.5177,,,,,,,,,,,images/yellow_butterfly.png,images/white_butterfly.png,right_image, ,,,,,,46.1183,47.098,[0.19517313746065057],[-0.030954879328436515],[1],[0],[0],[0.9794000000003749],"[""right_image""]",2,2,10,2,1,,,,,
,,,,,092473,001,2025-02-23_18h59.36.485,Simon,2024.2.4,Win32,12.78772379,,,,,,,,,,1,48.5052,48.9117,,,,,,,,,,,images/purple_butterfly.png,images/white_butterfly.png,left_image, ,,,,,,47.5182,48.5051,[-0.17103882476390347],[0.0005246589716684155],[1],[0],[0],[0.9868000000007484],"[""left_image""]",2,3,11,0,1,,,,,
,,,,,092473,001,2025-02-23_18h59.36.485,Simon,2024.2.4,Win32,12.78772379,,,,,,,,,,1,51.5699,51.9812,,,,,,,,,,,images/white_butterfly.png,images/yellow_butterfly.png,right_image, ,,,,,,48.912,51.5698,[0.24763903462749212],[-0.017313746065057714],[1],[0],[0],[2.657500000000006],"[""right_image""]",3,0,12,3,1,,,,,
,,,,,092473,001,2025-02-23_18h59.36.485,Simon,2024.2.4,Win32,12.78772379,,,,,,,,,,1,53.1847,53.5961,,,,,,,,,,,images/white_butterfly.png,images/purple_butterfly.png,left_image, ,,,,,,51.9816,53.1846,[-0.15005246589716684],[-0.04564533053515215],[1],[0],[0],[1.2028000000007424],"[""left_image""]",3,1,13,1,1,,,,,
,,,,,092473,001,2025-02-23_18h59.36.485,Simon,2024.2.4,Win32,12.78772379,,,,,,,,,,1,54.7319,55.2716,,,,,,,,,,,images/yellow_butterfly.png,images/white_butterfly.png,right_image, ,,,,,,53.5965,54.7319,[0.13955928646379853],[-0.04354669464847849],[1],[0],[0],[1.1350999999996318],"[""right_image""]",3,2,14,2,1,,,,,
,,,,,092473,001,2025-02-23_18h59.36.485,Simon,2024.2.4,Win32,12.78772379,,,,,,,,,,1,56.3686,56.8148,,,,,,,,,,,images/purple_butterfly.png,images/white_butterfly.png,left_image, ,,,,,,55.272,56.3686,[-0.12067156348373557],[-0.03620146904512067],[1],[0],[0],[1.0964000000003722],"[""left_image""]",3,3,15,0,1,,,,,
,,,,,092473,001,2025-02-23_18h59.36.485,Simon,2024.2.4,Win32,12.78772379,,,,,,,,,,1,57.9088,58.3183,,,,,,,,,,,images/white_butterfly.png,images/yellow_butterfly.png,right_image, ,,,,,,56.8152,57.9088,[0.19727177334732424],[-0.07712486883525708],[1],[0],[0],[1.0932999999988837],"[""right_image""]",4,0,16,3,1,,,,,
,,,,,092473,001,2025-02-23_18h59.36.485,Simon,2024.2.4,Win32,12.78772379,,,,,,,,,,1,59.2996,59.7052,,,,,,,,,,,images/purple_butterfly.png,images/white_butterfly.png,left_image, ,,,,,,58.3188,59.2996,[-0.0912906610703043],[-0.05089192025183631],[1],[0],[0],[0.980599999999626],"[""left_image""]",4,1,17,0,1,,,,,
,,,,,092473,001,2025-02-23_18h59.36.485,Simon,2024.2.4,Win32,12.78772379,,,,,,,,,,1,60.5299,60.9876,,,,,,,,,,,images/yellow_butterfly.png,images/white_butterfly.png,right_image, ,,,,,,59.7058,60.5298,[0.15005246589716684],[-0.03620146904512067],[1],[0],[0],[0.8236999999992634],"[""right_image""]",4,2,18,2,1,,,,,
,,,,,092473,001,2025-02-23_18h59.36.485,Simon,2024.2.4,Win32,12.78772379,,,,,,,,,,1,62.0388,62.5311,,,,,,,,,,,images/white_butterfly.png,images/purple_butterfly.png,left_image, ,,,,,,60.988,62.0387,[-0.15634837355718784],[-0.00472193074501574],[1],[0],[0],[1.0504999999999995],"[""left_image""]",4,3,19,1,1,,,,,
,,,,,092473,001,2025-02-23_18h59.36.485,Simon,2024.2.4,Win32,12.78772379,,,,,,,,,,,,,,,,,,,,,,,,,,,,,,,,,,,,,,,,,,,,,,62.5316,64.8151,1,[64.8145],[64.8145]
