﻿instructions.started,instructions.stopped,start_button.numClicks,start_button.timesOn,start_button.timesOff,participant,session,date,expName,psychopyVersion,OS,frameRate,practice_trial.started,practice_trial.stopped,mouse_2.x,mouse_2.y,mouse_2.leftButton,mouse_2.midButton,mouse_2.rightButton,mouse_2.time,mouse_2.clicked_name,correct,feedback.started,feedback.stopped,loop_until_correct.thisRepN,loop_until_correct.thisTrialN,loop_until_correct.thisN,loop_until_correct.thisIndex,loop_until_correct.ran,prac_trials.thisRepN,prac_trials.thisTrialN,prac_trials.thisN,prac_trials.thisIndex,prac_trials.ran,left_color,right_color,correct_response,top_txt,instructions_2.started,instructions_2.stopped,start_button_2.numClicks,start_button_2.timesOn,start_button_2.timesOff,trial.started,trial.stopped,mouse.x,mouse.y,mouse.leftButton,mouse.midButton,mouse.rightButton,mouse.time,mouse.clicked_name,trials.thisRepN,trials.thisTrialN,trials.thisN,trials.thisIndex,trials.ran,end.started,end.stopped,start_button_3.numClicks,start_button_3.timesOn,start_button_3.timesOff
0.0003,28.5727,1,[28.580000000000002],[28.580000000000002],096629,001,2025-11-17_15h39.17.274,Simon,2024.2.4,Win32,59.52380952,,,,,,,,,,,,,,,,,,,,,,,,,,,,,,,,,,,,,,,,,,,,,,,,,,
,,,,,096629,001,2025-11-17_15h39.17.274,Simon,2024.2.4,Win32,59.52380952,28.5831,36.156,[-0.16771488469601678],[0.025157232704402517],[1],[0],[0],[7.571300000000747],"[""left_image_2"",""left_image_2""]",1,36.1564,36.6559,0,0,0,0,1,,,,,,,,,,,,,,,,,,,,,,,,,,,,,,,,,
,,,,,096629,001,2025-11-17_15h39.17.274,Simon,2024.2.4,Win32,59.52380952,,,,,,,,,,,,,,,,,,0,0,0,0,1,images/purple_butterfly.png,images/white_butterfly.png,left_image_2,"In this example, select the LEFT butterfly.",,,,,,,,,,,,,,,,,,,,,,,,
,,,,,096629,001,2025-11-17_15h39.17.274,Simon,2024.2.4,Win32,59.52380952,36.6569,38.5225,[-0.14779874213836477],[0.008385744234800839],[1],[0],[0],[1.8644000000003729],"[""left_image_2"",""left_image_2""]",1,38.5226,39.0225,0,0,0,0,1,,,,,,,,,,,,,,,,,,,,,,,,,,,,,,,,,
,,,,,096629,001,2025-11-17_15h39.17.274,Simon,2024.2.4,Win32,59.52380952,,,,,,,,,,,,,,,,,,0,1,1,1,1,images/white_butterfly.png,images/purple_butterfly.png,left_image_2,"In this example, select the LEFT butterfly.",,,,,,,,,,,,,,,,,,,,,,,,
,,,,,096629,001,2025-11-17_15h39.17.274,Simon,2024.2.4,Win32,59.52380952,39.0232,41.106,[0.24109014675052412],[0.011530398322851153],[1],[0],[0],[2.0817000000011205],"[""right_image_2"",""right_image_2""]",1,41.1061,41.6059,0,0,0,0,1,,,,,,,,,,,,,,,,,,,,,,,,,,,,,,,,,
,,,,,096629,001,2025-11-17_15h39.17.274,Simon,2024.2.4,Win32,59.52380952,,,,,,,,,,,,,,,,,,0,2,2,2,1,images/yellow_butterfly.png,images/white_butterfly.png,right_image_2,"In this example, select the RIGHT butterfly.",,,,,,,,,,,,,,,,,,,,,,,,
,,,,,096629,001,2025-11-17_15h39.17.274,Simon,2024.2.4,Win32,59.52380952,41.6066,42.8059,[0.1519916142557652],[-0.011530398322851153],[1],[0],[0],[1.1986000000014911],"[""right_image_2"",""right_image_2""]",1,42.806,43.3057,0,0,0,0,1,,,,,,,,,,,,,,,,,,,,,,,,,,,,,,,,,
,,,,,096629,001,2025-11-17_15h39.17.274,Simon,2024.2.4,Win32,59.52380952,,,,,,,,,,,,,,,,,,0,3,3,3,1,images/white_butterfly.png,images/yellow_butterfly.png,right_image_2,"In this example, select the RIGHT butterfly.",,,,,,,,,,,,,,,,,,,,,,,,
,,,,,096629,001,2025-11-17_15h39.17.274,Simon,2024.2.4,Win32,59.52380952,,,,,,,,,,,,,,,,,,,,,,,,,,,43.306,47.3395,1,[47.34059999999963],[47.34059999999963],,,,,,,,,,,,,,,,,,,
,,,,,096629,001,2025-11-17_15h39.17.274,Simon,2024.2.4,Win32,59.52380952,,,,,,,,,,1,49.5228,50.0225,,,,,,,,,,,images/purple_butterfly.png,images/white_butterfly.png,left_image, ,,,,,,47.3435,49.5227,[-0.1331236897274633],[0.0020964360587002098],[1],[0],[0],[2.178699999999253],"[""left_image""]",0,0,0,0,1,,,,,
,,,,,096629,001,2025-11-17_15h39.17.274,Simon,2024.2.4,Win32,59.52380952,,,,,,,,,,1,51.1393,51.6394,,,,,,,,,,,images/yellow_butterfly.png,images/white_butterfly.png,right_image, ,,,,,,50.023,51.1393,[0.14360587002096437],[-0.023060796645702306],[1],[0],[0],[1.116100000001488],"[""right_image""]",0,1,1,2,1,,,,,
,,,,,096629,001,2025-11-17_15h39.17.274,Simon,2024.2.4,Win32,59.52380952,,,,,,,,,,1,52.6393,53.1392,,,,,,,,,,,images/white_butterfly.png,images/yellow_butterfly.png,right_image, ,,,,,,51.6398,52.6392,[0.12473794549266247],[-0.007337526205450734],[1],[0],[0],[0.9991999999992558],"[""right_image""]",0,2,2,3,1,,,,,
,,,,,096629,001,2025-11-17_15h39.17.274,Simon,2024.2.4,Win32,59.52380952,,,,,,,,,,1,54.2892,54.7892,,,,,,,,,,,images/white_butterfly.png,images/purple_butterfly.png,left_image, ,,,,,,53.1396,54.2892,[-0.129979035639413],[-0.0031446540880503146],[1],[0],[0],[1.1494000000003695],"[""left_image""]",0,3,3,1,1,,,,,
,,,,,096629,001,2025-11-17_15h39.17.274,Simon,2024.2.4,Win32,59.52380952,,,,,,,,,,1,56.8228,57.3225,,,,,,,,,,,images/purple_butterfly.png,images/white_butterfly.png,left_image, ,,,,,,54.7897,56.8227,[-0.13836477987421383],[0],[1],[0],[0],[2.032799999998886],"[""left_image""]",1,0,4,0,1,,,,,
,,,,,096629,001,2025-11-17_15h39.17.274,Simon,2024.2.4,Win32,59.52380952,,,,,,,,,,1,58.3725,58.8727,,,,,,,,,,,images/white_butterfly.png,images/yellow_butterfly.png,right_image, ,,,,,,57.323,58.3725,[0.22851153039832284],[-0.007337526205450734],[1],[0],[0],[1.0493000000007484],"[""right_image""]",1,1,5,3,1,,,,,
,,,,,096629,001,2025-11-17_15h39.17.274,Simon,2024.2.4,Win32,59.52380952,,,,,,,,,,1,59.7394,60.2395,,,,,,,,,,,images/yellow_butterfly.png,images/white_butterfly.png,right_image, ,,,,,,58.8731,59.7394,[0.16876310272536688],[-0.02620545073375262],[1],[0],[0],[0.8658999999985113],"[""right_image""]",1,2,6,2,1,,,,,
,,,,,096629,001,2025-11-17_15h39.17.274,Simon,2024.2.4,Win32,59.52380952,,,,,,,,,,1,61.2394,61.7393,,,,,,,,,,,images/white_butterfly.png,images/purple_butterfly.png,left_image, ,,,,,,60.24,61.2393,[-0.16561844863731656],[-0.01781970649895178],[1],[0],[0],[0.9990999999996362],"[""left_image""]",1,3,7,1,1,,,,,
,,,,,096629,001,2025-11-17_15h39.17.274,Simon,2024.2.4,Win32,59.52380952,,,,,,,,,,1,62.6893,63.1893,,,,,,,,,,,images/yellow_butterfly.png,images/white_butterfly.png,right_image, ,,,,,,61.7398,62.6892,[0.13417190775681342],[-0.023060796645702306],[1],[0],[0],[0.9491999999992515],"[""right_image""]",2,0,8,2,1,,,,,
,,,,,096629,001,2025-11-17_15h39.17.274,Simon,2024.2.4,Win32,59.52380952,,,,,,,,,,1,64.1729,64.6725,,,,,,,,,,,images/purple_butterfly.png,images/white_butterfly.png,left_image, ,,,,,,63.1896,64.1728,[-0.13731656184486374],[0.008385744234800839],[1],[0],[0],[0.9828999999985086],"[""left_image""]",2,1,9,0,1,,,,,
,,,,,096629,001,2025-11-17_15h39.17.274,Simon,2024.2.4,Win32,59.52380952,,,,,,,,,,1,65.4558,65.9559,,,,,,,,,,,images/white_butterfly.png,images/yellow_butterfly.png,right_image, ,,,,,,64.673,65.4558,[0.20545073375262055],[0.02620545073375262],[1],[0],[0],[0.7824999999999989],"[""right_image""]",2,2,10,3,1,,,,,
,,,,,096629,001,2025-11-17_15h39.17.274,Simon,2024.2.4,Win32,59.52380952,,,,,,,,,,1,67.2059,67.7059,,,,,,,,,,,images/white_butterfly.png,images/purple_butterfly.png,left_image, ,,,,,,65.9562,67.2059,[-0.16876310272536688],[0.041928721174004195],[1],[0],[0],[1.2494000000003638],"[""left_image""]",2,3,11,1,1,,,,,
,,,,,096629,001,2025-11-17_15h39.17.274,Simon,2024.2.4,Win32,59.52380952,,,,,,,,,,1,68.9559,69.4559,,,,,,,,,,,images/white_butterfly.png,images/yellow_butterfly.png,right_image, ,,,,,,67.7061,68.9558,[0.16037735849056603],[-0.014675052410901468],[1],[0],[0],[1.249600000001493],"[""right_image""]",3,0,12,3,1,,,,,
,,,,,096629,001,2025-11-17_15h39.17.274,Simon,2024.2.4,Win32,59.52380952,,,,,,,,,,1,70.2392,70.7392,,,,,,,,,,,images/white_butterfly.png,images/purple_butterfly.png,left_image, ,,,,,,69.4563,70.2392,[-0.1750524109014675],[0.0220125786163522],[1],[0],[0],[0.782799999998872],"[""left_image""]",3,1,13,1,1,,,,,
,,,,,096629,001,2025-11-17_15h39.17.274,Simon,2024.2.4,Win32,59.52380952,,,,,,,,,,1,71.6393,72.1394,,,,,,,,,,,images/yellow_butterfly.png,images/white_butterfly.png,right_image, ,,,,,,70.7396,71.6392,[0.1331236897274633],[0.0220125786163522],[1],[0],[0],[0.8993999999985078],"[""right_image""]",3,2,14,2,1,,,,,
,,,,,096629,001,2025-11-17_15h39.17.274,Simon,2024.2.4,Win32,59.52380952,,,,,,,,,,1,73.0395,73.5392,,,,,,,,,,,images/purple_butterfly.png,images/white_butterfly.png,left_image, ,,,,,,72.1396,73.0394,[-0.1488469601677149],[0.0031446540880503146],[1],[0],[0],[0.8995000000000033],"[""left_image""]",3,3,15,0,1,,,,,
,,,,,096629,001,2025-11-17_15h39.17.274,Simon,2024.2.4,Win32,59.52380952,,,,,,,,,,1,74.2226,74.7225,,,,,,,,,,,images/purple_butterfly.png,images/white_butterfly.png,left_image, ,,,,,,73.5396,74.2226,[-0.149895178197065],[-0.023060796645702306],[1],[0],[0],[0.6829000000003731],"[""left_image""]",4,0,16,0,1,,,,,
,,,,,096629,001,2025-11-17_15h39.17.274,Simon,2024.2.4,Win32,59.52380952,,,,,,,,,,1,76.0061,76.5061,,,,,,,,,,,images/white_butterfly.png,images/purple_butterfly.png,left_image, ,,,,,,74.723,76.006,[-0.1310272536687631],[0.0020964360587002098],[1],[0],[0],[1.2828000000007478],"[""left_image""]",4,1,17,1,1,,,,,
,,,,,096629,001,2025-11-17_15h39.17.274,Simon,2024.2.4,Win32,59.52380952,,,,,,,,,,1,77.4226,77.9226,,,,,,,,,,,images/yellow_butterfly.png,images/white_butterfly.png,right_image, ,,,,,,76.5064,77.4225,[0.13836477987421383],[-0.009433962264150943],[1],[0],[0],[0.9159000000003772],"[""right_image""]",4,2,18,2,1,,,,,
,,,,,096629,001,2025-11-17_15h39.17.274,Simon,2024.2.4,Win32,59.52380952,,,,,,,,,,1,78.6559,79.1559,,,,,,,,,,,images/white_butterfly.png,images/yellow_butterfly.png,right_image, ,,,,,,77.923,78.6559,[0.16666666666666666],[-0.01781970649895178],[1],[0],[0],[0.732600000001483],"[""right_image""]",4,3,19,3,1,,,,,
,,,,,096629,001,2025-11-17_15h39.17.274,Simon,2024.2.4,Win32,59.52380952,,,,,,,,,,,,,,,,,,,,,,,,,,,,,,,,,,,,,,,,,,,,,,79.1561,81.0563,1,[81.05609999999963],[81.05609999999963]
