﻿instructions.started,instructions.stopped,start_button.numClicks,start_button.timesOn,start_button.timesOff,participant,session,date,expName,psychopyVersion,OS,frameRate,practice_trial.started,practice_trial.stopped,mouse_2.x,mouse_2.y,mouse_2.leftButton,mouse_2.midButton,mouse_2.rightButton,mouse_2.time,mouse_2.clicked_name,correct,feedback.started,feedback.stopped,loop_until_correct.thisRepN,loop_until_correct.thisTrialN,loop_until_correct.thisN,loop_until_correct.thisIndex,loop_until_correct.ran,prac_trials.thisRepN,prac_trials.thisTrialN,prac_trials.thisN,prac_trials.thisIndex,prac_trials.ran,left_color,right_color,correct_response,top_txt,instructions_2.started,instructions_2.stopped,start_button_2.numClicks,start_button_2.timesOn,start_button_2.timesOff,trial.started,trial.stopped,mouse.x,mouse.y,mouse.leftButton,mouse.midButton,mouse.rightButton,mouse.time,mouse.clicked_name,trials.thisRepN,trials.thisTrialN,trials.thisN,trials.thisIndex,trials.ran,end.started,end.stopped,start_button_3.numClicks,start_button_3.timesOn,start_button_3.timesOff
0.0007,3.5512,1,[3.5606000000238414],[3.5606000000238414],097416,001,2025-03-24_10h05.06.974,Simon,2024.2.4,Win32,59.88023952,,,,,,,,,,,,,,,,,,,,,,,,,,,,,,,,,,,,,,,,,,,,,,,,,,
,,,,,097416,001,2025-03-24_10h05.06.974,Simon,2024.2.4,Win32,59.88023952,3.5864,6.1007,[-0.15904365904365905],[-0.08731808731808732],[1],[0],[0],[2.511100000023842],"[""left_image_2"",""left_image_2""]",1,6.1023,6.5997,0,0,0,0,1,,,,,,,,,,,,,,,,,,,,,,,,,,,,,,,,,
,,,,,097416,001,2025-03-24_10h05.06.974,Simon,2024.2.4,Win32,59.88023952,,,,,,,,,,,,,,,,,,0,0,0,0,1,images/purple_butterfly.png,images/white_butterfly.png,left_image_2,"In this example, select the LEFT butterfly.",,,,,,,,,,,,,,,,,,,,,,,,
,,,,,097416,001,2025-03-24_10h05.06.974,Simon,2024.2.4,Win32,59.88023952,6.6018,8.3336,[-0.15904365904365905],[-0.08731808731808732],[1],[0],[0],[1.7293999999761578],"[""left_image_2"",""left_image_2""]",1,8.334,8.8333,0,0,0,0,1,,,,,,,,,,,,,,,,,,,,,,,,,,,,,,,,,
,,,,,097416,001,2025-03-24_10h05.06.974,Simon,2024.2.4,Win32,59.88023952,,,,,,,,,,,,,,,,,,0,1,1,1,1,images/white_butterfly.png,images/purple_butterfly.png,left_image_2,"In this example, select the LEFT butterfly.",,,,,,,,,,,,,,,,,,,,,,,,
,,,,,097416,001,2025-03-24_10h05.06.974,Simon,2024.2.4,Win32,59.88023952,8.8368,10.0835,[0.3128898128898129],[-0.08212058212058213],[1],[0],[0],[1.2446000000238406],"[""right_image_2"",""right_image_2""]",1,10.0838,10.5834,0,0,0,0,1,,,,,,,,,,,,,,,,,,,,,,,,,,,,,,,,,
,,,,,097416,001,2025-03-24_10h05.06.974,Simon,2024.2.4,Win32,59.88023952,,,,,,,,,,,,,,,,,,0,2,2,2,1,images/yellow_butterfly.png,images/white_butterfly.png,right_image_2,"In this example, select the RIGHT butterfly.",,,,,,,,,,,,,,,,,,,,,,,,
,,,,,097416,001,2025-03-24_10h05.06.974,Simon,2024.2.4,Win32,59.88023952,10.5874,11.833,[0.2609147609147609],[-0.060291060291060294],[1],[0],[0],[1.243600000023843],"[""right_image_2"",""right_image_2""]",1,11.8331,12.3334,0,0,0,0,1,,,,,,,,,,,,,,,,,,,,,,,,,,,,,,,,,
,,,,,097416,001,2025-03-24_10h05.06.974,Simon,2024.2.4,Win32,59.88023952,,,,,,,,,,,,,,,,,,0,3,3,3,1,images/white_butterfly.png,images/yellow_butterfly.png,right_image_2,"In this example, select the RIGHT butterfly.",,,,,,,,,,,,,,,,,,,,,,,,
,,,,,097416,001,2025-03-24_10h05.06.974,Simon,2024.2.4,Win32,59.88023952,,,,,,,,,,,,,,,,,,,,,,,,,,,12.3343,13.6,1,[13.601699999928476],[13.601699999928476],,,,,,,,,,,,,,,,,,,
,,,,,097416,001,2025-03-24_10h05.06.974,Simon,2024.2.4,Win32,59.88023952,,,,,,,,,,0,15.9185,16.4163,,,,,,,,,,,images/yellow_butterfly.png,images/white_butterfly.png,right_image, ,,,,,,13.6076,15.9167,[-0.20997920997921],[-0.029106029106029108],[1],[0],[0],[2.3084999999999987],"[""left_image""]",0,0,0,2,1,,,,,
,,,,,097416,001,2025-03-24_10h05.06.974,Simon,2024.2.4,Win32,59.88023952,,,,,,,,,,1,16.8679,17.3671,,,,,,,,,,,images/white_butterfly.png,images/purple_butterfly.png,left_image, ,,,,,,16.4171,16.8665,[-0.20997920997921],[-0.029106029106029108],[1],[0],[0],[0.4483999999761572],"[""left_image""]",0,1,1,1,1,,,,,
,,,,,097416,001,2025-03-24_10h05.06.974,Simon,2024.2.4,Win32,59.88023952,,,,,,,,,,0,17.8181,18.3165,,,,,,,,,,,images/purple_butterfly.png,images/white_butterfly.png,left_image, ,,,,,,17.3686,17.8166,[0.104989604989605],[-0.028066528066528068],[1],[0],[0],[0.4469999999999992],"[""right_image""]",0,2,2,0,1,,,,,
,,,,,097416,001,2025-03-24_10h05.06.974,Simon,2024.2.4,Win32,59.88023952,,,,,,,,,,1,18.6513,19.1499,,,,,,,,,,,images/white_butterfly.png,images/yellow_butterfly.png,right_image, ,,,,,,18.3181,18.6501,[0.11434511434511435],[-0.028066528066528068],[1],[0],[0],[0.3307000000476812],"[""right_image""]",0,3,3,3,1,,,,,
,,,,,097416,001,2025-03-24_10h05.06.974,Simon,2024.2.4,Win32,59.88023952,,,,,,,,,,0,19.8667,20.3666,,,,,,,,,,,images/yellow_butterfly.png,images/white_butterfly.png,right_image, ,,,,,,19.1513,19.8662,[-0.13201663201663202],[-0.034303534303534305],[1],[0],[0],[0.7140000000000022],"[""left_image""]",1,0,4,2,1,,,,,
,,,,,097416,001,2025-03-24_10h05.06.974,Simon,2024.2.4,Win32,59.88023952,,,,,,,,,,0,21.2834,21.7833,,,,,,,,,,,images/white_butterfly.png,images/yellow_butterfly.png,right_image, ,,,,,,20.368,21.2833,[-0.13201663201663202],[-0.034303534303534305],[1],[0],[0],[0.9142999999523163],"[""left_image""]",1,1,5,3,1,,,,,
,,,,,097416,001,2025-03-24_10h05.06.974,Simon,2024.2.4,Win32,59.88023952,,,,,,,,,,1,22.6014,23.0999,,,,,,,,,,,images/purple_butterfly.png,images/white_butterfly.png,left_image, ,,,,,,21.7849,22.6001,[-0.12058212058212059],[-0.04677754677754678],[1],[0],[0],[0.8140000000000001],"[""left_image""]",1,2,6,0,1,,,,,
,,,,,097416,001,2025-03-24_10h05.06.974,Simon,2024.2.4,Win32,59.88023952,,,,,,,,,,0,23.7666,24.2669,,,,,,,,,,,images/white_butterfly.png,images/purple_butterfly.png,left_image, ,,,,,,23.1013,23.7662,[0.16735966735966737],[-0.0498960498960499],[1],[0],[0],[0.6638000000715252],"[""right_image""]",1,3,7,1,1,,,,,
,,,,,097416,001,2025-03-24_10h05.06.974,Simon,2024.2.4,Win32,59.88023952,,,,,,,,,,0,24.7163,25.2166,,,,,,,,,,,images/white_butterfly.png,images/yellow_butterfly.png,right_image, ,,,,,,24.2684,24.7162,[-0.08523908523908524],[-0.05301455301455302],[1],[0],[0],[0.44720000004768323],"[""left_image""]",2,0,8,3,1,,,,,
,,,,,097416,001,2025-03-24_10h05.06.974,Simon,2024.2.4,Win32,59.88023952,,,,,,,,,,0,25.6159,26.1166,,,,,,,,,,,images/purple_butterfly.png,images/white_butterfly.png,left_image, ,,,,,,25.218,25.6159,[0.1392931392931393],[-0.04158004158004158],[1],[0],[0],[0.3971000000238405],"[""right_image""]",2,1,9,0,1,,,,,
,,,,,097416,001,2025-03-24_10h05.06.974,Simon,2024.2.4,Win32,59.88023952,,,,,,,,,,0,27.2995,27.7998,,,,,,,,,,,images/yellow_butterfly.png,images/white_butterfly.png,right_image, ,,,,,,26.118,27.2995,[-0.12266112266112267],[-0.010395010395010396],[1],[0],[0],[1.1808999999761554],"[""left_image""]",2,2,10,2,1,,,,,
,,,,,097416,001,2025-03-24_10h05.06.974,Simon,2024.2.4,Win32,59.88023952,,,,,,,,,,0,28.4666,28.9665,,,,,,,,,,,images/white_butterfly.png,images/purple_butterfly.png,left_image, ,,,,,,27.8011,28.4665,[0.19646569646569648],[-0.018711018711018712],[1],[0],[0],[0.6642999999523163],"[""right_image""]",2,3,11,1,1,,,,,
,,,,,097416,001,2025-03-24_10h05.06.974,Simon,2024.2.4,Win32,59.88023952,,,,,,,,,,0,30.1492,30.65,,,,,,,,,,,images/purple_butterfly.png,images/white_butterfly.png,left_image, ,,,,,,28.9669,30.1492,[0.08523908523908524],[-0.02390852390852391],[1],[0],[0],[1.1817999999523217],"[""right_image""]",3,0,12,0,1,,,,,
,,,,,097416,001,2025-03-24_10h05.06.974,Simon,2024.2.4,Win32,59.88023952,,,,,,,,,,1,31.3011,31.8005,,,,,,,,,,,images/white_butterfly.png,images/purple_butterfly.png,left_image, ,,,,,,30.6514,31.2998,[-0.12266112266112267],[-0.02702702702702703],[1],[0],[0],[0.6475000000000009],"[""left_image""]",3,1,13,1,1,,,,,
,,,,,097416,001,2025-03-24_10h05.06.974,Simon,2024.2.4,Win32,59.88023952,,,,,,,,,,0,32.5843,33.0833,,,,,,,,,,,images/yellow_butterfly.png,images/white_butterfly.png,right_image, ,,,,,,31.802,32.5833,[-0.11538461538461539],[-0.037422037422037424],[1],[0],[0],[0.7802999999523124],"[""left_image""]",3,2,14,2,1,,,,,
,,,,,097416,001,2025-03-24_10h05.06.974,Simon,2024.2.4,Win32,59.88023952,,,,,,,,,,1,33.5844,34.0831,,,,,,,,,,,images/white_butterfly.png,images/yellow_butterfly.png,right_image, ,,,,,,33.0847,33.5833,[0.23284823284823286],[-0.037422037422037424],[1],[0],[0],[0.49769999992847147],"[""right_image""]",3,3,15,3,1,,,,,
,,,,,097416,001,2025-03-24_10h05.06.974,Simon,2024.2.4,Win32,59.88023952,,,,,,,,,,0,34.5842,35.0832,,,,,,,,,,,images/yellow_butterfly.png,images/white_butterfly.png,right_image, ,,,,,,34.0838,34.5834,[-0.1600831600831601],[-0.04054054054054054],[1],[0],[0],[0.4988999999761532],"[""left_image""]",4,0,16,2,1,,,,,
,,,,,097416,001,2025-03-24_10h05.06.974,Simon,2024.2.4,Win32,59.88023952,,,,,,,,,,0,35.9493,36.4498,,,,,,,,,,,images/white_butterfly.png,images/purple_butterfly.png,left_image, ,,,,,,35.0836,35.9492,[0.19022869022869024],[-0.037422037422037424],[1],[0],[0],[0.8650999999046292],"[""right_image""]",4,1,17,1,1,,,,,
,,,,,097416,001,2025-03-24_10h05.06.974,Simon,2024.2.4,Win32,59.88023952,,,,,,,,,,1,37.1664,37.667,,,,,,,,,,,images/purple_butterfly.png,images/white_butterfly.png,left_image, ,,,,,,36.4511,37.1659,[-0.20166320166320167],[-0.05093555093555094],[1],[0],[0],[0.7138999999761566],"[""left_image""]",4,2,18,0,1,,,,,
,,,,,097416,001,2025-03-24_10h05.06.974,Simon,2024.2.4,Win32,59.88023952,,,,,,,,,,0,38.0344,38.5336,,,,,,,,,,,images/white_butterfly.png,images/yellow_butterfly.png,right_image, ,,,,,,37.6683,38.0333,[-0.20270270270270271],[-0.05301455301455302],[1],[0],[0],[0.3641999999284735],"[""left_image""]",4,3,19,3,1,,,,,
,,,,,097416,001,2025-03-24_10h05.06.974,Simon,2024.2.4,Win32,59.88023952,,,,,,,,,,,,,,,,,,,,,,,,,,,,,,,,,,,,,,,,,,,,,,38.5344,39.6337,1,[39.63319999992848],[39.63319999992848]
