﻿instructions.started,instructions.stopped,start_button.numClicks,start_button.timesOn,start_button.timesOff,participant,session,date,expName,psychopyVersion,OS,frameRate,practice_trial.started,practice_trial.stopped,mouse_2.x,mouse_2.y,mouse_2.leftButton,mouse_2.midButton,mouse_2.rightButton,mouse_2.time,mouse_2.clicked_name,correct,feedback.started,feedback.stopped,loop_until_correct.thisRepN,loop_until_correct.thisTrialN,loop_until_correct.thisN,loop_until_correct.thisIndex,loop_until_correct.ran,prac_trials.thisRepN,prac_trials.thisTrialN,prac_trials.thisN,prac_trials.thisIndex,prac_trials.ran,left_color,right_color,correct_response,top_txt,instructions_2.started,instructions_2.stopped,start_button_2.numClicks,start_button_2.timesOn,start_button_2.timesOff,trial.started,trial.stopped,mouse.x,mouse.y,mouse.leftButton,mouse.midButton,mouse.rightButton,mouse.time,mouse.clicked_name,trials.thisRepN,trials.thisTrialN,trials.thisN,trials.thisIndex,trials.ran,end.started,end.stopped,start_button_3.numClicks,start_button_3.timesOn,start_button_3.timesOff
0.0007,86.1954,1,[86.31519999999995],[86.31519999999995],098401,001,2025-05-10_08h29.48.496,Simon,2024.2.4,Win32,59.98080614,,,,,,,,,,,,,,,,,,,,,,,,,,,,,,,,,,,,,,,,,,,,,,,,,,
,,,,,098401,001,2025-05-10_08h29.48.496,Simon,2024.2.4,Win32,59.98080614,86.2338,88.5863,[-0.2288],[0.0248],[1],[0],[0],[2.347199999999944],"[""left_image_2"",""left_image_2""]",1,88.5875,89.086,0,0,0,0,1,,,,,,,,,,,,,,,,,,,,,,,,,,,,,,,,,
,,,,,098401,001,2025-05-10_08h29.48.496,Simon,2024.2.4,Win32,59.98080614,,,,,,,,,,,,,,,,,,0,0,0,0,1,images/purple_butterfly.png,images/white_butterfly.png,left_image_2,"In this example, select the LEFT butterfly.",,,,,,,,,,,,,,,,,,,,,,,,
,,,,,098401,001,2025-05-10_08h29.48.496,Simon,2024.2.4,Win32,59.98080614,89.0898,95.7144,[-0.2784],[0.0408],[1],[0],[0],[6.621599999999859],"[""left_image_2"",""left_image_2""]",1,95.7151,96.2147,0,0,0,0,1,,,,,,,,,,,,,,,,,,,,,,,,,,,,,,,,,
,,,,,098401,001,2025-05-10_08h29.48.496,Simon,2024.2.4,Win32,59.98080614,,,,,,,,,,,,,,,,,,0,1,1,1,1,images/white_butterfly.png,images/purple_butterfly.png,left_image_2,"In this example, select the LEFT butterfly.",,,,,,,,,,,,,,,,,,,,,,,,
,,,,,098401,001,2025-05-10_08h29.48.496,Simon,2024.2.4,Win32,59.98080614,96.2382,110.0307,[0.1408],[0.044],[1],[0],[0],[13.789000000000001],"[""right_image_2"",""right_image_2""]",1,110.0317,110.5315,0,0,0,0,1,,,,,,,,,,,,,,,,,,,,,,,,,,,,,,,,,
,,,,,098401,001,2025-05-10_08h29.48.496,Simon,2024.2.4,Win32,59.98080614,,,,,,,,,,,,,,,,,,0,2,2,2,1,images/yellow_butterfly.png,images/white_butterfly.png,right_image_2,"In this example, select the RIGHT butterfly.",,,,,,,,,,,,,,,,,,,,,,,,
,,,,,098401,001,2025-05-10_08h29.48.496,Simon,2024.2.4,Win32,59.98080614,110.5505,112.8279,[0.1824],[-0.02],[1],[0],[0],[2.2755999999998835],"[""right_image_2"",""right_image_2""]",1,112.8282,113.3304,0,0,0,0,1,,,,,,,,,,,,,,,,,,,,,,,,,,,,,,,,,
,,,,,098401,001,2025-05-10_08h29.48.496,Simon,2024.2.4,Win32,59.98080614,,,,,,,,,,,,,,,,,,0,3,3,3,1,images/white_butterfly.png,images/yellow_butterfly.png,right_image_2,"In this example, select the RIGHT butterfly.",,,,,,,,,,,,,,,,,,,,,,,,
,,,,,098401,001,2025-05-10_08h29.48.496,Simon,2024.2.4,Win32,59.98080614,,,,,,,,,,,,,,,,,,,,,,,,,,,113.3314,115.7222,1,[115.72669999999994],[115.72669999999994],,,,,,,,,,,,,,,,,,,
,,,,,098401,001,2025-05-10_08h29.48.496,Simon,2024.2.4,Win32,59.98080614,,,,,,,,,,1,116.9357,117.4363,,,,,,,,,,,images/white_butterfly.png,images/purple_butterfly.png,left_image, ,,,,,,115.7557,116.9354,[-0.1664],[-0.0552],[1],[0],[0],[1.1778999999999087],"[""left_image""]",0,0,0,1,1,,,,,
,,,,,098401,001,2025-05-10_08h29.48.496,Simon,2024.2.4,Win32,59.98080614,,,,,,,,,,1,117.9796,118.4798,,,,,,,,,,,images/purple_butterfly.png,images/white_butterfly.png,left_image, ,,,,,,117.4387,117.9796,[-0.1664],[-0.0552],[1],[0],[0],[0.5396000000000925],"[""left_image""]",0,1,1,0,1,,,,,
,,,,,098401,001,2025-05-10_08h29.48.496,Simon,2024.2.4,Win32,59.98080614,,,,,,,,,,0,119.2602,119.7589,,,,,,,,,,,images/white_butterfly.png,images/yellow_butterfly.png,right_image, ,,,,,,118.4817,119.2582,[-0.1664],[-0.0552],[1],[0],[0],[0.7751000000000943],"[""left_image""]",0,2,2,3,1,,,,,
,,,,,098401,001,2025-05-10_08h29.48.496,Simon,2024.2.4,Win32,59.98080614,,,,,,,,,,1,121.2737,121.7729,,,,,,,,,,,images/yellow_butterfly.png,images/white_butterfly.png,right_image, ,,,,,,119.7605,121.2722,[0.2272],[-0.0152],[1],[0],[0],[1.5101999999999691],"[""right_image""]",0,3,3,2,1,,,,,
,,,,,098401,001,2025-05-10_08h29.48.496,Simon,2024.2.4,Win32,59.98080614,,,,,,,,,,1,122.6684,123.1688,,,,,,,,,,,images/yellow_butterfly.png,images/white_butterfly.png,right_image, ,,,,,,121.7745,122.6682,[0.2272],[-0.0152],[1],[0],[0],[0.8933999999999003],"[""right_image""]",1,0,4,2,1,,,,,
,,,,,098401,001,2025-05-10_08h29.48.496,Simon,2024.2.4,Win32,59.98080614,,,,,,,,,,0,126.1383,126.6373,,,,,,,,,,,images/white_butterfly.png,images/purple_butterfly.png,left_image, ,,,,,,123.1708,126.1372,[0.1776],[0.0056],[1],[0],[0],[2.965300000000042],"[""right_image""]",1,1,5,1,1,,,,,
,,,,,098401,001,2025-05-10_08h29.48.496,Simon,2024.2.4,Win32,59.98080614,,,,,,,,,,1,129.6582,130.1572,,,,,,,,,,,images/white_butterfly.png,images/yellow_butterfly.png,right_image, ,,,,,,126.6532,129.6568,[0.176],[-0.052],[1],[0],[0],[3.0030999999998755],"[""right_image""]",1,2,6,3,1,,,,,
,,,,,098401,001,2025-05-10_08h29.48.496,Simon,2024.2.4,Win32,59.98080614,,,,,,,,,,1,131.9548,132.4555,,,,,,,,,,,images/purple_butterfly.png,images/white_butterfly.png,left_image, ,,,,,,130.159,131.9547,[-0.2256],[-0.012],[1],[0],[0],[1.7942000000001883],"[""left_image""]",1,3,7,0,1,,,,,
,,,,,098401,001,2025-05-10_08h29.48.496,Simon,2024.2.4,Win32,59.98080614,,,,,,,,,,1,133.7521,134.252,,,,,,,,,,,images/purple_butterfly.png,images/white_butterfly.png,left_image, ,,,,,,132.4759,133.7521,[-0.2256],[-0.012],[1],[0],[0],[1.2758000000000607],"[""left_image""]",2,0,8,0,1,,,,,
,,,,,098401,001,2025-05-10_08h29.48.496,Simon,2024.2.4,Win32,59.98080614,,,,,,,,,,1,135.2547,135.7568,,,,,,,,,,,images/white_butterfly.png,images/purple_butterfly.png,left_image, ,,,,,,134.254,135.2547,[-0.2256],[-0.012],[1],[0],[0],[0.9994000000001222],"[""left_image""]",2,1,9,1,1,,,,,
,,,,,098401,001,2025-05-10_08h29.48.496,Simon,2024.2.4,Win32,59.98080614,,,,,,,,,,1,138.1978,138.7032,,,,,,,,,,,images/white_butterfly.png,images/yellow_butterfly.png,right_image, ,,,,,,135.7597,138.1976,[0.1344],[0.0328],[1],[0],[0],[2.436899999999895],"[""right_image""]",2,2,10,3,1,,,,,
,,,,,098401,001,2025-05-10_08h29.48.496,Simon,2024.2.4,Win32,59.98080614,,,,,,,,,,1,142.7198,143.2201,,,,,,,,,,,images/yellow_butterfly.png,images/white_butterfly.png,right_image, ,,,,,,138.7447,142.7197,[0.1408],[0.0616],[1],[0],[0],[3.974200000000195],"[""right_image""]",2,3,11,2,1,,,,,
,,,,,098401,001,2025-05-10_08h29.48.496,Simon,2024.2.4,Win32,59.98080614,,,,,,,,,,1,144.6254,145.1261,,,,,,,,,,,images/yellow_butterfly.png,images/white_butterfly.png,right_image, ,,,,,,143.2358,144.6252,[0.1392],[0.0616],[1],[0],[0],[1.3891000000000702],"[""right_image""]",3,0,12,2,1,,,,,
,,,,,098401,001,2025-05-10_08h29.48.496,Simon,2024.2.4,Win32,59.98080614,,,,,,,,,,1,150.7179,151.2197,,,,,,,,,,,images/white_butterfly.png,images/purple_butterfly.png,left_image, ,,,,,,145.1282,150.7178,[-0.2736],[0.0536],[1],[0],[0],[5.588300000000032],"[""left_image""]",3,1,13,1,1,,,,,
,,,,,098401,001,2025-05-10_08h29.48.496,Simon,2024.2.4,Win32,59.98080614,,,,,,,,,,1,152.0893,152.5902,,,,,,,,,,,images/purple_butterfly.png,images/white_butterfly.png,left_image, ,,,,,,151.2333,152.0892,[-0.2736],[0.0536],[1],[0],[0],[0.8549999999999898],"[""left_image""]",3,2,14,0,1,,,,,
,,,,,098401,001,2025-05-10_08h29.48.496,Simon,2024.2.4,Win32,59.98080614,,,,,,,,,,1,155.3406,155.8416,,,,,,,,,,,images/white_butterfly.png,images/yellow_butterfly.png,right_image, ,,,,,,152.5923,155.3404,[0.2688],[0.0504],[1],[0],[0],[2.7469999999999857],"[""right_image""]",3,3,15,3,1,,,,,
,,,,,098401,001,2025-05-10_08h29.48.496,Simon,2024.2.4,Win32,59.98080614,,,,,,,,,,1,156.6358,157.1366,,,,,,,,,,,images/yellow_butterfly.png,images/white_butterfly.png,right_image, ,,,,,,155.843,156.6356,[0.2688],[0.0504],[1],[0],[0],[0.791899999999913],"[""right_image""]",4,0,16,2,1,,,,,
,,,,,098401,001,2025-05-10_08h29.48.496,Simon,2024.2.4,Win32,59.98080614,,,,,,,,,,1,157.9556,158.4579,,,,,,,,,,,images/white_butterfly.png,images/yellow_butterfly.png,right_image, ,,,,,,157.1381,157.9555,[0.2688],[0.0504],[1],[0],[0],[0.8164999999999907],"[""right_image""]",4,1,17,3,1,,,,,
,,,,,098401,001,2025-05-10_08h29.48.496,Simon,2024.2.4,Win32,59.98080614,,,,,,,,,,1,161.0073,161.5084,,,,,,,,,,,images/white_butterfly.png,images/purple_butterfly.png,left_image, ,,,,,,158.4595,161.0072,[-0.2624],[0.0536],[1],[0],[0],[2.5468999999999085],"[""left_image""]",4,2,18,1,1,,,,,
,,,,,098401,001,2025-05-10_08h29.48.496,Simon,2024.2.4,Win32,59.98080614,,,,,,,,,,1,163.1972,163.698,,,,,,,,,,,images/purple_butterfly.png,images/white_butterfly.png,left_image, ,,,,,,161.5287,163.1971,[-0.2624],[0.0536],[1],[0],[0],[1.667700000000167],"[""left_image""]",4,3,19,0,1,,,,,
,,,,,098401,001,2025-05-10_08h29.48.496,Simon,2024.2.4,Win32,59.98080614,,,,,,,,,,,,,,,,,,,,,,,,,,,,,,,,,,,,,,,,,,,,,,163.699,167.0837,1,[167.0823999999999],[167.08249999999998]
