﻿instructions.started,instructions.stopped,start_button.numClicks,start_button.timesOn,start_button.timesOff,participant,session,date,expName,psychopyVersion,OS,frameRate,practice_trial.started,practice_trial.stopped,mouse_2.x,mouse_2.y,mouse_2.leftButton,mouse_2.midButton,mouse_2.rightButton,mouse_2.time,mouse_2.clicked_name,correct,feedback.started,feedback.stopped,loop_until_correct.thisRepN,loop_until_correct.thisTrialN,loop_until_correct.thisN,loop_until_correct.thisIndex,loop_until_correct.ran,prac_trials.thisRepN,prac_trials.thisTrialN,prac_trials.thisN,prac_trials.thisIndex,prac_trials.ran,left_color,right_color,correct_response,top_txt,instructions_2.started,instructions_2.stopped,start_button_2.numClicks,start_button_2.timesOn,start_button_2.timesOff,trial.started,trial.stopped,mouse.x,mouse.y,mouse.leftButton,mouse.midButton,mouse.rightButton,mouse.time,mouse.clicked_name,trials.thisRepN,trials.thisTrialN,trials.thisN,trials.thisIndex,trials.ran,end.started,end.stopped,start_button_3.numClicks,start_button_3.timesOn,start_button_3.timesOff
0.0005,11.4671,1,[11.480599999999626],[11.480599999999626],099581,001,2025-11-09_13h34.30.022,Simon,2024.2.4,Win32,32.05128205,,,,,,,,,,,,,,,,,,,,,,,,,,,,,,,,,,,,,,,,,,,,,,,,,,
,,,,,099581,001,2025-11-09_13h34.30.022,Simon,2024.2.4,Win32,32.05128205,11.4867,13.2519,[-0.1365079365079365],[-0.06507936507936508],[1],[0],[0],[1.7620000000000005],"[""left_image_2"",""left_image_2""]",1,13.2524,13.7397,0,0,0,0,1,,,,,,,,,,,,,,,,,,,,,,,,,,,,,,,,,
,,,,,099581,001,2025-11-09_13h34.30.022,Simon,2024.2.4,Win32,32.05128205,,,,,,,,,,,,,,,,,,0,0,0,0,1,images/purple_butterfly.png,images/white_butterfly.png,left_image_2,"In this example, select the LEFT butterfly.",,,,,,,,,,,,,,,,,,,,,,,,
,,,,,099581,001,2025-11-09_13h34.30.022,Simon,2024.2.4,Win32,32.05128205,13.7418,15.7543,[-0.2021164021164021],[-0.06402116402116402],[1],[0],[0],[2.0111000000005603],"[""left_image_2"",""left_image_2""]",1,15.7545,16.2659,0,0,0,0,1,,,,,,,,,,,,,,,,,,,,,,,,,,,,,,,,,
,,,,,099581,001,2025-11-09_13h34.30.022,Simon,2024.2.4,Win32,32.05128205,,,,,,,,,,,,,,,,,,0,1,1,1,1,images/white_butterfly.png,images/purple_butterfly.png,left_image_2,"In this example, select the LEFT butterfly.",,,,,,,,,,,,,,,,,,,,,,,,
,,,,,099581,001,2025-11-09_13h34.30.022,Simon,2024.2.4,Win32,32.05128205,16.2671,17.4902,[0.25502645502645505],[-0.059788359788359786],[1],[0],[0],[1.221900000000371],"[""right_image_2"",""right_image_2""]",1,17.4903,17.9789,0,0,0,0,1,,,,,,,,,,,,,,,,,,,,,,,,,,,,,,,,,
,,,,,099581,001,2025-11-09_13h34.30.022,Simon,2024.2.4,Win32,32.05128205,,,,,,,,,,,,,,,,,,0,2,2,2,1,images/yellow_butterfly.png,images/white_butterfly.png,right_image_2,"In this example, select the RIGHT butterfly.",,,,,,,,,,,,,,,,,,,,,,,,
,,,,,099581,001,2025-11-09_13h34.30.022,Simon,2024.2.4,Win32,32.05128205,17.98,18.6995,[0.25396825396825395],[-0.059788359788359786],[1],[0],[0],[0.7185999999996255],"[""right_image_2"",""right_image_2""]",1,18.6997,19.1767,0,0,0,0,1,,,,,,,,,,,,,,,,,,,,,,,,,,,,,,,,,
,,,,,099581,001,2025-11-09_13h34.30.022,Simon,2024.2.4,Win32,32.05128205,,,,,,,,,,,,,,,,,,0,3,3,3,1,images/white_butterfly.png,images/yellow_butterfly.png,right_image_2,"In this example, select the RIGHT butterfly.",,,,,,,,,,,,,,,,,,,,,,,,
,,,,,099581,001,2025-11-09_13h34.30.022,Simon,2024.2.4,Win32,32.05128205,,,,,,,,,,,,,,,,,,,,,,,,,,,19.1771,21.5519,1,[21.55559999999963],[21.55559999999963],,,,,,,,,,,,,,,,,,,
,,,,,099581,001,2025-11-09_13h34.30.022,Simon,2024.2.4,Win32,32.05128205,,,,,,,,,,1,22.8661,23.3461,,,,,,,,,,,images/purple_butterfly.png,images/white_butterfly.png,left_image, ,,,,,,21.5584,22.866,[-0.1693121693121693],[-0.06402116402116402],[1],[0],[0],[1.3069999999999986],"[""left_image""]",0,0,0,0,1,,,,,
,,,,,099581,001,2025-11-09_13h34.30.022,Simon,2024.2.4,Win32,32.05128205,,,,,,,,,,1,24.8487,25.3306,,,,,,,,,,,images/white_butterfly.png,images/yellow_butterfly.png,right_image, ,,,,,,23.348,24.8486,[0.2560846560846561],[-0.021693121693121695],[1],[0],[0],[1.500299999999811],"[""right_image""]",0,1,1,3,1,,,,,
,,,,,099581,001,2025-11-09_13h34.30.022,Simon,2024.2.4,Win32,32.05128205,,,,,,,,,,1,26.5993,27.0972,,,,,,,,,,,images/white_butterfly.png,images/purple_butterfly.png,left_image, ,,,,,,25.3311,26.5991,[-0.15873015873015872],[-0.03756613756613757],[1],[0],[0],[1.2676999999992518],"[""left_image""]",0,2,2,1,1,,,,,
,,,,,099581,001,2025-11-09_13h34.30.022,Simon,2024.2.4,Win32,32.05128205,,,,,,,,,,1,28.4429,28.9372,,,,,,,,,,,images/yellow_butterfly.png,images/white_butterfly.png,right_image, ,,,,,,27.0977,28.4429,[0.21798941798941798],[-0.03333333333333333],[1],[0],[0],[1.3447000000001808],"[""right_image""]",0,3,3,2,1,,,,,
,,,,,099581,001,2025-11-09_13h34.30.022,Simon,2024.2.4,Win32,32.05128205,,,,,,,,,,1,29.6168,30.1101,,,,,,,,,,,images/yellow_butterfly.png,images/white_butterfly.png,right_image, ,,,,,,28.9377,29.6168,[0.21798941798941798],[-0.03333333333333333],[1],[0],[0],[0.6789000000003682],"[""right_image""]",1,0,4,2,1,,,,,
,,,,,099581,001,2025-11-09_13h34.30.022,Simon,2024.2.4,Win32,32.05128205,,,,,,,,,,1,31.562,32.05,,,,,,,,,,,images/purple_butterfly.png,images/white_butterfly.png,left_image, ,,,,,,30.1106,31.5619,[-0.17354497354497356],[-0.03439153439153439],[1],[0],[0],[1.4509999999999934],"[""left_image""]",1,1,5,0,1,,,,,
,,,,,099581,001,2025-11-09_13h34.30.022,Simon,2024.2.4,Win32,32.05128205,,,,,,,,,,1,32.653,33.1369,,,,,,,,,,,images/white_butterfly.png,images/purple_butterfly.png,left_image, ,,,,,,32.0505,32.6529,[-0.17354497354497356],[-0.03439153439153439],[1],[0],[0],[0.602200000000181],"[""left_image""]",1,2,6,1,1,,,,,
,,,,,099581,001,2025-11-09_13h34.30.022,Simon,2024.2.4,Win32,32.05128205,,,,,,,,,,1,34.3587,34.9413,,,,,,,,,,,images/white_butterfly.png,images/yellow_butterfly.png,right_image, ,,,,,,33.1374,34.3586,[0.18095238095238095],[-0.031216931216931216],[1],[0],[0],[1.2210999999996304],"[""right_image""]",1,3,7,3,1,,,,,
,,,,,099581,001,2025-11-09_13h34.30.022,Simon,2024.2.4,Win32,32.05128205,,,,,,,,,,1,35.6393,36.1239,,,,,,,,,,,images/yellow_butterfly.png,images/white_butterfly.png,right_image, ,,,,,,34.9422,35.6393,[0.17883597883597885],[-0.0291005291005291],[1],[0],[0],[0.6967999999998113],"[""right_image""]",2,0,8,2,1,,,,,
,,,,,099581,001,2025-11-09_13h34.30.022,Simon,2024.2.4,Win32,32.05128205,,,,,,,,,,1,36.72,37.2116,,,,,,,,,,,images/white_butterfly.png,images/yellow_butterfly.png,right_image, ,,,,,,36.1244,36.72,[0.17883597883597885],[-0.0291005291005291],[1],[0],[0],[0.5950999999996256],"[""right_image""]",2,1,9,3,1,,,,,
,,,,,099581,001,2025-11-09_13h34.30.022,Simon,2024.2.4,Win32,32.05128205,,,,,,,,,,1,38.8333,39.3104,,,,,,,,,,,images/purple_butterfly.png,images/white_butterfly.png,left_image, ,,,,,,37.2124,38.8333,[-0.21798941798941798],[-0.021693121693121695],[1],[0],[0],[1.6206000000005574],"[""left_image""]",2,2,10,0,1,,,,,
,,,,,099581,001,2025-11-09_13h34.30.022,Simon,2024.2.4,Win32,32.05128205,,,,,,,,,,1,40.4685,40.9695,,,,,,,,,,,images/white_butterfly.png,images/purple_butterfly.png,left_image, ,,,,,,39.311,40.4685,[-0.2052910052910053],[-0.011111111111111112],[1],[0],[0],[1.1572000000001808],"[""left_image""]",2,3,11,1,1,,,,,
,,,,,099581,001,2025-11-09_13h34.30.022,Simon,2024.2.4,Win32,32.05128205,,,,,,,,,,1,41.9206,42.4014,,,,,,,,,,,images/white_butterfly.png,images/purple_butterfly.png,left_image, ,,,,,,40.97,41.9206,[-0.2052910052910053],[-0.011111111111111112],[1],[0],[0],[0.9504999999999981],"[""left_image""]",3,0,12,1,1,,,,,
,,,,,099581,001,2025-11-09_13h34.30.022,Simon,2024.2.4,Win32,32.05128205,,,,,,,,,,1,43.5371,43.9943,,,,,,,,,,,images/yellow_butterfly.png,images/white_butterfly.png,right_image, ,,,,,,42.4019,43.5371,[0.16296296296296298],[0.0015873015873015873],[1],[0],[0],[1.1349000000003784],"[""right_image""]",3,1,13,2,1,,,,,
,,,,,099581,001,2025-11-09_13h34.30.022,Simon,2024.2.4,Win32,32.05128205,,,,,,,,,,1,44.4902,44.9726,,,,,,,,,,,images/white_butterfly.png,images/yellow_butterfly.png,right_image, ,,,,,,43.9949,44.4902,[0.17671957671957672],[-0.003703703703703704],[1],[0],[0],[0.4950999999996242],"[""right_image""]",3,2,14,3,1,,,,,
,,,,,099581,001,2025-11-09_13h34.30.022,Simon,2024.2.4,Win32,32.05128205,,,,,,,,,,1,48.1906,48.6734,,,,,,,,,,,images/purple_butterfly.png,images/white_butterfly.png,left_image, ,,,,,,44.9731,48.1906,[-0.1671957671957672],[-0.026984126984126985],[1],[0],[0],[3.2170999999996255],"[""left_image""]",3,3,15,0,1,,,,,
,,,,,099581,001,2025-11-09_13h34.30.022,Simon,2024.2.4,Win32,32.05128205,,,,,,,,,,1,49.6291,50.1137,,,,,,,,,,,images/yellow_butterfly.png,images/white_butterfly.png,right_image, ,,,,,,48.6738,49.6291,[0.3142857142857143],[-0.004761904761904762],[1],[0],[0],[0.9549000000003716],"[""right_image""]",4,0,16,2,1,,,,,
,,,,,099581,001,2025-11-09_13h34.30.022,Simon,2024.2.4,Win32,32.05128205,,,,,,,,,,1,51.544,52.0312,,,,,,,,,,,images/white_butterfly.png,images/purple_butterfly.png,left_image, ,,,,,,50.1143,51.5439,[-0.2074074074074074],[-0.03333333333333333],[1],[0],[0],[1.4292999999998202],"[""left_image""]",4,1,17,1,1,,,,,
,,,,,099581,001,2025-11-09_13h34.30.022,Simon,2024.2.4,Win32,32.05128205,,,,,,,,,,1,52.6181,53.1037,,,,,,,,,,,images/purple_butterfly.png,images/white_butterfly.png,left_image, ,,,,,,52.0316,52.6181,[-0.2105820105820106],[-0.011111111111111112],[1],[0],[0],[0.5860999999996253],"[""left_image""]",4,2,18,0,1,,,,,
,,,,,099581,001,2025-11-09_13h34.30.022,Simon,2024.2.4,Win32,32.05128205,,,,,,,,,,1,54.3843,54.8636,,,,,,,,,,,images/white_butterfly.png,images/yellow_butterfly.png,right_image, ,,,,,,53.1041,54.3842,[0.22433862433862434],[-0.010052910052910053],[1],[0],[0],[1.2797999999998169],"[""right_image""]",4,3,19,3,1,,,,,
,,,,,099581,001,2025-11-09_13h34.30.022,Simon,2024.2.4,Win32,32.05128205,,,,,,,,,,,,,,,,,,,,,,,,,,,,,,,,,,,,,,,,,,,,,,54.8639,58.0171,1,[58.016799999999805],[58.016799999999805]
