﻿instructions.started,instructions.stopped,start_button.numClicks,start_button.timesOn,start_button.timesOff,participant,session,date,expName,psychopyVersion,OS,frameRate,practice_trial.started,practice_trial.stopped,mouse_2.x,mouse_2.y,mouse_2.leftButton,mouse_2.midButton,mouse_2.rightButton,mouse_2.time,mouse_2.clicked_name,correct,feedback.started,feedback.stopped,loop_until_correct.thisRepN,loop_until_correct.thisTrialN,loop_until_correct.thisN,loop_until_correct.thisIndex,loop_until_correct.ran,prac_trials.thisRepN,prac_trials.thisTrialN,prac_trials.thisN,prac_trials.thisIndex,prac_trials.ran,left_color,right_color,correct_response,top_txt,instructions_2.started,instructions_2.stopped,start_button_2.numClicks,start_button_2.timesOn,start_button_2.timesOff,trial.started,trial.stopped,mouse.x,mouse.y,mouse.leftButton,mouse.midButton,mouse.rightButton,mouse.time,mouse.clicked_name,trials.thisRepN,trials.thisTrialN,trials.thisN,trials.thisIndex,trials.ran,end.started,end.stopped,start_button_3.numClicks,start_button_3.timesOn,start_button_3.timesOff
0,14.191,1,[14.205],[14.205],099739,001,2025-05-16_10h52.23.725,Simon,2024.2.4,iPhone,47.61904762,,,,,,,,,,,,,,,,,,,,,,,,,,,,,,,,,,,,,,,,,,,,,,,,,,
,,,,,099739,001,2025-05-16_10h52.23.725,Simon,2024.2.4,iPhone,47.61904762,14.202,15.925,[-0.2627906976744186],[-0.026744186046511628],[1],[0],[0],[1.7210000000000019],"[""left_image_2"",""left_image_2""]",1,15.926,16.414,0,0,0,0,1,,,,,,,,,,,,,,,,,,,,,,,,,,,,,,,,,
,,,,,099739,001,2025-05-16_10h52.23.725,Simon,2024.2.4,iPhone,47.61904762,,,,,,,,,,,,,,,,,,0,0,0,0,1,images/purple_butterfly.png,images/white_butterfly.png,left_image_2,"In this example, select the LEFT butterfly.",,,,,,,,,,,,,,,,,,,,,,,,
,,,,,099739,001,2025-05-16_10h52.23.725,Simon,2024.2.4,iPhone,47.61904762,16.417,17.825,[-0.2],[-0.05465116279069768],[1],[0],[0],[1.4049999999999976],"[""left_image_2"",""left_image_2""]",1,17.826,18.315,0,0,0,0,1,,,,,,,,,,,,,,,,,,,,,,,,,,,,,,,,,
,,,,,099739,001,2025-05-16_10h52.23.725,Simon,2024.2.4,iPhone,47.61904762,,,,,,,,,,,,,,,,,,0,1,1,1,1,images/white_butterfly.png,images/purple_butterfly.png,left_image_2,"In this example, select the LEFT butterfly.",,,,,,,,,,,,,,,,,,,,,,,,
,,,,,099739,001,2025-05-16_10h52.23.725,Simon,2024.2.4,iPhone,47.61904762,18.317,19.51,[0.24883720930232558],[-0.0755813953488372],[1],[0],[0],[1.1900000000000013],"[""right_image_2"",""right_image_2""]",1,19.51,19.998,0,0,0,0,1,,,,,,,,,,,,,,,,,,,,,,,,,,,,,,,,,
,,,,,099739,001,2025-05-16_10h52.23.725,Simon,2024.2.4,iPhone,47.61904762,,,,,,,,,,,,,,,,,,0,2,2,2,1,images/yellow_butterfly.png,images/white_butterfly.png,right_image_2,"In this example, select the RIGHT butterfly.",,,,,,,,,,,,,,,,,,,,,,,,
,,,,,099739,001,2025-05-16_10h52.23.725,Simon,2024.2.4,iPhone,47.61904762,20.001,24.527,[0.2372093023255814],[-0.08488372093023255],[1],[0],[0],[4.524000000000001],"[""right_image_2"",""right_image_2""]",1,24.527,25.016,0,0,0,0,1,,,,,,,,,,,,,,,,,,,,,,,,,,,,,,,,,
,,,,,099739,001,2025-05-16_10h52.23.725,Simon,2024.2.4,iPhone,47.61904762,,,,,,,,,,,,,,,,,,0,3,3,3,1,images/white_butterfly.png,images/yellow_butterfly.png,right_image_2,"In this example, select the RIGHT butterfly.",,,,,,,,,,,,,,,,,,,,,,,,
,,,,,099739,001,2025-05-16_10h52.23.725,Simon,2024.2.4,iPhone,47.61904762,,,,,,,,,,,,,,,,,,,,,,,,,,,25.016,25.594,1,[25.595000000000002],[25.595000000000002],,,,,,,,,,,,,,,,,,,
,,,,,099739,001,2025-05-16_10h52.23.725,Simon,2024.2.4,iPhone,47.61904762,,,,,,,,,,1,27.395,27.883,,,,,,,,,,,images/purple_butterfly.png,images/white_butterfly.png,left_image, ,,,,,,25.602,27.394,[-0.19069767441860466],[-0.056976744186046514],[1],[0],[0],[1.7900000000000027],"[""left_image""]",0,0,0,0,1,,,,,
,,,,,099739,001,2025-05-16_10h52.23.725,Simon,2024.2.4,iPhone,47.61904762,,,,,,,,,,1,28.679,29.167,,,,,,,,,,,images/yellow_butterfly.png,images/white_butterfly.png,right_image, ,,,,,,27.884,28.679,[0.2372093023255814],[-0.07325581395348837],[1],[0],[0],[0.7939999999999969],"[""right_image""]",0,1,1,2,1,,,,,
,,,,,099739,001,2025-05-16_10h52.23.725,Simon,2024.2.4,iPhone,47.61904762,,,,,,,,,,1,30.429,30.917,,,,,,,,,,,images/white_butterfly.png,images/yellow_butterfly.png,right_image, ,,,,,,29.168,30.429,[0.2372093023255814],[-0.09186046511627907],[1],[0],[0],[1.259999999999998],"[""right_image""]",0,2,2,3,1,,,,,
,,,,,099739,001,2025-05-16_10h52.23.725,Simon,2024.2.4,iPhone,47.61904762,,,,,,,,,,1,31.896,32.401,,,,,,,,,,,images/white_butterfly.png,images/purple_butterfly.png,left_image, ,,,,,,30.918,31.895,[-0.19767441860465115],[-0.056976744186046514],[1],[0],[0],[0.9759999999999991],"[""left_image""]",0,3,3,1,1,,,,,
,,,,,099739,001,2025-05-16_10h52.23.725,Simon,2024.2.4,iPhone,47.61904762,,,,,,,,,,1,33.546,34.035,,,,,,,,,,,images/yellow_butterfly.png,images/white_butterfly.png,right_image, ,,,,,,32.402,33.546,[0.2186046511627907],[-0.08488372093023255],[1],[0],[0],[1.1430000000000007],"[""right_image""]",1,0,4,2,1,,,,,
,,,,,099739,001,2025-05-16_10h52.23.725,Simon,2024.2.4,iPhone,47.61904762,,,,,,,,,,1,34.879,35.368,,,,,,,,,,,images/purple_butterfly.png,images/white_butterfly.png,left_image, ,,,,,,34.036,34.879,[-0.17906976744186046],[-0.07093023255813953],[1],[0],[0],[0.8430000000000035],"[""left_image""]",1,1,5,0,1,,,,,
,,,,,099739,001,2025-05-16_10h52.23.725,Simon,2024.2.4,iPhone,47.61904762,,,,,,,,,,1,36.397,36.902,,,,,,,,,,,images/white_butterfly.png,images/purple_butterfly.png,left_image, ,,,,,,35.369,36.397,[-0.2069767441860465],[-0.05232558139534884],[1],[0],[0],[1.027000000000001],"[""left_image""]",1,2,6,1,1,,,,,
,,,,,099739,001,2025-05-16_10h52.23.725,Simon,2024.2.4,iPhone,47.61904762,,,,,,,,,,1,37.813,38.302,,,,,,,,,,,images/white_butterfly.png,images/yellow_butterfly.png,right_image, ,,,,,,36.903,37.813,[0.21627906976744185],[-0.09186046511627907],[1],[0],[0],[0.9089999999999989],"[""right_image""]",1,3,7,3,1,,,,,
,,,,,099739,001,2025-05-16_10h52.23.725,Simon,2024.2.4,iPhone,47.61904762,,,,,,,,,,1,39.764,40.253,,,,,,,,,,,images/white_butterfly.png,images/purple_butterfly.png,left_image, ,,,,,,38.303,39.764,[-0.1744186046511628],[-0.06162790697674419],[1],[0],[0],[1.4600000000000009],"[""left_image""]",2,0,8,1,1,,,,,
,,,,,099739,001,2025-05-16_10h52.23.725,Simon,2024.2.4,iPhone,47.61904762,,,,,,,,,,1,41.798,42.286,,,,,,,,,,,images/white_butterfly.png,images/yellow_butterfly.png,right_image, ,,,,,,40.254,41.798,[0.19767441860465115],[-0.10813953488372093],[1],[0],[0],[1.5429999999999993],"[""right_image""]",2,1,9,3,1,,,,,
,,,,,099739,001,2025-05-16_10h52.23.725,Simon,2024.2.4,iPhone,47.61904762,,,,,,,,,,1,43.248,43.737,,,,,,,,,,,images/yellow_butterfly.png,images/white_butterfly.png,right_image, ,,,,,,42.287,43.248,[0.2],[-0.09186046511627907],[1],[0],[0],[0.9600000000000009],"[""right_image""]",2,2,10,2,1,,,,,
,,,,,099739,001,2025-05-16_10h52.23.725,Simon,2024.2.4,iPhone,47.61904762,,,,,,,,,,1,45.516,46.004,,,,,,,,,,,images/purple_butterfly.png,images/white_butterfly.png,left_image, ,,,,,,43.738,45.515,[-0.16046511627906976],[-0.08953488372093023],[1],[0],[0],[1.777000000000001],"[""left_image""]",2,3,11,0,1,,,,,
,,,,,099739,001,2025-05-16_10h52.23.725,Simon,2024.2.4,iPhone,47.61904762,,,,,,,,,,1,46.983,47.471,,,,,,,,,,,images/white_butterfly.png,images/yellow_butterfly.png,right_image, ,,,,,,46.005,46.983,[0.20930232558139536],[-0.1058139534883721],[1],[0],[0],[0.9759999999999991],"[""right_image""]",3,0,12,3,1,,,,,
,,,,,099739,001,2025-05-16_10h52.23.725,Simon,2024.2.4,iPhone,47.61904762,,,,,,,,,,1,49.55,50.055,,,,,,,,,,,images/yellow_butterfly.png,images/white_butterfly.png,right_image, ,,,,,,47.472,49.55,[0.2],[-0.11976744186046512],[1],[0],[0],[2.0760000000000005],"[""right_image""]",3,1,13,2,1,,,,,
,,,,,099739,001,2025-05-16_10h52.23.725,Simon,2024.2.4,iPhone,47.61904762,,,,,,,,,,1,50.917,51.405,,,,,,,,,,,images/purple_butterfly.png,images/white_butterfly.png,left_image, ,,,,,,50.056,50.917,[-0.16744186046511628],[-0.08488372093023255],[1],[0],[0],[0.8590000000000018],"[""left_image""]",3,2,14,0,1,,,,,
,,,,,099739,001,2025-05-16_10h52.23.725,Simon,2024.2.4,iPhone,47.61904762,,,,,,,,,,1,52.366,52.855,,,,,,,,,,,images/white_butterfly.png,images/purple_butterfly.png,left_image, ,,,,,,51.406,52.366,[-0.1744186046511628],[-0.08255813953488372],[1],[0],[0],[0.9590000000000032],"[""left_image""]",3,3,15,1,1,,,,,
,,,,,099739,001,2025-05-16_10h52.23.725,Simon,2024.2.4,iPhone,47.61904762,,,,,,,,,,1,54.034,54.523,,,,,,,,,,,images/yellow_butterfly.png,images/white_butterfly.png,right_image, ,,,,,,52.856,54.034,[0.1744186046511628],[-0.1127906976744186],[1],[0],[0],[1.1769999999999996],"[""right_image""]",4,0,16,2,1,,,,,
,,,,,099739,001,2025-05-16_10h52.23.725,Simon,2024.2.4,iPhone,47.61904762,,,,,,,,,,1,57.05,57.54,,,,,,,,,,,images/white_butterfly.png,images/yellow_butterfly.png,right_image, ,,,,,,54.523,57.05,[0.19069767441860466],[-0.12209302325581395],[1],[0],[0],[2.5259999999999962],"[""right_image""]",4,1,17,3,1,,,,,
,,,,,099739,001,2025-05-16_10h52.23.725,Simon,2024.2.4,iPhone,47.61904762,,,,,,,,,,1,58.435,58.923,,,,,,,,,,,images/purple_butterfly.png,images/white_butterfly.png,left_image, ,,,,,,57.541,58.435,[-0.15348837209302327],[-0.09883720930232558],[1],[0],[0],[0.8930000000000007],"[""left_image""]",4,2,18,0,1,,,,,
,,,,,099739,001,2025-05-16_10h52.23.725,Simon,2024.2.4,iPhone,47.61904762,,,,,,,,,,1,60.019,60.524,,,,,,,,,,,images/white_butterfly.png,images/purple_butterfly.png,left_image, ,,,,,,58.924,60.019,[-0.16511627906976745],[-0.09186046511627907],[1],[0],[0],[1.0930000000000035],"[""left_image""]",4,3,19,1,1,,,,,
,,,,,099739,001,2025-05-16_10h52.23.725,Simon,2024.2.4,iPhone,47.61904762,,,,,,,,,,,,,,,,,,,,,,,,,,,,,,,,,,,,,,,,,,,,,,60.525,61.269,1,[61.269],[61.269]
