﻿instructions.started,instructions.stopped,start_button.numClicks,start_button.timesOn,start_button.timesOff,participant,session,date,expName,psychopyVersion,OS,frameRate,practice_trial.started,practice_trial.stopped,mouse_2.x,mouse_2.y,mouse_2.leftButton,mouse_2.midButton,mouse_2.rightButton,mouse_2.time,mouse_2.clicked_name,correct,feedback.started,feedback.stopped,loop_until_correct.thisRepN,loop_until_correct.thisTrialN,loop_until_correct.thisN,loop_until_correct.thisIndex,loop_until_correct.ran,prac_trials.thisRepN,prac_trials.thisTrialN,prac_trials.thisN,prac_trials.thisIndex,prac_trials.ran,left_color,right_color,correct_response,top_txt,instructions_2.started,instructions_2.stopped,start_button_2.numClicks,start_button_2.timesOn,start_button_2.timesOff,trial.started,trial.stopped,mouse.x,mouse.y,mouse.leftButton,mouse.midButton,mouse.rightButton,mouse.time,mouse.clicked_name,trials.thisRepN,trials.thisTrialN,trials.thisN,trials.thisIndex,trials.ran,end.started,end.stopped,start_button_3.numClicks,start_button_3.timesOn,start_button_3.timesOff
0.001,11.681,1,[11.704000000000002],[11.704000000000002],0,001,2025-02-27_14h48.06.667,Simon,2024.2.4,Linux x86_64,30.6372549,,,,,,,,,,,,,,,,,,,,,,,,,,,,,,,,,,,,,,,,,,,,,,,,,,
,,,,,0,001,2025-02-27_14h48.06.667,Simon,2024.2.4,Linux x86_64,30.6372549,11.709,13.632,[-0.16425619834710745],[-0.0030991735537190084],[1],[0],[0],[1.9160000000000004],"[""left_image_2"",""left_image_2""]",1,13.632,14.131,0,0,0,0,1,,,,,,,,,,,,,,,,,,,,,,,,,,,,,,,,,
,,,,,0,001,2025-02-27_14h48.06.667,Simon,2024.2.4,Linux x86_64,30.6372549,,,,,,,,,,,,,,,,,,0,0,0,0,1,images/purple_butterfly.png,images/white_butterfly.png,left_image_2,"In this example, select the LEFT butterfly.",,,,,,,,,,,,,,,,,,,,,,,,
,,,,,0,001,2025-02-27_14h48.06.667,Simon,2024.2.4,Linux x86_64,30.6372549,14.135,15.317,[-0.17768595041322313],[0.005165289256198347],[1],[0],[0],[1.1799999999999997],"[""left_image_2"",""left_image_2""]",1,15.318,15.816,0,0,0,0,1,,,,,,,,,,,,,,,,,,,,,,,,,,,,,,,,,
,,,,,0,001,2025-02-27_14h48.06.667,Simon,2024.2.4,Linux x86_64,30.6372549,,,,,,,,,,,,,,,,,,0,1,1,1,1,images/white_butterfly.png,images/purple_butterfly.png,left_image_2,"In this example, select the LEFT butterfly.",,,,,,,,,,,,,,,,,,,,,,,,
,,,,,0,001,2025-02-27_14h48.06.667,Simon,2024.2.4,Linux x86_64,30.6372549,15.822,16.849,[0.14256198347107438],[-0.008264462809917356],[1],[0],[0],[1.0229999999999997],"[""right_image_2"",""right_image_2""]",1,16.85,17.348,0,0,0,0,1,,,,,,,,,,,,,,,,,,,,,,,,,,,,,,,,,
,,,,,0,001,2025-02-27_14h48.06.667,Simon,2024.2.4,Linux x86_64,30.6372549,,,,,,,,,,,,,,,,,,0,2,2,2,1,images/yellow_butterfly.png,images/white_butterfly.png,right_image_2,"In this example, select the RIGHT butterfly.",,,,,,,,,,,,,,,,,,,,,,,,
,,,,,0,001,2025-02-27_14h48.06.667,Simon,2024.2.4,Linux x86_64,30.6372549,17.352,18.265,[0.13119834710743802],[0.02066115702479339],[1],[0],[0],[0.9100000000000001],"[""right_image_2"",""right_image_2""]",1,18.266,18.768,0,0,0,0,1,,,,,,,,,,,,,,,,,,,,,,,,,,,,,,,,,
,,,,,0,001,2025-02-27_14h48.06.667,Simon,2024.2.4,Linux x86_64,30.6372549,,,,,,,,,,,,,,,,,,0,3,3,3,1,images/white_butterfly.png,images/yellow_butterfly.png,right_image_2,"In this example, select the RIGHT butterfly.",,,,,,,,,,,,,,,,,,,,,,,,
,,,,,0,001,2025-02-27_14h48.06.667,Simon,2024.2.4,Linux x86_64,30.6372549,,,,,,,,,,,,,,,,,,,,,,,,,,,18.77,20.172,1,[20.176000000000002],[20.176000000000002],,,,,,,,,,,,,,,,,,,
,,,,,0,001,2025-02-27_14h48.06.667,Simon,2024.2.4,Linux x86_64,30.6372549,,,,,,,,,,1,21.382,21.883,,,,,,,,,,,images/yellow_butterfly.png,images/white_butterfly.png,right_image, ,,,,,,20.219,21.382,[0.16942148760330578],[0.023760330578512397],[1],[0],[0],[1.1600000000000001],"[""right_image""]",0,0,0,2,1,,,,,
,,,,,0,001,2025-02-27_14h48.06.667,Simon,2024.2.4,Linux x86_64,30.6372549,,,,,,,,,,1,22.664,23.153,,,,,,,,,,,images/white_butterfly.png,images/yellow_butterfly.png,right_image, ,,,,,,21.886,22.664,[0.15805785123966942],[0.02066115702479339],[1],[0],[0],[0.7759999999999998],"[""right_image""]",0,1,1,3,1,,,,,
,,,,,0,001,2025-02-27_14h48.06.667,Simon,2024.2.4,Linux x86_64,30.6372549,,,,,,,,,,1,23.798,24.302,,,,,,,,,,,images/purple_butterfly.png,images/white_butterfly.png,left_image, ,,,,,,23.154,23.798,[-0.17045454545454544],[0.006198347107438017],[1],[0],[0],[0.6409999999999982],"[""left_image""]",0,2,2,0,1,,,,,
,,,,,0,001,2025-02-27_14h48.06.667,Simon,2024.2.4,Linux x86_64,30.6372549,,,,,,,,,,1,25.032,25.533,,,,,,,,,,,images/white_butterfly.png,images/purple_butterfly.png,left_image, ,,,,,,24.304,25.032,[-0.18491735537190082],[0.008264462809917356],[1],[0],[0],[0.7269999999999968],"[""left_image""]",0,3,3,1,1,,,,,
,,,,,0,001,2025-02-27_14h48.06.667,Simon,2024.2.4,Linux x86_64,30.6372549,,,,,,,,,,1,26.168,26.664,,,,,,,,,,,images/white_butterfly.png,images/purple_butterfly.png,left_image, ,,,,,,25.537,26.168,[-0.16115702479338842],[-0.011363636363636364],[1],[0],[0],[0.6280000000000001],"[""left_image""]",1,0,4,1,1,,,,,
,,,,,0,001,2025-02-27_14h48.06.667,Simon,2024.2.4,Linux x86_64,30.6372549,,,,,,,,,,1,27.465,27.966,,,,,,,,,,,images/yellow_butterfly.png,images/white_butterfly.png,right_image, ,,,,,,26.665,27.465,[0.14566115702479338],[0.011363636363636364],[1],[0],[0],[0.7999999999999972],"[""right_image""]",1,1,5,2,1,,,,,
,,,,,0,001,2025-02-27_14h48.06.667,Simon,2024.2.4,Linux x86_64,30.6372549,,,,,,,,,,1,28.72,29.215,,,,,,,,,,,images/white_butterfly.png,images/yellow_butterfly.png,right_image, ,,,,,,27.974,28.719,[0.1322314049586777],[0.012396694214876033],[1],[0],[0],[0.740000000000002],"[""right_image""]",1,2,6,3,1,,,,,
,,,,,0,001,2025-02-27_14h48.06.667,Simon,2024.2.4,Linux x86_64,30.6372549,,,,,,,,,,1,29.915,30.417,,,,,,,,,,,images/purple_butterfly.png,images/white_butterfly.png,left_image, ,,,,,,29.22,29.915,[-0.16322314049586778],[-0.010330578512396695],[1],[0],[0],[0.6910000000000025],"[""left_image""]",1,3,7,0,1,,,,,
,,,,,0,001,2025-02-27_14h48.06.667,Simon,2024.2.4,Linux x86_64,30.6372549,,,,,,,,,,1,31.116,31.616,,,,,,,,,,,images/white_butterfly.png,images/yellow_butterfly.png,right_image, ,,,,,,30.424,31.115,[0.12293388429752067],[0.01962809917355372],[1],[0],[0],[0.6869999999999976],"[""right_image""]",2,0,8,3,1,,,,,
,,,,,0,001,2025-02-27_14h48.06.667,Simon,2024.2.4,Linux x86_64,30.6372549,,,,,,,,,,1,32.114,32.615,,,,,,,,,,,images/purple_butterfly.png,images/white_butterfly.png,left_image, ,,,,,,31.619,32.114,[-0.1518595041322314],[-0.014462809917355372],[1],[0],[0],[0.49199999999999733],"[""left_image""]",2,1,9,0,1,,,,,
,,,,,0,001,2025-02-27_14h48.06.667,Simon,2024.2.4,Linux x86_64,30.6372549,,,,,,,,,,1,33.321,33.819,,,,,,,,,,,images/yellow_butterfly.png,images/white_butterfly.png,right_image, ,,,,,,32.617,33.321,[0.11673553719008264],[0.02169421487603306],[1],[0],[0],[0.7019999999999982],"[""right_image""]",2,2,10,2,1,,,,,
,,,,,0,001,2025-02-27_14h48.06.667,Simon,2024.2.4,Linux x86_64,30.6372549,,,,,,,,,,1,34.704,35.197,,,,,,,,,,,images/white_butterfly.png,images/purple_butterfly.png,left_image, ,,,,,,33.823,34.704,[-0.1322314049586777],[0.007231404958677686],[1],[0],[0],[0.8759999999999977],"[""left_image""]",2,3,11,1,1,,,,,
,,,,,0,001,2025-02-27_14h48.06.667,Simon,2024.2.4,Linux x86_64,30.6372549,,,,,,,,,,0,35.801,36.298,,,,,,,,,,,images/white_butterfly.png,images/purple_butterfly.png,left_image, ,,,,,,35.198,35.797,[0.125],[0.007231404958677686],[1],[0],[0],[0.5990000000000038],"[""right_image""]",3,0,12,1,1,,,,,
,,,,,0,001,2025-02-27_14h48.06.667,Simon,2024.2.4,Linux x86_64,30.6372549,,,,,,,,,,1,37.6,38.085,,,,,,,,,,,images/white_butterfly.png,images/yellow_butterfly.png,right_image, ,,,,,,36.3,37.597,[0.1590909090909091],[0.006198347107438017],[1],[0],[0],[1.296999999999997],"[""right_image""]",3,1,13,3,1,,,,,
,,,,,0,001,2025-02-27_14h48.06.667,Simon,2024.2.4,Linux x86_64,30.6372549,,,,,,,,,,1,39.031,39.531,,,,,,,,,,,images/purple_butterfly.png,images/white_butterfly.png,left_image, ,,,,,,38.09,39.031,[-0.15805785123966942],[-0.022727272727272728],[1],[0],[0],[0.9380000000000024],"[""left_image""]",3,2,14,0,1,,,,,
,,,,,0,001,2025-02-27_14h48.06.667,Simon,2024.2.4,Linux x86_64,30.6372549,,,,,,,,,,1,40.566,41.065,,,,,,,,,,,images/yellow_butterfly.png,images/white_butterfly.png,right_image, ,,,,,,39.537,40.566,[0.14049586776859505],[0.013429752066115703],[1],[0],[0],[1.0259999999999962],"[""right_image""]",3,3,15,2,1,,,,,
,,,,,0,001,2025-02-27_14h48.06.667,Simon,2024.2.4,Linux x86_64,30.6372549,,,,,,,,,,1,42.464,42.965,,,,,,,,,,,images/white_butterfly.png,images/purple_butterfly.png,left_image, ,,,,,,41.068,42.464,[-0.12706611570247933],[-0.004132231404958678],[1],[0],[0],[1.3940000000000055],"[""left_image""]",4,0,16,1,1,,,,,
,,,,,0,001,2025-02-27_14h48.06.667,Simon,2024.2.4,Linux x86_64,30.6372549,,,,,,,,,,1,43.783,44.281,,,,,,,,,,,images/white_butterfly.png,images/yellow_butterfly.png,right_image, ,,,,,,42.973,43.783,[0.1756198347107438],[0.005165289256198347],[1],[0],[0],[0.8089999999999975],"[""right_image""]",4,1,17,3,1,,,,,
,,,,,0,001,2025-02-27_14h48.06.667,Simon,2024.2.4,Linux x86_64,30.6372549,,,,,,,,,,0,45.321,45.815,,,,,,,,,,,images/purple_butterfly.png,images/white_butterfly.png,left_image, ,,,,,,44.283,45.316,[0.16425619834710745],[0.0030991735537190084],[1],[0],[0],[1.0330000000000013],"[""right_image""]",4,2,18,0,1,,,,,
,,,,,0,001,2025-02-27_14h48.06.667,Simon,2024.2.4,Linux x86_64,30.6372549,,,,,,,,,,1,46.599,47.098,,,,,,,,,,,images/yellow_butterfly.png,images/white_butterfly.png,right_image, ,,,,,,45.816,46.597,[0.18698347107438015],[-0.004132231404958678],[1],[0],[0],[0.7809999999999988],"[""right_image""]",4,3,19,2,1,,,,,
,,,,,0,001,2025-02-27_14h48.06.667,Simon,2024.2.4,Linux x86_64,30.6372549,,,,,,,,,,,,,,,,,,,,,,,,,,,,,,,,,,,,,,,,,,,,,,47.1,50.583,1,[50.581],[50.581]
