﻿instructions.started,instructions.stopped,start_button.numClicks,start_button.timesOn,start_button.timesOff,participant,session,date,expName,psychopyVersion,OS,frameRate,practice_trial.started,practice_trial.stopped,mouse_2.x,mouse_2.y,mouse_2.leftButton,mouse_2.midButton,mouse_2.rightButton,mouse_2.time,mouse_2.clicked_name,correct,feedback.started,feedback.stopped,loop_until_correct.thisRepN,loop_until_correct.thisTrialN,loop_until_correct.thisN,loop_until_correct.thisIndex,loop_until_correct.ran,prac_trials.thisRepN,prac_trials.thisTrialN,prac_trials.thisN,prac_trials.thisIndex,prac_trials.ran,left_color,right_color,correct_response,top_txt,instructions_2.started,instructions_2.stopped,start_button_2.numClicks,start_button_2.timesOn,start_button_2.timesOff,trial.started,trial.stopped,mouse.x,mouse.y,mouse.leftButton,mouse.midButton,mouse.rightButton,mouse.time,mouse.clicked_name,trials.thisRepN,trials.thisTrialN,trials.thisN,trials.thisIndex,trials.ran,end.started,end.stopped,start_button_3.numClicks,start_button_3.timesOn,start_button_3.timesOff
0.001,16.601,1,[16.625999999999998],[16.625999999999998],100075,001,2025-01-20_10h28.21.199,Simon,2024.2.4,MacIntel,30.3030303,,,,,,,,,,,,,,,,,,,,,,,,,,,,,,,,,,,,,,,,,,,,,,,,,,
,,,,,100075,001,2025-01-20_10h28.21.199,Simon,2024.2.4,MacIntel,30.3030303,16.636,21.599,[-0.20270270270270271],[-0.010668563300142247],[1],[0],[0],[4.958000000000002],"[""left_image_2"",""left_image_2""]",1,21.6,22.099,0,0,0,0,1,,,,,,,,,,,,,,,,,,,,,,,,,,,,,,,,,
,,,,,100075,001,2025-01-20_10h28.21.199,Simon,2024.2.4,MacIntel,30.3030303,,,,,,,,,,,,,,,,,,0,0,0,0,1,images/purple_butterfly.png,images/white_butterfly.png,left_image_2,"In this example, select the LEFT butterfly.",,,,,,,,,,,,,,,,,,,,,,,,
,,,,,100075,001,2025-01-20_10h28.21.199,Simon,2024.2.4,MacIntel,30.3030303,22.101,23.334,[-0.20554765291607396],[-0.009246088193456615],[1],[0],[0],[1.2289999999999992],"[""left_image_2"",""left_image_2""]",1,23.335,23.832,0,0,0,0,1,,,,,,,,,,,,,,,,,,,,,,,,,,,,,,,,,
,,,,,100075,001,2025-01-20_10h28.21.199,Simon,2024.2.4,MacIntel,30.3030303,,,,,,,,,,,,,,,,,,0,1,1,1,1,images/white_butterfly.png,images/purple_butterfly.png,left_image_2,"In this example, select the LEFT butterfly.",,,,,,,,,,,,,,,,,,,,,,,,
,,,,,100075,001,2025-01-20_10h28.21.199,Simon,2024.2.4,MacIntel,30.3030303,23.833,24.766,[0.1415362731152205],[-0.033428165007112376],[1],[0],[0],[0.9299999999999997],"[""right_image_2"",""right_image_2""]",1,24.766,25.266,0,0,0,0,1,,,,,,,,,,,,,,,,,,,,,,,,,,,,,,,,,
,,,,,100075,001,2025-01-20_10h28.21.199,Simon,2024.2.4,MacIntel,30.3030303,,,,,,,,,,,,,,,,,,0,2,2,2,1,images/yellow_butterfly.png,images/white_butterfly.png,right_image_2,"In this example, select the RIGHT butterfly.",,,,,,,,,,,,,,,,,,,,,,,,
,,,,,100075,001,2025-01-20_10h28.21.199,Simon,2024.2.4,MacIntel,30.3030303,25.267,25.898,[0.1415362731152205],[-0.033428165007112376],[1],[0],[0],[0.6290000000000013],"[""right_image_2"",""right_image_2""]",1,25.899,26.399,0,0,0,0,1,,,,,,,,,,,,,,,,,,,,,,,,,,,,,,,,,
,,,,,100075,001,2025-01-20_10h28.21.199,Simon,2024.2.4,MacIntel,30.3030303,,,,,,,,,,,,,,,,,,0,3,3,3,1,images/white_butterfly.png,images/yellow_butterfly.png,right_image_2,"In this example, select the RIGHT butterfly.",,,,,,,,,,,,,,,,,,,,,,,,
,,,,,100075,001,2025-01-20_10h28.21.199,Simon,2024.2.4,MacIntel,30.3030303,,,,,,,,,,,,,,,,,,,,,,,,,,,26.4,27.733,1,[27.734999999999996],[27.734999999999996],,,,,,,,,,,,,,,,,,,
,,,,,100075,001,2025-01-20_10h28.21.199,Simon,2024.2.4,MacIntel,30.3030303,,,,,,,,,,1,28.867,29.365,,,,,,,,,,,images/purple_butterfly.png,images/white_butterfly.png,left_image, ,,,,,,27.744,28.867,[-0.18278805120910385],[0.024893314366998577],[1],[0],[0],[1.1189999999999998],"[""left_image""]",0,0,0,0,1,,,,,
,,,,,100075,001,2025-01-20_10h28.21.199,Simon,2024.2.4,MacIntel,30.3030303,,,,,,,,,,1,30.199,30.699,,,,,,,,,,,images/white_butterfly.png,images/yellow_butterfly.png,right_image, ,,,,,,29.366,30.199,[0.2069701280227596],[-0.02631578947368421],[1],[0],[0],[0.830999999999996],"[""right_image""]",0,1,1,3,1,,,,,
,,,,,100075,001,2025-01-20_10h28.21.199,Simon,2024.2.4,MacIntel,30.3030303,,,,,,,,,,1,31.6,32.099,,,,,,,,,,,images/white_butterfly.png,images/purple_butterfly.png,left_image, ,,,,,,30.699,31.6,[-0.17567567567567569],[0.022048364153627313],[1],[0],[0],[0.8990000000000009],"[""left_image""]",0,2,2,1,1,,,,,
,,,,,100075,001,2025-01-20_10h28.21.199,Simon,2024.2.4,MacIntel,30.3030303,,,,,,,,,,1,32.798,33.298,,,,,,,,,,,images/yellow_butterfly.png,images/white_butterfly.png,right_image, ,,,,,,32.099,32.798,[0.077524893314367],[-0.0021337126600284497],[1],[0],[0],[0.6980000000000004],"[""right_image""]",0,3,3,2,1,,,,,
,,,,,100075,001,2025-01-20_10h28.21.199,Simon,2024.2.4,MacIntel,30.3030303,,,,,,,,,,1,33.999,34.499,,,,,,,,,,,images/yellow_butterfly.png,images/white_butterfly.png,right_image, ,,,,,,33.299,33.999,[0.11308677098150782],[-0.007823613086770981],[1],[0],[0],[0.7000000000000028],"[""right_image""]",1,0,4,2,1,,,,,
,,,,,100075,001,2025-01-20_10h28.21.199,Simon,2024.2.4,MacIntel,30.3030303,,,,,,,,,,1,35.132,35.632,,,,,,,,,,,images/white_butterfly.png,images/yellow_butterfly.png,right_image, ,,,,,,34.5,35.132,[0.11308677098150782],[-0.007823613086770981],[1],[0],[0],[0.632000000000005],"[""right_image""]",1,1,5,3,1,,,,,
,,,,,100075,001,2025-01-20_10h28.21.199,Simon,2024.2.4,MacIntel,30.3030303,,,,,,,,,,1,36.566,37.066,,,,,,,,,,,images/purple_butterfly.png,images/white_butterfly.png,left_image, ,,,,,,35.632,36.566,[-0.1984352773826458],[0.007823613086770981],[1],[0],[0],[0.9320000000000022],"[""left_image""]",1,2,6,0,1,,,,,
,,,,,100075,001,2025-01-20_10h28.21.199,Simon,2024.2.4,MacIntel,30.3030303,,,,,,,,,,1,38,38.499,,,,,,,,,,,images/white_butterfly.png,images/purple_butterfly.png,left_image, ,,,,,,37.066,38,[-0.25675675675675674],[0.03769559032716927],[1],[0],[0],[0.9320000000000022],"[""left_image""]",1,3,7,1,1,,,,,
,,,,,100075,001,2025-01-20_10h28.21.199,Simon,2024.2.4,MacIntel,30.3030303,,,,,,,,,,1,39.198,39.698,,,,,,,,,,,images/purple_butterfly.png,images/white_butterfly.png,left_image, ,,,,,,38.499,39.198,[-0.19559032716927455],[0.007823613086770981],[1],[0],[0],[0.6980000000000004],"[""left_image""]",2,0,8,0,1,,,,,
,,,,,100075,001,2025-01-20_10h28.21.199,Simon,2024.2.4,MacIntel,30.3030303,,,,,,,,,,1,40.566,41.066,,,,,,,,,,,images/yellow_butterfly.png,images/white_butterfly.png,right_image, ,,,,,,39.699,40.566,[0.16998577524893316],[-0.019203413940256046],[1],[0],[0],[0.8659999999999997],"[""right_image""]",2,1,9,2,1,,,,,
,,,,,100075,001,2025-01-20_10h28.21.199,Simon,2024.2.4,MacIntel,30.3030303,,,,,,,,,,1,42,42.498,,,,,,,,,,,images/white_butterfly.png,images/purple_butterfly.png,left_image, ,,,,,,41.066,41.999,[-0.12731152204836416],[0.0035561877667140826],[1],[0],[0],[0.9320000000000022],"[""left_image""]",2,2,10,1,1,,,,,
,,,,,100075,001,2025-01-20_10h28.21.199,Simon,2024.2.4,MacIntel,30.3030303,,,,,,,,,,1,43.466,43.965,,,,,,,,,,,images/white_butterfly.png,images/yellow_butterfly.png,right_image, ,,,,,,42.499,43.466,[0.23115220483641535],[-0.03627311522048364],[1],[0],[0],[0.9660000000000011],"[""right_image""]",2,3,11,3,1,,,,,
,,,,,100075,001,2025-01-20_10h28.21.199,Simon,2024.2.4,MacIntel,30.3030303,,,,,,,,,,1,44.632,45.132,,,,,,,,,,,images/white_butterfly.png,images/yellow_butterfly.png,right_image, ,,,,,,43.966,44.632,[0.17994310099573257],[-0.022048364153627313],[1],[0],[0],[0.6649999999999991],"[""right_image""]",3,0,12,3,1,,,,,
,,,,,100075,001,2025-01-20_10h28.21.199,Simon,2024.2.4,MacIntel,30.3030303,,,,,,,,,,1,45.832,46.331,,,,,,,,,,,images/white_butterfly.png,images/purple_butterfly.png,left_image, ,,,,,,45.133,45.832,[-0.1514935988620199],[-0.019203413940256046],[1],[0],[0],[0.6980000000000004],"[""left_image""]",3,1,13,1,1,,,,,
,,,,,100075,001,2025-01-20_10h28.21.199,Simon,2024.2.4,MacIntel,30.3030303,,,,,,,,,,1,47,47.498,,,,,,,,,,,images/yellow_butterfly.png,images/white_butterfly.png,right_image, ,,,,,,46.332,46.999,[0.23399715504978663],[-0.016358463726884778],[1],[0],[0],[0.6659999999999968],"[""right_image""]",3,2,14,2,1,,,,,
,,,,,100075,001,2025-01-20_10h28.21.199,Simon,2024.2.4,MacIntel,30.3030303,,,,,,,,,,1,48.466,48.965,,,,,,,,,,,images/purple_butterfly.png,images/white_butterfly.png,left_image, ,,,,,,47.499,48.466,[-0.16571834992887624],[-0.006401137980085348],[1],[0],[0],[0.9660000000000011],"[""left_image""]",3,3,15,0,1,,,,,
,,,,,100075,001,2025-01-20_10h28.21.199,Simon,2024.2.4,MacIntel,30.3030303,,,,,,,,,,1,49.599,50.099,,,,,,,,,,,images/purple_butterfly.png,images/white_butterfly.png,left_image, ,,,,,,48.965,49.599,[-0.18421052631578946],[-0.017780938833570414],[1],[0],[0],[0.6340000000000003],"[""left_image""]",4,0,16,0,1,,,,,
,,,,,100075,001,2025-01-20_10h28.21.199,Simon,2024.2.4,MacIntel,30.3030303,,,,,,,,,,0,50.832,51.332,,,,,,,,,,,images/white_butterfly.png,images/purple_butterfly.png,left_image, ,,,,,,50.099,50.831,[0.11308677098150782],[0.007823613086770981],[1],[0],[0],[0.7310000000000016],"[""right_image""]",4,1,17,1,1,,,,,
,,,,,100075,001,2025-01-20_10h28.21.199,Simon,2024.2.4,MacIntel,30.3030303,,,,,,,,,,1,52.433,52.932,,,,,,,,,,,images/yellow_butterfly.png,images/white_butterfly.png,right_image, ,,,,,,51.333,52.432,[0.1514935988620199],[0.019203413940256046],[1],[0],[0],[1.0969999999999942],"[""right_image""]",4,2,18,2,1,,,,,
,,,,,100075,001,2025-01-20_10h28.21.199,Simon,2024.2.4,MacIntel,30.3030303,,,,,,,,,,1,53.533,54.032,,,,,,,,,,,images/white_butterfly.png,images/yellow_butterfly.png,right_image, ,,,,,,52.933,53.532,[0.15291607396870555],[0.019203413940256046],[1],[0],[0],[0.5979999999999919],"[""right_image""]",4,3,19,3,1,,,,,
,,,,,100075,001,2025-01-20_10h28.21.199,Simon,2024.2.4,MacIntel,30.3030303,,,,,,,,,,,,,,,,,,,,,,,,,,,,,,,,,,,,,,,,,,,,,,54.032,55.499,1,[55.498000000000005],[55.498000000000005]
