﻿instructions.started,instructions.stopped,start_button.numClicks,start_button.timesOn,start_button.timesOff,participant,session,date,expName,psychopyVersion,OS,frameRate,practice_trial.started,practice_trial.stopped,mouse_2.x,mouse_2.y,mouse_2.leftButton,mouse_2.midButton,mouse_2.rightButton,mouse_2.time,mouse_2.clicked_name,correct,feedback.started,feedback.stopped,loop_until_correct.thisRepN,loop_until_correct.thisTrialN,loop_until_correct.thisN,loop_until_correct.thisIndex,loop_until_correct.ran,prac_trials.thisRepN,prac_trials.thisTrialN,prac_trials.thisN,prac_trials.thisIndex,prac_trials.ran,left_color,right_color,correct_response,top_txt,instructions_2.started,instructions_2.stopped,start_button_2.numClicks,start_button_2.timesOn,start_button_2.timesOff,trial.started,trial.stopped,mouse.x,mouse.y,mouse.leftButton,mouse.midButton,mouse.rightButton,mouse.time,mouse.clicked_name,trials.thisRepN,trials.thisTrialN,trials.thisN,trials.thisIndex,trials.ran,end.started,end.stopped,start_button_3.numClicks,start_button_3.timesOn,start_button_3.timesOff
0.0003,16.8656,1,[16.871900000005958],[16.871900000005958],103524,001,2025-05-27_16h44.14.618,Simon,2024.2.4,Win32,140.8450704,,,,,,,,,,,,,,,,,,,,,,,,,,,,,,,,,,,,,,,,,,,,,,,,,,
,,,,,103524,001,2025-05-27_16h44.14.618,Simon,2024.2.4,Win32,140.8450704,16.8751,19.5459,[-0.16612554112554112],[0.005411255411255411],[1],[0],[0],[2.6692000000029807],"[""left_image_2"",""left_image_2""]",1,19.5462,20.0458,0,0,0,0,1,,,,,,,,,,,,,,,,,,,,,,,,,,,,,,,,,
,,,,,103524,001,2025-05-27_16h44.14.618,Simon,2024.2.4,Win32,140.8450704,,,,,,,,,,,,,,,,,,0,0,0,0,1,images/purple_butterfly.png,images/white_butterfly.png,left_image_2,"In this example, select the LEFT butterfly.",,,,,,,,,,,,,,,,,,,,,,,,
,,,,,103524,001,2025-05-27_16h44.14.618,Simon,2024.2.4,Win32,140.8450704,20.0465,26.2957,[-0.16937229437229437],[-0.01948051948051948],[1],[0],[0],[6.248300000011923],"[""left_image_2"",""left_image_2""]",1,26.2958,26.7955,0,0,0,0,1,,,,,,,,,,,,,,,,,,,,,,,,,,,,,,,,,
,,,,,103524,001,2025-05-27_16h44.14.618,Simon,2024.2.4,Win32,140.8450704,,,,,,,,,,,,,,,,,,0,1,1,1,1,images/white_butterfly.png,images/purple_butterfly.png,left_image_2,"In this example, select the LEFT butterfly.",,,,,,,,,,,,,,,,,,,,,,,,
,,,,,103524,001,2025-05-27_16h44.14.618,Simon,2024.2.4,Win32,140.8450704,26.796,28.2887,[0.125],[-0.06926406926406926],[1],[0],[0],[1.4920000000000009],"[""right_image_2"",""right_image_2""]",1,28.2888,28.7885,0,0,0,0,1,,,,,,,,,,,,,,,,,,,,,,,,,,,,,,,,,
,,,,,103524,001,2025-05-27_16h44.14.618,Simon,2024.2.4,Win32,140.8450704,,,,,,,,,,,,,,,,,,0,2,2,2,1,images/yellow_butterfly.png,images/white_butterfly.png,right_image_2,"In this example, select the RIGHT butterfly.",,,,,,,,,,,,,,,,,,,,,,,,
,,,,,103524,001,2025-05-27_16h44.14.618,Simon,2024.2.4,Win32,140.8450704,28.7891,30.0178,[0.15097402597402598],[-0.06926406926406926],[1],[0],[0],[1.2280999999940398],"[""right_image_2"",""right_image_2""]",1,30.0179,30.5178,0,0,0,0,1,,,,,,,,,,,,,,,,,,,,,,,,,,,,,,,,,
,,,,,103524,001,2025-05-27_16h44.14.618,Simon,2024.2.4,Win32,140.8450704,,,,,,,,,,,,,,,,,,0,3,3,3,1,images/white_butterfly.png,images/yellow_butterfly.png,right_image_2,"In this example, select the RIGHT butterfly.",,,,,,,,,,,,,,,,,,,,,,,,
,,,,,103524,001,2025-05-27_16h44.14.618,Simon,2024.2.4,Win32,140.8450704,,,,,,,,,,,,,,,,,,,,,,,,,,,30.5179,33.4483,1,[33.4495],[33.4495],,,,,,,,,,,,,,,,,,,
,,,,,103524,001,2025-05-27_16h44.14.618,Simon,2024.2.4,Win32,140.8450704,,,,,,,,,,1,38.5732,39.0732,,,,,,,,,,,images/white_butterfly.png,images/purple_butterfly.png,left_image, ,,,,,,33.452,38.5731,[-0.14556277056277056],[-0.049783549783549784],[1],[0],[0],[5.121000000000002],"[""left_image""]",0,0,0,1,1,,,,,
,,,,,103524,001,2025-05-27_16h44.14.618,Simon,2024.2.4,Win32,140.8450704,,,,,,,,,,1,40.1842,40.6843,,,,,,,,,,,images/white_butterfly.png,images/yellow_butterfly.png,right_image, ,,,,,,39.0735,40.1842,[0.1314935064935065],[-0.03463203463203463],[1],[0],[0],[1.1105000000000018],"[""right_image""]",0,1,1,3,1,,,,,
,,,,,103524,001,2025-05-27_16h44.14.618,Simon,2024.2.4,Win32,140.8450704,,,,,,,,,,1,41.5245,42.0244,,,,,,,,,,,images/yellow_butterfly.png,images/white_butterfly.png,right_image, ,,,,,,40.6846,41.5245,[0.14772727272727273],[-0.044372294372294376],[1],[0],[0],[0.8397000000029848],"[""right_image""]",0,2,2,2,1,,,,,
,,,,,103524,001,2025-05-27_16h44.14.618,Simon,2024.2.4,Win32,140.8450704,,,,,,,,,,1,42.8927,43.3925,,,,,,,,,,,images/purple_butterfly.png,images/white_butterfly.png,left_image, ,,,,,,42.0247,42.8927,[-0.12391774891774891],[-0.017316017316017316],[1],[0],[0],[0.8678000000119184],"[""left_image""]",0,3,3,0,1,,,,,
,,,,,103524,001,2025-05-27_16h44.14.618,Simon,2024.2.4,Win32,140.8450704,,,,,,,,,,1,43.962,44.462,,,,,,,,,,,images/white_butterfly.png,images/purple_butterfly.png,left_image, ,,,,,,43.3928,43.962,[-0.12932900432900432],[-0.020562770562770564],[1],[0],[0],[0.5690999999940445],"[""left_image""]",1,0,4,1,1,,,,,
,,,,,103524,001,2025-05-27_16h44.14.618,Simon,2024.2.4,Win32,140.8450704,,,,,,,,,,1,45.0593,45.5591,,,,,,,,,,,images/yellow_butterfly.png,images/white_butterfly.png,right_image, ,,,,,,44.4623,45.0593,[0.137987012987013],[-0.044372294372294376],[1],[0],[0],[0.5965999999940408],"[""right_image""]",1,1,5,2,1,,,,,
,,,,,103524,001,2025-05-27_16h44.14.618,Simon,2024.2.4,Win32,140.8450704,,,,,,,,,,1,46.1772,46.6771,,,,,,,,,,,images/white_butterfly.png,images/yellow_butterfly.png,right_image, ,,,,,,45.5594,46.1771,[0.1130952380952381],[-0.06277056277056277],[1],[0],[0],[0.6176000000089417],"[""right_image""]",1,2,6,3,1,,,,,
,,,,,103524,001,2025-05-27_16h44.14.618,Simon,2024.2.4,Win32,140.8450704,,,,,,,,,,1,47.4203,47.9202,,,,,,,,,,,images/purple_butterfly.png,images/white_butterfly.png,left_image, ,,,,,,46.6773,47.4203,[-0.08062770562770563],[-0.06277056277056277],[1],[0],[0],[0.7427000000029764],"[""left_image""]",1,3,7,0,1,,,,,
,,,,,103524,001,2025-05-27_16h44.14.618,Simon,2024.2.4,Win32,140.8450704,,,,,,,,,,1,49.4758,49.9757,,,,,,,,,,,images/white_butterfly.png,images/yellow_butterfly.png,right_image, ,,,,,,47.9204,49.4757,[0.12608225108225107],[-0.08658008658008658],[1],[0],[0],[1.5550999999940416],"[""right_image""]",2,0,8,3,1,,,,,
,,,,,103524,001,2025-05-27_16h44.14.618,Simon,2024.2.4,Win32,140.8450704,,,,,,,,,,1,51.2534,51.7534,,,,,,,,,,,images/white_butterfly.png,images/purple_butterfly.png,left_image, ,,,,,,49.976,51.2534,[-0.15205627705627706],[-0.08982683982683982],[1],[0],[0],[1.2772999999970196],"[""left_image""]",2,1,9,1,1,,,,,
,,,,,103524,001,2025-05-27_16h44.14.618,Simon,2024.2.4,Win32,140.8450704,,,,,,,,,,1,52.4064,52.9063,,,,,,,,,,,images/yellow_butterfly.png,images/white_butterfly.png,right_image, ,,,,,,51.7538,52.4064,[0.14015151515151514],[-0.06277056277056277],[1],[0],[0],[0.6524000000059615],"[""right_image""]",2,2,10,2,1,,,,,
,,,,,103524,001,2025-05-27_16h44.14.618,Simon,2024.2.4,Win32,140.8450704,,,,,,,,,,1,54.0382,54.5384,,,,,,,,,,,images/purple_butterfly.png,images/white_butterfly.png,left_image, ,,,,,,52.9066,54.0382,[-0.1130952380952381],[-0.10606060606060606],[1],[0],[0],[1.1314000000059607],"[""left_image""]",2,3,11,0,1,,,,,
,,,,,103524,001,2025-05-27_16h44.14.618,Simon,2024.2.4,Win32,140.8450704,,,,,,,,,,1,54.9965,55.4968,,,,,,,,,,,images/purple_butterfly.png,images/white_butterfly.png,left_image, ,,,,,,54.5386,54.9965,[-0.09902597402597403],[-0.06926406926406926],[1],[0],[0],[0.4577999999970217],"[""left_image""]",3,0,12,0,1,,,,,
,,,,,103524,001,2025-05-27_16h44.14.618,Simon,2024.2.4,Win32,140.8450704,,,,,,,,,,1,56.1493,56.6493,,,,,,,,,,,images/yellow_butterfly.png,images/white_butterfly.png,right_image, ,,,,,,55.497,56.1492,[0.11958874458874459],[-0.07467532467532467],[1],[0],[0],[0.6519999999999939],"[""right_image""]",3,1,13,2,1,,,,,
,,,,,103524,001,2025-05-27_16h44.14.618,Simon,2024.2.4,Win32,140.8450704,,,,,,,,,,1,57.7396,58.2395,,,,,,,,,,,images/white_butterfly.png,images/purple_butterfly.png,left_image, ,,,,,,56.6495,57.7396,[-0.13365800865800867],[-0.10606060606060606],[1],[0],[0],[1.0897999999970196],"[""left_image""]",3,2,14,1,1,,,,,
,,,,,103524,001,2025-05-27_16h44.14.618,Simon,2024.2.4,Win32,140.8450704,,,,,,,,,,1,59.0243,59.5242,,,,,,,,,,,images/white_butterfly.png,images/yellow_butterfly.png,right_image, ,,,,,,58.2398,59.0242,[0.16396103896103897],[-0.06277056277056277],[1],[0],[0],[0.7842000000029756],"[""right_image""]",3,3,15,3,1,,,,,
,,,,,103524,001,2025-05-27_16h44.14.618,Simon,2024.2.4,Win32,140.8450704,,,,,,,,,,1,60.5172,61.0172,,,,,,,,,,,images/yellow_butterfly.png,images/white_butterfly.png,right_image, ,,,,,,59.5245,60.5171,[0.1185064935064935],[-0.08333333333333333],[1],[0],[0],[0.9924000000059578],"[""right_image""]",4,0,16,2,1,,,,,
,,,,,103524,001,2025-05-27_16h44.14.618,Simon,2024.2.4,Win32,140.8450704,,,,,,,,,,1,61.8229,62.3227,,,,,,,,,,,images/white_butterfly.png,images/purple_butterfly.png,left_image, ,,,,,,61.0174,61.8229,[-0.13041125541125542],[-0.08874458874458875],[1],[0],[0],[0.8052999999970254],"[""left_image""]",4,1,17,1,1,,,,,
,,,,,103524,001,2025-05-27_16h44.14.618,Simon,2024.2.4,Win32,140.8450704,,,,,,,,,,1,63.1284,63.6282,,,,,,,,,,,images/white_butterfly.png,images/yellow_butterfly.png,right_image, ,,,,,,62.323,63.1283,[0.12824675324675325],[-0.10497835497835498],[1],[0],[0],[0.8051999999880763],"[""right_image""]",4,2,18,3,1,,,,,
,,,,,103524,001,2025-05-27_16h44.14.618,Simon,2024.2.4,Win32,140.8450704,,,,,,,,,,1,64.3437,64.8435,,,,,,,,,,,images/purple_butterfly.png,images/white_butterfly.png,left_image, ,,,,,,63.6284,64.3437,[-0.0882034632034632],[-0.0735930735930736],[1],[0],[0],[0.7150000000000034],"[""left_image""]",4,3,19,0,1,,,,,
,,,,,103524,001,2025-05-27_16h44.14.618,Simon,2024.2.4,Win32,140.8450704,,,,,,,,,,,,,,,,,,,,,,,,,,,,,,,,,,,,,,,,,,,,,,64.8437,65.8853,1,[65.88520000000297],[65.88520000000297]
