﻿instructions.started,instructions.stopped,start_button.numClicks,start_button.timesOn,start_button.timesOff,participant,session,date,expName,psychopyVersion,OS,frameRate,practice_trial.started,practice_trial.stopped,mouse_2.x,mouse_2.y,mouse_2.leftButton,mouse_2.midButton,mouse_2.rightButton,mouse_2.time,mouse_2.clicked_name,correct,feedback.started,feedback.stopped,loop_until_correct.thisRepN,loop_until_correct.thisTrialN,loop_until_correct.thisN,loop_until_correct.thisIndex,loop_until_correct.ran,prac_trials.thisRepN,prac_trials.thisTrialN,prac_trials.thisN,prac_trials.thisIndex,prac_trials.ran,left_color,right_color,correct_response,top_txt,instructions_2.started,instructions_2.stopped,start_button_2.numClicks,start_button_2.timesOn,start_button_2.timesOff,trial.started,trial.stopped,mouse.x,mouse.y,mouse.leftButton,mouse.midButton,mouse.rightButton,mouse.time,mouse.clicked_name,trials.thisRepN,trials.thisTrialN,trials.thisN,trials.thisIndex,trials.ran
0.0006,63.3856,1,[63.40369999998808],[63.40369999998808],103550,001,2025-09-28_15h02.27.895,Simon,2024.2.4,MacIntel,62.11180124,,,,,,,,,,,,,,,,,,,,,,,,,,,,,,,,,,,,,,,,,,,,,
,,,,,103550,001,2025-09-28_15h02.27.895,Simon,2024.2.4,MacIntel,62.11180124,63.4103,64.5851,[-0.17299658620459402],[-0.06416186036547365],[1],[0],[0],[1.1721999999880808],"[""left_image_2"",""left_image_2""]",1,64.5858,65.0851,0,0,0,0,1,,,,,,,,,,,,,,,,,,,,,,,,,,,,
,,,,,103550,001,2025-09-28_15h02.27.895,Simon,2024.2.4,MacIntel,62.11180124,,,,,,,,,,,,,,,,,,0,0,0,0,1,images/purple_butterfly.png,images/white_butterfly.png,left_image_2,"In this example, select the LEFT butterfly.",,,,,,,,,,,,,,,,,,,
,,,,,103550,001,2025-09-28_15h02.27.895,Simon,2024.2.4,MacIntel,62.11180124,65.0868,68.4691,[-0.1609180591724537],[-0.015432765341212606],[1],[0],[0],[3.380399999976163],"[""left_image_2"",""left_image_2""]",1,68.4692,68.9688,0,0,0,0,1,,,,,,,,,,,,,,,,,,,,,,,,,,,,
,,,,,103550,001,2025-09-28_15h02.27.895,Simon,2024.2.4,MacIntel,62.11180124,,,,,,,,,,,,,,,,,,0,1,1,1,1,images/white_butterfly.png,images/purple_butterfly.png,left_image_2,"In this example, select the LEFT butterfly.",,,,,,,,,,,,,,,,,,,
,,,,,103550,001,2025-09-28_15h02.27.895,Simon,2024.2.4,MacIntel,62.11180124,68.9703,71.6694,[0.16477031653423255],[-0.022443287732594373],[1],[0],[0],[2.6979999999999933],"[""right_image_2"",""right_image_2""]",1,71.6696,72.1688,0,0,0,0,1,,,,,,,,,,,,,,,,,,,,,,,,,,,,
,,,,,103550,001,2025-09-28_15h02.27.895,Simon,2024.2.4,MacIntel,62.11180124,,,,,,,,,,,,,,,,,,0,2,2,2,1,images/yellow_butterfly.png,images/white_butterfly.png,right_image_2,"In this example, select the RIGHT butterfly.",,,,,,,,,,,,,,,,,,,
,,,,,103550,001,2025-09-28_15h02.27.895,Simon,2024.2.4,MacIntel,62.11180124,72.1705,73.9867,[0.21520978704816596],[-0.01463504802127849],[1],[0],[0],[1.8150999999642323],"[""right_image_2"",""right_image_2""]",1,73.9868,74.4861,0,0,0,0,1,,,,,,,,,,,,,,,,,,,,,,,,,,,,
,,,,,103550,001,2025-09-28_15h02.27.895,Simon,2024.2.4,MacIntel,62.11180124,,,,,,,,,,,,,,,,,,0,3,3,3,1,images/white_butterfly.png,images/yellow_butterfly.png,right_image_2,"In this example, select the RIGHT butterfly.",,,,,,,,,,,,,,,,,,,
,,,,,103550,001,2025-09-28_15h02.27.895,Simon,2024.2.4,MacIntel,62.11180124,,,,,,,,,,,,,,,,,,,,,,,,,,,74.4866,76.2365,1,[76.23919999998807],[76.23930000001192],,,,,,,,,,,,,,
,,,,,103550,001,2025-09-28_15h02.27.895,Simon,2024.2.4,MacIntel,62.11180124,,,,,,,,,,1,79.5373,80.0374,,,,,,,,,,,images/yellow_butterfly.png,images/white_butterfly.png,right_image, ,,,,,,76.2449,79.5372,[0.19361629649105236],[-0.008022427898526531],[1],[0],[0],[3.2916000000238483],"[""right_image""]",0,0,0,2,1
,,,,,103550,001,2025-09-28_15h02.27.895,Simon,2024.2.4,MacIntel,62.11180124,,,,,,,,,,1,81.4036,81.9036,,,,,,,,,,,images/white_butterfly.png,images/purple_butterfly.png,left_image, ,,,,,,80.0383,81.4035,[-0.19363507653912929],[-0.005250110245837785],[1],[0],[0],[1.3645000000000067],"[""left_image""]",0,1,1,1,1
,,,,,103550,001,2025-09-28_15h02.27.895,Simon,2024.2.4,MacIntel,62.11180124,,,,,,,,,,0,83.2555,83.7547,,,,,,,,,,,images/purple_butterfly.png,images/white_butterfly.png,left_image, ,,,,,,81.9045,83.2548,[0.11444352630876069],[-0.019840946903935185],[1],[0],[0],[1.3495999999642407],"[""right_image""]",0,2,2,0,1
,,,,,103550,001,2025-09-28_15h02.27.895,Simon,2024.2.4,MacIntel,62.11180124,,,,,,,,,,1,85.5219,86.0209,,,,,,,,,,,images/white_butterfly.png,images/yellow_butterfly.png,right_image, ,,,,,,83.7553,85.5209,[0.1704358049267717],[-0.06180435571915064],[1],[0],[0],[1.7652000000476846],"[""right_image""]",0,3,3,3,1
,,,,,103550,001,2025-09-28_15h02.27.895,Simon,2024.2.4,MacIntel,62.11180124,,,,,,,,,,1,87.0554,87.5545,,,,,,,,,,,images/white_butterfly.png,images/yellow_butterfly.png,right_image, ,,,,,,86.0218,87.0553,[0.172470049301104],[-0.055127874738470445],[1],[0],[0],[1.0333999999761545],"[""right_image""]",1,0,4,3,1
,,,,,103550,001,2025-09-28_15h02.27.895,Simon,2024.2.4,MacIntel,62.11180124,,,,,,,,,,1,90.305,90.805,,,,,,,,,,,images/white_butterfly.png,images/purple_butterfly.png,left_image, ,,,,,,87.5554,90.3048,[-0.19622585372707443],[-0.04450714893830128],[1],[0],[0],[2.7489999999999952],"[""left_image""]",1,1,5,1,1
,,,,,103550,001,2025-09-28_15h02.27.895,Simon,2024.2.4,MacIntel,62.11180124,,,,,,,,,,1,94.7563,95.2558,,,,,,,,,,,images/purple_butterfly.png,images/white_butterfly.png,left_image, ,,,,,,90.8061,94.7561,[-0.16953244983640492],[0.0007365082743500712],[1],[0],[0],[3.9496000000238354],"[""left_image""]",1,2,6,0,1
,,,,,103550,001,2025-09-28_15h02.27.895,Simon,2024.2.4,MacIntel,62.11180124,,,,,,,,,,1,96.3235,96.8234,,,,,,,,,,,images/yellow_butterfly.png,images/white_butterfly.png,right_image, ,,,,,,95.2567,96.3235,[0.208442709724448],[-0.02284679793224715],[1],[0],[0],[1.0665000000000049],"[""right_image""]",1,3,7,2,1
,,,,,103550,001,2025-09-28_15h02.27.895,Simon,2024.2.4,MacIntel,62.11180124,,,,,,,,,,1,98.3069,98.8069,,,,,,,,,,,images/purple_butterfly.png,images/white_butterfly.png,left_image, ,,,,,,96.8241,98.3069,[-0.23984894929108797],[0.029486892569778312],[1],[0],[0],[1.4825000000000017],"[""left_image""]",2,0,8,0,1
,,,,,103550,001,2025-09-28_15h02.27.895,Simon,2024.2.4,MacIntel,62.11180124,,,,,,,,,,0,102.8913,103.3913,,,,,,,,,,,images/white_butterfly.png,images/purple_butterfly.png,left_image, ,,,,,,98.8077,102.8903,[0.16776721226184116],[-0.012555940198762465],[1],[0],[0],[4.082100000023843],"[""right_image""]",2,1,9,1,1
,,,,,103550,001,2025-09-28_15h02.27.895,Simon,2024.2.4,MacIntel,62.11180124,,,,,,,,,,1,105.9761,106.4742,,,,,,,,,,,images/yellow_butterfly.png,images/white_butterfly.png,right_image, ,,,,,,103.392,105.9752,[0.16005278584624288],[0.0007075557002314815],[1],[0],[0],[2.582600000023831],"[""right_image""]",2,2,10,2,1
,,,,,103550,001,2025-09-28_15h02.27.895,Simon,2024.2.4,MacIntel,62.11180124,,,,,,,,,,1,108.9591,109.4583,,,,,,,,,,,images/white_butterfly.png,images/yellow_butterfly.png,right_image, ,,,,,,106.4752,108.959,[0.16346475541421832],[-0.034249330178285256],[1],[0],[0],[2.4833000000119085],"[""right_image""]",2,3,11,3,1
,,,,,103550,001,2025-09-28_15h02.27.895,Simon,2024.2.4,MacIntel,62.11180124,,,,,,,,,,1,112.4254,112.9263,,,,,,,,,,,images/white_butterfly.png,images/purple_butterfly.png,left_image, ,,,,,,109.4593,112.4253,[-0.19826322810941951],[0.01068645596843839],[1],[0],[0],[2.9655999999642404],"[""left_image""]",3,0,12,1,1
,,,,,103550,001,2025-09-28_15h02.27.895,Simon,2024.2.4,MacIntel,62.11180124,,,,,,,,,,1,114.2931,114.7924,,,,,,,,,,,images/yellow_butterfly.png,images/white_butterfly.png,right_image, ,,,,,,112.927,114.293,[0.19131208892561433],[-0.02578674490295584],[1],[0],[0],[1.3654999999999973],"[""right_image""]",3,1,13,2,1
,,,,,103550,001,2025-09-28_15h02.27.895,Simon,2024.2.4,MacIntel,62.11180124,,,,,,,,,,0,115.5601,116.06,,,,,,,,,,,images/purple_butterfly.png,images/white_butterfly.png,left_image, ,,,,,,114.7933,115.559,[0.19131208892561433],[-0.02578674490295584],[1],[0],[0],[0.765300000011905],"[""right_image""]",3,2,14,0,1
,,,,,103550,001,2025-09-28_15h02.27.895,Simon,2024.2.4,MacIntel,62.11180124,,,,,,,,,,0,119.7601,120.2607,,,,,,,,,,,images/white_butterfly.png,images/yellow_butterfly.png,right_image, ,,,,,,116.0607,119.7601,[-0.11928712676393341],[-0.04011479130497685],[1],[0],[0],[3.6988999999761774],"[""left_image""]",3,3,15,3,1
,,,,,103550,001,2025-09-28_15h02.27.895,Simon,2024.2.4,MacIntel,62.11180124,,,,,,,,,,1,123.2943,123.7944,,,,,,,,,,,images/white_butterfly.png,images/yellow_butterfly.png,right_image, ,,,,,,120.2613,123.2935,[0.1872795083244302],[-0.05231395406261129],[1],[0],[0],[3.0321000000238314],"[""right_image""]",4,0,16,3,1
