﻿instructions.started,instructions.stopped,start_button.numClicks,start_button.timesOn,start_button.timesOff,participant,session,date,expName,psychopyVersion,OS,frameRate,practice_trial.started,practice_trial.stopped,mouse_2.x,mouse_2.y,mouse_2.leftButton,mouse_2.midButton,mouse_2.rightButton,mouse_2.time,mouse_2.clicked_name,correct,feedback.started,feedback.stopped,loop_until_correct.thisRepN,loop_until_correct.thisTrialN,loop_until_correct.thisN,loop_until_correct.thisIndex,loop_until_correct.ran,prac_trials.thisRepN,prac_trials.thisTrialN,prac_trials.thisN,prac_trials.thisIndex,prac_trials.ran,left_color,right_color,correct_response,top_txt,instructions_2.started,instructions_2.stopped,start_button_2.numClicks,start_button_2.timesOn,start_button_2.timesOff,trial.started,trial.stopped,mouse.x,mouse.y,mouse.leftButton,mouse.midButton,mouse.rightButton,mouse.time,mouse.clicked_name,trials.thisRepN,trials.thisTrialN,trials.thisN,trials.thisIndex,trials.ran,end.started,end.stopped,start_button_3.numClicks,start_button_3.timesOn,start_button_3.timesOff
0.0004,12.6239,1,[12.642299999998883],[12.642299999998883],104239,001,2026-01-16_15h03.52.471,Simon,2024.2.4,MacIntel,60.24096386,,,,,,,,,,,,,,,,,,,,,,,,,,,,,,,,,,,,,,,,,,,,,,,,,,
,,,,,104239,001,2026-01-16_15h03.52.471,Simon,2024.2.4,MacIntel,60.24096386,12.6479,15.8567,[-0.10564651946107785],[-0.03516092814371258],[1],[0],[0],[3.206200000001118],"[""left_image_2"",""left_image_2""]",1,15.8578,16.3562,0,0,0,0,1,,,,,,,,,,,,,,,,,,,,,,,,,,,,,,,,,
,,,,,104239,001,2026-01-16_15h03.52.471,Simon,2024.2.4,MacIntel,60.24096386,,,,,,,,,,,,,,,,,,0,0,0,0,1,images/purple_butterfly.png,images/white_butterfly.png,left_image_2,"In this example, select the LEFT butterfly.",,,,,,,,,,,,,,,,,,,,,,,,
,,,,,104239,001,2026-01-16_15h03.52.471,Simon,2024.2.4,MacIntel,60.24096386,16.3587,19.1232,[-0.13587200598802396],[-0.04190681137724551],[1],[0],[0],[2.7617000000011167],"[""left_image_2"",""left_image_2""]",1,19.1233,19.6235,0,0,0,0,1,,,,,,,,,,,,,,,,,,,,,,,,,,,,,,,,,
,,,,,104239,001,2026-01-16_15h03.52.471,Simon,2024.2.4,MacIntel,60.24096386,,,,,,,,,,,,,,,,,,0,1,1,1,1,images/white_butterfly.png,images/purple_butterfly.png,left_image_2,"In this example, select the LEFT butterfly.",,,,,,,,,,,,,,,,,,,,,,,,
,,,,,104239,001,2026-01-16_15h03.52.471,Simon,2024.2.4,MacIntel,60.24096386,19.6254,21.2733,[0.12082241766467065],[-0.04638379491017964],[1],[0],[0],[1.6461000000014891],"[""right_image_2"",""right_image_2""]",1,21.2734,21.7734,0,0,0,0,1,,,,,,,,,,,,,,,,,,,,,,,,,,,,,,,,,
,,,,,104239,001,2026-01-16_15h03.52.471,Simon,2024.2.4,MacIntel,60.24096386,,,,,,,,,,,,,,,,,,0,2,2,2,1,images/yellow_butterfly.png,images/white_butterfly.png,right_image_2,"In this example, select the RIGHT butterfly.",,,,,,,,,,,,,,,,,,,,,,,,
,,,,,104239,001,2026-01-16_15h03.52.471,Simon,2024.2.4,MacIntel,60.24096386,21.7756,24.039,[0.12296968562874251],[0.019044723053892217],[1],[0],[0],[2.2615999999996284],"[""right_image_2"",""right_image_2""]",1,24.0392,24.5387,0,0,0,0,1,,,,,,,,,,,,,,,,,,,,,,,,,,,,,,,,,
,,,,,104239,001,2026-01-16_15h03.52.471,Simon,2024.2.4,MacIntel,60.24096386,,,,,,,,,,,,,,,,,,0,3,3,3,1,images/white_butterfly.png,images/yellow_butterfly.png,right_image_2,"In this example, select the RIGHT butterfly.",,,,,,,,,,,,,,,,,,,,,,,,
,,,,,104239,001,2026-01-16_15h03.52.471,Simon,2024.2.4,MacIntel,60.24096386,,,,,,,,,,,,,,,,,,,,,,,,,,,24.5394,25.5233,1,[25.52479999999888],[25.52479999999888],,,,,,,,,,,,,,,,,,,
,,,,,104239,001,2026-01-16_15h03.52.471,Simon,2024.2.4,MacIntel,60.24096386,,,,,,,,,,1,26.6229,27.1232,,,,,,,,,,,images/white_butterfly.png,images/purple_butterfly.png,left_image, ,,,,,,25.535,26.6228,[-0.12822791916167664],[0.0547623502994012],[1],[0],[0],[1.0869999999999997],"[""left_image""]",0,0,0,1,1,,,,,
,,,,,104239,001,2026-01-16_15h03.52.471,Simon,2024.2.4,MacIntel,60.24096386,,,,,,,,,,1,28.0062,28.5062,,,,,,,,,,,images/white_butterfly.png,images/yellow_butterfly.png,right_image, ,,,,,,27.1242,28.0061,[0.18362181886227544],[-0.013697604790419161],[1],[0],[0],[0.8813000000007456],"[""right_image""]",0,1,1,3,1,,,,,
,,,,,104239,001,2026-01-16_15h03.52.471,Simon,2024.2.4,MacIntel,60.24096386,,,,,,,,,,1,29.723,30.2229,,,,,,,,,,,images/purple_butterfly.png,images/white_butterfly.png,left_image, ,,,,,,28.5076,29.7229,[-0.1323119386227545],[0.0048605913173652695],[1],[0],[0],[1.214399999998502],"[""left_image""]",0,2,2,0,1,,,,,
,,,,,104239,001,2026-01-16_15h03.52.471,Simon,2024.2.4,MacIntel,60.24096386,,,,,,,,,,1,31.1563,31.6562,,,,,,,,,,,images/yellow_butterfly.png,images/white_butterfly.png,right_image, ,,,,,,30.2241,31.1562,[0.14247754491017964],[0.01864708083832335],[1],[0],[0],[0.9310999999996312],"[""right_image""]",0,3,3,2,1,,,,,
,,,,,104239,001,2026-01-16_15h03.52.471,Simon,2024.2.4,MacIntel,60.24096386,,,,,,,,,,1,32.9063,33.4062,,,,,,,,,,,images/white_butterfly.png,images/purple_butterfly.png,left_image, ,,,,,,31.6573,32.9062,[-0.1654612649700599],[0.010872005988023951],[1],[0],[0],[1.2480000000000047],"[""left_image""]",1,0,4,1,1,,,,,
,,,,,104239,001,2026-01-16_15h03.52.471,Simon,2024.2.4,MacIntel,60.24096386,,,,,,,,,,1,34.4563,34.9563,,,,,,,,,,,images/purple_butterfly.png,images/white_butterfly.png,left_image, ,,,,,,33.407,34.4561,[-0.14742234281437125],[0.017019086826347306],[1],[0],[0],[1.048499999999997],"[""left_image""]",1,1,5,0,1,,,,,
,,,,,104239,001,2026-01-16_15h03.52.471,Simon,2024.2.4,MacIntel,60.24096386,,,,,,,,,,1,35.6728,36.1729,,,,,,,,,,,images/white_butterfly.png,images/yellow_butterfly.png,right_image, ,,,,,,34.9575,35.6727,[0.18428143712574852],[0.001468937125748503],[1],[0],[0],[0.7143000000007476],"[""right_image""]",1,2,6,3,1,,,,,
,,,,,104239,001,2026-01-16_15h03.52.471,Simon,2024.2.4,MacIntel,60.24096386,,,,,,,,,,1,36.7395,37.2395,,,,,,,,,,,images/yellow_butterfly.png,images/white_butterfly.png,right_image, ,,,,,,36.1741,36.7394,[0.18459019461077844],[0.0008841691616766468],[1],[0],[0],[0.5648000000007514],"[""right_image""]",1,3,7,2,1,,,,,
,,,,,104239,001,2026-01-16_15h03.52.471,Simon,2024.2.4,MacIntel,60.24096386,,,,,,,,,,1,38.1564,38.6565,,,,,,,,,,,images/white_butterfly.png,images/purple_butterfly.png,left_image, ,,,,,,37.2408,38.1564,[-0.20629678143712574],[-0.0006736526946107785],[1],[0],[0],[0.9149999999999991],"[""left_image""]",2,0,8,1,1,,,,,
,,,,,104239,001,2026-01-16_15h03.52.471,Simon,2024.2.4,MacIntel,60.24096386,,,,,,,,,,1,39.2728,39.7728,,,,,,,,,,,images/purple_butterfly.png,images/white_butterfly.png,left_image, ,,,,,,38.6575,39.2728,[-0.14370789670658682],[0.011662612275449102],[1],[0],[0],[0.6147999999988869],"[""left_image""]",2,1,9,0,1,,,,,
,,,,,104239,001,2026-01-16_15h03.52.471,Simon,2024.2.4,MacIntel,60.24096386,,,,,,,,,,1,40.4726,40.9728,,,,,,,,,,,images/yellow_butterfly.png,images/white_butterfly.png,right_image, ,,,,,,39.7739,40.4724,[0.18206399700598802],[-0.02466317365269461],[1],[0],[0],[0.697899999998512],"[""right_image""]",2,2,10,2,1,,,,,
,,,,,104239,001,2026-01-16_15h03.52.471,Simon,2024.2.4,MacIntel,60.24096386,,,,,,,,,,1,41.6062,42.1061,,,,,,,,,,,images/white_butterfly.png,images/yellow_butterfly.png,right_image, ,,,,,,40.974,41.6062,[0.11373502994011976],[-0.007063997005988024],[1],[0],[0],[0.6314999999999955],"[""right_image""]",2,3,11,3,1,,,,,
,,,,,104239,001,2026-01-16_15h03.52.471,Simon,2024.2.4,MacIntel,60.24096386,,,,,,,,,,1,42.9226,43.4229,,,,,,,,,,,images/yellow_butterfly.png,images/white_butterfly.png,right_image, ,,,,,,42.1071,42.9224,[0.12761976047904192],[-0.005342440119760479],[1],[0],[0],[0.8149000000003781],"[""right_image""]",3,0,12,2,1,,,,,
,,,,,104239,001,2026-01-16_15h03.52.471,Simon,2024.2.4,MacIntel,60.24096386,,,,,,,,,,1,44.123,44.6229,,,,,,,,,,,images/purple_butterfly.png,images/white_butterfly.png,left_image, ,,,,,,43.4239,44.1229,[-0.16135853293413174],[-0.0020443488023952094],[1],[0],[0],[0.6982999999988877],"[""left_image""]",3,1,13,0,1,,,,,
,,,,,104239,001,2026-01-16_15h03.52.471,Simon,2024.2.4,MacIntel,60.24096386,,,,,,,,,,1,45.2562,45.7561,,,,,,,,,,,images/white_butterfly.png,images/purple_butterfly.png,left_image, ,,,,,,44.6241,45.2561,[-0.1597071482035928],[-0.0017589820359281438],[1],[0],[0],[0.6313000000007492],"[""left_image""]",3,2,14,1,1,,,,,
,,,,,104239,001,2026-01-16_15h03.52.471,Simon,2024.2.4,MacIntel,60.24096386,,,,,,,,,,1,46.5396,47.039,,,,,,,,,,,images/white_butterfly.png,images/yellow_butterfly.png,right_image, ,,,,,,45.7573,46.5395,[0.16236433383233534],[0.014923278443113773],[1],[0],[0],[0.7815000000000012],"[""right_image""]",3,3,15,3,1,,,,,
,,,,,104239,001,2026-01-16_15h03.52.471,Simon,2024.2.4,MacIntel,60.24096386,,,,,,,,,,1,47.6728,48.1729,,,,,,,,,,,images/white_butterfly.png,images/yellow_butterfly.png,right_image, ,,,,,,47.0399,47.6728,[0.16236433383233534],[0.014647267964071856],[1],[0],[0],[0.6327999999988805],"[""right_image""]",4,0,16,3,1,,,,,
,,,,,104239,001,2026-01-16_15h03.52.471,Simon,2024.2.4,MacIntel,60.24096386,,,,,,,,,,1,48.9396,49.4395,,,,,,,,,,,images/purple_butterfly.png,images/white_butterfly.png,left_image, ,,,,,,48.1739,48.9394,[-0.14870883233532933],[0.009936377245508983],[1],[0],[0],[0.7648999999985122],"[""left_image""]",4,1,17,0,1,,,,,
,,,,,104239,001,2026-01-16_15h03.52.471,Simon,2024.2.4,MacIntel,60.24096386,,,,,,,,,,1,50.1062,50.6061,,,,,,,,,,,images/yellow_butterfly.png,images/white_butterfly.png,right_image, ,,,,,,49.4407,50.1062,[0.17653910928143712],[-0.0011788922155688622],[1],[0],[0],[0.6649000000003724],"[""right_image""]",4,2,18,2,1,,,,,
,,,,,104239,001,2026-01-16_15h03.52.471,Simon,2024.2.4,MacIntel,60.24096386,,,,,,,,,,1,51.5229,52.0229,,,,,,,,,,,images/white_butterfly.png,images/purple_butterfly.png,left_image, ,,,,,,50.607,51.5228,[-0.14757672155688623],[-0.0038875374251497005],[1],[0],[0],[0.9153999999985132],"[""left_image""]",4,3,19,1,1,,,,,
,,,,,104239,001,2026-01-16_15h03.52.471,Simon,2024.2.4,MacIntel,60.24096386,,,,,,,,,,,,,,,,,,,,,,,,,,,,,,,,,,,,,,,,,,,,,,52.0237,53.0232,1,[53.022699999999254],[53.022699999999254]
