﻿instructions.started,instructions.stopped,start_button.numClicks,start_button.timesOn,start_button.timesOff,participant,session,date,expName,psychopyVersion,OS,frameRate,practice_trial.started,practice_trial.stopped,mouse_2.x,mouse_2.y,mouse_2.leftButton,mouse_2.midButton,mouse_2.rightButton,mouse_2.time,mouse_2.clicked_name,correct,feedback.started,feedback.stopped,loop_until_correct.thisRepN,loop_until_correct.thisTrialN,loop_until_correct.thisN,loop_until_correct.thisIndex,loop_until_correct.ran,prac_trials.thisRepN,prac_trials.thisTrialN,prac_trials.thisN,prac_trials.thisIndex,prac_trials.ran,left_color,right_color,correct_response,top_txt,instructions_2.started,instructions_2.stopped,start_button_2.numClicks,start_button_2.timesOn,start_button_2.timesOff,trial.started,trial.stopped,mouse.x,mouse.y,mouse.leftButton,mouse.midButton,mouse.rightButton,mouse.time,mouse.clicked_name,trials.thisRepN,trials.thisTrialN,trials.thisN,trials.thisIndex,trials.ran,end.started,end.stopped,start_button_3.numClicks,start_button_3.timesOn,start_button_3.timesOff
0.005,2.86,1,[2.937000000000001],[2.937000000000001],10555,001,2025-05-06_08h34.41.614,Simon,2024.2.4,MacIntel,76.92307692,,,,,,,,,,,,,,,,,,,,,,,,,,,,,,,,,,,,,,,,,,,,,,,,,,
,,,,,10555,001,2025-05-06_08h34.41.614,Simon,2024.2.4,MacIntel,76.92307692,2.985,3.785,[-0.20041608876560332],[0.03259361997226075],[1],[0],[0],[0.7900000000000009],"[""left_image_2"",""left_image_2""]",1,3.785,4.284,0,0,0,0,1,,,,,,,,,,,,,,,,,,,,,,,,,,,,,,,,,
,,,,,10555,001,2025-05-06_08h34.41.614,Simon,2024.2.4,MacIntel,76.92307692,,,,,,,,,,,,,,,,,,0,0,0,0,1,images/purple_butterfly.png,images/white_butterfly.png,left_image_2,"In this example, select the LEFT butterfly.",,,,,,,,,,,,,,,,,,,,,,,,
,,,,,10555,001,2025-05-06_08h34.41.614,Simon,2024.2.4,MacIntel,76.92307692,4.289,5.117,[-0.20041608876560332],[0.03259361997226075],[1],[0],[0],[0.8249999999999993],"[""left_image_2"",""left_image_2""]",1,5.117,5.616,0,0,0,0,1,,,,,,,,,,,,,,,,,,,,,,,,,,,,,,,,,
,,,,,10555,001,2025-05-06_08h34.41.614,Simon,2024.2.4,MacIntel,76.92307692,,,,,,,,,,,,,,,,,,0,1,1,1,1,images/white_butterfly.png,images/purple_butterfly.png,left_image_2,"In this example, select the LEFT butterfly.",,,,,,,,,,,,,,,,,,,,,,,,
,,,,,10555,001,2025-05-06_08h34.41.614,Simon,2024.2.4,MacIntel,76.92307692,5.618,6.3,[0.18932038834951456],[0.028432732316227463],[1],[0],[0],[0.6799999999999997],"[""right_image_2"",""right_image_2""]",1,6.307,6.799,0,0,0,0,1,,,,,,,,,,,,,,,,,,,,,,,,,,,,,,,,,
,,,,,10555,001,2025-05-06_08h34.41.614,Simon,2024.2.4,MacIntel,76.92307692,,,,,,,,,,,,,,,,,,0,2,2,2,1,images/yellow_butterfly.png,images/white_butterfly.png,right_image_2,"In this example, select the RIGHT butterfly.",,,,,,,,,,,,,,,,,,,,,,,,
,,,,,10555,001,2025-05-06_08h34.41.614,Simon,2024.2.4,MacIntel,76.92307692,6.804,7.1,[0.18932038834951456],[0.027045769764216365],[1],[0],[0],[0.2940000000000005],"[""right_image_2"",""right_image_2""]",1,7.101,7.6,0,0,0,0,1,,,,,,,,,,,,,,,,,,,,,,,,,,,,,,,,,
,,,,,10555,001,2025-05-06_08h34.41.614,Simon,2024.2.4,MacIntel,76.92307692,,,,,,,,,,,,,,,,,,0,3,3,3,1,images/white_butterfly.png,images/yellow_butterfly.png,right_image_2,"In this example, select the RIGHT butterfly.",,,,,,,,,,,,,,,,,,,,,,,,
,,,,,10555,001,2025-05-06_08h34.41.614,Simon,2024.2.4,MacIntel,76.92307692,,,,,,,,,,,,,,,,,,,,,,,,,,,7.606,8.7,1,[8.721],[8.721],,,,,,,,,,,,,,,,,,,
,,,,,10555,001,2025-05-06_08h34.41.614,Simon,2024.2.4,MacIntel,76.92307692,,,,,,,,,,1,9.918,10.417,,,,,,,,,,,images/white_butterfly.png,images/yellow_butterfly.png,right_image, ,,,,,,8.716,9.918,[0.2059639389736477],[-0.021497919556171984],[1],[0],[0],[1.1990000000000016],"[""right_image""]",0,0,0,3,1,,,,,
,,,,,10555,001,2025-05-06_08h34.41.614,Simon,2024.2.4,MacIntel,76.92307692,,,,,,,,,,0,11.918,12.416,,,,,,,,,,,images/purple_butterfly.png,images/white_butterfly.png,left_image, ,,,,,,10.419,11.917,[0.2059639389736477],[-0.01872399445214979],[1],[0],[0],[1.4969999999999999],"[""right_image""]",0,1,1,0,1,,,,,
,,,,,10555,001,2025-05-06_08h34.41.614,Simon,2024.2.4,MacIntel,76.92307692,,,,,,,,,,1,13.15,13.651,,,,,,,,,,,images/white_butterfly.png,images/purple_butterfly.png,left_image, ,,,,,,12.418,13.15,[-0.15603328710124825],[-0.017337031900138695],[1],[0],[0],[0.7309999999999981],"[""left_image""]",0,2,2,1,1,,,,,
,,,,,10555,001,2025-05-06_08h34.41.614,Simon,2024.2.4,MacIntel,76.92307692,,,,,,,,,,1,14.901,15.401,,,,,,,,,,,images/yellow_butterfly.png,images/white_butterfly.png,right_image, ,,,,,,13.652,14.901,[0.1823855755894591],[-0.0034674063800277394],[1],[0],[0],[1.2469999999999999],"[""right_image""]",0,3,3,2,1,,,,,
,,,,,10555,001,2025-05-06_08h34.41.614,Simon,2024.2.4,MacIntel,76.92307692,,,,,,,,,,1,16.621,17.117,,,,,,,,,,,images/purple_butterfly.png,images/white_butterfly.png,left_image, ,,,,,,15.402,16.621,[-0.26005547850208044],[0.021497919556171984],[1],[0],[0],[1.213000000000001],"[""left_image""]",1,0,4,0,1,,,,,
,,,,,10555,001,2025-05-06_08h34.41.614,Simon,2024.2.4,MacIntel,76.92307692,,,,,,,,,,1,17.733,18.233,,,,,,,,,,,images/white_butterfly.png,images/purple_butterfly.png,left_image, ,,,,,,17.119,17.733,[-0.21151178918169208],[0.021497919556171984],[1],[0],[0],[0.6130000000000031],"[""left_image""]",1,1,5,1,1,,,,,
,,,,,10555,001,2025-05-06_08h34.41.614,Simon,2024.2.4,MacIntel,76.92307692,,,,,,,,,,1,18.769,19.268,,,,,,,,,,,images/white_butterfly.png,images/yellow_butterfly.png,right_image, ,,,,,,18.239,18.769,[0.239251040221914],[0.009015256588072122],[1],[0],[0],[0.5279999999999987],"[""right_image""]",1,2,6,3,1,,,,,
,,,,,10555,001,2025-05-06_08h34.41.614,Simon,2024.2.4,MacIntel,76.92307692,,,,,,,,,,1,19.567,20.068,,,,,,,,,,,images/yellow_butterfly.png,images/white_butterfly.png,right_image, ,,,,,,19.27,19.567,[0.239251040221914],[0.009015256588072122],[1],[0],[0],[0.2940000000000005],"[""right_image""]",1,3,7,2,1,,,,,
,,,,,10555,001,2025-05-06_08h34.41.614,Simon,2024.2.4,MacIntel,76.92307692,,,,,,,,,,1,20.701,21.201,,,,,,,,,,,images/white_butterfly.png,images/purple_butterfly.png,left_image, ,,,,,,20.074,20.701,[-0.19486823855755894],[-0.01872399445214979],[1],[0],[0],[0.6189999999999998],"[""left_image""]",2,0,8,1,1,,,,,
,,,,,10555,001,2025-05-06_08h34.41.614,Simon,2024.2.4,MacIntel,76.92307692,,,,,,,,,,1,22.034,22.534,,,,,,,,,,,images/white_butterfly.png,images/yellow_butterfly.png,right_image, ,,,,,,21.202,22.034,[0.2697642163661581],[-0.0048543689320388345],[1],[0],[0],[0.8310000000000031],"[""right_image""]",2,1,9,3,1,,,,,
,,,,,10555,001,2025-05-06_08h34.41.614,Simon,2024.2.4,MacIntel,76.92307692,,,,,,,,,,1,23.301,23.8,,,,,,,,,,,images/yellow_butterfly.png,images/white_butterfly.png,right_image, ,,,,,,22.536,23.3,[0.23786407766990292],[-0.02565880721220527],[1],[0],[0],[0.7629999999999981],"[""right_image""]",2,2,10,2,1,,,,,
,,,,,10555,001,2025-05-06_08h34.41.614,Simon,2024.2.4,MacIntel,76.92307692,,,,,,,,,,1,24.917,25.417,,,,,,,,,,,images/purple_butterfly.png,images/white_butterfly.png,left_image, ,,,,,,23.801,24.917,[-0.21289875173370318],[-0.021497919556171984],[1],[0],[0],[1.115000000000002],"[""left_image""]",2,3,11,0,1,,,,,
,,,,,10555,001,2025-05-06_08h34.41.614,Simon,2024.2.4,MacIntel,76.92307692,,,,,,,,,,1,25.751,26.25,,,,,,,,,,,images/purple_butterfly.png,images/white_butterfly.png,left_image, ,,,,,,25.419,25.751,[-0.21289875173370318],[-0.021497919556171984],[1],[0],[0],[0.33099999999999596],"[""left_image""]",3,0,12,0,1,,,,,
,,,,,10555,001,2025-05-06_08h34.41.614,Simon,2024.2.4,MacIntel,76.92307692,,,,,,,,,,1,27.317,27.816,,,,,,,,,,,images/yellow_butterfly.png,images/white_butterfly.png,right_image, ,,,,,,26.251,27.317,[0.18793342579750347],[0.014563106796116505],[1],[0],[0],[1.064],"[""right_image""]",3,1,13,2,1,,,,,
,,,,,10555,001,2025-05-06_08h34.41.614,Simon,2024.2.4,MacIntel,76.92307692,,,,,,,,,,1,28.418,28.918,,,,,,,,,,,images/white_butterfly.png,images/yellow_butterfly.png,right_image, ,,,,,,27.816,28.418,[0.19070735090152566],[0.011789181692094313],[1],[0],[0],[0.6000000000000014],"[""right_image""]",3,2,14,3,1,,,,,
,,,,,10555,001,2025-05-06_08h34.41.614,Simon,2024.2.4,MacIntel,76.92307692,,,,,,,,,,1,29.801,30.3,,,,,,,,,,,images/white_butterfly.png,images/purple_butterfly.png,left_image, ,,,,,,28.92,29.801,[-0.1449375866851595],[-0.0020804438280166435],[1],[0],[0],[0.8800000000000026],"[""left_image""]",3,3,15,1,1,,,,,
,,,,,10555,001,2025-05-06_08h34.41.614,Simon,2024.2.4,MacIntel,76.92307692,,,,,,,,,,1,30.619,31.81,,,,,,,,,,,images/yellow_butterfly.png,images/white_butterfly.png,right_image, ,,,,,,30.302,30.617,[0.11026352288488211],[0.03259361997226075],[1],[0],[0],[0.31500000000000483],"[""right_image""]",4,0,16,2,1,,,,,
,,,,,10555,001,2025-05-06_08h34.41.614,Simon,2024.2.4,MacIntel,76.92307692,,,,,,,,,,1,32.37,32.873,,,,,,,,,,,images/white_butterfly.png,images/yellow_butterfly.png,right_image, ,,,,,,31.812,32.37,[0.12968099861303745],[0.028432732316227463],[1],[0],[0],[0.5159999999999982],"[""right_image""]",4,1,17,3,1,,,,,
,,,,,10555,001,2025-05-06_08h34.41.614,Simon,2024.2.4,MacIntel,76.92307692,,,,,,,,,,0,33.284,33.786,,,,,,,,,,,images/white_butterfly.png,images/purple_butterfly.png,left_image, ,,,,,,32.874,33.283,[0.12968099861303745],[0.028432732316227463],[1],[0],[0],[0.4089999999999989],"[""right_image""]",4,2,18,1,1,,,,,
,,,,,10555,001,2025-05-06_08h34.41.614,Simon,2024.2.4,MacIntel,76.92307692,,,,,,,,,,1,34.401,34.901,,,,,,,,,,,images/purple_butterfly.png,images/white_butterfly.png,left_image, ,,,,,,33.787,34.4,[-0.10194174757281553],[0.009015256588072122],[1],[0],[0],[0.6129999999999995],"[""left_image""]",4,3,19,0,1,,,,,
,,,,,10555,001,2025-05-06_08h34.41.614,Simon,2024.2.4,MacIntel,76.92307692,,,,,,,,,,,,,,,,,,,,,,,,,,,,,,,,,,,,,,,,,,,,,,34.902,35.818,1,[35.817],[35.817]
