﻿instructions.started,instructions.stopped,start_button.numClicks,start_button.timesOn,start_button.timesOff,participant,session,date,expName,psychopyVersion,OS,frameRate,practice_trial.started,practice_trial.stopped,mouse_2.x,mouse_2.y,mouse_2.leftButton,mouse_2.midButton,mouse_2.rightButton,mouse_2.time,mouse_2.clicked_name,correct,feedback.started,feedback.stopped,loop_until_correct.thisRepN,loop_until_correct.thisTrialN,loop_until_correct.thisN,loop_until_correct.thisIndex,loop_until_correct.ran,prac_trials.thisRepN,prac_trials.thisTrialN,prac_trials.thisN,prac_trials.thisIndex,prac_trials.ran,left_color,right_color,correct_response,top_txt,instructions_2.started,instructions_2.stopped,start_button_2.numClicks,start_button_2.timesOn,start_button_2.timesOff,trial.started,trial.stopped,mouse.x,mouse.y,mouse.leftButton,mouse.midButton,mouse.rightButton,mouse.time,mouse.clicked_name,trials.thisRepN,trials.thisTrialN,trials.thisN,trials.thisIndex,trials.ran
0.0004,7.824,1,[7.839399999998509],[7.839399999998509],105771,001,2025-11-09_10h10.48.414,Simon,2024.2.4,Win32,7.112375533,,,,,,,,,,,,,,,,,,,,,,,,,,,,,,,,,,,,,,,,,,,,,
,,,,,105771,001,2025-11-09_10h10.48.414,Simon,2024.2.4,Win32,7.112375533,7.8471,26.5001,[-0.22851153039832284],[0.01781970649895178],[1],[0],[0],[18.64910000000149],"[""left_image_2"",""left_image_2""]",1,26.5007,26.9064,0,0,0,0,1,,,,,,,,,,,,,,,,,,,,,,,,,,,,
,,,,,105771,001,2025-11-09_10h10.48.414,Simon,2024.2.4,Win32,7.112375533,,,,,,,,,,,,,,,,,,0,0,0,0,1,images/purple_butterfly.png,images/white_butterfly.png,left_image_2,"In this example, select the LEFT butterfly.",,,,,,,,,,,,,,,,,,,
,,,,,105771,001,2025-11-09_10h10.48.414,Simon,2024.2.4,Win32,7.112375533,26.9085,40.86,[-0.17819706498951782],[-0.010482180293501049],[1],[0],[0],[13.949800000004473],"[""left_image_2"",""left_image_2""]",1,40.8601,41.3701,0,0,0,0,1,,,,,,,,,,,,,,,,,,,,,,,,,,,,
,,,,,105771,001,2025-11-09_10h10.48.414,Simon,2024.2.4,Win32,7.112375533,,,,,,,,,,,,,,,,,,0,1,1,1,1,images/white_butterfly.png,images/purple_butterfly.png,left_image_2,"In this example, select the LEFT butterfly.",,,,,,,,,,,,,,,,,,,
,,,,,105771,001,2025-11-09_10h10.48.414,Simon,2024.2.4,Win32,7.112375533,41.3716,44.1232,[0.1310272536687631],[0.03459119496855346],[1],[0],[0],[2.749799999997016],"[""right_image_2"",""right_image_2""]",1,44.1233,44.6137,0,0,0,0,1,,,,,,,,,,,,,,,,,,,,,,,,,,,,
,,,,,105771,001,2025-11-09_10h10.48.414,Simon,2024.2.4,Win32,7.112375533,,,,,,,,,,,,,,,,,,0,2,2,2,1,images/yellow_butterfly.png,images/white_butterfly.png,right_image_2,"In this example, select the RIGHT butterfly.",,,,,,,,,,,,,,,,,,,
,,,,,105771,001,2025-11-09_10h10.48.414,Simon,2024.2.4,Win32,7.112375533,44.6152,47.7362,[0.149895178197065],[-0.025157232704402517],[1],[0],[0],[3.1200000000000045],"[""right_image_2"",""right_image_2""]",1,47.7364,48.3073,0,0,0,0,1,,,,,,,,,,,,,,,,,,,,,,,,,,,,
,,,,,105771,001,2025-11-09_10h10.48.414,Simon,2024.2.4,Win32,7.112375533,,,,,,,,,,,,,,,,,,0,3,3,3,1,images/white_butterfly.png,images/yellow_butterfly.png,right_image_2,"In this example, select the RIGHT butterfly.",,,,,,,,,,,,,,,,,,,
,,,,,105771,001,2025-11-09_10h10.48.414,Simon,2024.2.4,Win32,7.112375533,,,,,,,,,,,,,,,,,,,,,,,,,,,48.3076,70.7958,1,[70.79939999999851],[70.79939999999851],,,,,,,,,,,,,,
,,,,,105771,001,2025-11-09_10h10.48.414,Simon,2024.2.4,Win32,7.112375533,,,,,,,,,,0,84.3834,84.8293,,,,,,,,,,,images/yellow_butterfly.png,images/white_butterfly.png,right_image, ,,,,,,70.804,84.3829,[-0.13626834381551362],[0.01781970649895178],[1],[0],[0],[13.578100000001484],"[""left_image""]",0,0,0,2,1
,,,,,105771,001,2025-11-09_10h10.48.414,Simon,2024.2.4,Win32,7.112375533,,,,,,,,,,0,85.9259,86.5174,,,,,,,,,,,images/white_butterfly.png,images/purple_butterfly.png,left_image, ,,,,,,84.8298,85.9258,[0.14046121593291405],[0.031446540880503145],[1],[0],[0],[1.0955000000000013],"[""right_image""]",0,1,1,1,1
,,,,,105771,001,2025-11-09_10h10.48.414,Simon,2024.2.4,Win32,7.112375533,,,,,,,,,,1,91.6101,92.0991,,,,,,,,,,,images/purple_butterfly.png,images/white_butterfly.png,left_image, ,,,,,,86.5182,91.6093,[-0.1740041928721174],[0.03039832285115304],[1],[0],[0],[5.090600000001501],"[""left_image""]",0,2,2,0,1
,,,,,105771,001,2025-11-09_10h10.48.414,Simon,2024.2.4,Win32,7.112375533,,,,,,,,,,1,93.153,93.5765,,,,,,,,,,,images/white_butterfly.png,images/yellow_butterfly.png,right_image, ,,,,,,92.0996,93.1529,[0.14570230607966456],[-0.03563941299790356],[1],[0],[0],[1.0528000000044813],"[""right_image""]",0,3,3,3,1
,,,,,105771,001,2025-11-09_10h10.48.414,Simon,2024.2.4,Win32,7.112375533,,,,,,,,,,0,94.526,94.9799,,,,,,,,,,,images/white_butterfly.png,images/purple_butterfly.png,left_image, ,,,,,,93.577,94.5256,[0.13522012578616352],[-0.027253668763102725],[1],[0],[0],[0.948299999997019],"[""right_image""]",1,0,4,1,1
,,,,,105771,001,2025-11-09_10h10.48.414,Simon,2024.2.4,Win32,7.112375533,,,,,,,,,,0,110.1475,110.6656,,,,,,,,,,,images/yellow_butterfly.png,images/white_butterfly.png,right_image, ,,,,,,94.9807,110.1474,[-0.13941299790356393],[0.040880503144654086],[1],[0],[0],[15.166200000002988],"[""left_image""]",1,1,5,2,1
