﻿instructions.started,instructions.stopped,start_button.numClicks,start_button.timesOn,start_button.timesOff,participant,session,date,expName,psychopyVersion,OS,frameRate,practice_trial.started,practice_trial.stopped,mouse_2.x,mouse_2.y,mouse_2.leftButton,mouse_2.midButton,mouse_2.rightButton,mouse_2.time,mouse_2.clicked_name,correct,feedback.started,feedback.stopped,loop_until_correct.thisRepN,loop_until_correct.thisTrialN,loop_until_correct.thisN,loop_until_correct.thisIndex,loop_until_correct.ran,prac_trials.thisRepN,prac_trials.thisTrialN,prac_trials.thisN,prac_trials.thisIndex,prac_trials.ran,left_color,right_color,correct_response,top_txt,instructions_2.started,instructions_2.stopped,start_button_2.numClicks,start_button_2.timesOn,start_button_2.timesOff,trial.started,trial.stopped,mouse.x,mouse.y,mouse.leftButton,mouse.midButton,mouse.rightButton,mouse.time,mouse.clicked_name,trials.thisRepN,trials.thisTrialN,trials.thisN,trials.thisIndex,trials.ran,end.started,end.stopped,start_button_3.numClicks,start_button_3.timesOn,start_button_3.timesOff
0,22.283,1,[22.296],[22.296],105945,001,2025-03-24_14h23.06.784,Simon,2024.2.4,Win32,60.0240096,,,,,,,,,,,,,,,,,,,,,,,,,,,,,,,,,,,,,,,,,,,,,,,,,,
,,,,,105945,001,2025-03-24_14h23.06.784,Simon,2024.2.4,Win32,60.0240096,22.296,26.03,[-0.18305507794381956],[0.0015460918476055195],[1],[0],[0],[3.730999999999998],"[""left_image_2"",""left_image_2""]",1,26.031,26.529,0,0,0,0,1,,,,,,,,,,,,,,,,,,,,,,,,,,,,,,,,,
,,,,,105945,001,2025-03-24_14h23.06.784,Simon,2024.2.4,Win32,60.0240096,,,,,,,,,,,,,,,,,,0,0,0,0,1,images/purple_butterfly.png,images/white_butterfly.png,left_image_2,"In this example, select the LEFT butterfly.",,,,,,,,,,,,,,,,,,,,,,,,
,,,,,105945,001,2025-03-24_14h23.06.784,Simon,2024.2.4,Win32,60.0240096,26.534,29.111,[-0.18305507794381956],[0.0015460918476055195],[1],[0],[0],[2.5760000000000005],"[""left_image_2"",""left_image_2""]",1,29.112,29.611,0,0,0,0,1,,,,,,,,,,,,,,,,,,,,,,,,,,,,,,,,,
,,,,,105945,001,2025-03-24_14h23.06.784,Simon,2024.2.4,Win32,60.0240096,,,,,,,,,,,,,,,,,,0,1,1,1,1,images/white_butterfly.png,images/purple_butterfly.png,left_image_2,"In this example, select the LEFT butterfly.",,,,,,,,,,,,,,,,,,,,,,,,
,,,,,105945,001,2025-03-24_14h23.06.784,Simon,2024.2.4,Win32,60.0240096,29.614,31.076,[0.16450220224808673],[-0.003401379417178803],[1],[0],[0],[1.4600000000000009],"[""right_image_2"",""right_image_2""]",1,31.076,31.576,0,0,0,0,1,,,,,,,,,,,,,,,,,,,,,,,,,,,,,,,,,
,,,,,105945,001,2025-03-24_14h23.06.784,Simon,2024.2.4,Win32,60.0240096,,,,,,,,,,,,,,,,,,0,2,2,2,1,images/yellow_butterfly.png,images/white_butterfly.png,right_image_2,"In this example, select the RIGHT butterfly.",,,,,,,,,,,,,,,,,,,,,,,,
,,,,,105945,001,2025-03-24_14h23.06.784,Simon,2024.2.4,Win32,60.0240096,31.579,32.508,[0.16450220224808673],[-0.003401379417178803],[1],[0],[0],[0.9279999999999973],"[""right_image_2"",""right_image_2""]",1,32.508,33.008,0,0,0,0,1,,,,,,,,,,,,,,,,,,,,,,,,,,,,,,,,,
,,,,,105945,001,2025-03-24_14h23.06.784,Simon,2024.2.4,Win32,60.0240096,,,,,,,,,,,,,,,,,,0,3,3,3,1,images/white_butterfly.png,images/yellow_butterfly.png,right_image_2,"In this example, select the RIGHT butterfly.",,,,,,,,,,,,,,,,,,,,,,,,
,,,,,105945,001,2025-03-24_14h23.06.784,Simon,2024.2.4,Win32,60.0240096,,,,,,,,,,,,,,,,,,,,,,,,,,,33.008,34.406,1,[34.409],[34.409],,,,,,,,,,,,,,,,,,,
,,,,,105945,001,2025-03-24_14h23.06.784,Simon,2024.2.4,Win32,60.0240096,,,,,,,,,,1,36.239,36.738,,,,,,,,,,,images/purple_butterfly.png,images/white_butterfly.png,left_image, ,,,,,,34.419,36.238,[-0.2993197467641176],[0.04730983302411874],[1],[0],[0],[1.818000000000005],"[""left_image""]",0,0,0,0,1,,,,,
,,,,,105945,001,2025-03-24_14h23.06.784,Simon,2024.2.4,Win32,60.0240096,,,,,,,,,,1,37.738,38.237,,,,,,,,,,,images/white_butterfly.png,images/purple_butterfly.png,left_image, ,,,,,,36.741,37.738,[-0.20902910391784554],[0.006493506493506494],[1],[0],[0],[0.9960000000000022],"[""left_image""]",0,1,1,1,1,,,,,
,,,,,105945,001,2025-03-24_14h23.06.784,Simon,2024.2.4,Win32,60.0240096,,,,,,,,,,1,38.986,39.485,,,,,,,,,,,images/yellow_butterfly.png,images/white_butterfly.png,right_image, ,,,,,,38.238,38.986,[0.15955473098330242],[-0.05040196010044643],[1],[0],[0],[0.7469999999999999],"[""right_image""]",0,2,2,2,1,,,,,
,,,,,105945,001,2025-03-24_14h23.06.784,Simon,2024.2.4,Win32,60.0240096,,,,,,,,,,1,40.268,40.768,,,,,,,,,,,images/white_butterfly.png,images/yellow_butterfly.png,right_image, ,,,,,,39.487,40.268,[0.15831783485766465],[-0.04916512059369202],[1],[0],[0],[0.7790000000000035],"[""right_image""]",0,3,3,3,1,,,,,
,,,,,105945,001,2025-03-24_14h23.06.784,Simon,2024.2.4,Win32,60.0240096,,,,,,,,,,1,42.133,42.633,,,,,,,,,,,images/white_butterfly.png,images/purple_butterfly.png,left_image, ,,,,,,40.769,42.133,[-0.14347553430107837],[0.0015460918476055195],[1],[0],[0],[1.3629999999999995],"[""left_image""]",1,0,4,1,1,,,,,
,,,,,105945,001,2025-03-24_14h23.06.784,Simon,2024.2.4,Win32,60.0240096,,,,,,,,,,1,43.865,44.364,,,,,,,,,,,images/white_butterfly.png,images/yellow_butterfly.png,right_image, ,,,,,,42.635,43.865,[0.13605438402278525],[0.008967242125898655],[1],[0],[0],[1.2279999999999944],"[""right_image""]",1,1,5,3,1,,,,,
,,,,,105945,001,2025-03-24_14h23.06.784,Simon,2024.2.4,Win32,60.0240096,,,,,,,,,,1,45.115,45.614,,,,,,,,,,,images/purple_butterfly.png,images/white_butterfly.png,left_image, ,,,,,,44.365,45.115,[-0.15831783485766465],[0.0287569573283859],[1],[0],[0],[0.7469999999999999],"[""left_image""]",1,2,6,0,1,,,,,
,,,,,105945,001,2025-03-24_14h23.06.784,Simon,2024.2.4,Win32,60.0240096,,,,,,,,,,1,46.48,46.979,,,,,,,,,,,images/yellow_butterfly.png,images/white_butterfly.png,right_image, ,,,,,,45.615,46.48,[0.18923933209647495],[0.04483612570116825],[1],[0],[0],[0.865000000000002],"[""right_image""]",1,3,7,2,1,,,,,
,,,,,105945,001,2025-03-24_14h23.06.784,Simon,2024.2.4,Win32,60.0240096,,,,,,,,,,1,48.128,48.629,,,,,,,,,,,images/purple_butterfly.png,images/white_butterfly.png,left_image, ,,,,,,46.98,48.128,[-0.10265920777046614],[0.034941239790482956],[1],[0],[0],[1.1470000000000056],"[""left_image""]",2,0,8,0,1,,,,,
,,,,,105945,001,2025-03-24_14h23.06.784,Simon,2024.2.4,Win32,60.0240096,,,,,,,,,,1,49.378,49.877,,,,,,,,,,,images/white_butterfly.png,images/yellow_butterfly.png,right_image, ,,,,,,48.63,49.378,[0.18058128569254406],[0.006493506493506494],[1],[0],[0],[0.7469999999999999],"[""right_image""]",2,1,9,3,1,,,,,
,,,,,105945,001,2025-03-24_14h23.06.784,Simon,2024.2.4,Win32,60.0240096,,,,,,,,,,1,50.644,51.143,,,,,,,,,,,images/yellow_butterfly.png,images/white_butterfly.png,right_image, ,,,,,,49.878,50.644,[0.16697588126159554],[0.0077303460002609],[1],[0],[0],[0.7629999999999981],"[""right_image""]",2,2,10,2,1,,,,,
,,,,,105945,001,2025-03-24_14h23.06.784,Simon,2024.2.4,Win32,60.0240096,,,,,,,,,,1,51.809,52.308,,,,,,,,,,,images/white_butterfly.png,images/purple_butterfly.png,left_image, ,,,,,,51.144,51.809,[-0.13358070500927643],[0.031230664651336386],[1],[0],[0],[0.6640000000000015],"[""left_image""]",2,3,11,1,1,,,,,
,,,,,105945,001,2025-03-24_14h23.06.784,Simon,2024.2.4,Win32,60.0240096,,,,,,,,,,1,53.473,53.973,,,,,,,,,,,images/white_butterfly.png,images/purple_butterfly.png,left_image, ,,,,,,52.308,53.473,[-0.10142242488259508],[0.04483612570116825],[1],[0],[0],[1.1649999999999991],"[""left_image""]",3,0,12,1,1,,,,,
,,,,,105945,001,2025-03-24_14h23.06.784,Simon,2024.2.4,Win32,60.0240096,,,,,,,,,,1,54.573,55.073,,,,,,,,,,,images/yellow_butterfly.png,images/white_butterfly.png,right_image, ,,,,,,53.974,54.573,[0.23747680890538034],[0.026283250005435414],[1],[0],[0],[0.5980000000000061],"[""right_image""]",3,1,13,2,1,,,,,
,,,,,105945,001,2025-03-24_14h23.06.784,Simon,2024.2.4,Win32,60.0240096,,,,,,,,,,1,56.255,56.754,,,,,,,,,,,images/white_butterfly.png,images/yellow_butterfly.png,right_image, ,,,,,,55.074,56.255,[0.14965990169150045],[0.021335807050092765],[1],[0],[0],[1.1809999999999974],"[""right_image""]",3,2,14,3,1,,,,,
,,,,,105945,001,2025-03-24_14h23.06.784,Simon,2024.2.4,Win32,60.0240096,,,,,,,,,,1,57.455,57.954,,,,,,,,,,,images/purple_butterfly.png,images/white_butterfly.png,left_image, ,,,,,,56.755,57.455,[-0.11997530057832792],[0.05349411548621579],[1],[0],[0],[0.6979999999999933],"[""left_image""]",3,3,15,0,1,,,,,
,,,,,105945,001,2025-03-24_14h23.06.784,Simon,2024.2.4,Win32,60.0240096,,,,,,,,,,1,59.019,59.519,,,,,,,,,,,images/white_butterfly.png,images/purple_butterfly.png,left_image, ,,,,,,57.955,59.019,[-0.16079162710894015],[0.05720469062536236],[1],[0],[0],[1.0629999999999882],"[""left_image""]",4,0,16,1,1,,,,,
,,,,,105945,001,2025-03-24_14h23.06.784,Simon,2024.2.4,Win32,60.0240096,,,,,,,,,,1,60.135,60.635,,,,,,,,,,,images/yellow_butterfly.png,images/white_butterfly.png,right_image, ,,,,,,59.52,60.135,[0.1038961038961039],[0.05967842625775452],[1],[0],[0],[0.6129999999999995],"[""right_image""]",4,1,17,2,1,,,,,
,,,,,105945,001,2025-03-24_14h23.06.784,Simon,2024.2.4,Win32,60.0240096,,,,,,,,,,1,61.334,61.834,,,,,,,,,,,images/white_butterfly.png,images/yellow_butterfly.png,right_image, ,,,,,,60.636,61.334,[0.09771184974344851],[0.05967842625775452],[1],[0],[0],[0.6970000000000027],"[""right_image""]",4,2,18,3,1,,,,,
,,,,,105945,001,2025-03-24_14h23.06.784,Simon,2024.2.4,Win32,60.0240096,,,,,,,,,,1,62.683,63.183,,,,,,,,,,,images/purple_butterfly.png,images/white_butterfly.png,left_image, ,,,,,,61.835,62.683,[-0.12492265860534554],[0.04359925788497217],[1],[0],[0],[0.8469999999999942],"[""left_image""]",4,3,19,0,1,,,,,
,,,,,105945,001,2025-03-24_14h23.06.784,Simon,2024.2.4,Win32,60.0240096,,,,,,,,,,,,,,,,,,,,,,,,,,,,,,,,,,,,,,,,,,,,,,63.183,64.531,1,[64.53099999999999],[64.53099999999999]
