﻿instructions.started,instructions.stopped,start_button.numClicks,start_button.timesOn,start_button.timesOff,participant,session,date,expName,psychopyVersion,OS,frameRate,practice_trial.started,practice_trial.stopped,mouse_2.x,mouse_2.y,mouse_2.leftButton,mouse_2.midButton,mouse_2.rightButton,mouse_2.time,mouse_2.clicked_name,correct,feedback.started,feedback.stopped,loop_until_correct.thisRepN,loop_until_correct.thisTrialN,loop_until_correct.thisN,loop_until_correct.thisIndex,loop_until_correct.ran,prac_trials.thisRepN,prac_trials.thisTrialN,prac_trials.thisN,prac_trials.thisIndex,prac_trials.ran,left_color,right_color,correct_response,top_txt,instructions_2.started,instructions_2.stopped,start_button_2.numClicks,start_button_2.timesOn,start_button_2.timesOff,trial.started,trial.stopped,mouse.x,mouse.y,mouse.leftButton,mouse.midButton,mouse.rightButton,mouse.time,mouse.clicked_name,trials.thisRepN,trials.thisTrialN,trials.thisN,trials.thisIndex,trials.ran,end.started,end.stopped,start_button_3.numClicks,start_button_3.timesOn,start_button_3.timesOff
0.001,11.2656,1,[11.286499999999998],[11.286499999999998],107658,001,2026-01-10_20h46.57.368,Simon,2024.2.4,Win32,60.60606061,,,,,,,,,,,,,,,,,,,,,,,,,,,,,,,,,,,,,,,,,,,,,,,,,,
,,,,,107658,001,2026-01-10_20h46.57.368,Simon,2024.2.4,Win32,60.60606061,11.2935,16.6383,[-0.144406357856646],[-0.01426942381140304],[1],[0],[0],[5.341400000000373],"[""left_image_2"",""left_image_2""]",1,16.6405,17.1377,0,0,0,0,1,,,,,,,,,,,,,,,,,,,,,,,,,,,,,,,,,
,,,,,107658,001,2026-01-10_20h46.57.368,Simon,2024.2.4,Win32,60.60606061,,,,,,,,,,,,,,,,,,0,0,0,0,1,images/purple_butterfly.png,images/white_butterfly.png,left_image_2,"In this example, select the LEFT butterfly.",,,,,,,,,,,,,,,,,,,,,,,,
,,,,,107658,001,2026-01-10_20h46.57.368,Simon,2024.2.4,Win32,60.60606061,17.1418,21.6762,[-0.21860728851736408],[-0.037100491458422515],[1],[0],[0],[4.53040000000037],"[""left_image_2"",""left_image_2""]",1,21.6768,22.1754,0,0,0,0,1,,,,,,,,,,,,,,,,,,,,,,,,,,,,,,,,,
,,,,,107658,001,2026-01-10_20h46.57.368,Simon,2024.2.4,Win32,60.60606061,,,,,,,,,,,,,,,,,,0,1,1,1,1,images/white_butterfly.png,images/purple_butterfly.png,left_image_2,"In this example, select the LEFT butterfly.",,,,,,,,,,,,,,,,,,,,,,,,
,,,,,107658,001,2026-01-10_20h46.57.368,Simon,2024.2.4,Win32,60.60606061,22.1769,24.8465,[0.1386986301369863],[-0.024543396414142764],[1],[0],[0],[2.6675999999996236],"[""right_image_2"",""right_image_2""]",1,24.8474,25.3461,0,0,0,0,1,,,,,,,,,,,,,,,,,,,,,,,,,,,,,,,,,
,,,,,107658,001,2026-01-10_20h46.57.368,Simon,2024.2.4,Win32,60.60606061,,,,,,,,,,,,,,,,,,0,2,2,2,1,images/yellow_butterfly.png,images/white_butterfly.png,right_image_2,"In this example, select the RIGHT butterfly.",,,,,,,,,,,,,,,,,,,,,,,,
,,,,,107658,001,2026-01-10_20h46.57.368,Simon,2024.2.4,Win32,60.60606061,25.3497,27.4988,[0.1912100804995184],[-0.023401861321436217],[1],[0],[0],[2.147000000000002],"[""right_image_2"",""right_image_2""]",1,27.4991,27.999,0,0,0,0,1,,,,,,,,,,,,,,,,,,,,,,,,,,,,,,,,,
,,,,,107658,001,2026-01-10_20h46.57.368,Simon,2024.2.4,Win32,60.60606061,,,,,,,,,,,,,,,,,,0,3,3,3,1,images/white_butterfly.png,images/yellow_butterfly.png,right_image_2,"In this example, select the RIGHT butterfly.",,,,,,,,,,,,,,,,,,,,,,,,
,,,,,107658,001,2026-01-10_20h46.57.368,Simon,2024.2.4,Win32,60.60606061,,,,,,,,,,,,,,,,,,,,,,,,,,,27.9997,30.4694,1,[30.472],[30.472099999999628],,,,,,,,,,,,,,,,,,,
,,,,,107658,001,2026-01-10_20h46.57.368,Simon,2024.2.4,Win32,60.60606061,,,,,,,,,,0,32.9733,33.471,,,,,,,,,,,images/white_butterfly.png,images/purple_butterfly.png,left_image, ,,,,,,30.4874,32.9716,[0.13527397260273974],[-0.0679224092666417],[1],[0],[0],[2.4828999999994394],"[""right_image""]",0,0,0,1,1,,,,,
,,,,,107658,001,2026-01-10_20h46.57.368,Simon,2024.2.4,Win32,60.60606061,,,,,,,,,,0,34.5062,35.0067,,,,,,,,,,,images/yellow_butterfly.png,images/white_butterfly.png,right_image, ,,,,,,33.4719,34.5061,[-0.21632416607582405],[-0.0759132594278414],[1],[0],[0],[1.033700000000188],"[""left_image""]",0,1,1,2,1,,,,,
,,,,,107658,001,2026-01-10_20h46.57.368,Simon,2024.2.4,Win32,60.60606061,,,,,,,,,,1,35.7592,36.2585,,,,,,,,,,,images/white_butterfly.png,images/yellow_butterfly.png,right_image, ,,,,,,35.0079,35.7578,[0.1672374777597924],[-0.09417808219178082],[1],[0],[0],[0.7488999999994377],"[""right_image""]",0,2,2,3,1,,,,,
,,,,,107658,001,2026-01-10_20h46.57.368,Simon,2024.2.4,Win32,60.60606061,,,,,,,,,,1,36.9922,37.4932,,,,,,,,,,,images/purple_butterfly.png,images/white_butterfly.png,left_image, ,,,,,,36.26,36.9921,[-0.1581049879936323],[-0.08732876712328767],[1],[0],[0],[0.7312999999998127],"[""left_image""]",0,3,3,0,1,,,,,
,,,,,107658,001,2026-01-10_20h46.57.368,Simon,2024.2.4,Win32,60.60606061,,,,,,,,,,1,38.2105,38.7112,,,,,,,,,,,images/yellow_butterfly.png,images/white_butterfly.png,right_image, ,,,,,,37.4954,38.2104,[0.11015988702643408],[-0.07477172433513485],[1],[0],[0],[0.7142999999998096],"[""right_image""]",1,0,4,2,1,,,,,
,,,,,107658,001,2026-01-10_20h46.57.368,Simon,2024.2.4,Win32,60.60606061,,,,,,,,,,1,39.3953,39.8957,,,,,,,,,,,images/white_butterfly.png,images/purple_butterfly.png,left_image, ,,,,,,38.7127,39.3952,[-0.1135844400484268],[-0.08732876712328767],[1],[0],[0],[0.6815999999996265],"[""left_image""]",1,1,5,1,1,,,,,
,,,,,107658,001,2026-01-10_20h46.57.368,Simon,2024.2.4,Win32,60.60606061,,,,,,,,,,1,40.6961,41.197,,,,,,,,,,,images/white_butterfly.png,images/yellow_butterfly.png,right_image, ,,,,,,39.8971,40.6959,[0.13527397260273974],[-0.08732876712328767],[1],[0],[0],[0.7982999999998128],"[""right_image""]",1,2,6,3,1,,,,,
,,,,,107658,001,2026-01-10_20h46.57.368,Simon,2024.2.4,Win32,60.60606061,,,,,,,,,,1,42.1983,42.6985,,,,,,,,,,,images/purple_butterfly.png,images/white_butterfly.png,left_image, ,,,,,,41.1987,42.1982,[-0.12043375511691995],[-0.0839041095890411],[1],[0],[0],[0.9984999999999999],"[""left_image""]",1,3,7,0,1,,,,,
,,,,,107658,001,2026-01-10_20h46.57.368,Simon,2024.2.4,Win32,60.60606061,,,,,,,,,,1,43.1995,43.7,,,,,,,,,,,images/yellow_butterfly.png,images/white_butterfly.png,right_image, ,,,,,,42.6994,43.1993,[0.11586761474609375],[-0.0896118895648277],[1],[0],[0],[0.4994999999999976],"[""right_image""]",2,0,8,2,1,,,,,
,,,,,107658,001,2026-01-10_20h46.57.368,Simon,2024.2.4,Win32,60.60606061,,,,,,,,,,0,44.2852,44.7838,,,,,,,,,,,images/white_butterfly.png,images/yellow_butterfly.png,right_image, ,,,,,,43.7016,44.2839,[-0.10787671232876712],[-0.08847035447212115],[1],[0],[0],[0.5811999999992565],"[""left_image""]",2,1,9,3,1,,,,,
,,,,,107658,001,2026-01-10_20h46.57.368,Simon,2024.2.4,Win32,60.60606061,,,,,,,,,,0,45.4351,45.9348,,,,,,,,,,,images/white_butterfly.png,images/purple_butterfly.png,left_image, ,,,,,,44.7849,45.435,[0.11700920209492723],[-0.0896118895648277],[1],[0],[0],[0.6497000000001876],"[""right_image""]",2,2,10,1,1,,,,,
,,,,,107658,001,2026-01-10_20h46.57.368,Simon,2024.2.4,Win32,60.60606061,,,,,,,,,,1,46.5365,47.0362,,,,,,,,,,,images/purple_butterfly.png,images/white_butterfly.png,left_image, ,,,,,,45.9353,46.5359,[-0.14783101539089255],[-0.09417808219178082],[1],[0],[0],[0.6002999999998195],"[""left_image""]",2,3,11,0,1,,,,,
,,,,,107658,001,2026-01-10_20h46.57.368,Simon,2024.2.4,Win32,60.60606061,,,,,,,,,,0,47.6555,48.1548,,,,,,,,,,,images/purple_butterfly.png,images/white_butterfly.png,left_image, ,,,,,,47.0373,47.6543,[0.09075342465753425],[-0.0976027397260274],[1],[0],[0],[0.6167000000001863],"[""right_image""]",3,0,12,0,1,,,,,
,,,,,107658,001,2026-01-10_20h46.57.368,Simon,2024.2.4,Win32,60.60606061,,,,,,,,,,0,48.9389,49.4396,,,,,,,,,,,images/yellow_butterfly.png,images/white_butterfly.png,right_image, ,,,,,,48.1566,48.9388,[-0.10901824742147367],[-0.09189501200636772],[1],[0],[0],[0.7814999999999941],"[""left_image""]",3,1,13,2,1,,,,,
,,,,,107658,001,2026-01-10_20h46.57.368,Simon,2024.2.4,Win32,60.60606061,,,,,,,,,,1,50.025,50.5238,,,,,,,,,,,images/white_butterfly.png,images/yellow_butterfly.png,right_image, ,,,,,,49.4412,50.0236,[0.14440646236889984],[-0.0839041095890411],[1],[0],[0],[0.5814999999999984],"[""right_image""]",3,2,14,3,1,,,,,
,,,,,107658,001,2026-01-10_20h46.57.368,Simon,2024.2.4,Win32,60.60606061,,,,,,,,,,1,51.0917,51.5915,,,,,,,,,,,images/white_butterfly.png,images/purple_butterfly.png,left_image, ,,,,,,50.5252,51.0916,[-0.14326482276393943],[-0.08732876712328767],[1],[0],[0],[0.5657000000001844],"[""left_image""]",3,3,15,1,1,,,,,
,,,,,107658,001,2026-01-10_20h46.57.368,Simon,2024.2.4,Win32,60.60606061,,,,,,,,,,0,52.0429,52.5429,,,,,,,,,,,images/purple_butterfly.png,images/white_butterfly.png,left_image, ,,,,,,51.5926,52.0421,[0.151255777437393],[-0.09988586216756742],[1],[0],[0],[0.4488999999994405],"[""right_image""]",4,0,16,0,1,,,,,
,,,,,107658,001,2026-01-10_20h46.57.368,Simon,2024.2.4,Win32,60.60606061,,,,,,,,,,0,53.1438,53.6442,,,,,,,,,,,images/yellow_butterfly.png,images/white_butterfly.png,right_image, ,,,,,,52.5444,53.1437,[-0.10787671232876712],[-0.09646120463332085],[1],[0],[0],[0.5987000000001927],"[""left_image""]",4,1,17,2,1,,,,,
,,,,,107658,001,2026-01-10_20h46.57.368,Simon,2024.2.4,Win32,60.60606061,,,,,,,,,,0,54.195,54.6953,,,,,,,,,,,images/white_butterfly.png,images/purple_butterfly.png,left_image, ,,,,,,53.6458,54.1949,[0.16038816269129924],[-0.07705479452054795],[1],[0],[0],[0.5480999999996286],"[""right_image""]",4,2,18,1,1,,,,,
,,,,,107658,001,2026-01-10_20h46.57.368,Simon,2024.2.4,Win32,60.60606061,,,,,,,,,,0,55.3291,55.8303,,,,,,,,,,,images/white_butterfly.png,images/yellow_butterfly.png,right_image, ,,,,,,54.6966,55.329,[-0.11244290495572025],[-0.04166668408537564],[1],[0],[0],[0.6317000000001869],"[""left_image""]",4,3,19,3,1,,,,,
,,,,,107658,001,2026-01-10_20h46.57.368,Simon,2024.2.4,Win32,60.60606061,,,,,,,,,,,,,,,,,,,,,,,,,,,,,,,,,,,,,,,,,,,,,,55.8311,57.9831,1,[57.98229999999981],[57.98229999999981]
