﻿instructions.started,instructions.stopped,start_button.numClicks,start_button.timesOn,start_button.timesOff,participant,session,date,expName,psychopyVersion,OS,frameRate,practice_trial.started,practice_trial.stopped,mouse_2.x,mouse_2.y,mouse_2.leftButton,mouse_2.midButton,mouse_2.rightButton,mouse_2.time,mouse_2.clicked_name,correct,feedback.started,feedback.stopped,loop_until_correct.thisRepN,loop_until_correct.thisTrialN,loop_until_correct.thisN,loop_until_correct.thisIndex,loop_until_correct.ran,prac_trials.thisRepN,prac_trials.thisTrialN,prac_trials.thisN,prac_trials.thisIndex,prac_trials.ran,left_color,right_color,correct_response,top_txt,instructions_2.started,instructions_2.stopped,start_button_2.numClicks,start_button_2.timesOn,start_button_2.timesOff,trial.started,trial.stopped,mouse.x,mouse.y,mouse.leftButton,mouse.midButton,mouse.rightButton,mouse.time,mouse.clicked_name,trials.thisRepN,trials.thisTrialN,trials.thisN,trials.thisIndex,trials.ran
0.0005,2.4813,1,[2.4956999999880782],[2.4957999999523164],107829,001,2025-09-24_21h17.31.845,Simon,2024.2.4,Win32,59.88023952,,,,,,,,,,,,,,,,,,,,,,,,,,,,,,,,,,,,,,,,,,,,,
,,,,,107829,001,2025-09-24_21h17.31.845,Simon,2024.2.4,Win32,59.88023952,2.501,5.9007,[-0.13382998839119412],[0.006622516556291391],[1],[0],[0],[3.3970000000000002],"[""left_image_2"",""left_image_2""]",1,5.9018,6.4011,0,0,0,0,1,,,,,,,,,,,,,,,,,,,,,,,,,,,,
,,,,,107829,001,2025-09-24_21h17.31.845,Simon,2024.2.4,Win32,59.88023952,,,,,,,,,,,,,,,,,,0,0,0,0,1,images/purple_butterfly.png,images/white_butterfly.png,left_image_2,"In this example, select the LEFT butterfly.",,,,,,,,,,,,,,,,,,,
,,,,,107829,001,2025-09-24_21h17.31.845,Simon,2024.2.4,Win32,59.88023952,6.4034,9.8211,[-0.18460264900662252],[0.0033112582781456954],[1],[0],[0],[3.4161000000238424],"[""left_image_2"",""left_image_2""]",1,9.8213,10.3214,0,0,0,0,1,,,,,,,,,,,,,,,,,,,,,,,,,,,,
,,,,,107829,001,2025-09-24_21h17.31.845,Simon,2024.2.4,Win32,59.88023952,,,,,,,,,,,,,,,,,,0,1,1,1,1,images/white_butterfly.png,images/purple_butterfly.png,left_image_2,"In this example, select the LEFT butterfly.",,,,,,,,,,,,,,,,,,,
,,,,,107829,001,2025-09-24_21h17.31.845,Simon,2024.2.4,Win32,59.88023952,10.3233,11.456,[0.25358723015185225],[0.007726252473742756],[1],[0],[0],[1.1311999999880804],"[""right_image_2"",""right_image_2""]",1,11.4562,11.9564,0,0,0,0,1,,,,,,,,,,,,,,,,,,,,,,,,,,,,
,,,,,107829,001,2025-09-24_21h17.31.845,Simon,2024.2.4,Win32,59.88023952,,,,,,,,,,,,,,,,,,0,2,2,2,1,images/yellow_butterfly.png,images/white_butterfly.png,right_image_2,"In this example, select the RIGHT butterfly.",,,,,,,,,,,,,,,,,,,
,,,,,107829,001,2025-09-24_21h17.31.845,Simon,2024.2.4,Win32,59.88023952,11.9588,12.8242,[0.25248344370860926],[0.008829988391194123],[1],[0],[0],[0.8644999999999996],"[""right_image_2"",""right_image_2""]",1,12.8244,13.3244,0,0,0,0,1,,,,,,,,,,,,,,,,,,,,,,,,,,,,
,,,,,107829,001,2025-09-24_21h17.31.845,Simon,2024.2.4,Win32,59.88023952,,,,,,,,,,,,,,,,,,0,3,3,3,1,images/white_butterfly.png,images/yellow_butterfly.png,right_image_2,"In this example, select the RIGHT butterfly.",,,,,,,,,,,,,,,,,,,
,,,,,107829,001,2025-09-24_21h17.31.845,Simon,2024.2.4,Win32,59.88023952,,,,,,,,,,,,,,,,,,,,,,,,,,,13.3249,15.8438,1,[15.847600000023842],[15.847600000023842],,,,,,,,,,,,,,
,,,,,107829,001,2025-09-24_21h17.31.845,Simon,2024.2.4,Win32,59.88023952,,,,,,,,,,0,18.5481,19.0469,,,,,,,,,,,images/white_butterfly.png,images/yellow_butterfly.png,right_image, ,,,,,,15.8525,18.5469,[-0.10844370860927152],[0.0033112582781456954],[1],[0],[0],[2.6935000000000002],"[""left_image""]",0,0,0,3,1
,,,,,107829,001,2025-09-24_21h17.31.845,Simon,2024.2.4,Win32,59.88023952,,,,,,,,,,0,20.4984,20.9988,,,,,,,,,,,images/yellow_butterfly.png,images/white_butterfly.png,right_image, ,,,,,,19.0481,20.4984,[-0.2574503311258278],[0.014348769030034148],[1],[0],[0],[1.4498000000119227],"[""left_image""]",0,1,1,2,1
,,,,,107829,001,2025-09-24_21h17.31.845,Simon,2024.2.4,Win32,59.88023952,,,,,,,,,,0,21.6161,22.1165,,,,,,,,,,,images/purple_butterfly.png,images/white_butterfly.png,left_image, ,,,,,,21.0002,21.616,[0.20943708609271522],[0.057395126645928184],[1],[0],[0],[0.6153999999761588],"[""right_image""]",0,2,2,0,1
,,,,,107829,001,2025-09-24_21h17.31.845,Simon,2024.2.4,Win32,59.88023952,,,,,,,,,,1,22.8017,23.3011,,,,,,,,,,,images/white_butterfly.png,images/purple_butterfly.png,left_image, ,,,,,,22.1177,22.8008,[-0.2265452201792736],[0.019867549668874173],[1],[0],[0],[0.6824999999999974],"[""left_image""]",0,3,3,1,1
,,,,,107829,001,2025-09-24_21h17.31.845,Simon,2024.2.4,Win32,59.88023952,,,,,,,,,,1,23.8858,24.3856,,,,,,,,,,,images/yellow_butterfly.png,images/white_butterfly.png,right_image, ,,,,,,23.3022,23.8857,[0.17742828975450123],[0.026490066225165563],[1],[0],[0],[0.5828000000119218],"[""right_image""]",1,0,4,2,1
,,,,,107829,001,2025-09-24_21h17.31.845,Simon,2024.2.4,Win32,59.88023952,,,,,,,,,,0,24.8704,25.3696,,,,,,,,,,,images/purple_butterfly.png,images/white_butterfly.png,left_image, ,,,,,,24.3865,24.8694,[0.18073954803264694],[0.0253862797819226],[1],[0],[0],[0.4823999999761597],"[""right_image""]",1,1,5,0,1
