﻿instructions.started,instructions.stopped,start_button.numClicks,start_button.timesOn,start_button.timesOff,participant,session,date,expName,psychopyVersion,OS,frameRate,practice_trial.started,practice_trial.stopped,mouse_2.x,mouse_2.y,mouse_2.leftButton,mouse_2.midButton,mouse_2.rightButton,mouse_2.time,mouse_2.clicked_name,correct,feedback.started,feedback.stopped,loop_until_correct.thisRepN,loop_until_correct.thisTrialN,loop_until_correct.thisN,loop_until_correct.thisIndex,loop_until_correct.ran,prac_trials.thisRepN,prac_trials.thisTrialN,prac_trials.thisN,prac_trials.thisIndex,prac_trials.ran,left_color,right_color,correct_response,top_txt,instructions_2.started,instructions_2.stopped,start_button_2.numClicks,start_button_2.timesOn,start_button_2.timesOff,trial.started,trial.stopped,mouse.x,mouse.y,mouse.leftButton,mouse.midButton,mouse.rightButton,mouse.time,mouse.clicked_name,trials.thisRepN,trials.thisTrialN,trials.thisN,trials.thisIndex,trials.ran,end.started,end.stopped,start_button_3.numClicks,start_button_3.timesOn,start_button_3.timesOff
0.0004,14.7496,1,[14.760000000000002],[14.760000000000002],109478,001,2025-10-30_12h17.13.400,Simon,2024.2.4,Win32,15.97444089,,,,,,,,,,,,,,,,,,,,,,,,,,,,,,,,,,,,,,,,,,,,,,,,,,
,,,,,109478,001,2025-10-30_12h17.13.400,Simon,2024.2.4,Win32,15.97444089,14.7677,18.8954,[-0.17883597883597885],[0.019576719576719578],[1],[0],[0],[4.125099999994038],"[""left_image_2"",""left_image_2""]",1,18.8958,19.3692,0,0,0,0,1,,,,,,,,,,,,,,,,,,,,,,,,,,,,,,,,,
,,,,,109478,001,2025-10-30_12h17.13.400,Simon,2024.2.4,Win32,15.97444089,,,,,,,,,,,,,,,,,,0,0,0,0,1,images/purple_butterfly.png,images/white_butterfly.png,left_image_2,"In this example, select the LEFT butterfly.",,,,,,,,,,,,,,,,,,,,,,,,
,,,,,109478,001,2025-10-30_12h17.13.400,Simon,2024.2.4,Win32,15.97444089,19.3704,20.9033,[-0.19153439153439153],[-0.03439153439153439],[1],[0],[0],[1.5315999999940395],"[""left_image_2"",""left_image_2""]",1,20.9034,21.4155,0,0,0,0,1,,,,,,,,,,,,,,,,,,,,,,,,,,,,,,,,,
,,,,,109478,001,2025-10-30_12h17.13.400,Simon,2024.2.4,Win32,15.97444089,,,,,,,,,,,,,,,,,,0,1,1,1,1,images/white_butterfly.png,images/purple_butterfly.png,left_image_2,"In this example, select the LEFT butterfly.",,,,,,,,,,,,,,,,,,,,,,,,
,,,,,109478,001,2025-10-30_12h17.13.400,Simon,2024.2.4,Win32,15.97444089,21.4164,22.4564,[0.3111111111111111],[-0.0015873015873015873],[1],[0],[0],[1.0389000000059596],"[""right_image_2"",""right_image_2""]",1,22.4565,22.8631,0,0,0,0,1,,,,,,,,,,,,,,,,,,,,,,,,,,,,,,,,,
,,,,,109478,001,2025-10-30_12h17.13.400,Simon,2024.2.4,Win32,15.97444089,,,,,,,,,,,,,,,,,,0,2,2,2,1,images/yellow_butterfly.png,images/white_butterfly.png,right_image_2,"In this example, select the RIGHT butterfly.",,,,,,,,,,,,,,,,,,,,,,,,
,,,,,109478,001,2025-10-30_12h17.13.400,Simon,2024.2.4,Win32,15.97444089,22.864,25.2661,[0.18835978835978837],[-0.011111111111111112],[1],[0],[0],[2.401400000005964],"[""right_image_2"",""right_image_2""]",1,25.2662,25.7128,0,0,0,0,1,,,,,,,,,,,,,,,,,,,,,,,,,,,,,,,,,
,,,,,109478,001,2025-10-30_12h17.13.400,Simon,2024.2.4,Win32,15.97444089,,,,,,,,,,,,,,,,,,0,3,3,3,1,images/white_butterfly.png,images/yellow_butterfly.png,right_image_2,"In this example, select the RIGHT butterfly.",,,,,,,,,,,,,,,,,,,,,,,,
,,,,,109478,001,2025-10-30_12h17.13.400,Simon,2024.2.4,Win32,15.97444089,,,,,,,,,,,,,,,,,,,,,,,,,,,25.7131,27.0488,1,[27.051400000005962],[27.051400000005962],,,,,,,,,,,,,,,,,,,
,,,,,109478,001,2025-10-30_12h17.13.400,Simon,2024.2.4,Win32,15.97444089,,,,,,,,,,1,28.3185,28.8261,,,,,,,,,,,images/white_butterfly.png,images/purple_butterfly.png,left_image, ,,,,,,27.0549,28.3185,[-0.23492063492063492],[0.023809523809523808],[1],[0],[0],[1.2629999999999981],"[""left_image""]",0,0,0,1,1,,,,,
,,,,,109478,001,2025-10-30_12h17.13.400,Simon,2024.2.4,Win32,15.97444089,,,,,,,,,,1,29.9093,30.4166,,,,,,,,,,,images/purple_butterfly.png,images/white_butterfly.png,left_image, ,,,,,,28.8266,29.9092,[-0.14603174603174604],[0.0026455026455026454],[1],[0],[0],[1.0822999999970264],"[""left_image""]",0,1,1,0,1,,,,,
,,,,,109478,001,2025-10-30_12h17.13.400,Simon,2024.2.4,Win32,15.97444089,,,,,,,,,,1,31.5311,32.054,,,,,,,,,,,images/yellow_butterfly.png,images/white_butterfly.png,right_image, ,,,,,,30.4171,31.5311,[0.26666666666666666],[-0.040740740740740744],[1],[0],[0],[1.1137000000029786],"[""right_image""]",0,2,2,2,1,,,,,
,,,,,109478,001,2025-10-30_12h17.13.400,Simon,2024.2.4,Win32,15.97444089,,,,,,,,,,1,33.7129,34.2176,,,,,,,,,,,images/white_butterfly.png,images/yellow_butterfly.png,right_image, ,,,,,,32.0544,33.7128,[0.19894179894179895],[-0.0291005291005291],[1],[0],[0],[1.6580000000000013],"[""right_image""]",0,3,3,3,1,,,,,
,,,,,109478,001,2025-10-30_12h17.13.400,Simon,2024.2.4,Win32,15.97444089,,,,,,,,,,1,35.7535,36.276,,,,,,,,,,,images/white_butterfly.png,images/purple_butterfly.png,left_image, ,,,,,,34.2179,35.7534,[-0.27936507936507937],[-0.0026455026455026454],[1],[0],[0],[1.5352999999970223],"[""left_image""]",1,0,4,1,1,,,,,
,,,,,109478,001,2025-10-30_12h17.13.400,Simon,2024.2.4,Win32,15.97444089,,,,,,,,,,1,36.9199,37.4203,,,,,,,,,,,images/white_butterfly.png,images/yellow_butterfly.png,right_image, ,,,,,,36.2766,36.9199,[0.22857142857142856],[0.0015873015873015873],[1],[0],[0],[0.6430000000000007],"[""right_image""]",1,1,5,3,1,,,,,
,,,,,109478,001,2025-10-30_12h17.13.400,Simon,2024.2.4,Win32,15.97444089,,,,,,,,,,1,38.4425,38.9316,,,,,,,,,,,images/yellow_butterfly.png,images/white_butterfly.png,right_image, ,,,,,,37.4207,38.4425,[0.13227513227513227],[0.01746031746031746],[1],[0],[0],[1.0215000000000032],"[""right_image""]",1,2,6,2,1,,,,,
,,,,,109478,001,2025-10-30_12h17.13.400,Simon,2024.2.4,Win32,15.97444089,,,,,,,,,,1,40.588,41.0931,,,,,,,,,,,images/purple_butterfly.png,images/white_butterfly.png,left_image, ,,,,,,38.932,40.588,[-0.23809523809523808],[0.03650793650793651],[1],[0],[0],[1.6558000000119222],"[""left_image""]",1,3,7,0,1,,,,,
,,,,,109478,001,2025-10-30_12h17.13.400,Simon,2024.2.4,Win32,15.97444089,,,,,,,,,,1,42.1168,42.5376,,,,,,,,,,,images/white_butterfly.png,images/purple_butterfly.png,left_image, ,,,,,,41.0935,42.1168,[-0.2021164021164021],[-0.0015873015873015873],[1],[0],[0],[1.023099999994038],"[""left_image""]",2,0,8,1,1,,,,,
,,,,,109478,001,2025-10-30_12h17.13.400,Simon,2024.2.4,Win32,15.97444089,,,,,,,,,,1,43.4276,43.9414,,,,,,,,,,,images/purple_butterfly.png,images/white_butterfly.png,left_image, ,,,,,,42.5381,43.4275,[-0.14497354497354498],[0.0026455026455026454],[1],[0],[0],[0.8892000000029796],"[""left_image""]",2,1,9,0,1,,,,,
,,,,,109478,001,2025-10-30_12h17.13.400,Simon,2024.2.4,Win32,15.97444089,,,,,,,,,,1,46.1755,46.6951,,,,,,,,,,,images/white_butterfly.png,images/yellow_butterfly.png,right_image, ,,,,,,43.9418,46.1755,[0.18835978835978837],[-0.0068783068783068784],[1],[0],[0],[2.2332999999970227],"[""right_image""]",2,2,10,3,1,,,,,
,,,,,109478,001,2025-10-30_12h17.13.400,Simon,2024.2.4,Win32,15.97444089,,,,,,,,,,1,48.0463,48.5587,,,,,,,,,,,images/yellow_butterfly.png,images/white_butterfly.png,right_image, ,,,,,,46.6955,48.0463,[0.21587301587301588],[-0.00582010582010582],[1],[0],[0],[1.35029999999702],"[""right_image""]",2,3,11,2,1,,,,,
,,,,,109478,001,2025-10-30_12h17.13.400,Simon,2024.2.4,Win32,15.97444089,,,,,,,,,,1,49.4545,49.9712,,,,,,,,,,,images/purple_butterfly.png,images/white_butterfly.png,left_image, ,,,,,,48.559,49.4545,[-0.14179894179894179],[0.015343915343915344],[1],[0],[0],[0.8953000000119218],"[""left_image""]",3,0,12,0,1,,,,,
,,,,,109478,001,2025-10-30_12h17.13.400,Simon,2024.2.4,Win32,15.97444089,,,,,,,,,,1,53.4899,53.992,,,,,,,,,,,images/white_butterfly.png,images/yellow_butterfly.png,right_image, ,,,,,,49.9717,53.4898,[0.20846560846560847],[-0.019576719576719578],[1],[0],[0],[3.517799999997017],"[""right_image""]",3,1,13,3,1,,,,,
,,,,,109478,001,2025-10-30_12h17.13.400,Simon,2024.2.4,Win32,15.97444089,,,,,,,,,,1,54.7968,55.2613,,,,,,,,,,,images/white_butterfly.png,images/purple_butterfly.png,left_image, ,,,,,,53.9924,54.7968,[-0.1619047619047619],[-0.0026455026455026454],[1],[0],[0],[0.8040999999940439],"[""left_image""]",3,2,14,1,1,,,,,
,,,,,109478,001,2025-10-30_12h17.13.400,Simon,2024.2.4,Win32,15.97444089,,,,,,,,,,1,56.0387,56.4516,,,,,,,,,,,images/yellow_butterfly.png,images/white_butterfly.png,right_image, ,,,,,,55.2618,56.0387,[0.1693121693121693],[0.0005291005291005291],[1],[0],[0],[0.7765999999940334],"[""right_image""]",3,3,15,2,1,,,,,
,,,,,109478,001,2025-10-30_12h17.13.400,Simon,2024.2.4,Win32,15.97444089,,,,,,,,,,1,57.7754,58.2663,,,,,,,,,,,images/white_butterfly.png,images/yellow_butterfly.png,right_image, ,,,,,,56.4521,57.7753,[0.21587301587301588],[0.01216931216931217],[1],[0],[0],[1.3231000000089352],"[""right_image""]",4,0,16,3,1,,,,,
,,,,,109478,001,2025-10-30_12h17.13.400,Simon,2024.2.4,Win32,15.97444089,,,,,,,,,,1,59.4305,59.9503,,,,,,,,,,,images/yellow_butterfly.png,images/white_butterfly.png,right_image, ,,,,,,58.2674,59.4304,[0.15132275132275133],[0.032275132275132276],[1],[0],[0],[1.1627000000029852],"[""right_image""]",4,1,17,2,1,,,,,
,,,,,109478,001,2025-10-30_12h17.13.400,Simon,2024.2.4,Win32,15.97444089,,,,,,,,,,1,62.3458,62.7949,,,,,,,,,,,images/white_butterfly.png,images/purple_butterfly.png,left_image, ,,,,,,59.9506,62.3457,[-0.17989417989417988],[-0.004761904761904762],[1],[0],[0],[2.3947999999970193],"[""left_image""]",4,2,18,1,1,,,,,
,,,,,109478,001,2025-10-30_12h17.13.400,Simon,2024.2.4,Win32,15.97444089,,,,,,,,,,1,63.7515,64.218,,,,,,,,,,,images/purple_butterfly.png,images/white_butterfly.png,left_image, ,,,,,,62.7954,63.7514,[-0.13544973544973546],[-0.0005291005291005291],[1],[0],[0],[0.9558999999910469],"[""left_image""]",4,3,19,0,1,,,,,
,,,,,109478,001,2025-10-30_12h17.13.400,Simon,2024.2.4,Win32,15.97444089,,,,,,,,,,,,,,,,,,,,,,,,,,,,,,,,,,,,,,,,,,,,,,64.2183,65.5738,1,[65.5735],[65.5735]
