﻿instructions.started,instructions.stopped,start_button.numClicks,start_button.timesOn,start_button.timesOff,participant,session,date,expName,psychopyVersion,OS,frameRate,practice_trial.started,practice_trial.stopped,mouse_2.x,mouse_2.y,mouse_2.leftButton,mouse_2.midButton,mouse_2.rightButton,mouse_2.time,mouse_2.clicked_name,correct,feedback.started,feedback.stopped,loop_until_correct.thisRepN,loop_until_correct.thisTrialN,loop_until_correct.thisN,loop_until_correct.thisIndex,loop_until_correct.ran,prac_trials.thisRepN,prac_trials.thisTrialN,prac_trials.thisN,prac_trials.thisIndex,prac_trials.ran,left_color,right_color,correct_response,top_txt,instructions_2.started,instructions_2.stopped,start_button_2.numClicks,start_button_2.timesOn,start_button_2.timesOff,trial.started,trial.stopped,mouse.x,mouse.y,mouse.leftButton,mouse.midButton,mouse.rightButton,mouse.time,mouse.clicked_name,trials.thisRepN,trials.thisTrialN,trials.thisN,trials.thisIndex,trials.ran,end.started,end.stopped,start_button_3.numClicks,start_button_3.timesOn,start_button_3.timesOff
0.0006,17.3589,1,[17.384899999976156],[17.384899999976156],109540,001,2025-01-22_12h31.27.078,Simon,2024.2.4,Win32,59.88023952,,,,,,,,,,,,,,,,,,,,,,,,,,,,,,,,,,,,,,,,,,,,,,,,,,
,,,,,109540,001,2025-01-22_12h31.27.078,Simon,2024.2.4,Win32,59.88023952,17.3979,23.8747,[-0.17076023391812867],[0.012280701754385965],[1],[0],[0],[6.473399999976156],"[""left_image_2"",""left_image_2""]",1,23.8754,24.3749,0,0,0,0,1,,,,,,,,,,,,,,,,,,,,,,,,,,,,,,,,,
,,,,,109540,001,2025-01-22_12h31.27.078,Simon,2024.2.4,Win32,59.88023952,,,,,,,,,,,,,,,,,,0,0,0,0,1,images/purple_butterfly.png,images/white_butterfly.png,left_image_2,"In this example, select the LEFT butterfly.",,,,,,,,,,,,,,,,,,,,,,,,
,,,,,109540,001,2025-01-22_12h31.27.078,Simon,2024.2.4,Win32,59.88023952,24.3779,27.6754,[-0.16842105263157894],[0.01695906432748538],[1],[0],[0],[3.2943999999761573],"[""left_image_2"",""left_image_2""]",1,27.6758,28.1745,0,0,0,0,1,,,,,,,,,,,,,,,,,,,,,,,,,,,,,,,,,
,,,,,109540,001,2025-01-22_12h31.27.078,Simon,2024.2.4,Win32,59.88023952,,,,,,,,,,,,,,,,,,0,1,1,1,1,images/white_butterfly.png,images/purple_butterfly.png,left_image_2,"In this example, select the LEFT butterfly.",,,,,,,,,,,,,,,,,,,,,,,,
,,,,,109540,001,2025-01-22_12h31.27.078,Simon,2024.2.4,Win32,59.88023952,28.1783,29.6613,[0.18128654970760233],[0.01929824561403509],[1],[0],[0],[1.480100000023846],"[""right_image_2"",""right_image_2""]",1,29.6616,30.1582,0,0,0,0,1,,,,,,,,,,,,,,,,,,,,,,,,,,,,,,,,,
,,,,,109540,001,2025-01-22_12h31.27.078,Simon,2024.2.4,Win32,59.88023952,,,,,,,,,,,,,,,,,,0,2,2,2,1,images/yellow_butterfly.png,images/white_butterfly.png,right_image_2,"In this example, select the RIGHT butterfly.",,,,,,,,,,,,,,,,,,,,,,,,
,,,,,109540,001,2025-01-22_12h31.27.078,Simon,2024.2.4,Win32,59.88023952,30.1622,31.2589,[0.18128654970760233],[0.01929824561403509],[1],[0],[0],[1.0946999999284728],"[""right_image_2"",""right_image_2""]",1,31.2594,31.7582,0,0,0,0,1,,,,,,,,,,,,,,,,,,,,,,,,,,,,,,,,,
,,,,,109540,001,2025-01-22_12h31.27.078,Simon,2024.2.4,Win32,59.88023952,,,,,,,,,,,,,,,,,,0,3,3,3,1,images/white_butterfly.png,images/yellow_butterfly.png,right_image_2,"In this example, select the RIGHT butterfly.",,,,,,,,,,,,,,,,,,,,,,,,
,,,,,109540,001,2025-01-22_12h31.27.078,Simon,2024.2.4,Win32,59.88023952,,,,,,,,,,,,,,,,,,,,,,,,,,,31.7594,33.9806,1,[33.98369999992847],[33.98369999992847],,,,,,,,,,,,,,,,,,,
,,,,,109540,001,2025-01-22_12h31.27.078,Simon,2024.2.4,Win32,59.88023952,,,,,,,,,,1,35.5924,36.0917,,,,,,,,,,,images/white_butterfly.png,images/yellow_butterfly.png,right_image, ,,,,,,33.9997,35.5923,[0.21169590643274855],[-0.0017543859649122807],[1],[0],[0],[1.5908000000715248],"[""right_image""]",0,0,0,3,1,,,,,
,,,,,109540,001,2025-01-22_12h31.27.078,Simon,2024.2.4,Win32,59.88023952,,,,,,,,,,1,37.1921,37.6917,,,,,,,,,,,images/purple_butterfly.png,images/white_butterfly.png,left_image, ,,,,,,36.0931,37.1919,[-0.1695906432748538],[0.014619883040935672],[1],[0],[0],[1.0979000000953647],"[""left_image""]",0,1,1,0,1,,,,,
,,,,,109540,001,2025-01-22_12h31.27.078,Simon,2024.2.4,Win32,59.88023952,,,,,,,,,,1,38.6289,39.1308,,,,,,,,,,,images/yellow_butterfly.png,images/white_butterfly.png,right_image, ,,,,,,37.694,38.6287,[0.21403508771929824],[0.01929824561403509],[1],[0],[0],[0.9337999999523134],"[""right_image""]",0,2,2,2,1,,,,,
,,,,,109540,001,2025-01-22_12h31.27.078,Simon,2024.2.4,Win32,59.88023952,,,,,,,,,,1,40.0589,40.5587,,,,,,,,,,,images/white_butterfly.png,images/purple_butterfly.png,left_image, ,,,,,,39.1324,40.0586,[-0.1695906432748538],[0.027485380116959064],[1],[0],[0],[0.9250000000000043],"[""left_image""]",0,3,3,1,1,,,,,
,,,,,109540,001,2025-01-22_12h31.27.078,Simon,2024.2.4,Win32,59.88023952,,,,,,,,,,1,41.6259,42.125,,,,,,,,,,,images/purple_butterfly.png,images/white_butterfly.png,left_image, ,,,,,,40.5612,41.6255,[-0.20701754385964913],[0.0017543859649122807],[1],[0],[0],[1.0633999999761556],"[""left_image""]",1,0,4,0,1,,,,,
,,,,,109540,001,2025-01-22_12h31.27.078,Simon,2024.2.4,Win32,59.88023952,,,,,,,,,,1,43.2094,43.708,,,,,,,,,,,images/white_butterfly.png,images/purple_butterfly.png,left_image, ,,,,,,42.1261,43.2091,[-0.20584795321637428],[-0.0005847953216374269],[1],[0],[0],[1.0822000000476848],"[""left_image""]",1,1,5,1,1,,,,,
,,,,,109540,001,2025-01-22_12h31.27.078,Simon,2024.2.4,Win32,59.88023952,,,,,,,,,,1,44.6934,45.1918,,,,,,,,,,,images/yellow_butterfly.png,images/white_butterfly.png,right_image, ,,,,,,43.709,44.6933,[0.1649122807017544],[-0.01929824561403509],[1],[0],[0],[0.9834999999999994],"[""right_image""]",1,2,6,2,1,,,,,
,,,,,109540,001,2025-01-22_12h31.27.078,Simon,2024.2.4,Win32,59.88023952,,,,,,,,,,1,45.9758,46.4751,,,,,,,,,,,images/white_butterfly.png,images/yellow_butterfly.png,right_image, ,,,,,,45.1937,45.9756,[0.15789473684210525],[-0.018128654970760234],[1],[0],[0],[0.7809999999999988],"[""right_image""]",1,3,7,3,1,,,,,
,,,,,109540,001,2025-01-22_12h31.27.078,Simon,2024.2.4,Win32,59.88023952,,,,,,,,,,1,47.2422,47.742,,,,,,,,,,,images/white_butterfly.png,images/yellow_butterfly.png,right_image, ,,,,,,46.4772,47.2421,[0.15789473684210525],[-0.018128654970760234],[1],[0],[0],[0.7646000000238402],"[""right_image""]",2,0,8,3,1,,,,,
,,,,,109540,001,2025-01-22_12h31.27.078,Simon,2024.2.4,Win32,59.88023952,,,,,,,,,,1,48.6595,49.1591,,,,,,,,,,,images/yellow_butterfly.png,images/white_butterfly.png,right_image, ,,,,,,47.7441,48.6593,[0.17894736842105263],[-0.009941520467836258],[1],[0],[0],[0.9144000000953696],"[""right_image""]",2,1,9,2,1,,,,,
,,,,,109540,001,2025-01-22_12h31.27.078,Simon,2024.2.4,Win32,59.88023952,,,,,,,,,,1,50.1759,50.676,,,,,,,,,,,images/purple_butterfly.png,images/white_butterfly.png,left_image, ,,,,,,49.1614,50.1755,[-0.14269005847953217],[-0.009941520467836258],[1],[0],[0],[1.0133999999761585],"[""left_image""]",2,2,10,0,1,,,,,
,,,,,109540,001,2025-01-22_12h31.27.078,Simon,2024.2.4,Win32,59.88023952,,,,,,,,,,1,51.6427,52.1425,,,,,,,,,,,images/white_butterfly.png,images/purple_butterfly.png,left_image, ,,,,,,50.6775,51.6426,[-0.16140350877192983],[0.012280701754385965],[1],[0],[0],[0.9642000000476827],"[""left_image""]",2,3,11,1,1,,,,,
,,,,,109540,001,2025-01-22_12h31.27.078,Simon,2024.2.4,Win32,59.88023952,,,,,,,,,,1,53.0927,53.5924,,,,,,,,,,,images/white_butterfly.png,images/yellow_butterfly.png,right_image, ,,,,,,52.144,53.0926,[0.2304093567251462],[-0.0029239766081871343],[1],[0],[0],[0.9478999999761584],"[""right_image""]",3,0,12,3,1,,,,,
,,,,,109540,001,2025-01-22_12h31.27.078,Simon,2024.2.4,Win32,59.88023952,,,,,,,,,,1,54.5427,55.0426,,,,,,,,,,,images/purple_butterfly.png,images/white_butterfly.png,left_image, ,,,,,,53.5934,54.5426,[-0.18596491228070175],[0.012280701754385965],[1],[0],[0],[0.9487000000476797],"[""left_image""]",3,1,13,0,1,,,,,
,,,,,109540,001,2025-01-22_12h31.27.078,Simon,2024.2.4,Win32,59.88023952,,,,,,,,,,1,56.0099,56.5093,,,,,,,,,,,images/yellow_butterfly.png,images/white_butterfly.png,right_image, ,,,,,,55.0441,56.0098,[0.19064327485380117],[-0.008771929824561403],[1],[0],[0],[0.9648999999761543],"[""right_image""]",3,2,14,2,1,,,,,
,,,,,109540,001,2025-01-22_12h31.27.078,Simon,2024.2.4,Win32,59.88023952,,,,,,,,,,1,57.4094,57.9096,,,,,,,,,,,images/white_butterfly.png,images/purple_butterfly.png,left_image, ,,,,,,56.5108,57.4093,[-0.25380116959064325],[-0.02631578947368421],[1],[0],[0],[0.8973000000715246],"[""left_image""]",3,3,15,1,1,,,,,
,,,,,109540,001,2025-01-22_12h31.27.078,Simon,2024.2.4,Win32,59.88023952,,,,,,,,,,1,58.6262,59.1263,,,,,,,,,,,images/white_butterfly.png,images/yellow_butterfly.png,right_image, ,,,,,,57.9108,58.6261,[0.17543859649122806],[-0.014619883040935672],[1],[0],[0],[0.7147999999523122],"[""right_image""]",4,0,16,3,1,,,,,
,,,,,109540,001,2025-01-22_12h31.27.078,Simon,2024.2.4,Win32,59.88023952,,,,,,,,,,1,59.926,60.4261,,,,,,,,,,,images/purple_butterfly.png,images/white_butterfly.png,left_image, ,,,,,,59.128,59.926,[-0.15789473684210525],[0.005263157894736842],[1],[0],[0],[0.796899999976155],"[""left_image""]",4,1,17,0,1,,,,,
,,,,,109540,001,2025-01-22_12h31.27.078,Simon,2024.2.4,Win32,59.88023952,,,,,,,,,,1,61.6759,62.176,,,,,,,,,,,images/white_butterfly.png,images/purple_butterfly.png,left_image, ,,,,,,60.4276,61.6758,[-0.16140350877192983],[0.0005847953216374269],[1],[0],[0],[1.2473000000715189],"[""left_image""]",4,2,18,1,1,,,,,
,,,,,109540,001,2025-01-22_12h31.27.078,Simon,2024.2.4,Win32,59.88023952,,,,,,,,,,1,63.0428,63.5428,,,,,,,,,,,images/yellow_butterfly.png,images/white_butterfly.png,right_image, ,,,,,,62.1776,63.0427,[0.20116959064327486],[0.005263157894736842],[1],[0],[0],[0.8643000000715233],"[""right_image""]",4,3,19,2,1,,,,,
,,,,,109540,001,2025-01-22_12h31.27.078,Simon,2024.2.4,Win32,59.88023952,,,,,,,,,,,,,,,,,,,,,,,,,,,,,,,,,,,,,,,,,,,,,,63.5435,65.5935,1,[65.59279999995232],[65.59279999995232]
