﻿instructions.started,instructions.stopped,start_button.numClicks,start_button.timesOn,start_button.timesOff,participant,session,date,expName,psychopyVersion,OS,frameRate,practice_trial.started,practice_trial.stopped,mouse_2.x,mouse_2.y,mouse_2.leftButton,mouse_2.midButton,mouse_2.rightButton,mouse_2.time,mouse_2.clicked_name,correct,feedback.started,feedback.stopped,loop_until_correct.thisRepN,loop_until_correct.thisTrialN,loop_until_correct.thisN,loop_until_correct.thisIndex,loop_until_correct.ran,prac_trials.thisRepN,prac_trials.thisTrialN,prac_trials.thisN,prac_trials.thisIndex,prac_trials.ran,left_color,right_color,correct_response,top_txt,instructions_2.started,instructions_2.stopped,start_button_2.numClicks,start_button_2.timesOn,start_button_2.timesOff,trial.started,trial.stopped,mouse.x,mouse.y,mouse.leftButton,mouse.midButton,mouse.rightButton,mouse.time,mouse.clicked_name,trials.thisRepN,trials.thisTrialN,trials.thisN,trials.thisIndex,trials.ran,end.started,end.stopped,start_button_3.numClicks,start_button_3.timesOn,start_button_3.timesOff
0.0032,21.2754,1,[21.292199999988092],[21.292199999988092],109638,001,2025-07-22_13h42.29.615,Simon,2024.2.4,Win32,59.52380952,,,,,,,,,,,,,,,,,,,,,,,,,,,,,,,,,,,,,,,,,,,,,,,,,,
,,,,,109638,001,2025-07-22_13h42.29.615,Simon,2024.2.4,Win32,59.52380952,21.2924,25.825,[-0.15572297244061836],[0.012333183531548567],[1],[0],[0],[4.530400000005969],"[""left_image_2"",""left_image_2""]",1,25.8259,26.3251,0,0,0,0,1,,,,,,,,,,,,,,,,,,,,,,,,,,,,,,,,,
,,,,,109638,001,2025-07-22_13h42.29.615,Simon,2024.2.4,Win32,59.52380952,,,,,,,,,,,,,,,,,,0,0,0,0,1,images/purple_butterfly.png,images/white_butterfly.png,left_image_2,"In this example, select the LEFT butterfly.",,,,,,,,,,,,,,,,,,,,,,,,
,,,,,109638,001,2025-07-22_13h42.29.615,Simon,2024.2.4,Win32,59.52380952,26.3265,29.7415,[-0.2029039257397824],[-0.02218945416169055],[1],[0],[0],[3.4129999999999967],"[""left_image_2"",""left_image_2""]",1,29.742,30.2413,0,0,0,0,1,,,,,,,,,,,,,,,,,,,,,,,,,,,,,,,,,
,,,,,109638,001,2025-07-22_13h42.29.615,Simon,2024.2.4,Win32,59.52380952,,,,,,,,,,,,,,,,,,0,1,1,1,1,images/white_butterfly.png,images/purple_butterfly.png,left_image_2,"In this example, select the LEFT butterfly.",,,,,,,,,,,,,,,,,,,,,,,,
,,,,,109638,001,2025-07-22_13h42.29.615,Simon,2024.2.4,Win32,59.52380952,30.2422,32.9746,[0.12736261776804672],[-0.03254618715581874],[1],[0],[0],[2.7309999999999945],"[""right_image_2"",""right_image_2""]",1,32.975,33.4746,0,0,0,0,1,,,,,,,,,,,,,,,,,,,,,,,,,,,,,,,,,
,,,,,109638,001,2025-07-22_13h42.29.615,Simon,2024.2.4,Win32,59.52380952,,,,,,,,,,,,,,,,,,0,2,2,2,1,images/yellow_butterfly.png,images/white_butterfly.png,right_image_2,"In this example, select the RIGHT butterfly.",,,,,,,,,,,,,,,,,,,,,,,,
,,,,,109638,001,2025-07-22_13h42.29.615,Simon,2024.2.4,Win32,59.52380952,33.4755,34.9247,[0.14117172467986996],[-0.04290304973626592],[1],[0],[0],[1.448099999994028],"[""right_image_2"",""right_image_2""]",1,34.9254,35.4246,0,0,0,0,1,,,,,,,,,,,,,,,,,,,,,,,,,,,,,,,,,
,,,,,109638,001,2025-07-22_13h42.29.615,Simon,2024.2.4,Win32,59.52380952,,,,,,,,,,,,,,,,,,0,3,3,3,1,images/white_butterfly.png,images/yellow_butterfly.png,right_image_2,"In this example, select the RIGHT butterfly.",,,,,,,,,,,,,,,,,,,,,,,,
,,,,,109638,001,2025-07-22_13h42.29.615,Simon,2024.2.4,Win32,59.52380952,,,,,,,,,,,,,,,,,,,,,,,,,,,35.4249,37.075,1,[37.07680000001192],[37.07680000001192],,,,,,,,,,,,,,,,,,,
,,,,,109638,001,2025-07-22_13h42.29.615,Simon,2024.2.4,Win32,59.52380952,,,,,,,,,,1,38.6744,39.1746,,,,,,,,,,,images/white_butterfly.png,images/purple_butterfly.png,left_image, ,,,,,,37.0798,38.6744,[-0.1649290437151672],[-0.08202865827361996],[1],[0],[0],[1.593999999999994],"[""left_image""]",0,0,0,1,1,,,,,
,,,,,109638,001,2025-07-22_13h42.29.615,Simon,2024.2.4,Win32,59.52380952,,,,,,,,,,1,40.7408,41.2408,,,,,,,,,,,images/white_butterfly.png,images/yellow_butterfly.png,right_image, ,,,,,,39.1754,40.7408,[0.17684541285164543],[-0.045204502761743634],[1],[0],[0],[1.5650999999940325],"[""right_image""]",0,1,1,3,1,,,,,
,,,,,109638,001,2025-07-22_13h42.29.615,Simon,2024.2.4,Win32,59.52380952,,,,,,,,,,1,42.808,43.3075,,,,,,,,,,,images/yellow_butterfly.png,images/white_butterfly.png,right_image, ,,,,,,41.2414,42.8079,[0.1998602022790605],[-0.07627489612360669],[1],[0],[0],[1.5661999999880862],"[""right_image""]",0,2,2,2,1,,,,,
,,,,,109638,001,2025-07-22_13h42.29.615,Simon,2024.2.4,Win32,59.52380952,,,,,,,,,,1,45.5076,46.0077,,,,,,,,,,,images/purple_butterfly.png,images/white_butterfly.png,left_image, ,,,,,,43.3079,45.5075,[-0.1223511260532776],[-0.03139546064307988],[1],[0],[0],[2.1992999999821166],"[""left_image""]",0,3,3,0,1,,,,,
,,,,,109638,001,2025-07-22_13h42.29.615,Simon,2024.2.4,Win32,59.52380952,,,,,,,,,,1,47.0747,47.5739,,,,,,,,,,,images/white_butterfly.png,images/yellow_butterfly.png,right_image, ,,,,,,46.0087,47.0747,[0.1630360467671842],[-0.029093942824442675],[1],[0],[0],[1.0652999999821162],"[""right_image""]",1,0,4,3,1,,,,,
,,,,,109638,001,2025-07-22_13h42.29.615,Simon,2024.2.4,Win32,59.52380952,,,,,,,,,,1,49.0411,49.5408,,,,,,,,,,,images/white_butterfly.png,images/purple_butterfly.png,left_image, ,,,,,,47.5745,49.041,[-0.11659736390326433],[-0.054410574036292465],[1],[0],[0],[1.466099999994043],"[""left_image""]",1,1,5,1,1,,,,,
,,,,,109638,001,2025-07-22_13h42.29.615,Simon,2024.2.4,Win32,59.52380952,,,,,,,,,,1,50.874,51.3745,,,,,,,,,,,images/purple_butterfly.png,images/white_butterfly.png,left_image, ,,,,,,49.5417,50.874,[-0.11544657259736597],[-0.054410574036292465],[1],[0],[0],[1.3319000000059589],"[""left_image""]",1,2,6,0,1,,,,,
,,,,,109638,001,2025-07-22_13h42.29.615,Simon,2024.2.4,Win32,59.52380952,,,,,,,,,,1,52.5408,53.0405,,,,,,,,,,,images/yellow_butterfly.png,images/white_butterfly.png,right_image, ,,,,,,51.3751,52.5408,[0.14807621334262208],[-0.052109056217655256],[1],[0],[0],[1.165300000011925],"[""right_image""]",1,3,7,2,1,,,,,
,,,,,109638,001,2025-07-22_13h42.29.615,Simon,2024.2.4,Win32,59.52380952,,,,,,,,,,1,53.8575,54.3576,,,,,,,,,,,images/white_butterfly.png,images/yellow_butterfly.png,right_image, ,,,,,,53.041,53.8575,[0.14807621334262208],[-0.052109056217655256],[1],[0],[0],[0.8162000000178864],"[""right_image""]",2,0,8,3,1,,,,,
,,,,,109638,001,2025-07-22_13h42.29.615,Simon,2024.2.4,Win32,59.52380952,,,,,,,,,,1,55.6575,56.1573,,,,,,,,,,,images/purple_butterfly.png,images/white_butterfly.png,left_image, ,,,,,,54.3583,55.6575,[-0.13155713253466694],[-0.07742562263634555],[1],[0],[0],[1.2989000000059718],"[""left_image""]",2,1,9,0,1,,,,,
,,,,,109638,001,2025-07-22_13h42.29.615,Simon,2024.2.4,Win32,59.52380952,,,,,,,,,,1,57.6578,58.1576,,,,,,,,,,,images/white_butterfly.png,images/purple_butterfly.png,left_image, ,,,,,,56.1577,57.6576,[-0.13155713253466694],[-0.07742562263634555],[1],[0],[0],[1.499799999982116],"[""left_image""]",2,2,10,1,1,,,,,
,,,,,109638,001,2025-07-22_13h42.29.615,Simon,2024.2.4,Win32,59.52380952,,,,,,,,,,1,59.474,59.974,,,,,,,,,,,images/yellow_butterfly.png,images/white_butterfly.png,right_image, ,,,,,,58.1585,59.474,[0.1354179625298567],[-0.054410574036292465],[1],[0],[0],[1.3151999999880672],"[""right_image""]",2,3,11,2,1,,,,,
,,,,,109638,001,2025-07-22_13h42.29.615,Simon,2024.2.4,Win32,59.52380952,,,,,,,,,,1,60.8407,61.3411,,,,,,,,,,,images/white_butterfly.png,images/yellow_butterfly.png,right_image, ,,,,,,59.9746,60.8406,[0.1354179625298567],[-0.054410574036292465],[1],[0],[0],[0.865699999988081],"[""right_image""]",3,0,12,3,1,,,,,
,,,,,109638,001,2025-07-22_13h42.29.615,Simon,2024.2.4,Win32,59.52380952,,,,,,,,,,1,62.3573,62.8575,,,,,,,,,,,images/purple_butterfly.png,images/white_butterfly.png,left_image, ,,,,,,61.3419,62.3573,[-0.0924313296178344],[-0.040601467124469215],[1],[0],[0],[1.0150000000000006],"[""left_image""]",3,1,13,0,1,,,,,
,,,,,109638,001,2025-07-22_13h42.29.615,Simon,2024.2.4,Win32,59.52380952,,,,,,,,,,1,63.5238,64.0235,,,,,,,,,,,images/white_butterfly.png,images/purple_butterfly.png,left_image, ,,,,,,62.858,63.5237,[-0.0924313296178344],[-0.040601467124469215],[1],[0],[0],[0.6653999999761595],"[""left_image""]",3,2,14,1,1,,,,,
,,,,,109638,001,2025-07-22_13h42.29.615,Simon,2024.2.4,Win32,59.52380952,,,,,,,,,,1,65.0738,65.5738,,,,,,,,,,,images/yellow_butterfly.png,images/white_butterfly.png,right_image, ,,,,,,64.024,65.0738,[0.18374964234175956],[-0.021038662855792197],[1],[0],[0],[1.0494999999999948],"[""right_image""]",3,3,15,2,1,,,,,
,,,,,109638,001,2025-07-22_13h42.29.615,Simon,2024.2.4,Win32,59.52380952,,,,,,,,,,1,66.1074,66.6074,,,,,,,,,,,images/white_butterfly.png,images/yellow_butterfly.png,right_image, ,,,,,,65.5745,66.1074,[0.18374964234175956],[-0.021038662855792197],[1],[0],[0],[0.5325999999940336],"[""right_image""]",4,0,16,3,1,,,,,
,,,,,109638,001,2025-07-22_13h42.29.615,Simon,2024.2.4,Win32,59.52380952,,,,,,,,,,1,67.757,68.2568,,,,,,,,,,,images/purple_butterfly.png,images/white_butterfly.png,left_image, ,,,,,,66.6082,67.7569,[-0.1971501635897691],[-0.0958377003922837],[1],[0],[0],[1.1483000000119148],"[""left_image""]",4,1,17,0,1,,,,,
,,,,,109638,001,2025-07-22_13h42.29.615,Simon,2024.2.4,Win32,59.52380952,,,,,,,,,,1,69.1903,69.6904,,,,,,,,,,,images/yellow_butterfly.png,images/white_butterfly.png,right_image, ,,,,,,68.2571,69.1902,[0.2677547511527999],[-0.029093942824442675],[1],[0],[0],[0.9326999999880741],"[""right_image""]",4,2,18,2,1,,,,,
,,,,,109638,001,2025-07-22_13h42.29.615,Simon,2024.2.4,Win32,59.52380952,,,,,,,,,,1,71.9401,72.4403,,,,,,,,,,,images/white_butterfly.png,images/purple_butterfly.png,left_image, ,,,,,,69.6908,71.94,[-0.25583864118895966],[-0.08317944957951831],[1],[0],[0],[2.2489000000059605],"[""left_image""]",4,3,19,1,1,,,,,
,,,,,109638,001,2025-07-22_13h42.29.615,Simon,2024.2.4,Win32,59.52380952,,,,,,,,,,,,,,,,,,,,,,,,,,,,,,,,,,,,,,,,,,,,,,72.4407,73.8109,1,[73.81059999999405],[73.81059999999405]
