﻿instructions.started,instructions.stopped,start_button.numClicks,start_button.timesOn,start_button.timesOff,participant,session,date,expName,psychopyVersion,OS,frameRate,practice_trial.started,practice_trial.stopped,mouse_2.x,mouse_2.y,mouse_2.leftButton,mouse_2.midButton,mouse_2.rightButton,mouse_2.time,mouse_2.clicked_name,correct,feedback.started,feedback.stopped,loop_until_correct.thisRepN,loop_until_correct.thisTrialN,loop_until_correct.thisN,loop_until_correct.thisIndex,loop_until_correct.ran,prac_trials.thisRepN,prac_trials.thisTrialN,prac_trials.thisN,prac_trials.thisIndex,prac_trials.ran,left_color,right_color,correct_response,top_txt,instructions_2.started,instructions_2.stopped,start_button_2.numClicks,start_button_2.timesOn,start_button_2.timesOff,trial.started,trial.stopped,mouse.x,mouse.y,mouse.leftButton,mouse.midButton,mouse.rightButton,mouse.time,mouse.clicked_name,trials.thisRepN,trials.thisTrialN,trials.thisN,trials.thisIndex,trials.ran
0.0004,11.8803,1,[11.895200000047685],[11.895200000047685],110393,001,2025-05-22_15h41.02.935,Simon,2024.2.4,Win32,59.17159763,,,,,,,,,,,,,,,,,,,,,,,,,,,,,,,,,,,,,,,,,,,,,
,,,,,110393,001,2025-05-22_15h41.02.935,Simon,2024.2.4,Win32,59.17159763,11.897,16.1799,[-0.13829787234042554],[-0.02245866491439495],[1],[0],[0],[4.2796000001430485],"[""left_image_2"",""left_image_2""]",1,16.1804,16.6799,0,0,0,0,1,,,,,,,,,,,,,,,,,,,,,,,,,,,,
,,,,,110393,001,2025-05-22_15h41.02.935,Simon,2024.2.4,Win32,59.17159763,,,,,,,,,,,,,,,,,,0,0,0,0,1,images/purple_butterfly.png,images/white_butterfly.png,left_image_2,"In this example, select the LEFT butterfly.",,,,,,,,,,,,,,,,,,,
,,,,,110393,001,2025-05-22_15h41.02.935,Simon,2024.2.4,Win32,59.17159763,16.6817,18.447,[-0.14420800175227172],[0.028368794326241134],[1],[0],[0],[1.7639999999999958],"[""left_image_2"",""left_image_2""]",1,18.4473,18.9473,0,0,0,0,1,,,,,,,,,,,,,,,,,,,,,,,,,,,,
,,,,,110393,001,2025-05-22_15h41.02.935,Simon,2024.2.4,Win32,59.17159763,,,,,,,,,,,,,,,,,,0,1,1,1,1,images/white_butterfly.png,images/purple_butterfly.png,left_image_2,"In this example, select the LEFT butterfly.",,,,,,,,,,,,,,,,,,,
,,,,,110393,001,2025-05-22_15h41.02.935,Simon,2024.2.4,Win32,59.17159763,18.9483,19.9465,[0.17848703370872118],[0],[1],[0],[0],[0.9969999999999999],"[""right_image_2"",""right_image_2""]",1,19.9465,20.4476,0,0,0,0,1,,,,,,,,,,,,,,,,,,,,,,,,,,,,
,,,,,110393,001,2025-05-22_15h41.02.935,Simon,2024.2.4,Win32,59.17159763,,,,,,,,,,,,,,,,,,0,2,2,2,1,images/yellow_butterfly.png,images/white_butterfly.png,right_image_2,"In this example, select the RIGHT butterfly.",,,,,,,,,,,,,,,,,,,
,,,,,110393,001,2025-05-22_15h41.02.935,Simon,2024.2.4,Win32,59.17159763,20.4491,21.1637,[0.17139483512716092],[0.014184397163120567],[1],[0],[0],[0.7137000000476874],"[""right_image_2"",""right_image_2""]",1,21.164,21.663,0,0,0,0,1,,,,,,,,,,,,,,,,,,,,,,,,,,,,
,,,,,110393,001,2025-05-22_15h41.02.935,Simon,2024.2.4,Win32,59.17159763,,,,,,,,,,,,,,,,,,0,3,3,3,1,images/white_butterfly.png,images/yellow_butterfly.png,right_image_2,"In this example, select the RIGHT butterfly.",,,,,,,,,,,,,,,,,,,
,,,,,110393,001,2025-05-22_15h41.02.935,Simon,2024.2.4,Win32,59.17159763,,,,,,,,,,,,,,,,,,,,,,,,,,,21.6634,23.2802,1,[23.28329999995232],[23.28329999995232],,,,,,,,,,,,,,
,,,,,110393,001,2025-05-22_15h41.02.935,Simon,2024.2.4,Win32,59.17159763,,,,,,,,,,1,24.4133,24.913,,,,,,,,,,,images/purple_butterfly.png,images/white_butterfly.png,left_image, ,,,,,,23.2851,24.4133,[-0.1347517730496454],[-0.018912565623614805],[1],[0],[0],[1.1277000000476818],"[""left_image""]",0,0,0,0,1
,,,,,110393,001,2025-05-22_15h41.02.935,Simon,2024.2.4,Win32,59.17159763,,,,,,,,,,1,25.8466,26.3467,,,,,,,,,,,images/white_butterfly.png,images/yellow_butterfly.png,right_image, ,,,,,,24.9137,25.8465,[0.16903080500609485],[-0.018912565623614805],[1],[0],[0],[0.9322999999523205],"[""right_image""]",0,1,1,3,1
,,,,,110393,001,2025-05-22_15h41.02.935,Simon,2024.2.4,Win32,59.17159763,,,,,,,,,,1,27.2474,27.7465,,,,,,,,,,,images/yellow_butterfly.png,images/white_butterfly.png,right_image, ,,,,,,26.3476,27.2473,[0.10047284931155807],[-0.009456282811807402],[1],[0],[0],[0.8989999999999938],"[""right_image""]",0,2,2,2,1
,,,,,110393,001,2025-05-22_15h41.02.935,Simon,2024.2.4,Win32,59.17159763,,,,,,,,,,1,28.8299,29.33,,,,,,,,,,,images/white_butterfly.png,images/purple_butterfly.png,left_image, ,,,,,,27.747,28.8299,[-0.14184397163120568],[-0.010638297872340425],[1],[0],[0],[1.0823999998569533],"[""left_image""]",0,3,3,1,1
,,,,,110393,001,2025-05-22_15h41.02.935,Simon,2024.2.4,Win32,59.17159763,,,,,,,,,,1,30.9299,31.4298,,,,,,,,,,,images/white_butterfly.png,images/purple_butterfly.png,left_image, ,,,,,,29.3308,30.9298,[-0.12529543612865693],[0.024822695035460994],[1],[0],[0],[1.5987999999523197],"[""left_image""]",1,0,4,1,1
,,,,,110393,001,2025-05-22_15h41.02.935,Simon,2024.2.4,Win32,59.17159763,,,,,,,,,,1,37.5802,38.0799,,,,,,,,,,,images/yellow_butterfly.png,images/white_butterfly.png,right_image, ,,,,,,31.4303,37.58,[0.14184397163120568],[-0.03664306207751551],[1],[0],[0],[6.149399999856946],"[""right_image""]",1,1,5,2,1
,,,,,110393,001,2025-05-22_15h41.02.935,Simon,2024.2.4,Win32,59.17159763,,,,,,,,,,1,39.0299,39.5305,,,,,,,,,,,images/white_butterfly.png,images/yellow_butterfly.png,right_image, ,,,,,,38.0802,39.0299,[0.17494093441794104],[-0.00827426775127438],[1],[0],[0],[0.9491999998092666],"[""right_image""]",1,2,6,3,1
,,,,,110393,001,2025-05-22_15h41.02.935,Simon,2024.2.4,Win32,59.17159763,,,,,,,,,,1,40.347,40.847,,,,,,,,,,,images/purple_butterfly.png,images/white_butterfly.png,left_image, ,,,,,,39.5316,40.347,[-0.14657203187333775],[-0.005910183521027261],[1],[0],[0],[0.8149999999999977],"[""left_image""]",1,3,7,0,1
,,,,,110393,001,2025-05-22_15h41.02.935,Simon,2024.2.4,Win32,59.17159763,,,,,,,,,,1,41.897,42.3968,,,,,,,,,,,images/yellow_butterfly.png,images/white_butterfly.png,right_image, ,,,,,,40.8477,41.8969,[0.16784873583638077],[-0.048463375010388964],[1],[0],[0],[1.0485999999046385],"[""right_image""]",2,0,8,2,1
,,,,,110393,001,2025-05-22_15h41.02.935,Simon,2024.2.4,Win32,59.17159763,,,,,,,,,,1,43.9634,44.4633,,,,,,,,,,,images/white_butterfly.png,images/yellow_butterfly.png,right_image, ,,,,,,42.3979,43.9634,[0.16784873583638077],[-0.048463375010388964],[1],[0],[0],[1.5647999999523279],"[""right_image""]",2,1,9,3,1
,,,,,110393,001,2025-05-22_15h41.02.935,Simon,2024.2.4,Win32,59.17159763,,,,,,,,,,1,45.8974,46.3972,,,,,,,,,,,images/white_butterfly.png,images/purple_butterfly.png,left_image, ,,,,,,44.4638,45.8972,[-0.15839239891539228],[0.001182015060533023],[1],[0],[0],[1.433200000047691],"[""left_image""]",2,2,10,1,1
,,,,,110393,001,2025-05-22_15h41.02.935,Simon,2024.2.4,Win32,59.17159763,,,,,,,,,,1,48.1475,48.6472,,,,,,,,,,,images/purple_butterfly.png,images/white_butterfly.png,left_image, ,,,,,,46.398,48.1474,[-0.1335697038799313],[-0.02127659574468085],[1],[0],[0],[1.7490000000000094],"[""left_image""]",2,3,11,0,1
,,,,,110393,001,2025-05-22_15h41.02.935,Simon,2024.2.4,Win32,59.17159763,,,,,,,,,,1,49.4801,49.9805,,,,,,,,,,,images/purple_butterfly.png,images/white_butterfly.png,left_image, ,,,,,,48.648,49.4801,[-0.15839239891539228],[-0.02245866491439495],[1],[0],[0],[0.8318999998569439],"[""left_image""]",3,0,12,0,1
