﻿instructions.started,instructions.stopped,start_button.numClicks,start_button.timesOn,start_button.timesOff,participant,session,date,expName,psychopyVersion,OS,frameRate,practice_trial.started,practice_trial.stopped,mouse_2.x,mouse_2.y,mouse_2.leftButton,mouse_2.midButton,mouse_2.rightButton,mouse_2.time,mouse_2.clicked_name,correct,feedback.started,feedback.stopped,loop_until_correct.thisRepN,loop_until_correct.thisTrialN,loop_until_correct.thisN,loop_until_correct.thisIndex,loop_until_correct.ran,prac_trials.thisRepN,prac_trials.thisTrialN,prac_trials.thisN,prac_trials.thisIndex,prac_trials.ran,left_color,right_color,correct_response,top_txt,instructions_2.started,instructions_2.stopped,start_button_2.numClicks,start_button_2.timesOn,start_button_2.timesOff,trial.started,trial.stopped,mouse.x,mouse.y,mouse.leftButton,mouse.midButton,mouse.rightButton,mouse.time,mouse.clicked_name,trials.thisRepN,trials.thisTrialN,trials.thisN,trials.thisIndex,trials.ran,end.started,end.stopped,start_button_3.numClicks,start_button_3.timesOn,start_button_3.timesOff
0.001,16.725,1,[16.746],[16.746],111683,001,2025-01-21_10h22.31.933,Simon,2024.2.4,MacIntel,52.63157895,,,,,,,,,,,,,,,,,,,,,,,,,,,,,,,,,,,,,,,,,,,,,,,,,,
,,,,,111683,001,2025-01-21_10h22.31.933,Simon,2024.2.4,MacIntel,52.63157895,16.755,20.442,[-0.23055162659123055],[-0.0586987270155587],[1],[0],[0],[3.683],"[""left_image_2"",""left_image_2""]",1,20.442,20.946,0,0,0,0,1,,,,,,,,,,,,,,,,,,,,,,,,,,,,,,,,,
,,,,,111683,001,2025-01-21_10h22.31.933,Simon,2024.2.4,MacIntel,52.63157895,,,,,,,,,,,,,,,,,,0,0,0,0,1,images/purple_butterfly.png,images/white_butterfly.png,left_image_2,"In this example, select the LEFT butterfly.",,,,,,,,,,,,,,,,,,,,,,,,
,,,,,111683,001,2025-01-21_10h22.31.933,Simon,2024.2.4,MacIntel,52.63157895,20.95,22.69,[-0.28005657708628007],[-0.06577086280056577],[1],[0],[0],[1.7370000000000019],"[""left_image_2"",""left_image_2""]",1,22.69,23.178,0,0,0,0,1,,,,,,,,,,,,,,,,,,,,,,,,,,,,,,,,,
,,,,,111683,001,2025-01-21_10h22.31.933,Simon,2024.2.4,MacIntel,52.63157895,,,,,,,,,,,,,,,,,,0,1,1,1,1,images/white_butterfly.png,images/purple_butterfly.png,left_image_2,"In this example, select the LEFT butterfly.",,,,,,,,,,,,,,,,,,,,,,,,
,,,,,111683,001,2025-01-21_10h22.31.933,Simon,2024.2.4,MacIntel,52.63157895,23.182,23.89,[0.28854314002828857],[-0.038896746817538894],[1],[0],[0],[0.7049999999999983],"[""right_image_2"",""right_image_2""]",1,23.89,24.394,0,0,0,0,1,,,,,,,,,,,,,,,,,,,,,,,,,,,,,,,,,
,,,,,111683,001,2025-01-21_10h22.31.933,Simon,2024.2.4,MacIntel,52.63157895,,,,,,,,,,,,,,,,,,0,2,2,2,1,images/yellow_butterfly.png,images/white_butterfly.png,right_image_2,"In this example, select the RIGHT butterfly.",,,,,,,,,,,,,,,,,,,,,,,,
,,,,,111683,001,2025-01-21_10h22.31.933,Simon,2024.2.4,MacIntel,52.63157895,24.397,25.171,[0.2857142857142857],[-0.024752475247524754],[1],[0],[0],[0.7719999999999985],"[""right_image_2"",""right_image_2""]",1,25.171,25.661,0,0,0,0,1,,,,,,,,,,,,,,,,,,,,,,,,,,,,,,,,,
,,,,,111683,001,2025-01-21_10h22.31.933,Simon,2024.2.4,MacIntel,52.63157895,,,,,,,,,,,,,,,,,,0,3,3,3,1,images/white_butterfly.png,images/yellow_butterfly.png,right_image_2,"In this example, select the RIGHT butterfly.",,,,,,,,,,,,,,,,,,,,,,,,
,,,,,111683,001,2025-01-21_10h22.31.933,Simon,2024.2.4,MacIntel,52.63157895,,,,,,,,,,,,,,,,,,,,,,,,,,,25.661,26.639,1,[26.639999999999997],[26.639999999999997],,,,,,,,,,,,,,,,,,,
,,,,,111683,001,2025-01-21_10h22.31.933,Simon,2024.2.4,MacIntel,52.63157895,,,,,,,,,,1,27.537,28.027,,,,,,,,,,,images/purple_butterfly.png,images/white_butterfly.png,left_image, ,,,,,,26.647,27.537,[-0.26449787835926447],[-0.0884016973125884],[1],[0],[0],[0.8880000000000017],"[""left_image""]",0,0,0,0,1,,,,,
,,,,,111683,001,2025-01-21_10h22.31.933,Simon,2024.2.4,MacIntel,52.63157895,,,,,,,,,,1,28.588,29.093,,,,,,,,,,,images/yellow_butterfly.png,images/white_butterfly.png,right_image, ,,,,,,28.028,28.588,[0.26591230551626593],[-0.028995756718528994],[1],[0],[0],[0.559000000000001],"[""right_image""]",0,1,1,2,1,,,,,
,,,,,111683,001,2025-01-21_10h22.31.933,Simon,2024.2.4,MacIntel,52.63157895,,,,,,,,,,1,29.536,30.026,,,,,,,,,,,images/white_butterfly.png,images/purple_butterfly.png,left_image, ,,,,,,29.094,29.536,[-0.2871287128712871],[-0.06152758132956153],[1],[0],[0],[0.4410000000000025],"[""left_image""]",0,2,2,1,1,,,,,
,,,,,111683,001,2025-01-21_10h22.31.933,Simon,2024.2.4,MacIntel,52.63157895,,,,,,,,,,1,30.503,30.992,,,,,,,,,,,images/white_butterfly.png,images/yellow_butterfly.png,right_image, ,,,,,,30.027,30.503,[0.25742574257425743],[-0.03748231966053748],[1],[0],[0],[0.4720000000000013],"[""right_image""]",0,3,3,3,1,,,,,
,,,,,111683,001,2025-01-21_10h22.31.933,Simon,2024.2.4,MacIntel,52.63157895,,,,,,,,,,1,31.404,31.892,,,,,,,,,,,images/purple_butterfly.png,images/white_butterfly.png,left_image, ,,,,,,30.993,31.404,[-0.2871287128712871],[-0.060113154172560114],[1],[0],[0],[0.41100000000000136],"[""left_image""]",1,0,4,0,1,,,,,
,,,,,111683,001,2025-01-21_10h22.31.933,Simon,2024.2.4,MacIntel,52.63157895,,,,,,,,,,1,32.303,32.792,,,,,,,,,,,images/white_butterfly.png,images/yellow_butterfly.png,right_image, ,,,,,,31.893,32.303,[0.25884016973125884],[-0.04172560113154172],[1],[0],[0],[0.409000000000006],"[""right_image""]",1,1,5,3,1,,,,,
,,,,,111683,001,2025-01-21_10h22.31.933,Simon,2024.2.4,MacIntel,52.63157895,,,,,,,,,,1,33.303,33.791,,,,,,,,,,,images/white_butterfly.png,images/purple_butterfly.png,left_image, ,,,,,,32.793,33.303,[-0.28005657708628007],[-0.04738330975954738],[1],[0],[0],[0.5100000000000051],"[""left_image""]",1,2,6,1,1,,,,,
,,,,,111683,001,2025-01-21_10h22.31.933,Simon,2024.2.4,MacIntel,52.63157895,,,,,,,,,,1,34.236,34.744,,,,,,,,,,,images/yellow_butterfly.png,images/white_butterfly.png,right_image, ,,,,,,33.793,34.236,[0.26166902404526166],[-0.03182461103253183],[1],[0],[0],[0.4420000000000073],"[""right_image""]",1,3,7,2,1,,,,,
,,,,,111683,001,2025-01-21_10h22.31.933,Simon,2024.2.4,MacIntel,52.63157895,,,,,,,,,,1,35.22,35.725,,,,,,,,,,,images/white_butterfly.png,images/purple_butterfly.png,left_image, ,,,,,,34.746,35.22,[-0.28854314002828857],[-0.05304101838755304],[1],[0],[0],[0.472999999999999],"[""left_image""]",2,0,8,1,1,,,,,
,,,,,111683,001,2025-01-21_10h22.31.933,Simon,2024.2.4,MacIntel,52.63157895,,,,,,,,,,1,36.136,36.624,,,,,,,,,,,images/yellow_butterfly.png,images/white_butterfly.png,right_image, ,,,,,,35.726,36.136,[0.26732673267326734],[-0.04314002828854314],[1],[0],[0],[0.4070000000000036],"[""right_image""]",2,1,9,2,1,,,,,
,,,,,111683,001,2025-01-21_10h22.31.933,Simon,2024.2.4,MacIntel,52.63157895,,,,,,,,,,0,37.12,37.608,,,,,,,,,,,images/white_butterfly.png,images/yellow_butterfly.png,right_image, ,,,,,,36.625,37.119,[-0.2871287128712871],[-0.05586987270155587],[1],[0],[0],[0.49099999999999966],"[""left_image""]",2,2,10,3,1,,,,,
,,,,,111683,001,2025-01-21_10h22.31.933,Simon,2024.2.4,MacIntel,52.63157895,,,,,,,,,,1,38.767,39.256,,,,,,,,,,,images/purple_butterfly.png,images/white_butterfly.png,left_image, ,,,,,,37.61,38.766,[-0.2956152758132956],[-0.051626591230551626],[1],[0],[0],[1.1539999999999964],"[""left_image""]",2,3,11,0,1,,,,,
,,,,,111683,001,2025-01-21_10h22.31.933,Simon,2024.2.4,MacIntel,52.63157895,,,,,,,,,,1,39.717,40.206,,,,,,,,,,,images/purple_butterfly.png,images/white_butterfly.png,left_image, ,,,,,,39.257,39.717,[-0.2913719943422914],[-0.05586987270155587],[1],[0],[0],[0.46000000000000085],"[""left_image""]",3,0,12,0,1,,,,,
,,,,,111683,001,2025-01-21_10h22.31.933,Simon,2024.2.4,MacIntel,52.63157895,,,,,,,,,,1,40.668,41.172,,,,,,,,,,,images/yellow_butterfly.png,images/white_butterfly.png,right_image, ,,,,,,40.207,40.668,[0.25884016973125884],[-0.048797736916548796],[1],[0],[0],[0.46000000000000085],"[""right_image""]",3,1,13,2,1,,,,,
,,,,,111683,001,2025-01-21_10h22.31.933,Simon,2024.2.4,MacIntel,52.63157895,,,,,,,,,,1,41.634,42.122,,,,,,,,,,,images/white_butterfly.png,images/yellow_butterfly.png,right_image, ,,,,,,41.173,41.634,[0.26166902404526166],[-0.06152758132956153],[1],[0],[0],[0.4609999999999985],"[""right_image""]",3,2,14,3,1,,,,,
,,,,,111683,001,2025-01-21_10h22.31.933,Simon,2024.2.4,MacIntel,52.63157895,,,,,,,,,,0,42.567,43.055,,,,,,,,,,,images/white_butterfly.png,images/purple_butterfly.png,left_image, ,,,,,,42.123,42.566,[0.2531824611032532],[-0.0586987270155587],[1],[0],[0],[0.44200000000000017],"[""right_image""]",3,3,15,1,1,,,,,
,,,,,111683,001,2025-01-21_10h22.31.933,Simon,2024.2.4,MacIntel,52.63157895,,,,,,,,,,1,43.717,44.221,,,,,,,,,,,images/white_butterfly.png,images/purple_butterfly.png,left_image, ,,,,,,43.056,43.717,[-0.3041018387553041],[-0.054455445544554455],[1],[0],[0],[0.6599999999999966],"[""left_image""]",4,0,16,1,1,,,,,
,,,,,111683,001,2025-01-21_10h22.31.933,Simon,2024.2.4,MacIntel,52.63157895,,,,,,,,,,1,44.797,45.288,,,,,,,,,,,images/purple_butterfly.png,images/white_butterfly.png,left_image, ,,,,,,44.222,44.797,[-0.2984441301272984],[-0.048797736916548796],[1],[0],[0],[0.5730000000000075],"[""left_image""]",4,1,17,0,1,,,,,
,,,,,111683,001,2025-01-21_10h22.31.933,Simon,2024.2.4,MacIntel,52.63157895,,,,,,,,,,1,45.914,46.404,,,,,,,,,,,images/yellow_butterfly.png,images/white_butterfly.png,right_image, ,,,,,,45.288,45.914,[0.26449787835926447],[-0.07142857142857142],[1],[0],[0],[0.6240000000000023],"[""right_image""]",4,2,18,2,1,,,,,
,,,,,111683,001,2025-01-21_10h22.31.933,Simon,2024.2.4,MacIntel,52.63157895,,,,,,,,,,1,46.897,47.387,,,,,,,,,,,images/white_butterfly.png,images/yellow_butterfly.png,right_image, ,,,,,,46.405,46.897,[0.26166902404526166],[-0.06152758132956153],[1],[0],[0],[0.49099999999999966],"[""right_image""]",4,3,19,3,1,,,,,
,,,,,111683,001,2025-01-21_10h22.31.933,Simon,2024.2.4,MacIntel,52.63157895,,,,,,,,,,,,,,,,,,,,,,,,,,,,,,,,,,,,,,,,,,,,,,47.388,49.067,1,[49.065000000000005],[49.065000000000005]
