﻿instructions.started,instructions.stopped,start_button.numClicks,start_button.timesOn,start_button.timesOff,participant,session,date,expName,psychopyVersion,OS,frameRate,practice_trial.started,practice_trial.stopped,mouse_2.x,mouse_2.y,mouse_2.leftButton,mouse_2.midButton,mouse_2.rightButton,mouse_2.time,mouse_2.clicked_name,correct,feedback.started,feedback.stopped,loop_until_correct.thisRepN,loop_until_correct.thisTrialN,loop_until_correct.thisN,loop_until_correct.thisIndex,loop_until_correct.ran,prac_trials.thisRepN,prac_trials.thisTrialN,prac_trials.thisN,prac_trials.thisIndex,prac_trials.ran,left_color,right_color,correct_response,top_txt,instructions_2.started,instructions_2.stopped,start_button_2.numClicks,start_button_2.timesOn,start_button_2.timesOff,trial.started,trial.stopped,mouse.x,mouse.y,mouse.leftButton,mouse.midButton,mouse.rightButton,mouse.time,mouse.clicked_name,trials.thisRepN,trials.thisTrialN,trials.thisN,trials.thisIndex,trials.ran,end.started,end.stopped,start_button_3.numClicks,start_button_3.timesOn,start_button_3.timesOff
0.0021,14.3644,1,[14.43069999998808],[14.43069999998808],113308,001,2025-01-21_10h23.12.412,Simon,2024.2.4,Win32,59.52380952,,,,,,,,,,,,,,,,,,,,,,,,,,,,,,,,,,,,,,,,,,,,,,,,,,
,,,,,113308,001,2025-01-21_10h23.12.412,Simon,2024.2.4,Win32,59.52380952,14.4347,19.0902,[-0.25413103674212073],[-0.029344764122596154],[1],[0],[0],[4.646900000035764],"[""left_image_2"",""left_image_2""]",1,19.092,19.5897,0,0,0,0,1,,,,,,,,,,,,,,,,,,,,,,,,,,,,,,,,,
,,,,,113308,001,2025-01-21_10h23.12.412,Simon,2024.2.4,Win32,59.52380952,,,,,,,,,,,,,,,,,,0,0,0,0,1,images/purple_butterfly.png,images/white_butterfly.png,left_image_2,"In this example, select the LEFT butterfly.",,,,,,,,,,,,,,,,,,,,,,,,
,,,,,113308,001,2025-01-21_10h23.12.412,Simon,2024.2.4,Win32,59.52380952,19.5944,20.8949,[-0.25413103674212073],[-0.029344764122596154],[1],[0],[0],[1.2956999999880807],"[""left_image_2"",""left_image_2""]",1,20.8953,21.3952,0,0,0,0,1,,,,,,,,,,,,,,,,,,,,,,,,,,,,,,,,,
,,,,,113308,001,2025-01-21_10h23.12.412,Simon,2024.2.4,Win32,59.52380952,,,,,,,,,,,,,,,,,,0,1,1,1,1,images/white_butterfly.png,images/purple_butterfly.png,left_image_2,"In this example, select the LEFT butterfly.",,,,,,,,,,,,,,,,,,,,,,,,
,,,,,113308,001,2025-01-21_10h23.12.412,Simon,2024.2.4,Win32,59.52380952,21.3988,22.6226,[0.15270662226228632],[-0.03618237096020299],[1],[0],[0],[1.2206999999880814],"[""right_image_2"",""right_image_2""]",1,22.6232,23.1223,0,0,0,0,1,,,,,,,,,,,,,,,,,,,,,,,,,,,,,,,,,
,,,,,113308,001,2025-01-21_10h23.12.412,Simon,2024.2.4,Win32,59.52380952,,,,,,,,,,,,,,,,,,0,2,2,2,1,images/yellow_butterfly.png,images/white_butterfly.png,right_image_2,"In this example, select the RIGHT butterfly.",,,,,,,,,,,,,,,,,,,,,,,,
,,,,,113308,001,2025-01-21_10h23.12.412,Simon,2024.2.4,Win32,59.52380952,23.1267,23.7635,[0.15270662226228632],[-0.03618237096020299],[1],[0],[0],[0.6348999999761595],"[""right_image_2"",""right_image_2""]",1,23.7638,24.2559,0,0,0,0,1,,,,,,,,,,,,,,,,,,,,,,,,,,,,,,,,,
,,,,,113308,001,2025-01-21_10h23.12.412,Simon,2024.2.4,Win32,59.52380952,,,,,,,,,,,,,,,,,,0,3,3,3,1,images/white_butterfly.png,images/yellow_butterfly.png,right_image_2,"In this example, select the RIGHT butterfly.",,,,,,,,,,,,,,,,,,,,,,,,
,,,,,113308,001,2025-01-21_10h23.12.412,Simon,2024.2.4,Win32,59.52380952,,,,,,,,,,,,,,,,,,,,,,,,,,,24.2576,25.5567,1,[25.575700000047686],[25.575700000047686],,,,,,,,,,,,,,,,,,,
,,,,,113308,001,2025-01-21_10h23.12.412,Simon,2024.2.4,Win32,59.52380952,,,,,,,,,,1,26.757,27.2564,,,,,,,,,,,images/white_butterfly.png,images/yellow_butterfly.png,right_image, ,,,,,,25.5751,26.7568,[0.1549857897636218],[-0.06695160172943376],[1],[0],[0],[1.1777999999523132],"[""right_image""]",0,0,0,3,1,,,,,
,,,,,113308,001,2025-01-21_10h23.12.412,Simon,2024.2.4,Win32,59.52380952,,,,,,,,,,1,28.0067,28.5058,,,,,,,,,,,images/yellow_butterfly.png,images/white_butterfly.png,right_image, ,,,,,,27.2586,28.0066,[0.1549857897636218],[-0.06695160172943376],[1],[0],[0],[0.7465999999642356],"[""right_image""]",0,1,1,2,1,,,,,
,,,,,113308,001,2025-01-21_10h23.12.412,Simon,2024.2.4,Win32,59.52380952,,,,,,,,,,1,29.5483,30.0391,,,,,,,,,,,images/white_butterfly.png,images/purple_butterfly.png,left_image, ,,,,,,28.508,29.5482,[-0.19715096237313035],[0.02421650682759081],[1],[0],[0],[1.0386000000238411],"[""left_image""]",0,2,2,1,1,,,,,
,,,,,113308,001,2025-01-21_10h23.12.412,Simon,2024.2.4,Win32,59.52380952,,,,,,,,,,1,30.6565,31.156,,,,,,,,,,,images/purple_butterfly.png,images/white_butterfly.png,left_image, ,,,,,,30.0417,30.6564,[-0.19715096237313035],[0.02421650682759081],[1],[0],[0],[0.613600000023844],"[""left_image""]",0,3,3,0,1,,,,,
,,,,,113308,001,2025-01-21_10h23.12.412,Simon,2024.2.4,Win32,59.52380952,,,,,,,,,,1,31.7228,32.2224,,,,,,,,,,,images/purple_butterfly.png,images/white_butterfly.png,left_image, ,,,,,,31.1578,31.7227,[-0.19715096237313035],[0.02421650682759081],[1],[0],[0],[0.5646999999880791],"[""left_image""]",1,0,4,0,1,,,,,
,,,,,113308,001,2025-01-21_10h23.12.412,Simon,2024.2.4,Win32,59.52380952,,,,,,,,,,1,33.1063,33.6059,,,,,,,,,,,images/white_butterfly.png,images/yellow_butterfly.png,right_image, ,,,,,,32.2241,33.106,[0.16182339660122863],[0.031054113665197648],[1],[0],[0],[0.8811000000238423],"[""right_image""]",1,1,5,3,1,,,,,
,,,,,113308,001,2025-01-21_10h23.12.412,Simon,2024.2.4,Win32,59.52380952,,,,,,,,,,1,34.1727,34.6728,,,,,,,,,,,images/yellow_butterfly.png,images/white_butterfly.png,right_image, ,,,,,,33.6076,34.1726,[0.16182339660122863],[0.031054113665197648],[1],[0],[0],[0.5641000000238421],"[""right_image""]",1,2,6,2,1,,,,,
,,,,,113308,001,2025-01-21_10h23.12.412,Simon,2024.2.4,Win32,59.52380952,,,,,,,,,,1,35.756,36.2455,,,,,,,,,,,images/white_butterfly.png,images/purple_butterfly.png,left_image, ,,,,,,34.6751,35.7559,[-0.18347574869791666],[0.017378899989983973],[1],[0],[0],[1.079500000000003],"[""left_image""]",1,3,7,1,1,,,,,
,,,,,113308,001,2025-01-21_10h23.12.412,Simon,2024.2.4,Win32,59.52380952,,,,,,,,,,1,37.3393,37.8391,,,,,,,,,,,images/yellow_butterfly.png,images/white_butterfly.png,right_image, ,,,,,,36.247,37.3392,[0.11509978465544872],[0.0048432700654380345],[1],[0],[0],[1.0913999999761543],"[""right_image""]",2,0,8,2,1,,,,,
,,,,,113308,001,2025-01-21_10h23.12.412,Simon,2024.2.4,Win32,59.52380952,,,,,,,,,,1,38.5392,39.0394,,,,,,,,,,,images/white_butterfly.png,images/yellow_butterfly.png,right_image, ,,,,,,37.8407,38.5391,[0.11509978465544872],[0.0048432700654380345],[1],[0],[0],[0.69760000002384],"[""right_image""]",2,1,9,3,1,,,,,
,,,,,113308,001,2025-01-21_10h23.12.412,Simon,2024.2.4,Win32,59.52380952,,,,,,,,,,1,39.9463,40.4391,,,,,,,,,,,images/purple_butterfly.png,images/white_butterfly.png,left_image, ,,,,,,39.041,39.9462,[-0.2165241469684829],[0.04358974358974359],[1],[0],[0],[0.9044999999999987],"[""left_image""]",2,2,10,0,1,,,,,
,,,,,113308,001,2025-01-21_10h23.12.412,Simon,2024.2.4,Win32,59.52380952,,,,,,,,,,1,40.9298,41.4224,,,,,,,,,,,images/white_butterfly.png,images/purple_butterfly.png,left_image, ,,,,,,40.4413,40.9297,[-0.2165241469684829],[0.04358974358974359],[1],[0],[0],[0.48739999997615513],"[""left_image""]",2,3,11,1,1,,,,,
,,,,,113308,001,2025-01-21_10h23.12.412,Simon,2024.2.4,Win32,59.52380952,,,,,,,,,,1,41.9635,42.4622,,,,,,,,,,,images/white_butterfly.png,images/purple_butterfly.png,left_image, ,,,,,,41.4246,41.9633,[-0.2165241469684829],[0.04358974358974359],[1],[0],[0],[0.5383999999761571],"[""left_image""]",3,0,12,1,1,,,,,
,,,,,113308,001,2025-01-21_10h23.12.412,Simon,2024.2.4,Win32,59.52380952,,,,,,,,,,1,43.0562,43.5562,,,,,,,,,,,images/purple_butterfly.png,images/white_butterfly.png,left_image, ,,,,,,42.4638,43.0561,[-0.2165241469684829],[0.04358974358974359],[1],[0],[0],[0.5916000000238455],"[""left_image""]",3,1,13,0,1,,,,,
,,,,,113308,001,2025-01-21_10h23.12.412,Simon,2024.2.4,Win32,59.52380952,,,,,,,,,,1,44.4395,44.9392,,,,,,,,,,,images/white_butterfly.png,images/yellow_butterfly.png,right_image, ,,,,,,43.5576,44.4393,[0.11737895215678419],[-0.011111111111111112],[1],[0],[0],[0.8810000000000002],"[""right_image""]",3,2,14,3,1,,,,,
,,,,,113308,001,2025-01-21_10h23.12.412,Simon,2024.2.4,Win32,59.52380952,,,,,,,,,,1,45.423,45.9227,,,,,,,,,,,images/yellow_butterfly.png,images/white_butterfly.png,right_image, ,,,,,,44.9406,45.423,[0.11737895215678419],[-0.011111111111111112],[1],[0],[0],[0.48140000003576233],"[""right_image""]",3,3,15,2,1,,,,,
,,,,,113308,001,2025-01-21_10h23.12.412,Simon,2024.2.4,Win32,59.52380952,,,,,,,,,,1,46.873,47.3728,,,,,,,,,,,images/purple_butterfly.png,images/white_butterfly.png,left_image, ,,,,,,45.9245,46.8728,[-0.22792019314236112],[0.026495726495726495],[1],[0],[0],[0.9478000000119238],"[""left_image""]",4,0,16,0,1,,,,,
,,,,,113308,001,2025-01-21_10h23.12.412,Simon,2024.2.4,Win32,59.52380952,,,,,,,,,,1,47.9134,48.4093,,,,,,,,,,,images/white_butterfly.png,images/purple_butterfly.png,left_image, ,,,,,,47.3743,47.9132,[-0.22792019314236112],[0.026495726495726495],[1],[0],[0],[0.5379999999999967],"[""left_image""]",4,1,17,1,1,,,,,
,,,,,113308,001,2025-01-21_10h23.12.412,Simon,2024.2.4,Win32,59.52380952,,,,,,,,,,1,49.2896,49.7894,,,,,,,,,,,images/yellow_butterfly.png,images/white_butterfly.png,right_image, ,,,,,,48.411,49.2895,[0.14472937950721154],[-0.03048434787326389],[1],[0],[0],[0.8776999999880815],"[""right_image""]",4,2,18,2,1,,,,,
,,,,,113308,001,2025-01-21_10h23.12.412,Simon,2024.2.4,Win32,59.52380952,,,,,,,,,,1,50.2901,50.7896,,,,,,,,,,,images/white_butterfly.png,images/yellow_butterfly.png,right_image, ,,,,,,49.7909,50.2899,[0.14472937950721154],[-0.03048434787326389],[1],[0],[0],[0.4981999999880742],"[""right_image""]",4,3,19,3,1,,,,,
,,,,,113308,001,2025-01-21_10h23.12.412,Simon,2024.2.4,Win32,59.52380952,,,,,,,,,,,,,,,,,,,,,,,,,,,,,,,,,,,,,,,,,,,,,,50.7904,56.2574,1,[56.256699999988086],[56.256699999988086]
