﻿instructions.started,instructions.stopped,start_button.numClicks,start_button.timesOn,start_button.timesOff,participant,session,date,expName,psychopyVersion,OS,frameRate,practice_trial.started,practice_trial.stopped,mouse_2.x,mouse_2.y,mouse_2.leftButton,mouse_2.midButton,mouse_2.rightButton,mouse_2.time,mouse_2.clicked_name,correct,feedback.started,feedback.stopped,loop_until_correct.thisRepN,loop_until_correct.thisTrialN,loop_until_correct.thisN,loop_until_correct.thisIndex,loop_until_correct.ran,prac_trials.thisRepN,prac_trials.thisTrialN,prac_trials.thisN,prac_trials.thisIndex,prac_trials.ran,left_color,right_color,correct_response,top_txt
0.0003,1.4109,1,[1.4364999999999988],[1.4364999999999988],113397,001,2025-10-20_12h23.18.350,Simon,2024.2.4,Win32,60.60606061,,,,,,,,,,,,,,,,,,,,,,,,,,
,,,,,113397,001,2025-10-20_12h23.18.350,Simon,2024.2.4,Win32,60.60606061,1.4607,5.7416,[-0.12698412698412698],[-0.07671957671957672],[1],[0],[0],[4.277100000023843],"[""left_image_2"",""left_image_2""]",1,5.7432,6.2403,0,0,0,0,1,,,,,,,,,
,,,,,113397,001,2025-10-20_12h23.18.350,Simon,2024.2.4,Win32,60.60606061,,,,,,,,,,,,,,,,,,0,0,0,0,1,images/purple_butterfly.png,images/white_butterfly.png,left_image_2,"In this example, select the LEFT butterfly."
,,,,,113397,001,2025-10-20_12h23.18.350,Simon,2024.2.4,Win32,60.60606061,6.2431,7.9744,[-0.15978835978835979],[-0.05238095238095238],[1],[0],[0],[1.7288999999761572],"[""left_image_2"",""left_image_2""]",1,7.9749,8.4737,0,0,0,0,1,,,,,,,,,
,,,,,113397,001,2025-10-20_12h23.18.350,Simon,2024.2.4,Win32,60.60606061,,,,,,,,,,,,,,,,,,0,1,1,1,1,images/white_butterfly.png,images/purple_butterfly.png,left_image_2,"In this example, select the LEFT butterfly."
