﻿instructions.started,instructions.stopped,start_button.numClicks,start_button.timesOn,start_button.timesOff,participant,session,date,expName,psychopyVersion,OS,frameRate,practice_trial.started,practice_trial.stopped,mouse_2.x,mouse_2.y,mouse_2.leftButton,mouse_2.midButton,mouse_2.rightButton,mouse_2.time,mouse_2.clicked_name,correct,feedback.started,feedback.stopped,loop_until_correct.thisRepN,loop_until_correct.thisTrialN,loop_until_correct.thisN,loop_until_correct.thisIndex,loop_until_correct.ran,prac_trials.thisRepN,prac_trials.thisTrialN,prac_trials.thisN,prac_trials.thisIndex,prac_trials.ran,left_color,right_color,correct_response,top_txt,instructions_2.started,instructions_2.stopped,start_button_2.numClicks,start_button_2.timesOn,start_button_2.timesOff,trial.started,trial.stopped,mouse.x,mouse.y,mouse.leftButton,mouse.midButton,mouse.rightButton,mouse.time,mouse.clicked_name,trials.thisRepN,trials.thisTrialN,trials.thisN,trials.thisIndex,trials.ran,end.started,end.stopped,start_button_3.numClicks,start_button_3.timesOn,start_button_3.timesOff
0.0004,3.6173,1,[3.628000000000001],[3.628000000000001],115415,001,2025-08-01_10h45.22.421,Simon,2024.2.4,Win32,59.17159763,,,,,,,,,,,,,,,,,,,,,,,,,,,,,,,,,,,,,,,,,,,,,,,,,,
,,,,,115415,001,2025-08-01_10h45.22.421,Simon,2024.2.4,Win32,59.17159763,3.6313,6.6338,[-0.13417190775681342],[0.013626834381551363],[1],[0],[0],[3.0005000000000006],"[""left_image_2"",""left_image_2""]",1,6.6343,7.1335,0,0,0,0,1,,,,,,,,,,,,,,,,,,,,,,,,,,,,,,,,,
,,,,,115415,001,2025-08-01_10h45.22.421,Simon,2024.2.4,Win32,59.17159763,,,,,,,,,,,,,,,,,,0,0,0,0,1,images/purple_butterfly.png,images/white_butterfly.png,left_image_2,"In this example, select the LEFT butterfly.",,,,,,,,,,,,,,,,,,,,,,,,
,,,,,115415,001,2025-08-01_10h45.22.421,Simon,2024.2.4,Win32,59.17159763,7.1364,12.1167,[-0.16666666666666666],[-0.02830188679245283],[1],[0],[0],[4.978799999952315],"[""left_image_2"",""left_image_2""]",1,12.1168,12.6163,0,0,0,0,1,,,,,,,,,,,,,,,,,,,,,,,,,,,,,,,,,
,,,,,115415,001,2025-08-01_10h45.22.421,Simon,2024.2.4,Win32,59.17159763,,,,,,,,,,,,,,,,,,0,1,1,1,1,images/white_butterfly.png,images/purple_butterfly.png,left_image_2,"In this example, select the LEFT butterfly.",,,,,,,,,,,,,,,,,,,,,,,,
,,,,,115415,001,2025-08-01_10h45.22.421,Simon,2024.2.4,Win32,59.17159763,12.6174,14.5003,[0.16981132075471697],[-0.0220125786163522],[1],[0],[0],[1.8804000000953707],"[""right_image_2"",""right_image_2""]",1,14.5004,15.0007,0,0,0,0,1,,,,,,,,,,,,,,,,,,,,,,,,,,,,,,,,,
,,,,,115415,001,2025-08-01_10h45.22.421,Simon,2024.2.4,Win32,59.17159763,,,,,,,,,,,,,,,,,,0,2,2,2,1,images/yellow_butterfly.png,images/white_butterfly.png,right_image_2,"In this example, select the RIGHT butterfly.",,,,,,,,,,,,,,,,,,,,,,,,
,,,,,115415,001,2025-08-01_10h45.22.421,Simon,2024.2.4,Win32,59.17159763,15.0028,16.617,[0.09329140461215933],[0.006289308176100629],[1],[0],[0],[1.6124999999999972],"[""right_image_2"",""right_image_2""]",1,16.617,17.1167,0,0,0,0,1,,,,,,,,,,,,,,,,,,,,,,,,,,,,,,,,,
,,,,,115415,001,2025-08-01_10h45.22.421,Simon,2024.2.4,Win32,59.17159763,,,,,,,,,,,,,,,,,,0,3,3,3,1,images/white_butterfly.png,images/yellow_butterfly.png,right_image_2,"In this example, select the RIGHT butterfly.",,,,,,,,,,,,,,,,,,,,,,,,
,,,,,115415,001,2025-08-01_10h45.22.421,Simon,2024.2.4,Win32,59.17159763,,,,,,,,,,,,,,,,,,,,,,,,,,,17.117,19.2837,1,[19.285599999904633],[19.285599999904633],,,,,,,,,,,,,,,,,,,
,,,,,115415,001,2025-08-01_10h45.22.421,Simon,2024.2.4,Win32,59.17159763,,,,,,,,,,1,22.7833,23.2833,,,,,,,,,,,images/purple_butterfly.png,images/white_butterfly.png,left_image, ,,,,,,19.2893,22.7833,[-0.14570230607966456],[-0.03563941299790356],[1],[0],[0],[3.4934999999999974],"[""left_image""]",0,0,0,0,1,,,,,
,,,,,115415,001,2025-08-01_10h45.22.421,Simon,2024.2.4,Win32,59.17159763,,,,,,,,,,0,25.901,26.3998,,,,,,,,,,,images/yellow_butterfly.png,images/white_butterfly.png,right_image, ,,,,,,23.2839,25.9001,[-0.1719077568134172],[-0.03249475890985325],[1],[0],[0],[2.6158999998569534],"[""left_image""]",0,1,1,2,1,,,,,
,,,,,115415,001,2025-08-01_10h45.22.421,Simon,2024.2.4,Win32,59.17159763,,,,,,,,,,1,30.9837,31.4832,,,,,,,,,,,images/white_butterfly.png,images/yellow_butterfly.png,right_image, ,,,,,,26.4001,30.9832,[0.06079664570230608],[-0.03668763102725367],[0],[0],[1],[4.582700000047687],"[""right_image""]",0,2,2,3,1,,,,,
,,,,,115415,001,2025-08-01_10h45.22.421,Simon,2024.2.4,Win32,59.17159763,,,,,,,,,,0,32.7001,33.2002,,,,,,,,,,,images/white_butterfly.png,images/purple_butterfly.png,left_image, ,,,,,,31.4839,32.6997,[0.14046121593291405],[0.015723270440251572],[1],[0],[0],[1.2152000000476804],"[""right_image""]",0,3,3,1,1,,,,,
,,,,,115415,001,2025-08-01_10h45.22.421,Simon,2024.2.4,Win32,59.17159763,,,,,,,,,,0,33.9166,34.4165,,,,,,,,,,,images/white_butterfly.png,images/yellow_butterfly.png,right_image, ,,,,,,33.2005,33.9166,[-0.18553459119496854],[-0.007337526205450734],[1],[0],[0],[0.7157999999523099],"[""left_image""]",1,0,4,3,1,,,,,
,,,,,115415,001,2025-08-01_10h45.22.421,Simon,2024.2.4,Win32,59.17159763,,,,,,,,,,0,35.5498,36.0333,,,,,,,,,,,images/purple_butterfly.png,images/white_butterfly.png,left_image, ,,,,,,34.4168,35.5497,[0.2662473794549266],[-0.005241090146750524],[1],[0],[0],[1.1325000000000003],"[""right_image""]",1,1,5,0,1,,,,,
,,,,,115415,001,2025-08-01_10h45.22.421,Simon,2024.2.4,Win32,59.17159763,,,,,,,,,,0,36.7166,37.2163,,,,,,,,,,,images/yellow_butterfly.png,images/white_butterfly.png,right_image, ,,,,,,36.0337,36.7166,[-0.1509433962264151],[0.016771488469601678],[1],[0],[0],[0.6825000000000045],"[""left_image""]",1,2,6,2,1,,,,,
,,,,,115415,001,2025-08-01_10h45.22.421,Simon,2024.2.4,Win32,59.17159763,,,,,,,,,,0,37.9831,38.4831,,,,,,,,,,,images/white_butterfly.png,images/purple_butterfly.png,left_image, ,,,,,,37.2166,37.983,[0.27044025157232704],[0.015723270440251572],[1],[0],[0],[0.7657999999523213],"[""right_image""]",1,3,7,1,1,,,,,
,,,,,115415,001,2025-08-01_10h45.22.421,Simon,2024.2.4,Win32,59.17159763,,,,,,,,,,0,39.0834,39.5834,,,,,,,,,,,images/yellow_butterfly.png,images/white_butterfly.png,right_image, ,,,,,,38.4835,39.0834,[-0.1928721174004193],[0.0220125786163522],[1],[0],[0],[0.5995999999046333],"[""left_image""]",2,0,8,2,1,,,,,
,,,,,115415,001,2025-08-01_10h45.22.421,Simon,2024.2.4,Win32,59.17159763,,,,,,,,,,0,40.1332,40.6333,,,,,,,,,,,images/purple_butterfly.png,images/white_butterfly.png,left_image, ,,,,,,39.5837,40.1332,[0.18238993710691823],[-0.015723270440251572],[1],[0],[0],[0.5489999999999995],"[""right_image""]",2,1,9,0,1,,,,,
,,,,,115415,001,2025-08-01_10h45.22.421,Simon,2024.2.4,Win32,59.17159763,,,,,,,,,,0,41.3663,41.8665,,,,,,,,,,,images/white_butterfly.png,images/yellow_butterfly.png,right_image, ,,,,,,40.6338,41.3662,[-0.15723270440251572],[-0.014675052410901468],[1],[0],[0],[0.7320999999046336],"[""left_image""]",2,2,10,3,1,,,,,
,,,,,115415,001,2025-08-01_10h45.22.421,Simon,2024.2.4,Win32,59.17159763,,,,,,,,,,1,42.3004,42.7997,,,,,,,,,,,images/white_butterfly.png,images/purple_butterfly.png,left_image, ,,,,,,41.8669,42.3,[-0.15723270440251572],[-0.014675052410901468],[1],[0],[0],[0.43289999985695005],"[""left_image""]",2,3,11,1,1,,,,,
,,,,,115415,001,2025-08-01_10h45.22.421,Simon,2024.2.4,Win32,59.17159763,,,,,,,,,,1,43.3997,43.9004,,,,,,,,,,,images/white_butterfly.png,images/yellow_butterfly.png,right_image, ,,,,,,42.8002,43.3997,[0.2222222222222222],[0.0020964360587002098],[1],[0],[0],[0.5994000000953719],"[""right_image""]",3,0,12,3,1,,,,,
,,,,,115415,001,2025-08-01_10h45.22.421,Simon,2024.2.4,Win32,59.17159763,,,,,,,,,,0,44.384,44.8833,,,,,,,,,,,images/yellow_butterfly.png,images/white_butterfly.png,right_image, ,,,,,,43.9016,44.3835,[-0.12578616352201258],[-0.0041928721174004195],[1],[0],[0],[0.48100000000000165],"[""left_image""]",3,1,13,2,1,,,,,
,,,,,115415,001,2025-08-01_10h45.22.421,Simon,2024.2.4,Win32,59.17159763,,,,,,,,,,0,45.5168,46.0166,,,,,,,,,,,images/purple_butterfly.png,images/white_butterfly.png,left_image, ,,,,,,44.8836,45.5167,[0.20649895178197064],[-0.0220125786163522],[1],[0],[0],[0.6329000000953684],"[""right_image""]",3,2,14,0,1,,,,,
,,,,,115415,001,2025-08-01_10h45.22.421,Simon,2024.2.4,Win32,59.17159763,,,,,,,,,,1,46.7,47.1998,,,,,,,,,,,images/white_butterfly.png,images/purple_butterfly.png,left_image, ,,,,,,46.0173,46.6996,[-0.16457023060796647],[-0.03459119496855346],[1],[0],[0],[0.6814000000953655],"[""left_image""]",3,3,15,1,1,,,,,
,,,,,115415,001,2025-08-01_10h45.22.421,Simon,2024.2.4,Win32,59.17159763,,,,,,,,,,0,47.8167,48.3164,,,,,,,,,,,images/white_butterfly.png,images/purple_butterfly.png,left_image, ,,,,,,47.2003,47.8162,[0.1970649895178197],[-0.03878406708595388],[1],[0],[0],[0.6157000000476813],"[""right_image""]",4,0,16,1,1,,,,,
,,,,,115415,001,2025-08-01_10h45.22.421,Simon,2024.2.4,Win32,59.17159763,,,,,,,,,,0,48.9,49.3998,,,,,,,,,,,images/yellow_butterfly.png,images/white_butterfly.png,right_image, ,,,,,,48.3168,48.8998,[-0.13417190775681342],[-0.05345911949685535],[1],[0],[0],[0.5826999998092717],"[""left_image""]",4,1,17,2,1,,,,,
,,,,,115415,001,2025-08-01_10h45.22.421,Simon,2024.2.4,Win32,59.17159763,,,,,,,,,,0,50.0167,50.5169,,,,,,,,,,,images/purple_butterfly.png,images/white_butterfly.png,left_image, ,,,,,,49.4003,50.0166,[0.21174004192872117],[-0.03668763102725367],[1],[0],[0],[0.6158000001907311],"[""right_image""]",4,2,18,0,1,,,,,
,,,,,115415,001,2025-08-01_10h45.22.421,Simon,2024.2.4,Win32,59.17159763,,,,,,,,,,0,51.1667,51.6669,,,,,,,,,,,images/white_butterfly.png,images/yellow_butterfly.png,right_image, ,,,,,,50.5174,51.1667,[-0.14465408805031446],[-0.027253668763102725],[1],[0],[0],[0.6490999999046281],"[""left_image""]",4,3,19,3,1,,,,,
,,,,,115415,001,2025-08-01_10h45.22.421,Simon,2024.2.4,Win32,59.17159763,,,,,,,,,,,,,,,,,,,,,,,,,,,,,,,,,,,,,,,,,,,,,,51.6672,53.1167,1,[53.1165],[53.1165]
