﻿instructions.started,instructions.stopped,start_button.numClicks,start_button.timesOn,start_button.timesOff,participant,session,date,expName,psychopyVersion,OS,frameRate,practice_trial.started,practice_trial.stopped,mouse_2.x,mouse_2.y,mouse_2.leftButton,mouse_2.midButton,mouse_2.rightButton,mouse_2.time,mouse_2.clicked_name,correct,feedback.started,feedback.stopped,loop_until_correct.thisRepN,loop_until_correct.thisTrialN,loop_until_correct.thisN,loop_until_correct.thisIndex,loop_until_correct.ran,prac_trials.thisRepN,prac_trials.thisTrialN,prac_trials.thisN,prac_trials.thisIndex,prac_trials.ran,left_color,right_color,correct_response,top_txt
0.0004,4.3979,1,[4.410800000000744],[4.410900000000371],117445,001,2025-04-10_13h51.27.532,Simon,2024.2.4,Win32,59.88023952,,,,,,,,,,,,,,,,,,,,,,,,,,
,,,,,117445,001,2025-04-10_13h51.27.532,Simon,2024.2.4,Win32,59.88023952,4.416,6.0974,[-0.18157033805888767],[-0.07470010905125408],[1],[0],[0],[1.6784999999999997],"[""left_image_2"",""left_image_2""]",1,6.099,6.597,0,0,0,0,1,,,,,,,,,
,,,,,117445,001,2025-04-10_13h51.27.532,Simon,2024.2.4,Win32,59.88023952,,,,,,,,,,,,,,,,,,0,0,0,0,1,images/purple_butterfly.png,images/white_butterfly.png,left_image_2,"In this example, select the LEFT butterfly."
,,,,,117445,001,2025-04-10_13h51.27.532,Simon,2024.2.4,Win32,59.88023952,6.6008,8.6967,[-0.10087241003271538],[-0.07906215921483097],[1],[0],[0],[2.0937000000011174],"[""left_image_2"",""left_image_2""]",1,8.697,9.1967,0,0,0,0,1,,,,,,,,,
,,,,,117445,001,2025-04-10_13h51.27.532,Simon,2024.2.4,Win32,59.88023952,,,,,,,,,,,,,,,,,,0,1,1,1,1,images/white_butterfly.png,images/purple_butterfly.png,left_image_2,"In this example, select the LEFT butterfly."
,,,,,117445,001,2025-04-10_13h51.27.532,Simon,2024.2.4,Win32,59.88023952,9.1998,10.5975,[0.0866957470010905],[-0.0910577971646674],[1],[0],[0],[1.3949999999999996],"[""right_image_2"",""right_image_2""]",1,10.5978,11.0963,0,0,0,0,1,,,,,,,,,
,,,,,117445,001,2025-04-10_13h51.27.532,Simon,2024.2.4,Win32,59.88023952,,,,,,,,,,,,,,,,,,0,2,2,2,1,images/yellow_butterfly.png,images/white_butterfly.png,right_image_2,"In this example, select the RIGHT butterfly."
,,,,,117445,001,2025-04-10_13h51.27.532,Simon,2024.2.4,Win32,59.88023952,11.0975,12.2134,[0.0866957470010905],[-0.09214830970556162],[1],[0],[0],[1.1149999999999984],"[""right_image_2"",""right_image_2""]",1,12.2136,12.7129,0,0,0,0,1,,,,,,,,,
,,,,,117445,001,2025-04-10_13h51.27.532,Simon,2024.2.4,Win32,59.88023952,,,,,,,,,,,,,,,,,,0,3,3,3,1,images/white_butterfly.png,images/yellow_butterfly.png,right_image_2,"In this example, select the RIGHT butterfly."
