﻿instructions.started,instructions.stopped,start_button.numClicks,start_button.timesOn,start_button.timesOff,participant,session,date,expName,psychopyVersion,OS,frameRate,practice_trial.started,practice_trial.stopped,mouse_2.x,mouse_2.y,mouse_2.leftButton,mouse_2.midButton,mouse_2.rightButton,mouse_2.time,mouse_2.clicked_name,correct,feedback.started,feedback.stopped,loop_until_correct.thisRepN,loop_until_correct.thisTrialN,loop_until_correct.thisN,loop_until_correct.thisIndex,loop_until_correct.ran,prac_trials.thisRepN,prac_trials.thisTrialN,prac_trials.thisN,prac_trials.thisIndex,prac_trials.ran,left_color,right_color,correct_response,top_txt,instructions_2.started,instructions_2.stopped,start_button_2.numClicks,start_button_2.timesOn,start_button_2.timesOff,trial.started,trial.stopped,mouse.x,mouse.y,mouse.leftButton,mouse.midButton,mouse.rightButton,mouse.time,mouse.clicked_name,trials.thisRepN,trials.thisTrialN,trials.thisN,trials.thisIndex,trials.ran,end.started,end.stopped,start_button_3.numClicks,start_button_3.timesOn,start_button_3.timesOff
0.0006,32.5619,1,[32.57340000009537],[32.57340000009537],117521,001,2025-05-01_16h18.50.940,Simon,2024.2.4,Win32,90.09009009,,,,,,,,,,,,,,,,,,,,,,,,,,,,,,,,,,,,,,,,,,,,,,,,,,
,,,,,117521,001,2025-05-01_16h18.50.940,Simon,2024.2.4,Win32,90.09009009,32.5813,37.902,[-0.17162162162162162],[0.0006756756756756757],[1],[0],[0],[5.317400000095368],"[""left_image_2"",""left_image_2""]",1,37.9033,38.3901,0,0,0,0,1,,,,,,,,,,,,,,,,,,,,,,,,,,,,,,,,,
,,,,,117521,001,2025-05-01_16h18.50.940,Simon,2024.2.4,Win32,90.09009009,,,,,,,,,,,,,,,,,,0,0,0,0,1,images/purple_butterfly.png,images/white_butterfly.png,left_image_2,"In this example, select the LEFT butterfly.",,,,,,,,,,,,,,,,,,,,,,,,
,,,,,117521,001,2025-05-01_16h18.50.940,Simon,2024.2.4,Win32,90.09009009,38.3929,39.9985,[-0.17162162162162162],[-0.0006756756756756757],[1],[0],[0],[1.603900000095365],"[""left_image_2"",""left_image_2""]",1,39.9992,40.5005,0,0,0,0,1,,,,,,,,,,,,,,,,,,,,,,,,,,,,,,,,,
,,,,,117521,001,2025-05-01_16h18.50.940,Simon,2024.2.4,Win32,90.09009009,,,,,,,,,,,,,,,,,,0,1,1,1,1,images/white_butterfly.png,images/purple_butterfly.png,left_image_2,"In this example, select the LEFT butterfly.",,,,,,,,,,,,,,,,,,,,,,,,
,,,,,117521,001,2025-05-01_16h18.50.940,Simon,2024.2.4,Win32,90.09009009,40.5025,41.8217,[0.2391891891891892],[-0.006081081081081081],[1],[0],[0],[1.3175000000000026],"[""right_image_2"",""right_image_2""]",1,41.8221,42.32,0,0,0,0,1,,,,,,,,,,,,,,,,,,,,,,,,,,,,,,,,,
,,,,,117521,001,2025-05-01_16h18.50.940,Simon,2024.2.4,Win32,90.09009009,,,,,,,,,,,,,,,,,,0,2,2,2,1,images/yellow_butterfly.png,images/white_butterfly.png,right_image_2,"In this example, select the RIGHT butterfly.",,,,,,,,,,,,,,,,,,,,,,,,
,,,,,117521,001,2025-05-01_16h18.50.940,Simon,2024.2.4,Win32,90.09009009,42.3224,43.916,[0.23851351351351352],[-0.006081081081081081],[1],[0],[0],[1.592499999999994],"[""right_image_2"",""right_image_2""]",1,43.9166,44.4044,0,0,0,0,1,,,,,,,,,,,,,,,,,,,,,,,,,,,,,,,,,
,,,,,117521,001,2025-05-01_16h18.50.940,Simon,2024.2.4,Win32,90.09009009,,,,,,,,,,,,,,,,,,0,3,3,3,1,images/white_butterfly.png,images/yellow_butterfly.png,right_image_2,"In this example, select the RIGHT butterfly.",,,,,,,,,,,,,,,,,,,,,,,,
,,,,,117521,001,2025-05-01_16h18.50.940,Simon,2024.2.4,Win32,90.09009009,,,,,,,,,,,,,,,,,,,,,,,,,,,44.4049,45.7878,1,[45.789600000143054],[45.789600000143054],,,,,,,,,,,,,,,,,,,
,,,,,117521,001,2025-05-01_16h18.50.940,Simon,2024.2.4,Win32,90.09009009,,,,,,,,,,1,47.5845,48.079,,,,,,,,,,,images/yellow_butterfly.png,images/white_butterfly.png,right_image, ,,,,,,45.7933,47.5844,[0.21891891891891893],[-0.02702702702702703],[1],[0],[0],[1.7904999999999944],"[""right_image""]",0,0,0,2,1,,,,,
,,,,,117521,001,2025-05-01_16h18.50.940,Simon,2024.2.4,Win32,90.09009009,,,,,,,,,,1,48.9382,49.4394,,,,,,,,,,,images/white_butterfly.png,images/yellow_butterfly.png,right_image, ,,,,,,48.08,48.9382,[0.21891891891891893],[-0.02837837837837838],[1],[0],[0],[0.8575000000000017],"[""right_image""]",0,1,1,3,1,,,,,
,,,,,117521,001,2025-05-01_16h18.50.940,Simon,2024.2.4,Win32,90.09009009,,,,,,,,,,1,50.2596,50.7608,,,,,,,,,,,images/purple_butterfly.png,images/white_butterfly.png,left_image, ,,,,,,49.4403,50.2596,[-0.22972972972972974],[-0.016891891891891893],[1],[0],[0],[0.8181000001430547],"[""left_image""]",0,2,2,0,1,,,,,
,,,,,117521,001,2025-05-01_16h18.50.940,Simon,2024.2.4,Win32,90.09009009,,,,,,,,,,1,51.6841,52.1865,,,,,,,,,,,images/white_butterfly.png,images/purple_butterfly.png,left_image, ,,,,,,50.7621,51.6841,[-0.2304054054054054],[0.02702702702702703],[1],[0],[0],[0.9213000001907332],"[""left_image""]",0,3,3,1,1,,,,,
,,,,,117521,001,2025-05-01_16h18.50.940,Simon,2024.2.4,Win32,90.09009009,,,,,,,,,,1,53.0402,53.5255,,,,,,,,,,,images/purple_butterfly.png,images/white_butterfly.png,left_image, ,,,,,,52.1871,53.0401,[-0.16148648648648647],[-0.027702702702702704],[1],[0],[0],[0.8524000000953649],"[""left_image""]",1,0,4,0,1,,,,,
,,,,,117521,001,2025-05-01_16h18.50.940,Simon,2024.2.4,Win32,90.09009009,,,,,,,,,,1,54.6947,55.1985,,,,,,,,,,,images/white_butterfly.png,images/purple_butterfly.png,left_image, ,,,,,,53.526,54.6945,[-0.21554054054054053],[0.029054054054054056],[1],[0],[0],[1.1679999999999993],"[""left_image""]",1,1,5,1,1,,,,,
,,,,,117521,001,2025-05-01_16h18.50.940,Simon,2024.2.4,Win32,90.09009009,,,,,,,,,,1,56.3566,56.8499,,,,,,,,,,,images/yellow_butterfly.png,images/white_butterfly.png,right_image, ,,,,,,55.1991,56.3563,[0.19527027027027027],[-0.018243243243243244],[1],[0],[0],[1.1569000000953622],"[""right_image""]",1,2,6,2,1,,,,,
,,,,,117521,001,2025-05-01_16h18.50.940,Simon,2024.2.4,Win32,90.09009009,,,,,,,,,,1,57.5346,58.0299,,,,,,,,,,,images/white_butterfly.png,images/yellow_butterfly.png,right_image, ,,,,,,56.8513,57.5346,[0.1891891891891892],[-0.016216216216216217],[1],[0],[0],[0.6827999999523087],"[""right_image""]",1,3,7,3,1,,,,,
,,,,,117521,001,2025-05-01_16h18.50.940,Simon,2024.2.4,Win32,90.09009009,,,,,,,,,,1,58.7926,59.29,,,,,,,,,,,images/yellow_butterfly.png,images/white_butterfly.png,right_image, ,,,,,,58.0309,58.7926,[0.17364864864864865],[-0.016216216216216217],[1],[0],[0],[0.761000000000017],"[""right_image""]",2,0,8,2,1,,,,,
,,,,,117521,001,2025-05-01_16h18.50.940,Simon,2024.2.4,Win32,90.09009009,,,,,,,,,,1,59.9162,60.4106,,,,,,,,,,,images/white_butterfly.png,images/yellow_butterfly.png,right_image, ,,,,,,59.2912,59.9161,[0.17364864864864865],[-0.016216216216216217],[1],[0],[0],[0.6242999999523136],"[""right_image""]",2,1,9,3,1,,,,,
,,,,,117521,001,2025-05-01_16h18.50.940,Simon,2024.2.4,Win32,90.09009009,,,,,,,,,,1,61.2709,61.7711,,,,,,,,,,,images/purple_butterfly.png,images/white_butterfly.png,left_image, ,,,,,,60.4115,61.2708,[-0.23175675675675675],[0.011486486486486487],[1],[0],[0],[0.8585000000000065],"[""left_image""]",2,2,10,0,1,,,,,
,,,,,117521,001,2025-05-01_16h18.50.940,Simon,2024.2.4,Win32,90.09009009,,,,,,,,,,1,62.7793,63.2655,,,,,,,,,,,images/white_butterfly.png,images/purple_butterfly.png,left_image, ,,,,,,61.7719,62.7792,[-0.17229729729729729],[-0.002027027027027027],[1],[0],[0],[1.0065999999046369],"[""left_image""]",2,3,11,1,1,,,,,
,,,,,117521,001,2025-05-01_16h18.50.940,Simon,2024.2.4,Win32,90.09009009,,,,,,,,,,1,64.2357,64.7243,,,,,,,,,,,images/purple_butterfly.png,images/white_butterfly.png,left_image, ,,,,,,63.2661,64.2356,[-0.12567567567567567],[-0.07635135135135135],[1],[0],[0],[0.9690000000000083],"[""left_image""]",3,0,12,0,1,,,,,
,,,,,117521,001,2025-05-01_16h18.50.940,Simon,2024.2.4,Win32,90.09009009,,,,,,,,,,1,65.4644,65.9575,,,,,,,,,,,images/white_butterfly.png,images/yellow_butterfly.png,right_image, ,,,,,,64.7257,65.4644,[0.2277027027027027],[-0.022972972972972974],[1],[0],[0],[0.7382999999523179],"[""right_image""]",3,1,13,3,1,,,,,
,,,,,117521,001,2025-05-01_16h18.50.940,Simon,2024.2.4,Win32,90.09009009,,,,,,,,,,1,67.1359,67.6195,,,,,,,,,,,images/white_butterfly.png,images/purple_butterfly.png,left_image, ,,,,,,65.958,67.1358,[-0.17702702702702702],[-0.02027027027027027],[1],[0],[0],[1.1776000001430447],"[""left_image""]",3,2,14,1,1,,,,,
,,,,,117521,001,2025-05-01_16h18.50.940,Simon,2024.2.4,Win32,90.09009009,,,,,,,,,,1,68.9025,69.4065,,,,,,,,,,,images/yellow_butterfly.png,images/white_butterfly.png,right_image, ,,,,,,67.6201,68.9025,[0.1222972972972973],[-0.030405405405405407],[1],[0],[0],[1.2819000000953764],"[""right_image""]",3,3,15,2,1,,,,,
,,,,,117521,001,2025-05-01_16h18.50.940,Simon,2024.2.4,Win32,90.09009009,,,,,,,,,,1,70.5612,71.063,,,,,,,,,,,images/white_butterfly.png,images/yellow_butterfly.png,right_image, ,,,,,,69.4081,70.561,[0.17297297297297298],[-0.038513513513513516],[1],[0],[0],[1.1524000000953691],"[""right_image""]",4,0,16,3,1,,,,,
,,,,,117521,001,2025-05-01_16h18.50.940,Simon,2024.2.4,Win32,90.09009009,,,,,,,,,,1,71.955,72.4566,,,,,,,,,,,images/purple_butterfly.png,images/white_butterfly.png,left_image, ,,,,,,71.0639,71.9548,[-0.1885135135135135],[0.04054054054054054],[1],[0],[0],[0.8901000001430504],"[""left_image""]",4,1,17,0,1,,,,,
,,,,,117521,001,2025-05-01_16h18.50.940,Simon,2024.2.4,Win32,90.09009009,,,,,,,,,,1,74.1458,74.6475,,,,,,,,,,,images/white_butterfly.png,images/purple_butterfly.png,left_image, ,,,,,,72.4571,74.1457,[-0.13986486486486485],[0.024324324324324326],[1],[0],[0],[1.6882000000476864],"[""left_image""]",4,2,18,1,1,,,,,
,,,,,117521,001,2025-05-01_16h18.50.940,Simon,2024.2.4,Win32,90.09009009,,,,,,,,,,1,75.731,76.226,,,,,,,,,,,images/yellow_butterfly.png,images/white_butterfly.png,right_image, ,,,,,,74.6484,75.7309,[0.1810810810810811],[-0.019594594594594596],[1],[0],[0],[1.0822000000476777],"[""right_image""]",4,3,19,2,1,,,,,
,,,,,117521,001,2025-05-01_16h18.50.940,Simon,2024.2.4,Win32,90.09009009,,,,,,,,,,,,,,,,,,,,,,,,,,,,,,,,,,,,,,,,,,,,,,76.2263,77.5525,1,[77.55209999990463],[77.55209999990463]
