﻿instructions.started,instructions.stopped,start_button.numClicks,start_button.timesOn,start_button.timesOff,participant,session,date,expName,psychopyVersion,OS,frameRate,practice_trial.started,practice_trial.stopped,mouse_2.x,mouse_2.y,mouse_2.leftButton,mouse_2.midButton,mouse_2.rightButton,mouse_2.time,mouse_2.clicked_name,correct,feedback.started,feedback.stopped,loop_until_correct.thisRepN,loop_until_correct.thisTrialN,loop_until_correct.thisN,loop_until_correct.thisIndex,loop_until_correct.ran,prac_trials.thisRepN,prac_trials.thisTrialN,prac_trials.thisN,prac_trials.thisIndex,prac_trials.ran,left_color,right_color,correct_response,top_txt,instructions_2.started,instructions_2.stopped,start_button_2.numClicks,start_button_2.timesOn,start_button_2.timesOff,trial.started,trial.stopped,mouse.x,mouse.y,mouse.leftButton,mouse.midButton,mouse.rightButton,mouse.time,mouse.clicked_name,trials.thisRepN,trials.thisTrialN,trials.thisN,trials.thisIndex,trials.ran
0.001,8.464,1,[8.470999999999998],[8.470999999999998],121294,001,2025-12-28_12h19.27.977,Simon,2024.2.4,MacIntel,60.0240096,,,,,,,,,,,,,,,,,,,,,,,,,,,,,,,,,,,,,,,,,,,,,
,,,,,121294,001,2025-12-28_12h19.27.977,Simon,2024.2.4,MacIntel,60.0240096,8.477,14.497,[-0.1995],[-0.014],[1],[0],[0],[6.017999999999999],"[""left_image_2"",""left_image_2""]",1,14.497,14.997,0,0,0,0,1,,,,,,,,,,,,,,,,,,,,,,,,,,,,
,,,,,121294,001,2025-12-28_12h19.27.977,Simon,2024.2.4,MacIntel,60.0240096,,,,,,,,,,,,,,,,,,0,0,0,0,1,images/purple_butterfly.png,images/white_butterfly.png,left_image_2,"In this example, select the LEFT butterfly.",,,,,,,,,,,,,,,,,,,
,,,,,121294,001,2025-12-28_12h19.27.977,Simon,2024.2.4,MacIntel,60.0240096,15,19.363,[-0.2],[-0.0165],[1],[0],[0],[4.362000000000002],"[""left_image_2"",""left_image_2""]",1,19.363,19.863,0,0,0,0,1,,,,,,,,,,,,,,,,,,,,,,,,,,,,
,,,,,121294,001,2025-12-28_12h19.27.977,Simon,2024.2.4,MacIntel,60.0240096,,,,,,,,,,,,,,,,,,0,1,1,1,1,images/white_butterfly.png,images/purple_butterfly.png,left_image_2,"In this example, select the LEFT butterfly.",,,,,,,,,,,,,,,,,,,
,,,,,121294,001,2025-12-28_12h19.27.977,Simon,2024.2.4,MacIntel,60.0240096,19.866,22.747,[0.2205],[-0.0595],[1],[0],[0],[2.878999999999998],"[""right_image_2"",""right_image_2""]",1,22.747,23.247,0,0,0,0,1,,,,,,,,,,,,,,,,,,,,,,,,,,,,
,,,,,121294,001,2025-12-28_12h19.27.977,Simon,2024.2.4,MacIntel,60.0240096,,,,,,,,,,,,,,,,,,0,2,2,2,1,images/yellow_butterfly.png,images/white_butterfly.png,right_image_2,"In this example, select the RIGHT butterfly.",,,,,,,,,,,,,,,,,,,
,,,,,121294,001,2025-12-28_12h19.27.977,Simon,2024.2.4,MacIntel,60.0240096,23.25,25.13,[0.191],[-0.0445],[1],[0],[0],[1.8790000000000013],"[""right_image_2"",""right_image_2""]",1,25.131,25.63,0,0,0,0,1,,,,,,,,,,,,,,,,,,,,,,,,,,,,
,,,,,121294,001,2025-12-28_12h19.27.977,Simon,2024.2.4,MacIntel,60.0240096,,,,,,,,,,,,,,,,,,0,3,3,3,1,images/white_butterfly.png,images/yellow_butterfly.png,right_image_2,"In this example, select the RIGHT butterfly.",,,,,,,,,,,,,,,,,,,
,,,,,121294,001,2025-12-28_12h19.27.977,Simon,2024.2.4,MacIntel,60.0240096,,,,,,,,,,,,,,,,,,,,,,,,,,,25.63,28.097,1,[28.098000000000003],[28.098000000000003],,,,,,,,,,,,,,
,,,,,121294,001,2025-12-28_12h19.27.977,Simon,2024.2.4,MacIntel,60.0240096,,,,,,,,,,0,30.681,31.18,,,,,,,,,,,images/yellow_butterfly.png,images/white_butterfly.png,right_image, ,,,,,,28.102,30.679,[-0.178],[-0.0665],[1],[0],[0],[2.576999999999998],"[""left_image""]",0,0,0,2,1
