﻿instructions.started,instructions.stopped,start_button.numClicks,start_button.timesOn,start_button.timesOff,participant,session,date,expName,psychopyVersion,OS,frameRate,practice_trial.started,practice_trial.stopped,mouse_2.x,mouse_2.y,mouse_2.leftButton,mouse_2.midButton,mouse_2.rightButton,mouse_2.time,mouse_2.clicked_name,correct,feedback.started,feedback.stopped,loop_until_correct.thisRepN,loop_until_correct.thisTrialN,loop_until_correct.thisN,loop_until_correct.thisIndex,loop_until_correct.ran,prac_trials.thisRepN,prac_trials.thisTrialN,prac_trials.thisN,prac_trials.thisIndex,prac_trials.ran,left_color,right_color,correct_response,top_txt,instructions_2.started,instructions_2.stopped,start_button_2.numClicks,start_button_2.timesOn,start_button_2.timesOff,trial.started,trial.stopped,mouse.x,mouse.y,mouse.leftButton,mouse.midButton,mouse.rightButton,mouse.time,mouse.clicked_name,trials.thisRepN,trials.thisTrialN,trials.thisN,trials.thisIndex,trials.ran
0,15.902,1,[15.911],[15.911],122201,001,2025-06-26_16h34.46.380,Simon,2024.2.4,MacIntel,58.82352941,,,,,,,,,,,,,,,,,,,,,,,,,,,,,,,,,,,,,,,,,,,,,
,,,,,122201,001,2025-06-26_16h34.46.380,Simon,2024.2.4,MacIntel,58.82352941,15.919,18.205,[-0.156590084643289],[-0.047762998790810154],[1],[0],[0],[2.282],"[""left_image_2"",""left_image_2""]",1,18.205,18.705,0,0,0,0,1,,,,,,,,,,,,,,,,,,,,,,,,,,,,
,,,,,122201,001,2025-06-26_16h34.46.380,Simon,2024.2.4,MacIntel,58.82352941,,,,,,,,,,,,,,,,,,0,0,0,0,1,images/purple_butterfly.png,images/white_butterfly.png,left_image_2,"In this example, select the LEFT butterfly.",,,,,,,,,,,,,,,,,,,
,,,,,122201,001,2025-06-26_16h34.46.380,Simon,2024.2.4,MacIntel,58.82352941,18.708,24.455,[-0.1444981862152358],[-0.046553808948004836],[1],[0],[0],[5.7429999999999986],"[""left_image_2"",""left_image_2""]",1,24.455,24.954,0,0,0,0,1,,,,,,,,,,,,,,,,,,,,,,,,,,,,
,,,,,122201,001,2025-06-26_16h34.46.380,Simon,2024.2.4,MacIntel,58.82352941,,,,,,,,,,,,,,,,,,0,1,1,1,1,images/white_butterfly.png,images/purple_butterfly.png,left_image_2,"In this example, select the LEFT butterfly.",,,,,,,,,,,,,,,,,,,
,,,,,122201,001,2025-06-26_16h34.46.380,Simon,2024.2.4,MacIntel,58.82352941,24.956,26.888,[0.21704957678355502],[-0.035671100362756954],[1],[0],[0],[1.9289999999999985],"[""right_image_2"",""right_image_2""]",1,26.888,27.388,0,0,0,0,1,,,,,,,,,,,,,,,,,,,,,,,,,,,,
,,,,,122201,001,2025-06-26_16h34.46.380,Simon,2024.2.4,MacIntel,58.82352941,,,,,,,,,,,,,,,,,,0,2,2,2,1,images/yellow_butterfly.png,images/white_butterfly.png,right_image_2,"In this example, select the RIGHT butterfly.",,,,,,,,,,,,,,,,,,,
,,,,,122201,001,2025-06-26_16h34.46.380,Simon,2024.2.4,MacIntel,58.82352941,27.39,28.712,[0.17230955259975816],[-0.0501813784764208],[1],[0],[0],[1.3200000000000003],"[""right_image_2"",""right_image_2""]",1,28.712,29.212,0,0,0,0,1,,,,,,,,,,,,,,,,,,,,,,,,,,,,
,,,,,122201,001,2025-06-26_16h34.46.380,Simon,2024.2.4,MacIntel,58.82352941,,,,,,,,,,,,,,,,,,0,3,3,3,1,images/white_butterfly.png,images/yellow_butterfly.png,right_image_2,"In this example, select the RIGHT butterfly.",,,,,,,,,,,,,,,,,,,
,,,,,122201,001,2025-06-26_16h34.46.380,Simon,2024.2.4,MacIntel,58.82352941,,,,,,,,,,,,,,,,,,,,,,,,,,,29.214,35.763,1,[35.764],[35.764],,,,,,,,,,,,,,
,,,,,122201,001,2025-06-26_16h34.46.380,Simon,2024.2.4,MacIntel,58.82352941,,,,,,,,,,1,39.105,39.604,,,,,,,,,,,images/white_butterfly.png,images/yellow_butterfly.png,right_image, ,,,,,,35.77,39.105,[0.1807738814993954],[-0.02599758162031439],[1],[0],[0],[3.3329999999999984],"[""right_image""]",0,0,0,3,1
,,,,,122201,001,2025-06-26_16h34.46.380,Simon,2024.2.4,MacIntel,58.82352941,,,,,,,,,,1,41.355,41.854,,,,,,,,,,,images/yellow_butterfly.png,images/white_butterfly.png,right_image, ,,,,,,39.605,41.354,[0.13724304715840388],[-0.034461910519951636],[1],[0],[0],[1.7469999999999999],"[""right_image""]",0,1,1,2,1
,,,,,122201,001,2025-06-26_16h34.46.380,Simon,2024.2.4,MacIntel,58.82352941,,,,,,,,,,1,43.104,43.604,,,,,,,,,,,images/white_butterfly.png,images/purple_butterfly.png,left_image, ,,,,,,41.855,43.104,[-0.28355501813784767],[-0.021160822249093107],[1],[0],[0],[1.2479999999999976],"[""left_image""]",0,2,2,1,1
