﻿instructions.started,instructions.stopped,start_button.numClicks,start_button.timesOn,start_button.timesOff,participant,session,date,expName,psychopyVersion,OS,frameRate,practice_trial.started,practice_trial.stopped,mouse_2.x,mouse_2.y,mouse_2.leftButton,mouse_2.midButton,mouse_2.rightButton,mouse_2.time,mouse_2.clicked_name,correct,feedback.started,feedback.stopped,loop_until_correct.thisRepN,loop_until_correct.thisTrialN,loop_until_correct.thisN,loop_until_correct.thisIndex,loop_until_correct.ran,prac_trials.thisRepN,prac_trials.thisTrialN,prac_trials.thisN,prac_trials.thisIndex,prac_trials.ran,left_color,right_color,correct_response,top_txt,instructions_2.started,instructions_2.stopped,start_button_2.numClicks,start_button_2.timesOn,start_button_2.timesOff,trial.started,trial.stopped,mouse.x,mouse.y,mouse.leftButton,mouse.midButton,mouse.rightButton,mouse.time,mouse.clicked_name,trials.thisRepN,trials.thisTrialN,trials.thisN,trials.thisIndex,trials.ran,end.started,end.stopped,start_button_3.numClicks,start_button_3.timesOn,start_button_3.timesOff
0.0009,10.9387,1,[10.95709999999404],[10.95709999999404],124298,001,2025-03-06_13h00.25.275,Simon,2024.2.4,Win32,59.88023952,,,,,,,,,,,,,,,,,,,,,,,,,,,,,,,,,,,,,,,,,,,,,,,,,,
,,,,,124298,001,2025-03-06_13h00.25.275,Simon,2024.2.4,Win32,59.88023952,10.9615,14.0683,[-0.15165876777251186],[-0.07977883096366509],[1],[0],[0],[3.10319999999553],"[""left_image_2"",""left_image_2""]",1,14.07,14.5675,0,0,0,0,1,,,,,,,,,,,,,,,,,,,,,,,,,,,,,,,,,
,,,,,124298,001,2025-03-06_13h00.25.275,Simon,2024.2.4,Win32,59.88023952,,,,,,,,,,,,,,,,,,0,0,0,0,1,images/purple_butterfly.png,images/white_butterfly.png,left_image_2,"In this example, select the LEFT butterfly.",,,,,,,,,,,,,,,,,,,,,,,,
,,,,,124298,001,2025-03-06_13h00.25.275,Simon,2024.2.4,Win32,59.88023952,14.5718,16.0163,[-0.15165876777251186],[-0.07977883096366509],[1],[0],[0],[1.441699999995528],"[""left_image_2"",""left_image_2""]",1,16.0174,16.5151,0,0,0,0,1,,,,,,,,,,,,,,,,,,,,,,,,,,,,,,,,,
,,,,,124298,001,2025-03-06_13h00.25.275,Simon,2024.2.4,Win32,59.88023952,,,,,,,,,,,,,,,,,,0,1,1,1,1,images/white_butterfly.png,images/purple_butterfly.png,left_image_2,"In this example, select the LEFT butterfly.",,,,,,,,,,,,,,,,,,,,,,,,
,,,,,124298,001,2025-03-06_13h00.25.275,Simon,2024.2.4,Win32,59.88023952,16.5173,18.5808,[0.1500789889415482],[-0.06240126382306477],[1],[0],[0],[2.0608999999985045],"[""right_image_2"",""right_image_2""]",1,18.5814,19.0789,0,0,0,0,1,,,,,,,,,,,,,,,,,,,,,,,,,,,,,,,,,
,,,,,124298,001,2025-03-06_13h00.25.275,Simon,2024.2.4,Win32,59.88023952,,,,,,,,,,,,,,,,,,0,2,2,2,1,images/yellow_butterfly.png,images/white_butterfly.png,right_image_2,"In this example, select the RIGHT butterfly.",,,,,,,,,,,,,,,,,,,,,,,,
,,,,,124298,001,2025-03-06_13h00.25.275,Simon,2024.2.4,Win32,59.88023952,19.0828,20.1829,[0.1500789889415482],[-0.06240126382306477],[1],[0],[0],[1.0984000000059595],"[""right_image_2"",""right_image_2""]",1,20.1834,20.6772,0,0,0,0,1,,,,,,,,,,,,,,,,,,,,,,,,,,,,,,,,,
,,,,,124298,001,2025-03-06_13h00.25.275,Simon,2024.2.4,Win32,59.88023952,,,,,,,,,,,,,,,,,,0,3,3,3,1,images/white_butterfly.png,images/yellow_butterfly.png,right_image_2,"In this example, select the RIGHT butterfly.",,,,,,,,,,,,,,,,,,,,,,,,
,,,,,124298,001,2025-03-06_13h00.25.275,Simon,2024.2.4,Win32,59.88023952,,,,,,,,,,,,,,,,,,,,,,,,,,,20.6783,23.4116,1,[23.41580000000447],[23.41580000000447],,,,,,,,,,,,,,,,,,,
,,,,,124298,001,2025-03-06_13h00.25.275,Simon,2024.2.4,Win32,59.88023952,,,,,,,,,,1,25.19,25.6919,,,,,,,,,,,images/purple_butterfly.png,images/white_butterfly.png,left_image, ,,,,,,23.4216,25.1899,[-0.13112164296998421],[-0.1066350710900474],[1],[0],[0],[1.7668999999985076],"[""left_image""]",0,0,0,0,1,,,,,
,,,,,124298,001,2025-03-06_13h00.25.275,Simon,2024.2.4,Win32,59.88023952,,,,,,,,,,1,26.7369,27.2359,,,,,,,,,,,images/white_butterfly.png,images/purple_butterfly.png,left_image, ,,,,,,25.6938,26.7368,[-0.13112164296998421],[-0.1066350710900474],[1],[0],[0],[1.04210000000149],"[""left_image""]",0,1,1,1,1,,,,,
,,,,,124298,001,2025-03-06_13h00.25.275,Simon,2024.2.4,Win32,59.88023952,,,,,,,,,,1,28.3183,28.8176,,,,,,,,,,,images/white_butterfly.png,images/yellow_butterfly.png,right_image, ,,,,,,27.238,28.3181,[0.12796208530805686],[-0.06872037914691943],[1],[0],[0],[1.0792999999970192],"[""right_image""]",0,2,2,3,1,,,,,
,,,,,124298,001,2025-03-06_13h00.25.275,Simon,2024.2.4,Win32,59.88023952,,,,,,,,,,1,29.5674,30.067,,,,,,,,,,,images/yellow_butterfly.png,images/white_butterfly.png,right_image, ,,,,,,28.8189,29.5672,[0.12796208530805686],[-0.06872037914691943],[1],[0],[0],[0.7469999999999999],"[""right_image""]",0,3,3,2,1,,,,,
,,,,,124298,001,2025-03-06_13h00.25.275,Simon,2024.2.4,Win32,59.88023952,,,,,,,,,,1,31.2523,31.748,,,,,,,,,,,images/white_butterfly.png,images/purple_butterfly.png,left_image, ,,,,,,30.0688,31.2522,[-0.1484992101105845],[-0.05292259083728278],[1],[0],[0],[1.1826000000014858],"[""left_image""]",1,0,4,1,1,,,,,
,,,,,124298,001,2025-03-06_13h00.25.275,Simon,2024.2.4,Win32,59.88023952,,,,,,,,,,1,33.3621,33.8615,,,,,,,,,,,images/yellow_butterfly.png,images/white_butterfly.png,right_image, ,,,,,,31.7499,33.362,[0.25118483412322273],[-0.04660347551342812],[1],[0],[0],[1.6112999999970228],"[""right_image""]",1,1,5,2,1,,,,,
,,,,,124298,001,2025-03-06_13h00.25.275,Simon,2024.2.4,Win32,59.88023952,,,,,,,,,,1,34.7486,35.247,,,,,,,,,,,images/white_butterfly.png,images/yellow_butterfly.png,right_image, ,,,,,,33.863,34.7484,[0.25118483412322273],[-0.04660347551342812],[1],[0],[0],[0.8836999999955282],"[""right_image""]",1,2,6,3,1,,,,,
,,,,,124298,001,2025-03-06_13h00.25.275,Simon,2024.2.4,Win32,59.88023952,,,,,,,,,,1,36.509,37.0091,,,,,,,,,,,images/purple_butterfly.png,images/white_butterfly.png,left_image, ,,,,,,35.2482,36.5089,[-0.12322274881516587],[-0.08135860979462875],[1],[0],[0],[1.2600000000000051],"[""left_image""]",1,3,7,0,1,,,,,
,,,,,124298,001,2025-03-06_13h00.25.275,Simon,2024.2.4,Win32,59.88023952,,,,,,,,,,1,37.6078,38.1071,,,,,,,,,,,images/purple_butterfly.png,images/white_butterfly.png,left_image, ,,,,,,37.011,37.6077,[-0.12322274881516587],[-0.08135860979462875],[1],[0],[0],[0.5962000000029803],"[""left_image""]",2,0,8,0,1,,,,,
,,,,,124298,001,2025-03-06_13h00.25.275,Simon,2024.2.4,Win32,59.88023952,,,,,,,,,,1,39.4058,39.9049,,,,,,,,,,,images/white_butterfly.png,images/yellow_butterfly.png,right_image, ,,,,,,38.1098,39.4057,[0.20695102685624012],[-0.04976303317535545],[1],[0],[0],[1.2950999999940436],"[""right_image""]",2,1,9,3,1,,,,,
,,,,,124298,001,2025-03-06_13h00.25.275,Simon,2024.2.4,Win32,59.88023952,,,,,,,,,,1,40.9542,41.4532,,,,,,,,,,,images/white_butterfly.png,images/purple_butterfly.png,left_image, ,,,,,,39.9071,40.954,[-0.17377567140600317],[-0.07187993680884676],[1],[0],[0],[1.045899999998504],"[""left_image""]",2,2,10,1,1,,,,,
,,,,,124298,001,2025-03-06_13h00.25.275,Simon,2024.2.4,Win32,59.88023952,,,,,,,,,,1,42.4731,42.9712,,,,,,,,,,,images/yellow_butterfly.png,images/white_butterfly.png,right_image, ,,,,,,41.4554,42.473,[0.21800947867298578],[-0.0703001579778831],[1],[0],[0],[1.016600000001489],"[""right_image""]",2,3,11,2,1,,,,,
,,,,,124298,001,2025-03-06_13h00.25.275,Simon,2024.2.4,Win32,59.88023952,,,,,,,,,,1,44.0001,44.5,,,,,,,,,,,images/white_butterfly.png,images/purple_butterfly.png,left_image, ,,,,,,42.9726,44,[-0.19589257503949448],[-0.0703001579778831],[1],[0],[0],[1.0268999999985127],"[""left_image""]",3,0,12,1,1,,,,,
,,,,,124298,001,2025-03-06_13h00.25.275,Simon,2024.2.4,Win32,59.88023952,,,,,,,,,,1,45.4496,45.9483,,,,,,,,,,,images/purple_butterfly.png,images/white_butterfly.png,left_image, ,,,,,,44.5027,45.4493,[-0.1674565560821485],[-0.06872037914691943],[1],[0],[0],[0.9458000000044748],"[""left_image""]",3,1,13,0,1,,,,,
,,,,,124298,001,2025-03-06_13h00.25.275,Simon,2024.2.4,Win32,59.88023952,,,,,,,,,,1,46.9307,47.4308,,,,,,,,,,,images/yellow_butterfly.png,images/white_butterfly.png,right_image, ,,,,,,45.9505,46.9306,[0.12954186413902052],[-0.0750394944707741],[1],[0],[0],[0.9795000000000016],"[""right_image""]",3,2,14,2,1,,,,,
,,,,,124298,001,2025-03-06_13h00.25.275,Simon,2024.2.4,Win32,59.88023952,,,,,,,,,,1,47.9796,48.4791,,,,,,,,,,,images/white_butterfly.png,images/yellow_butterfly.png,right_image, ,,,,,,47.4325,47.9795,[0.12954186413902052],[-0.0750394944707741],[1],[0],[0],[0.5466000000014901],"[""right_image""]",3,3,15,3,1,,,,,
,,,,,124298,001,2025-03-06_13h00.25.275,Simon,2024.2.4,Win32,59.88023952,,,,,,,,,,1,49.3781,49.8773,,,,,,,,,,,images/white_butterfly.png,images/purple_butterfly.png,left_image, ,,,,,,48.4812,49.3778,[-0.1911532385466035],[-0.06556082148499211],[1],[0],[0],[0.8962999999970265],"[""left_image""]",4,0,16,1,1,,,,,
,,,,,124298,001,2025-03-06_13h00.25.275,Simon,2024.2.4,Win32,59.88023952,,,,,,,,,,1,50.6768,51.1756,,,,,,,,,,,images/white_butterfly.png,images/yellow_butterfly.png,right_image, ,,,,,,49.8789,50.6767,[0.21642969984202212],[-0.04976303317535545],[1],[0],[0],[0.7966999999955249],"[""right_image""]",4,1,17,3,1,,,,,
,,,,,124298,001,2025-03-06_13h00.25.275,Simon,2024.2.4,Win32,59.88023952,,,,,,,,,,1,51.8108,52.3072,,,,,,,,,,,images/yellow_butterfly.png,images/white_butterfly.png,right_image, ,,,,,,51.1777,51.8108,[0.21642969984202212],[-0.04976303317535545],[1],[0],[0],[0.6326999999955305],"[""right_image""]",4,2,18,2,1,,,,,
,,,,,124298,001,2025-03-06_13h00.25.275,Simon,2024.2.4,Win32,59.88023952,,,,,,,,,,1,52.9751,53.4737,,,,,,,,,,,images/purple_butterfly.png,images/white_butterfly.png,left_image, ,,,,,,52.3084,52.9746,[-0.20537124802527645],[-0.038704581358609796],[1],[0],[0],[0.6651999999955294],"[""left_image""]",4,3,19,0,1,,,,,
,,,,,124298,001,2025-03-06_13h00.25.275,Simon,2024.2.4,Win32,59.88023952,,,,,,,,,,,,,,,,,,,,,,,,,,,,,,,,,,,,,,,,,,,,,,53.4745,54.9714,1,[54.971000000000004],[54.971000000000004]
