﻿instructions.started,instructions.stopped,start_button.numClicks,start_button.timesOn,start_button.timesOff,participant,session,date,expName,psychopyVersion,OS,frameRate,practice_trial.started,practice_trial.stopped,mouse_2.x,mouse_2.y,mouse_2.leftButton,mouse_2.midButton,mouse_2.rightButton,mouse_2.time,mouse_2.clicked_name,correct,feedback.started,feedback.stopped,loop_until_correct.thisRepN,loop_until_correct.thisTrialN,loop_until_correct.thisN,loop_until_correct.thisIndex,loop_until_correct.ran,prac_trials.thisRepN,prac_trials.thisTrialN,prac_trials.thisN,prac_trials.thisIndex,prac_trials.ran,left_color,right_color,correct_response,top_txt,instructions_2.started,instructions_2.stopped,start_button_2.numClicks,start_button_2.timesOn,start_button_2.timesOff,trial.started,trial.stopped,mouse.x,mouse.y,mouse.leftButton,mouse.midButton,mouse.rightButton,mouse.time,mouse.clicked_name,trials.thisRepN,trials.thisTrialN,trials.thisN,trials.thisIndex,trials.ran,end.started,end.stopped,start_button_3.numClicks,start_button_3.timesOn,start_button_3.timesOff
0.0003,1.3891,1,[1.397799999998882],[1.397799999998882],124375,001,2025-11-09_13h46.23.526,Simon,2024.2.4,Win32,12.80409731,,,,,,,,,,,,,,,,,,,,,,,,,,,,,,,,,,,,,,,,,,,,,,,,,,
,,,,,124375,001,2025-11-09_13h46.23.526,Simon,2024.2.4,Win32,12.80409731,1.4059,3.5621,[-0.18448637316561844],[0],[1],[0],[0],[2.1542999999988828],"[""left_image_2"",""left_image_2""]",1,3.5629,4.0092,0,0,0,0,1,,,,,,,,,,,,,,,,,,,,,,,,,,,,,,,,,
,,,,,124375,001,2025-11-09_13h46.23.526,Simon,2024.2.4,Win32,12.80409731,,,,,,,,,,,,,,,,,,0,0,0,0,1,images/purple_butterfly.png,images/white_butterfly.png,left_image_2,"In this example, select the LEFT butterfly.",,,,,,,,,,,,,,,,,,,,,,,,
,,,,,124375,001,2025-11-09_13h46.23.526,Simon,2024.2.4,Win32,12.80409731,4.0123,5.3551,[-0.2169811320754717],[-0.0010482180293501049],[1],[0],[0],[1.3409999999999993],"[""left_image_2"",""left_image_2""]",1,5.3552,5.8024,0,0,0,0,1,,,,,,,,,,,,,,,,,,,,,,,,,,,,,,,,,
,,,,,124375,001,2025-11-09_13h46.23.526,Simon,2024.2.4,Win32,12.80409731,,,,,,,,,,,,,,,,,,0,1,1,1,1,images/white_butterfly.png,images/purple_butterfly.png,left_image_2,"In this example, select the LEFT butterfly.",,,,,,,,,,,,,,,,,,,,,,,,
,,,,,124375,001,2025-11-09_13h46.23.526,Simon,2024.2.4,Win32,12.80409731,5.8034,7.5251,[0.1970649895178197],[-0.012578616352201259],[1],[0],[0],[1.7207999999988832],"[""right_image_2"",""right_image_2""]",1,7.5252,8.0823,0,0,0,0,1,,,,,,,,,,,,,,,,,,,,,,,,,,,,,,,,,
,,,,,124375,001,2025-11-09_13h46.23.526,Simon,2024.2.4,Win32,12.80409731,,,,,,,,,,,,,,,,,,0,2,2,2,1,images/yellow_butterfly.png,images/white_butterfly.png,right_image_2,"In this example, select the RIGHT butterfly.",,,,,,,,,,,,,,,,,,,,,,,,
,,,,,124375,001,2025-11-09_13h46.23.526,Simon,2024.2.4,Win32,12.80409731,8.0832,8.8964,[0.1970649895178197],[-0.012578616352201259],[1],[0],[0],[0.8126999999992552],"[""right_image_2"",""right_image_2""]",1,8.8966,9.3321,0,0,0,0,1,,,,,,,,,,,,,,,,,,,,,,,,,,,,,,,,,
,,,,,124375,001,2025-11-09_13h46.23.526,Simon,2024.2.4,Win32,12.80409731,,,,,,,,,,,,,,,,,,0,3,3,3,1,images/white_butterfly.png,images/yellow_butterfly.png,right_image_2,"In this example, select the RIGHT butterfly.",,,,,,,,,,,,,,,,,,,,,,,,
,,,,,124375,001,2025-11-09_13h46.23.526,Simon,2024.2.4,Win32,12.80409731,,,,,,,,,,,,,,,,,,,,,,,,,,,9.3323,11.4054,1,[11.4075],[11.4075],,,,,,,,,,,,,,,,,,,
,,,,,124375,001,2025-11-09_13h46.23.526,Simon,2024.2.4,Win32,12.80409731,,,,,,,,,,1,13.1295,13.5852,,,,,,,,,,,images/purple_butterfly.png,images/white_butterfly.png,left_image, ,,,,,,11.412,13.1294,[-0.2138364779874214],[0.011530398322851153],[1],[0],[0],[1.7170999999996273],"[""left_image""]",0,0,0,0,1,,,,,
,,,,,124375,001,2025-11-09_13h46.23.526,Simon,2024.2.4,Win32,12.80409731,,,,,,,,,,1,16.6464,17.1631,,,,,,,,,,,images/yellow_butterfly.png,images/white_butterfly.png,right_image, ,,,,,,13.5856,16.6463,[0.20020964360587],[-0.020964360587002098],[1],[0],[0],[3.060300000000744],"[""right_image""]",0,1,1,2,1,,,,,
,,,,,124375,001,2025-11-09_13h46.23.526,Simon,2024.2.4,Win32,12.80409731,,,,,,,,,,1,17.8423,18.3151,,,,,,,,,,,images/white_butterfly.png,images/yellow_butterfly.png,right_image, ,,,,,,17.1637,17.8423,[0.20020964360587],[-0.016771488469601678],[1],[0],[0],[0.6780999999996276],"[""right_image""]",0,2,2,3,1,,,,,
,,,,,124375,001,2025-11-09_13h46.23.526,Simon,2024.2.4,Win32,12.80409731,,,,,,,,,,1,19.4504,19.8882,,,,,,,,,,,images/white_butterfly.png,images/purple_butterfly.png,left_image, ,,,,,,18.3155,19.4504,[-0.20859538784067086],[-0.0020964360587002098],[1],[0],[0],[1.134599999999626],"[""left_image""]",0,3,3,1,1,,,,,
,,,,,124375,001,2025-11-09_13h46.23.526,Simon,2024.2.4,Win32,12.80409731,,,,,,,,,,1,21.1188,21.5583,,,,,,,,,,,images/yellow_butterfly.png,images/white_butterfly.png,right_image, ,,,,,,19.8886,21.1188,[0.2138364779874214],[-0.009433962264150943],[1],[0],[0],[1.2299000000003737],"[""right_image""]",1,0,4,2,1,,,,,
,,,,,124375,001,2025-11-09_13h46.23.526,Simon,2024.2.4,Win32,12.80409731,,,,,,,,,,1,22.582,23.034,,,,,,,,,,,images/white_butterfly.png,images/purple_butterfly.png,left_image, ,,,,,,21.5589,22.5819,[-0.19916142557651992],[-0.019916142557651992],[1],[0],[0],[1.0226999999992543],"[""left_image""]",1,1,5,1,1,,,,,
,,,,,124375,001,2025-11-09_13h46.23.526,Simon,2024.2.4,Win32,12.80409731,,,,,,,,,,1,24.2837,24.753,,,,,,,,,,,images/white_butterfly.png,images/yellow_butterfly.png,right_image, ,,,,,,23.0345,24.2837,[0.21278825995807127],[-0.0020964360587002098],[1],[0],[0],[1.2490000000000023],"[""right_image""]",1,2,6,3,1,,,,,
,,,,,124375,001,2025-11-09_13h46.23.526,Simon,2024.2.4,Win32,12.80409731,,,,,,,,,,1,25.9885,26.4307,,,,,,,,,,,images/purple_butterfly.png,images/white_butterfly.png,left_image, ,,,,,,24.7534,25.9885,[-0.20649895178197064],[-0.0031446540880503146],[1],[0],[0],[1.234899999998511],"[""left_image""]",1,3,7,0,1,,,,,
,,,,,124375,001,2025-11-09_13h46.23.526,Simon,2024.2.4,Win32,12.80409731,,,,,,,,,,1,27.7493,28.185,,,,,,,,,,,images/white_butterfly.png,images/yellow_butterfly.png,right_image, ,,,,,,26.4311,27.7493,[0.21593291404612158],[-0.006289308176100629],[1],[0],[0],[1.3178000000007444],"[""right_image""]",2,0,8,3,1,,,,,
,,,,,124375,001,2025-11-09_13h46.23.526,Simon,2024.2.4,Win32,12.80409731,,,,,,,,,,1,29.2993,29.7262,,,,,,,,,,,images/white_butterfly.png,images/purple_butterfly.png,left_image, ,,,,,,28.1853,29.2993,[-0.19392033542976939],[0.0020964360587002098],[1],[0],[0],[1.1136000000014903],"[""left_image""]",2,1,9,1,1,,,,,
,,,,,124375,001,2025-11-09_13h46.23.526,Simon,2024.2.4,Win32,12.80409731,,,,,,,,,,1,30.9931,31.4114,,,,,,,,,,,images/purple_butterfly.png,images/white_butterfly.png,left_image, ,,,,,,29.7267,30.9931,[-0.20440251572327045],[-0.0031446540880503146],[1],[0],[0],[1.2662000000011133],"[""left_image""]",2,2,10,0,1,,,,,
,,,,,124375,001,2025-11-09_13h46.23.526,Simon,2024.2.4,Win32,12.80409731,,,,,,,,,,1,32.5165,32.981,,,,,,,,,,,images/yellow_butterfly.png,images/white_butterfly.png,right_image, ,,,,,,31.4118,32.5165,[0.20125786163522014],[-0.007337526205450734],[1],[0],[0],[1.1045000000000016],"[""right_image""]",2,3,11,2,1,,,,,
,,,,,124375,001,2025-11-09_13h46.23.526,Simon,2024.2.4,Win32,12.80409731,,,,,,,,,,1,33.8273,34.287,,,,,,,,,,,images/white_butterfly.png,images/yellow_butterfly.png,right_image, ,,,,,,32.9814,33.8272,[0.20125786163522014],[-0.007337526205450734],[1],[0],[0],[0.845599999999628],"[""right_image""]",3,0,12,3,1,,,,,
,,,,,124375,001,2025-11-09_13h46.23.526,Simon,2024.2.4,Win32,12.80409731,,,,,,,,,,1,35.8145,36.2565,,,,,,,,,,,images/purple_butterfly.png,images/white_butterfly.png,left_image, ,,,,,,34.2875,35.8145,[-0.21174004192872117],[0.009433962264150943],[1],[0],[0],[1.5266999999992592],"[""left_image""]",3,1,13,0,1,,,,,
,,,,,124375,001,2025-11-09_13h46.23.526,Simon,2024.2.4,Win32,12.80409731,,,,,,,,,,1,37.0589,37.505,,,,,,,,,,,images/white_butterfly.png,images/purple_butterfly.png,left_image, ,,,,,,36.2568,37.0588,[-0.21069182389937108],[0.011530398322851153],[1],[0],[0],[0.8016999999992507],"[""left_image""]",3,2,14,1,1,,,,,
,,,,,124375,001,2025-11-09_13h46.23.526,Simon,2024.2.4,Win32,12.80409731,,,,,,,,,,1,38.5838,38.995,,,,,,,,,,,images/yellow_butterfly.png,images/white_butterfly.png,right_image, ,,,,,,37.5054,38.5838,[0.20335429769392033],[-0.010482180293501049],[1],[0],[0],[1.0779999999999959],"[""right_image""]",3,3,15,2,1,,,,,
,,,,,124375,001,2025-11-09_13h46.23.526,Simon,2024.2.4,Win32,12.80409731,,,,,,,,,,1,40.2183,40.6522,,,,,,,,,,,images/white_butterfly.png,images/purple_butterfly.png,left_image, ,,,,,,38.9954,40.2183,[-0.20230607966457023],[0.0031446540880503146],[1],[0],[0],[1.2223000000007431],"[""left_image""]",4,0,16,1,1,,,,,
,,,,,124375,001,2025-11-09_13h46.23.526,Simon,2024.2.4,Win32,12.80409731,,,,,,,,,,1,41.7295,42.1834,,,,,,,,,,,images/yellow_butterfly.png,images/white_butterfly.png,right_image, ,,,,,,40.6527,41.7295,[0.1918238993710692],[-0.0041928721174004195],[1],[0],[0],[1.0764000000003762],"[""right_image""]",4,1,17,2,1,,,,,
,,,,,124375,001,2025-11-09_13h46.23.526,Simon,2024.2.4,Win32,12.80409731,,,,,,,,,,1,44.099,44.5311,,,,,,,,,,,images/white_butterfly.png,images/yellow_butterfly.png,right_image, ,,,,,,42.1837,44.099,[0.21174004192872117],[-0.020964360587002098],[1],[0],[0],[1.915099999999633],"[""right_image""]",4,2,18,3,1,,,,,
,,,,,124375,001,2025-11-09_13h46.23.526,Simon,2024.2.4,Win32,12.80409731,,,,,,,,,,1,45.9495,46.3928,,,,,,,,,,,images/purple_butterfly.png,images/white_butterfly.png,left_image, ,,,,,,44.5316,45.9494,[-0.20649895178197064],[0.013626834381551363],[1],[0],[0],[1.4174000000003701],"[""left_image""]",4,3,19,0,1,,,,,
,,,,,124375,001,2025-11-09_13h46.23.526,Simon,2024.2.4,Win32,12.80409731,,,,,,,,,,,,,,,,,,,,,,,,,,,,,,,,,,,,,,,,,,,,,,46.3929,54.497,1,[54.49660000000149],[54.49660000000149]
