﻿instructions.started,instructions.stopped,start_button.numClicks,start_button.timesOn,start_button.timesOff,participant,session,date,expName,psychopyVersion,OS,frameRate,practice_trial.started,practice_trial.stopped,mouse_2.x,mouse_2.y,mouse_2.leftButton,mouse_2.midButton,mouse_2.rightButton,mouse_2.time,mouse_2.clicked_name,correct,feedback.started,feedback.stopped,loop_until_correct.thisRepN,loop_until_correct.thisTrialN,loop_until_correct.thisN,loop_until_correct.thisIndex,loop_until_correct.ran,prac_trials.thisRepN,prac_trials.thisTrialN,prac_trials.thisN,prac_trials.thisIndex,prac_trials.ran,left_color,right_color,correct_response,top_txt,instructions_2.started,instructions_2.stopped,start_button_2.numClicks,start_button_2.timesOn,start_button_2.timesOff,trial.started,trial.stopped,mouse.x,mouse.y,mouse.leftButton,mouse.midButton,mouse.rightButton,mouse.time,mouse.clicked_name,trials.thisRepN,trials.thisTrialN,trials.thisN,trials.thisIndex,trials.ran,end.started,end.stopped,start_button_3.numClicks,start_button_3.timesOn,start_button_3.timesOff
0.0004,20.6912,1,[20.74780000000447],[20.74790000000596],124485,001,2025-01-23_10h37.36.690,Simon,2024.2.4,Linux x86_64,59.88023952,,,,,,,,,,,,,,,,,,,,,,,,,,,,,,,,,,,,,,,,,,,,,,,,,,
,,,,,124485,001,2025-01-23_10h37.36.690,Simon,2024.2.4,Linux x86_64,59.88023952,20.764,23.8331,[-0.10451572526476419],[0.024621317104027547],[1],[0],[0],[3.0589000000059627],"[""left_image_2"",""left_image_2""]",1,23.8344,24.332,0,0,0,0,1,,,,,,,,,,,,,,,,,,,,,,,,,,,,,,,,,
,,,,,124485,001,2025-01-23_10h37.36.690,Simon,2024.2.4,Linux x86_64,59.88023952,,,,,,,,,,,,,,,,,,0,0,0,0,1,images/purple_butterfly.png,images/white_butterfly.png,left_image_2,"In this example, select the LEFT butterfly.",,,,,,,,,,,,,,,,,,,,,,,,
,,,,,124485,001,2025-01-23_10h37.36.690,Simon,2024.2.4,Linux x86_64,59.88023952,24.3407,25.8962,[0.16347293503495408],[0.04134877098223602],[1],[0],[0],[1.5503999999985112],"[""right_image_2"",""right_image_2""]",0,25.8996,26.3952,0,0,0,0,1,,,,,,,,,,,,,,,,,,,,,,,,,,,,,,,,,
,,,,,124485,001,2025-01-23_10h37.36.690,Simon,2024.2.4,Linux x86_64,59.88023952,26.4007,29.773,[-0.10503569588637313],[-0.01300593966832742],[1],[0],[0],[3.3654999999999973],"[""left_image_2"",""left_image_2""]",1,29.7771,30.2715,1,0,1,0,1,,,,,,,,,,,,,,,,,,,,,,,,,,,,,,,,,
,,,,,124485,001,2025-01-23_10h37.36.690,Simon,2024.2.4,Linux x86_64,59.88023952,,,,,,,,,,,,,,,,,,0,1,1,1,1,images/white_butterfly.png,images/purple_butterfly.png,left_image_2,"In this example, select the LEFT butterfly.",,,,,,,,,,,,,,,,,,,,,,,,
,,,,,124485,001,2025-01-23_10h37.36.690,Simon,2024.2.4,Linux x86_64,59.88023952,30.2837,32.5678,[0.21864464048153173],[0.004106524790666736],[1],[0],[0],[2.2791000000014847],"[""right_image_2"",""right_image_2""]",1,32.5683,33.0667,0,0,0,0,1,,,,,,,,,,,,,,,,,,,,,,,,,,,,,,,,,
,,,,,124485,001,2025-01-23_10h37.36.690,Simon,2024.2.4,Linux x86_64,59.88023952,,,,,,,,,,,,,,,,,,0,2,2,2,1,images/yellow_butterfly.png,images/white_butterfly.png,right_image_2,"In this example, select the RIGHT butterfly.",,,,,,,,,,,,,,,,,,,,,,,,
,,,,,124485,001,2025-01-23_10h37.36.690,Simon,2024.2.4,Linux x86_64,59.88023952,33.0739,34.3162,[0.21864464048153173],[0.004106524790666736],[1],[0],[0],[1.2383999999985065],"[""right_image_2"",""right_image_2""]",1,34.3166,34.8137,0,0,0,0,1,,,,,,,,,,,,,,,,,,,,,,,,,,,,,,,,,
,,,,,124485,001,2025-01-23_10h37.36.690,Simon,2024.2.4,Linux x86_64,59.88023952,,,,,,,,,,,,,,,,,,0,3,3,3,1,images/white_butterfly.png,images/yellow_butterfly.png,right_image_2,"In this example, select the RIGHT butterfly.",,,,,,,,,,,,,,,,,,,,,,,,
,,,,,124485,001,2025-01-23_10h37.36.690,Simon,2024.2.4,Linux x86_64,59.88023952,,,,,,,,,,,,,,,,,,,,,,,,,,,34.8146,36.2453,1,[36.25879999999702],[36.25879999999702],,,,,,,,,,,,,,,,,,,
,,,,,124485,001,2025-01-23_10h37.36.690,Simon,2024.2.4,Linux x86_64,59.88023952,,,,,,,,,,0,38.6105,39.1059,,,,,,,,,,,images/yellow_butterfly.png,images/white_butterfly.png,right_image, ,,,,,,36.2817,38.6076,[-0.14299895170335977],[0.0657200884938439],[1],[0],[0],[2.3227999999970237],"[""left_image""]",0,0,0,2,1,,,,,
,,,,,124485,001,2025-01-23_10h37.36.690,Simon,2024.2.4,Linux x86_64,59.88023952,,,,,,,,,,1,40.074,40.5709,,,,,,,,,,,images/purple_butterfly.png,images/white_butterfly.png,left_image, ,,,,,,39.1108,40.0714,[-0.14299895170335977],[0.0657200884938439],[1],[0],[0],[0.9588999999985077],"[""left_image""]",0,1,1,0,1,,,,,
,,,,,124485,001,2025-01-23_10h37.36.690,Simon,2024.2.4,Linux x86_64,59.88023952,,,,,,,,,,1,41.6019,42.1009,,,,,,,,,,,images/white_butterfly.png,images/yellow_butterfly.png,right_image, ,,,,,,40.5741,41.6017,[0.34627710001695533],[0.016499259834098497],[1],[0],[0],[1.0249999999999986],"[""right_image""]",0,2,2,3,1,,,,,
,,,,,124485,001,2025-01-23_10h37.36.690,Simon,2024.2.4,Linux x86_64,59.88023952,,,,,,,,,,1,43.5819,44.0807,,,,,,,,,,,images/white_butterfly.png,images/purple_butterfly.png,left_image, ,,,,,,42.1039,43.5816,[-0.11006095771598498],[0.01027194168014399],[1],[0],[0],[1.476399999998506],"[""left_image""]",0,3,3,1,1,,,,,
,,,,,124485,001,2025-01-23_10h37.36.690,Simon,2024.2.4,Linux x86_64,59.88023952,,,,,,,,,,1,45.1465,45.6456,,,,,,,,,,,images/white_butterfly.png,images/yellow_butterfly.png,right_image, ,,,,,,44.083,45.1462,[0.14328008024441777],[0.02341258665158076],[1],[0],[0],[1.0615000000000023],"[""right_image""]",1,0,4,3,1,,,,,
,,,,,124485,001,2025-01-23_10h37.36.690,Simon,2024.2.4,Linux x86_64,59.88023952,,,,,,,,,,1,46.9098,47.409,,,,,,,,,,,images/yellow_butterfly.png,images/white_butterfly.png,right_image, ,,,,,,45.6492,46.9094,[0.14328008024441777],[0.02341258665158076],[1],[0],[0],[1.2583999999985096],"[""right_image""]",1,1,5,2,1,,,,,
,,,,,124485,001,2025-01-23_10h37.36.690,Simon,2024.2.4,Linux x86_64,59.88023952,,,,,,,,,,1,50.7037,51.2019,,,,,,,,,,,images/white_butterfly.png,images/purple_butterfly.png,left_image, ,,,,,,47.4117,50.7034,[-0.10166093065265025],[-0.056242877533519406],[1],[0],[0],[3.2895999999940386],"[""left_image""]",1,2,6,1,1,,,,,
,,,,,124485,001,2025-01-23_10h37.36.690,Simon,2024.2.4,Linux x86_64,59.88023952,,,,,,,,,,1,52.1352,52.6331,,,,,,,,,,,images/purple_butterfly.png,images/white_butterfly.png,left_image, ,,,,,,51.205,52.135,[-0.10166093065265025],[-0.056242877533519406],[1],[0],[0],[0.9279999999999973],"[""left_image""]",1,3,7,0,1,,,,,
,,,,,124485,001,2025-01-23_10h37.36.690,Simon,2024.2.4,Linux x86_64,59.88023952,,,,,,,,,,1,54.6461,55.1449,,,,,,,,,,,images/white_butterfly.png,images/yellow_butterfly.png,right_image, ,,,,,,52.6367,54.6459,[0.11963970712906928],[-0.04263697960141903],[1],[0],[0],[2.0076000000014957],"[""right_image""]",2,0,8,3,1,,,,,
,,,,,124485,001,2025-01-23_10h37.36.690,Simon,2024.2.4,Linux x86_64,59.88023952,,,,,,,,,,1,56.5596,57.0587,,,,,,,,,,,images/yellow_butterfly.png,images/white_butterfly.png,right_image, ,,,,,,55.1478,56.5595,[0.1546635954129278],[-0.034237258223340984],[1],[0],[0],[1.4100000000000037],"[""right_image""]",2,1,9,2,1,,,,,
,,,,,124485,001,2025-01-23_10h37.36.690,Simon,2024.2.4,Linux x86_64,59.88023952,,,,,,,,,,1,62.2831,62.7818,,,,,,,,,,,images/white_butterfly.png,images/purple_butterfly.png,left_image, ,,,,,,57.0621,62.2829,[-0.25419206571499375],[-0.051377387198064485],[1],[0],[0],[5.218399999998518],"[""left_image""]",2,2,10,1,1,,,,,
,,,,,124485,001,2025-01-23_10h37.36.690,Simon,2024.2.4,Linux x86_64,59.88023952,,,,,,,,,,1,63.5976,64.0963,,,,,,,,,,,images/purple_butterfly.png,images/white_butterfly.png,left_image, ,,,,,,62.7852,63.5975,[-0.23012994884051544],[-0.04343675412797371],[1],[0],[0],[0.8106000000015001],"[""left_image""]",2,3,11,0,1,,,,,
,,,,,124485,001,2025-01-23_10h37.36.690,Simon,2024.2.4,Linux x86_64,59.88023952,,,,,,,,,,1,64.9448,65.4439,,,,,,,,,,,images/purple_butterfly.png,images/white_butterfly.png,left_image, ,,,,,,64.0993,64.9446,[-0.23012994884051544],[-0.04343675412797371],[1],[0],[0],[0.8447000000029874],"[""left_image""]",3,0,12,0,1,,,,,
,,,,,124485,001,2025-01-23_10h37.36.690,Simon,2024.2.4,Linux x86_64,59.88023952,,,,,,,,,,1,67.4907,67.9896,,,,,,,,,,,images/white_butterfly.png,images/purple_butterfly.png,left_image, ,,,,,,65.4468,67.4905,[-0.16358033245513356],[-0.0014104317743113522],[1],[0],[0],[2.042100000001497],"[""left_image""]",3,1,13,1,1,,,,,
,,,,,124485,001,2025-01-23_10h37.36.690,Simon,2024.2.4,Linux x86_64,59.88023952,,,,,,,,,,1,70.7514,71.2502,,,,,,,,,,,images/yellow_butterfly.png,images/white_butterfly.png,right_image, ,,,,,,67.9928,70.7512,[0.20629393716089314],[-0.005130927033336811],[1],[0],[0],[2.7565000000000026],"[""right_image""]",3,2,14,2,1,,,,,
,,,,,124485,001,2025-01-23_10h37.36.690,Simon,2024.2.4,Linux x86_64,59.88023952,,,,,,,,,,1,72.2323,72.7318,,,,,,,,,,,images/white_butterfly.png,images/yellow_butterfly.png,right_image, ,,,,,,71.253,72.2321,[0.20629393716089314],[-0.005130927033336811],[1],[0],[0],[0.9772000000029806],"[""right_image""]",3,3,15,3,1,,,,,
,,,,,124485,001,2025-01-23_10h37.36.690,Simon,2024.2.4,Linux x86_64,59.88023952,,,,,,,,,,1,75.0605,75.5601,,,,,,,,,,,images/purple_butterfly.png,images/white_butterfly.png,left_image, ,,,,,,72.735,75.0604,[-0.11724619156928213],[-0.06697563973810518],[1],[0],[0],[2.3233999999985],"[""left_image""]",4,0,16,0,1,,,,,
,,,,,124485,001,2025-01-23_10h37.36.690,Simon,2024.2.4,Linux x86_64,59.88023952,,,,,,,,,,1,77.4238,77.9225,,,,,,,,,,,images/yellow_butterfly.png,images/white_butterfly.png,right_image, ,,,,,,75.5633,77.4235,[0.06999978398241861],[-0.06601482002882408],[1],[0],[0],[1.858799999997018],"[""right_image""]",4,1,17,2,1,,,,,
,,,,,124485,001,2025-01-23_10h37.36.690,Simon,2024.2.4,Linux x86_64,59.88023952,,,,,,,,,,1,79.0208,79.5198,,,,,,,,,,,images/white_butterfly.png,images/yellow_butterfly.png,right_image, ,,,,,,77.9263,79.0206,[0.176797347793197],[-0.020625450376278172],[1],[0],[0],[1.0916000000014776],"[""right_image""]",4,2,18,3,1,,,,,
,,,,,124485,001,2025-01-23_10h37.36.690,Simon,2024.2.4,Linux x86_64,59.88023952,,,,,,,,,,1,80.8341,81.3331,,,,,,,,,,,images/white_butterfly.png,images/purple_butterfly.png,left_image, ,,,,,,79.523,80.8339,[-0.22513871996948037],[-0.02414067798544449],[1],[0],[0],[1.3096000000014953],"[""left_image""]",4,3,19,1,1,,,,,
,,,,,124485,001,2025-01-23_10h37.36.690,Simon,2024.2.4,Linux x86_64,59.88023952,,,,,,,,,,,,,,,,,,,,,,,,,,,,,,,,,,,,,,,,,,,,,,81.3343,82.4819,1,[82.48080000000446],[82.48080000000446]
