﻿instructions.started,instructions.stopped,start_button.numClicks,start_button.timesOn,start_button.timesOff,participant,session,date,expName,psychopyVersion,OS,frameRate,practice_trial.started,practice_trial.stopped,mouse_2.x,mouse_2.y,mouse_2.leftButton,mouse_2.midButton,mouse_2.rightButton,mouse_2.time,mouse_2.clicked_name,correct,feedback.started,feedback.stopped,loop_until_correct.thisRepN,loop_until_correct.thisTrialN,loop_until_correct.thisN,loop_until_correct.thisIndex,loop_until_correct.ran,prac_trials.thisRepN,prac_trials.thisTrialN,prac_trials.thisN,prac_trials.thisIndex,prac_trials.ran,left_color,right_color,correct_response,top_txt,instructions_2.started,instructions_2.stopped,start_button_2.numClicks,start_button_2.timesOn,start_button_2.timesOff,trial.started,trial.stopped,mouse.x,mouse.y,mouse.leftButton,mouse.midButton,mouse.rightButton,mouse.time,mouse.clicked_name,trials.thisRepN,trials.thisTrialN,trials.thisN,trials.thisIndex,trials.ran
0,1.395,1,[1.4029999999999996],[1.4029999999999996],125162,001,2025-06-24_18h23.47.532,Simon,2024.2.4,Win32,100,,,,,,,,,,,,,,,,,,,,,,,,,,,,,,,,,,,,,,,,,,,,,
,,,,,125162,001,2025-06-24_18h23.47.532,Simon,2024.2.4,Win32,100,1.403,2.576,[-0.12894819412301634],[-0.028212223561838775],[1],[0],[0],[1.17],"[""left_image_2"",""left_image_2""]",1,2.576,3.075,0,0,0,0,1,,,,,,,,,,,,,,,,,,,,,,,,,,,,
,,,,,125162,001,2025-06-24_18h23.47.532,Simon,2024.2.4,Win32,100,,,,,,,,,,,,,,,,,,0,0,0,0,1,images/purple_butterfly.png,images/white_butterfly.png,left_image_2,"In this example, select the LEFT butterfly.",,,,,,,,,,,,,,,,,,,
,,,,,125162,001,2025-06-24_18h23.47.532,Simon,2024.2.4,Win32,100,3.076,3.845,[0.17010121841220102],[-0.0046458029374137535],[1],[0],[0],[0.7680000000000007],"[""right_image_2"",""right_image_2""]",0,3.846,4.346,0,0,0,0,1,,,,,,,,,,,,,,,,,,,,,,,,,,,,
,,,,,125162,001,2025-06-24_18h23.47.532,Simon,2024.2.4,Win32,100,4.346,5.155,[-0.07043850081934222],[-0.0046458029374137535],[1],[0],[0],[0.8090000000000002],"[""left_image_2"",""left_image_2""]",1,5.156,5.655,1,0,1,0,1,,,,,,,,,,,,,,,,,,,,,,,,,,,,
,,,,,125162,001,2025-06-24_18h23.47.532,Simon,2024.2.4,Win32,100,,,,,,,,,,,,,,,,,,0,1,1,1,1,images/white_butterfly.png,images/purple_butterfly.png,left_image_2,"In this example, select the LEFT butterfly.",,,,,,,,,,,,,,,,,,,
,,,,,125162,001,2025-06-24_18h23.47.532,Simon,2024.2.4,Win32,100,5.657,6.526,[0.16928855804752185],[-0.003833198722832337],[1],[0],[0],[0.8689999999999998],"[""right_image_2"",""right_image_2""]",1,6.526,7.025,0,0,0,0,1,,,,,,,,,,,,,,,,,,,,,,,,,,,,
,,,,,125162,001,2025-06-24_18h23.47.532,Simon,2024.2.4,Win32,100,,,,,,,,,,,,,,,,,,0,2,2,2,1,images/yellow_butterfly.png,images/white_butterfly.png,right_image_2,"In this example, select the RIGHT butterfly.",,,,,,,,,,,,,,,,,,,
,,,,,125162,001,2025-06-24_18h23.47.532,Simon,2024.2.4,Win32,100,7.026,9.585,[0.15141059152555772],[0.0010426511650471482],[1],[0],[0],[2.558],"[""right_image_2"",""right_image_2""]",1,9.585,10.086,0,0,0,0,1,,,,,,,,,,,,,,,,,,,,,,,,,,,,
,,,,,125162,001,2025-06-24_18h23.47.532,Simon,2024.2.4,Win32,100,,,,,,,,,,,,,,,,,,0,3,3,3,1,images/white_butterfly.png,images/yellow_butterfly.png,right_image_2,"In this example, select the RIGHT butterfly.",,,,,,,,,,,,,,,,,,,
,,,,,125162,001,2025-06-24_18h23.47.532,Simon,2024.2.4,Win32,100,,,,,,,,,,,,,,,,,,,,,,,,,,,10.086,11.426,1,[11.429],[11.429],,,,,,,,,,,,,,
,,,,,125162,001,2025-06-24_18h23.47.532,Simon,2024.2.4,Win32,100,,,,,,,,,,1,14.007,14.507,,,,,,,,,,,images/white_butterfly.png,images/yellow_butterfly.png,right_image, ,,,,,,11.43,14.007,[0.1522232518902369],[-0.02333637367395929],[1],[0],[0],[2.575999999999997],"[""right_image""]",0,0,0,3,1
,,,,,125162,001,2025-06-24_18h23.47.532,Simon,2024.2.4,Win32,100,,,,,,,,,,0,15.797,16.296,,,,,,,,,,,images/yellow_butterfly.png,images/white_butterfly.png,right_image, ,,,,,,14.507,15.796,[-0.1955841541728956],[-0.027399563197159613],[1],[0],[0],[1.2880000000000038],"[""left_image""]",0,1,1,2,1
