﻿instructions.started,instructions.stopped,start_button.numClicks,start_button.timesOn,start_button.timesOff,participant,session,date,expName,psychopyVersion,OS,frameRate,practice_trial.started,practice_trial.stopped,mouse_2.x,mouse_2.y,mouse_2.leftButton,mouse_2.midButton,mouse_2.rightButton,mouse_2.time,mouse_2.clicked_name,correct,feedback.started,feedback.stopped,loop_until_correct.thisRepN,loop_until_correct.thisTrialN,loop_until_correct.thisN,loop_until_correct.thisIndex,loop_until_correct.ran,prac_trials.thisRepN,prac_trials.thisTrialN,prac_trials.thisN,prac_trials.thisIndex,prac_trials.ran,left_color,right_color,correct_response,top_txt,instructions_2.started,instructions_2.stopped,start_button_2.numClicks,start_button_2.timesOn,start_button_2.timesOff,trial.started,trial.stopped,mouse.x,mouse.y,mouse.leftButton,mouse.midButton,mouse.rightButton,mouse.time,mouse.clicked_name,trials.thisRepN,trials.thisTrialN,trials.thisN,trials.thisIndex,trials.ran,end.started,end.stopped,start_button_3.numClicks,start_button_3.timesOn,start_button_3.timesOff
0.001,9.884,1,[9.89500000000001],[9.89500000000001],125880,001,2026-01-29_10h24.15.904,Simon,2024.2.4,MacIntel,58.82352941,,,,,,,,,,,,,,,,,,,,,,,,,,,,,,,,,,,,,,,,,,,,,,,,,,
,,,,,125880,001,2026-01-29_10h24.15.904,Simon,2024.2.4,MacIntel,58.82352941,9.901,12.983,[-0.2498218037214886],[-0.07707457983193278],[1],[0],[0],[3.0789999999999935],"[""left_image_2"",""left_image_2""]",1,12.984,13.483,0,0,0,0,1,,,,,,,,,,,,,,,,,,,,,,,,,,,,,,,,,
,,,,,125880,001,2026-01-29_10h24.15.904,Simon,2024.2.4,MacIntel,58.82352941,,,,,,,,,,,,,,,,,,0,0,0,0,1,images/purple_butterfly.png,images/white_butterfly.png,left_image_2,"In this example, select the LEFT butterfly.",,,,,,,,,,,,,,,,,,,,,,,,
,,,,,125880,001,2026-01-29_10h24.15.904,Simon,2024.2.4,MacIntel,58.82352941,13.487,15.2,[-0.16609299969987995],[-0.05260072779111645],[1],[0],[0],[1.7099999999999937],"[""left_image_2"",""left_image_2""]",1,15.2,15.7,0,0,0,0,1,,,,,,,,,,,,,,,,,,,,,,,,,,,,,,,,,
,,,,,125880,001,2026-01-29_10h24.15.904,Simon,2024.2.4,MacIntel,58.82352941,,,,,,,,,,,,,,,,,,0,1,1,1,1,images/white_butterfly.png,images/purple_butterfly.png,left_image_2,"In this example, select the LEFT butterfly.",,,,,,,,,,,,,,,,,,,,,,,,
,,,,,125880,001,2026-01-29_10h24.15.904,Simon,2024.2.4,MacIntel,58.82352941,15.702,16.65,[0.1953500150060024],[0.006490096038415366],[1],[0],[0],[0.9449999999999932],"[""right_image_2"",""right_image_2""]",1,16.65,17.149,0,0,0,0,1,,,,,,,,,,,,,,,,,,,,,,,,,,,,,,,,,
,,,,,125880,001,2026-01-29_10h24.15.904,Simon,2024.2.4,MacIntel,58.82352941,,,,,,,,,,,,,,,,,,0,2,2,2,1,images/yellow_butterfly.png,images/white_butterfly.png,right_image_2,"In this example, select the RIGHT butterfly.",,,,,,,,,,,,,,,,,,,,,,,,
,,,,,125880,001,2026-01-29_10h24.15.904,Simon,2024.2.4,MacIntel,58.82352941,17.152,18.166,[0.1839923469387755],[0.03389480792316927],[1],[0],[0],[1.012999999999991],"[""right_image_2"",""right_image_2""]",1,18.167,18.666,0,0,0,0,1,,,,,,,,,,,,,,,,,,,,,,,,,,,,,,,,,
,,,,,125880,001,2026-01-29_10h24.15.904,Simon,2024.2.4,MacIntel,58.82352941,,,,,,,,,,,,,,,,,,0,3,3,3,1,images/white_butterfly.png,images/yellow_butterfly.png,right_image_2,"In this example, select the RIGHT butterfly.",,,,,,,,,,,,,,,,,,,,,,,,
,,,,,125880,001,2026-01-29_10h24.15.904,Simon,2024.2.4,MacIntel,58.82352941,,,,,,,,,,,,,,,,,,,,,,,,,,,18.668,20.167,1,[20.168000000000006],[20.168000000000006],,,,,,,,,,,,,,,,,,,
,,,,,125880,001,2026-01-29_10h24.15.904,Simon,2024.2.4,MacIntel,58.82352941,,,,,,,,,,1,21.167,21.666,,,,,,,,,,,images/white_butterfly.png,images/yellow_butterfly.png,right_image, ,,,,,,20.175,21.167,[0.22088366596638656],[0.009449092136854742],[1],[0],[0],[0.9900000000000091],"[""right_image""]",0,0,0,3,1,,,,,
,,,,,125880,001,2026-01-29_10h24.15.904,Simon,2024.2.4,MacIntel,58.82352941,,,,,,,,,,1,22.349,22.848,,,,,,,,,,,images/purple_butterfly.png,images/white_butterfly.png,left_image, ,,,,,,21.667,22.349,[-0.20048488145258103],[0.014166604141656663],[1],[0],[0],[0.6809999999999974],"[""left_image""]",0,1,1,0,1,,,,,
,,,,,125880,001,2026-01-29_10h24.15.904,Simon,2024.2.4,MacIntel,58.82352941,,,,,,,,,,1,23.683,24.183,,,,,,,,,,,images/yellow_butterfly.png,images/white_butterfly.png,right_image, ,,,,,,22.849,23.683,[0.18951174219687875],[0.0020961509603841535],[1],[0],[0],[0.8340000000000032],"[""right_image""]",0,2,2,2,1,,,,,
,,,,,125880,001,2026-01-29_10h24.15.904,Simon,2024.2.4,MacIntel,58.82352941,,,,,,,,,,1,25.283,25.783,,,,,,,,,,,images/white_butterfly.png,images/purple_butterfly.png,left_image, ,,,,,,24.184,25.283,[-0.15322066326530612],[0.03158294567827131],[1],[0],[0],[1.0970000000000084],"[""left_image""]",0,3,3,1,1,,,,,
,,,,,125880,001,2026-01-29_10h24.15.904,Simon,2024.2.4,MacIntel,58.82352941,,,,,,,,,,1,26.633,27.133,,,,,,,,,,,images/white_butterfly.png,images/yellow_butterfly.png,right_image, ,,,,,,25.784,26.633,[0.1291969912965186],[0.016220550720288114],[1],[0],[0],[0.847999999999999],"[""right_image""]",1,0,4,3,1,,,,,
,,,,,125880,001,2026-01-29_10h24.15.904,Simon,2024.2.4,MacIntel,58.82352941,,,,,,,,,,1,28.166,28.666,,,,,,,,,,,images/white_butterfly.png,images/purple_butterfly.png,left_image, ,,,,,,27.135,28.166,[-0.16881752701080432],[0.02699204681872749],[1],[0],[0],[1.031000000000006],"[""left_image""]",1,1,5,1,1,,,,,
,,,,,125880,001,2026-01-29_10h24.15.904,Simon,2024.2.4,MacIntel,58.82352941,,,,,,,,,,1,29.433,29.933,,,,,,,,,,,images/yellow_butterfly.png,images/white_butterfly.png,right_image, ,,,,,,28.668,29.433,[0.14312443727490998],[0.009270895858343337],[1],[0],[0],[0.7639999999999958],"[""right_image""]",1,2,6,2,1,,,,,
,,,,,125880,001,2026-01-29_10h24.15.904,Simon,2024.2.4,MacIntel,58.82352941,,,,,,,,,,1,30.949,31.449,,,,,,,,,,,images/purple_butterfly.png,images/white_butterfly.png,left_image, ,,,,,,29.934,30.949,[-0.19215186074429771],[0.01366484093637455],[1],[0],[0],[1.0139999999999958],"[""left_image""]",1,3,7,0,1,,,,,
,,,,,125880,001,2026-01-29_10h24.15.904,Simon,2024.2.4,MacIntel,58.82352941,,,,,,,,,,1,32.419,32.916,,,,,,,,,,,images/yellow_butterfly.png,images/white_butterfly.png,right_image, ,,,,,,31.451,32.419,[0.16940838835534214],[0.019765718787515006],[1],[0],[0],[0.9680000000000035],"[""right_image""]",2,0,8,2,1,,,,,
,,,,,125880,001,2026-01-29_10h24.15.904,Simon,2024.2.4,MacIntel,58.82352941,,,,,,,,,,1,34.566,35.066,,,,,,,,,,,images/white_butterfly.png,images/yellow_butterfly.png,right_image, ,,,,,,32.918,34.566,[0.16940838835534214],[0.019765718787515006],[1],[0],[0],[1.6469999999999914],"[""right_image""]",2,1,9,3,1,,,,,
,,,,,125880,001,2026-01-29_10h24.15.904,Simon,2024.2.4,MacIntel,58.82352941,,,,,,,,,,1,36.016,36.516,,,,,,,,,,,images/white_butterfly.png,images/purple_butterfly.png,left_image, ,,,,,,35.067,36.016,[-0.2347735969387755],[0.033941701680672266],[1],[0],[0],[0.9480000000000075],"[""left_image""]",2,2,10,1,1,,,,,
,,,,,125880,001,2026-01-29_10h24.15.904,Simon,2024.2.4,MacIntel,58.82352941,,,,,,,,,,1,37.468,37.966,,,,,,,,,,,images/purple_butterfly.png,images/white_butterfly.png,left_image, ,,,,,,36.517,37.467,[-0.16256189975990396],[0.014513617947178871],[1],[0],[0],[0.9479999999999933],"[""left_image""]",2,3,11,0,1,,,,,
,,,,,125880,001,2026-01-29_10h24.15.904,Simon,2024.2.4,MacIntel,58.82352941,,,,,,,,,,1,38.866,39.365,,,,,,,,,,,images/yellow_butterfly.png,images/white_butterfly.png,right_image, ,,,,,,37.967,38.866,[0.18460196578631452],[0.016970850840336133],[1],[0],[0],[0.8979999999999961],"[""right_image""]",3,0,12,2,1,,,,,
,,,,,125880,001,2026-01-29_10h24.15.904,Simon,2024.2.4,MacIntel,58.82352941,,,,,,,,,,1,40.133,40.633,,,,,,,,,,,images/purple_butterfly.png,images/white_butterfly.png,left_image, ,,,,,,39.366,40.133,[-0.2420608868547419],[0.0004173544417767107],[1],[0],[0],[0.7650000000000006],"[""left_image""]",3,1,13,0,1,,,,,
,,,,,125880,001,2026-01-29_10h24.15.904,Simon,2024.2.4,MacIntel,58.82352941,,,,,,,,,,1,41.833,42.333,,,,,,,,,,,images/white_butterfly.png,images/purple_butterfly.png,left_image, ,,,,,,40.634,41.833,[-0.14365433673469388],[0.015071653661464585],[1],[0],[0],[1.1970000000000027],"[""left_image""]",3,2,14,1,1,,,,,
,,,,,125880,001,2026-01-29_10h24.15.904,Simon,2024.2.4,MacIntel,58.82352941,,,,,,,,,,1,43,43.5,,,,,,,,,,,images/white_butterfly.png,images/yellow_butterfly.png,right_image, ,,,,,,42.334,43,[0.19233474639855944],[-0.03279280462184874],[1],[0],[0],[0.6659999999999968],"[""right_image""]",3,3,15,3,1,,,,,
,,,,,125880,001,2026-01-29_10h24.15.904,Simon,2024.2.4,MacIntel,58.82352941,,,,,,,,,,1,44.183,44.683,,,,,,,,,,,images/white_butterfly.png,images/yellow_butterfly.png,right_image, ,,,,,,43.5,44.183,[0.1996126575630252],[0.018049407262905163],[1],[0],[0],[0.6820000000000164],"[""right_image""]",4,0,16,3,1,,,,,
,,,,,125880,001,2026-01-29_10h24.15.904,Simon,2024.2.4,MacIntel,58.82352941,,,,,,,,,,1,45.649,46.149,,,,,,,,,,,images/yellow_butterfly.png,images/white_butterfly.png,right_image, ,,,,,,44.684,45.649,[0.12727903661464585],[-0.02417842136854742],[1],[0],[0],[0.9639999999999702],"[""right_image""]",4,1,17,2,1,,,,,
,,,,,125880,001,2026-01-29_10h24.15.904,Simon,2024.2.4,MacIntel,58.82352941,,,,,,,,,,1,46.916,47.416,,,,,,,,,,,images/white_butterfly.png,images/purple_butterfly.png,left_image, ,,,,,,46.15,46.916,[-0.2857799369747899],[-0.05191607893157263],[1],[0],[0],[0.76400000000001],"[""left_image""]",4,2,18,1,1,,,,,
,,,,,125880,001,2026-01-29_10h24.15.904,Simon,2024.2.4,MacIntel,58.82352941,,,,,,,,,,1,47.95,48.449,,,,,,,,,,,images/purple_butterfly.png,images/white_butterfly.png,left_image, ,,,,,,47.417,47.95,[-0.26376331782713086],[-0.04649984993997599],[1],[0],[0],[0.5310000000000059],"[""left_image""]",4,3,19,0,1,,,,,
,,,,,125880,001,2026-01-29_10h24.15.904,Simon,2024.2.4,MacIntel,58.82352941,,,,,,,,,,,,,,,,,,,,,,,,,,,,,,,,,,,,,,,,,,,,,,48.45,50.317,1,[50.31600000000002],[50.31600000000002]
