﻿instructions.started,instructions.stopped,start_button.numClicks,start_button.timesOn,start_button.timesOff,participant,session,date,expName,psychopyVersion,OS,frameRate,practice_trial.started,practice_trial.stopped,mouse_2.x,mouse_2.y,mouse_2.leftButton,mouse_2.midButton,mouse_2.rightButton,mouse_2.time,mouse_2.clicked_name,correct,feedback.started,feedback.stopped,loop_until_correct.thisRepN,loop_until_correct.thisTrialN,loop_until_correct.thisN,loop_until_correct.thisIndex,loop_until_correct.ran,prac_trials.thisRepN,prac_trials.thisTrialN,prac_trials.thisN,prac_trials.thisIndex,prac_trials.ran,left_color,right_color,correct_response,top_txt,instructions_2.started,instructions_2.stopped,start_button_2.numClicks,start_button_2.timesOn,start_button_2.timesOff,trial.started,trial.stopped,mouse.x,mouse.y,mouse.leftButton,mouse.midButton,mouse.rightButton,mouse.time,mouse.clicked_name,trials.thisRepN,trials.thisTrialN,trials.thisN,trials.thisIndex,trials.ran,trials.order
0.0004,67.0357,1,[67.04430000000029],[67.04430000000029],125928,001,2025-08-25_15h50.44.119,Simon,2024.2.4,Win32,60.60606061,,,,,,,,,,,,,,,,,,,,,,,,,,,,,,,,,,,,,,,,,,,,,,
,,,,,125928,001,2025-08-25_15h50.44.119,Simon,2024.2.4,Win32,60.60606061,67.0486,70.2525,[-0.1811965811965812],[0.017378899989983973],[1],[0],[0],[3.201700000000187],"[""left_image_2"",""left_image_2""]",1,70.2531,70.7521,0,0,0,0,1,,,,,,,,,,,,,,,,,,,,,,,,,,,,,
,,,,,125928,001,2025-08-25_15h50.44.119,Simon,2024.2.4,Win32,60.60606061,,,,,,,,,,,,,,,,,,0,0,0,0,1,images/purple_butterfly.png,images/white_butterfly.png,left_image_2,"In this example, select the LEFT butterfly.",,,,,,,,,,,,,,,,,,,,
,,,,,125928,001,2025-08-25_15h50.44.119,Simon,2024.2.4,Win32,60.60606061,70.754,73.4687,[-0.1811965811965812],[0.017378899989983973],[1],[0],[0],[2.7132000000001852],"[""left_image_2"",""left_image_2""]",1,73.4689,73.9685,0,0,0,0,1,,,,,,,,,,,,,,,,,,,,,,,,,,,,,
,,,,,125928,001,2025-08-25_15h50.44.119,Simon,2024.2.4,Win32,60.60606061,,,,,,,,,,,,,,,,,,0,1,1,1,1,images/white_butterfly.png,images/purple_butterfly.png,left_image_2,"In this example, select the LEFT butterfly.",,,,,,,,,,,,,,,,,,,,
,,,,,125928,001,2025-08-25_15h50.44.119,Simon,2024.2.4,Win32,60.60606061,73.9694,77.935,[0.2039886735443376],[-0.016809134198050215],[1],[0],[0],[3.964500000000001],"[""right_image_2"",""right_image_2""]",1,77.9351,78.4349,0,0,0,0,1,,,,,,,,,,,,,,,,,,,,,,,,,,,,,
,,,,,125928,001,2025-08-25_15h50.44.119,Simon,2024.2.4,Win32,60.60606061,,,,,,,,,,,,,,,,,,0,2,2,2,1,images/yellow_butterfly.png,images/white_butterfly.png,right_image_2,"In this example, select the RIGHT butterfly.",,,,,,,,,,,,,,,,,,,,
,,,,,125928,001,2025-08-25_15h50.44.119,Simon,2024.2.4,Win32,60.60606061,78.4365,79.6351,[0.2039886735443376],[-0.016809134198050215],[1],[0],[0],[1.197499999999991],"[""right_image_2"",""right_image_2""]",1,79.6352,80.1351,0,0,0,0,1,,,,,,,,,,,,,,,,,,,,,,,,,,,,,
,,,,,125928,001,2025-08-25_15h50.44.119,Simon,2024.2.4,Win32,60.60606061,,,,,,,,,,,,,,,,,,0,3,3,3,1,images/white_butterfly.png,images/yellow_butterfly.png,right_image_2,"In this example, select the RIGHT butterfly.",,,,,,,,,,,,,,,,,,,,
,,,,,125928,001,2025-08-25_15h50.44.119,Simon,2024.2.4,Win32,60.60606061,,,,,,,,,,,,,,,,,,,,,,,,,,,80.1354,82.3684,1,[82.3698999999999],[82.3698999999999],,,,,,,,,,,,,,,
,,,,,125928,001,2025-08-25_15h50.44.119,Simon,2024.2.4,Win32,60.60606061,,,,,,,,,,1,84.4685,84.9681,,,,,,,,,,,images/yellow_butterfly.png,images/white_butterfly.png,right_image, ,,,,,,82.3758,84.4685,[0.11851858807425214],[-0.04188034188034188],[1],[0],[0],[2.0921000000001015],"[""right_image""]",0,0,0,2,1,
,,,,,125928,001,2025-08-25_15h50.44.119,Simon,2024.2.4,Win32,60.60606061,,,,,,,,,,0,85.6027,86.1015,,,,,,,,,,,images/purple_butterfly.png,images/white_butterfly.png,left_image, ,,,,,,84.9688,85.6014,[0.11851858807425214],[-0.04188034188034188],[1],[0],[0],[0.632300000000285],"[""right_image""]",0,1,1,0,1,
,,,,,125928,001,2025-08-25_15h50.44.119,Simon,2024.2.4,Win32,60.60606061,,,,,,,,,,0,87.6182,88.1181,,,,,,,,,,,images/white_butterfly.png,images/purple_butterfly.png,left_image, ,,,,,,86.1021,87.6182,[0.11851858807425214],[-0.04188034188034188],[1],[0],[0],[1.5155999999996226],"[""right_image""]",0,2,2,1,1,
,,,,,125928,001,2025-08-25_15h50.44.119,Simon,2024.2.4,Win32,60.60606061,,,,,,,,,,0,89.3181,89.818,,,,,,,,,,,images/white_butterfly.png,images/yellow_butterfly.png,right_image, ,,,,,,88.1186,89.3181,[-0.1641025641025641],[-0.02706554445446047],[1],[0],[0],[1.1992000000001894],"[""left_image""]",0,3,3,3,1,
,,,,,125928,001,2025-08-25_15h50.44.119,Simon,2024.2.4,Win32,60.60606061,,,,,,,,,,1,90.8186,91.3179,,,,,,,,,,,images/yellow_butterfly.png,images/white_butterfly.png,right_image, ,,,,,,89.8184,90.8181,[0.11737895215678419],[-0.025925960703792734],[1],[0],[0],[0.9994999999999976],"[""right_image""]",1,0,4,2,1,
,,,,,125928,001,2025-08-25_15h50.44.119,Simon,2024.2.4,Win32,60.60606061,,,,,,,,,,0,91.7185,92.218,,,,,,,,,,,images/purple_butterfly.png,images/white_butterfly.png,left_image, ,,,,,,91.3185,91.7179,[0.11737895215678419],[-0.025925960703792734],[1],[0],[0],[0.3992000000001923],"[""right_image""]",1,1,5,0,1,
,,,,,125928,001,2025-08-25_15h50.44.119,Simon,2024.2.4,Win32,60.60606061,,,,,,,,,,0,94.6349,95.1344,,,,,,,,,,,images/white_butterfly.png,images/purple_butterfly.png,left_image, ,,,,,,92.2188,94.6348,[0.11737895215678419],[-0.025925960703792734],[1],[0],[0],[2.4156000000000972],"[""right_image""]",1,2,6,1,1,
,,,,,125928,001,2025-08-25_15h50.44.119,Simon,2024.2.4,Win32,60.60606061,,,,,,,,,,,,,,,,,,,,,,,images/white_butterfly.png,images/yellow_butterfly.png,right_image, ,,,,,,95.1348,,,,,,,,,1,3,7,3,1,19
