﻿instructions.started,instructions.stopped,start_button.numClicks,start_button.timesOn,start_button.timesOff,participant,session,date,expName,psychopyVersion,OS,frameRate,practice_trial.started,practice_trial.stopped,mouse_2.x,mouse_2.y,mouse_2.leftButton,mouse_2.midButton,mouse_2.rightButton,mouse_2.time,mouse_2.clicked_name,correct,feedback.started,feedback.stopped,loop_until_correct.thisRepN,loop_until_correct.thisTrialN,loop_until_correct.thisN,loop_until_correct.thisIndex,loop_until_correct.ran,prac_trials.thisRepN,prac_trials.thisTrialN,prac_trials.thisN,prac_trials.thisIndex,prac_trials.ran,left_color,right_color,correct_response,top_txt,instructions_2.started,instructions_2.stopped,start_button_2.numClicks,start_button_2.timesOn,start_button_2.timesOff,trial.started,trial.stopped,mouse.x,mouse.y,mouse.leftButton,mouse.midButton,mouse.rightButton,mouse.time,mouse.clicked_name,trials.thisRepN,trials.thisTrialN,trials.thisN,trials.thisIndex,trials.ran
0.0006,106.3421,1,[106.36159999999404],[106.36159999999404],126548,001,2026-01-28_10h20.53.322,Simon,2024.2.4,Win32,60.60606061,,,,,,,,,,,,,,,,,,,,,,,,,,,,,,,,,,,,,,,,,,,,,
,,,,,126548,001,2026-01-28_10h20.53.322,Simon,2024.2.4,Win32,60.60606061,106.3813,108.7247,[-0.20186335403726707],[-0.08540372670807453],[1],[0],[0],[2.337099999994038],"[""left_image_2"",""left_image_2""]",1,108.7263,109.2232,0,0,0,0,1,,,,,,,,,,,,,,,,,,,,,,,,,,,,
,,,,,126548,001,2026-01-28_10h20.53.322,Simon,2024.2.4,Win32,60.60606061,,,,,,,,,,,,,,,,,,0,0,0,0,1,images/purple_butterfly.png,images/white_butterfly.png,left_image_2,"In this example, select the LEFT butterfly.",,,,,,,,,,,,,,,,,,,
,,,,,126548,001,2026-01-28_10h20.53.322,Simon,2024.2.4,Win32,60.60606061,109.2283,117.1586,[-0.20186335403726707],[-0.09627329192546584],[1],[0],[0],[7.927299999997032],"[""left_image_2"",""left_image_2""]",1,117.1588,117.6554,0,0,0,0,1,,,,,,,,,,,,,,,,,,,,,,,,,,,,
,,,,,126548,001,2026-01-28_10h20.53.322,Simon,2024.2.4,Win32,60.60606061,,,,,,,,,,,,,,,,,,0,1,1,1,1,images/white_butterfly.png,images/purple_butterfly.png,left_image_2,"In this example, select the LEFT butterfly.",,,,,,,,,,,,,,,,,,,
,,,,,126548,001,2026-01-28_10h20.53.322,Simon,2024.2.4,Win32,60.60606061,117.6593,120.6888,[0.22981366459627328],[-0.009316770186335404],[1],[0],[0],[3.027100000008943],"[""right_image_2"",""right_image_2""]",1,120.6896,121.1887,0,0,0,0,1,,,,,,,,,,,,,,,,,,,,,,,,,,,,
,,,,,126548,001,2026-01-28_10h20.53.322,Simon,2024.2.4,Win32,60.60606061,,,,,,,,,,,,,,,,,,0,2,2,2,1,images/yellow_butterfly.png,images/white_butterfly.png,right_image_2,"In this example, select the RIGHT butterfly.",,,,,,,,,,,,,,,,,,,
,,,,,126548,001,2026-01-28_10h20.53.322,Simon,2024.2.4,Win32,60.60606061,121.1924,122.5886,[0.20031055900621117],[-0.007763975155279503],[1],[0],[0],[1.3945999999940426],"[""right_image_2"",""right_image_2""]",1,122.5893,123.0886,0,0,0,0,1,,,,,,,,,,,,,,,,,,,,,,,,,,,,
,,,,,126548,001,2026-01-28_10h20.53.322,Simon,2024.2.4,Win32,60.60606061,,,,,,,,,,,,,,,,,,0,3,3,3,1,images/white_butterfly.png,images/yellow_butterfly.png,right_image_2,"In this example, select the RIGHT butterfly.",,,,,,,,,,,,,,,,,,,
,,,,,126548,001,2026-01-28_10h20.53.322,Simon,2024.2.4,Win32,60.60606061,,,,,,,,,,,,,,,,,,,,,,,,,,,123.0896,128.7895,1,[128.79250000000002],[128.79250000000002],,,,,,,,,,,,,,
,,,,,126548,001,2026-01-28_10h20.53.322,Simon,2024.2.4,Win32,60.60606061,,,,,,,,,,0,131.6903,132.1897,,,,,,,,,,,images/yellow_butterfly.png,images/white_butterfly.png,right_image, ,,,,,,128.8097,131.6886,[-0.2220496894409938],[-0.017080745341614908],[1],[0],[0],[2.8765000000000214],"[""left_image""]",0,0,0,2,1
,,,,,126548,001,2026-01-28_10h20.53.322,Simon,2024.2.4,Win32,60.60606061,,,,,,,,,,0,134.0047,134.5044,,,,,,,,,,,images/purple_butterfly.png,images/white_butterfly.png,left_image, ,,,,,,132.1912,134.0045,[0.21739130434782608],[-0.006211180124223602],[1],[0],[0],[1.8127000000029625],"[""right_image""]",0,1,1,0,1
,,,,,126548,001,2026-01-28_10h20.53.322,Simon,2024.2.4,Win32,60.60606061,,,,,,,,,,1,138.6904,139.1877,,,,,,,,,,,images/white_butterfly.png,images/purple_butterfly.png,left_image, ,,,,,,134.5067,138.6879,[-0.13198757763975155],[-0.04813664596273292],[1],[0],[0],[4.179900000005972],"[""left_image""]",0,2,2,1,1
,,,,,126548,001,2026-01-28_10h20.53.322,Simon,2024.2.4,Win32,60.60606061,,,,,,,,,,0,140.724,141.2205,,,,,,,,,,,images/white_butterfly.png,images/yellow_butterfly.png,right_image, ,,,,,,139.1893,140.7211,[-0.11801242236024845],[-0.04813664596273292],[1],[0],[0],[1.5304999999999893],"[""left_image""]",0,3,3,3,1
,,,,,126548,001,2026-01-28_10h20.53.322,Simon,2024.2.4,Win32,60.60606061,,,,,,,,,,0,143.0377,143.5375,,,,,,,,,,,images/yellow_butterfly.png,images/white_butterfly.png,right_image, ,,,,,,141.222,143.0375,[-0.11801242236024845],[-0.04813664596273292],[1],[0],[0],[1.8142999999970186],"[""left_image""]",1,0,4,2,1
