﻿instructions.started,instructions.stopped,start_button.numClicks,start_button.timesOn,start_button.timesOff,participant,session,date,expName,psychopyVersion,OS,frameRate,practice_trial.started,practice_trial.stopped,mouse_2.x,mouse_2.y,mouse_2.leftButton,mouse_2.midButton,mouse_2.rightButton,mouse_2.time,mouse_2.clicked_name,correct,feedback.started,feedback.stopped,loop_until_correct.thisRepN,loop_until_correct.thisTrialN,loop_until_correct.thisN,loop_until_correct.thisIndex,loop_until_correct.ran,prac_trials.thisRepN,prac_trials.thisTrialN,prac_trials.thisN,prac_trials.thisIndex,prac_trials.ran,left_color,right_color,correct_response,top_txt,instructions_2.started,instructions_2.stopped,start_button_2.numClicks,start_button_2.timesOn,start_button_2.timesOff,trial.started,trial.stopped,mouse.x,mouse.y,mouse.leftButton,mouse.midButton,mouse.rightButton,mouse.time,mouse.clicked_name,trials.thisRepN,trials.thisTrialN,trials.thisN,trials.thisIndex,trials.ran,end.started,end.stopped,start_button_3.numClicks,start_button_3.timesOn,start_button_3.timesOff
0,0.77,1,[0.7800000000000007],[0.7800000000000007],126775,001,2026-01-14_13h53.46.100,Simon,2024.2.4,MacIntel,120.1923077,,,,,,,,,,,,,,,,,,,,,,,,,,,,,,,,,,,,,,,,,,,,,,,,,,
,,,,,126775,001,2026-01-14_13h53.46.100,Simon,2024.2.4,MacIntel,120.1923077,0.78,1.596,[-0.18111638954869358],[-0.06472684085510688],[1],[0],[0],[0.8130000000000006],"[""left_image_2"",""left_image_2""]",1,1.597,2.095,0,0,0,0,1,,,,,,,,,,,,,,,,,,,,,,,,,,,,,,,,,
,,,,,126775,001,2026-01-14_13h53.46.100,Simon,2024.2.4,MacIntel,120.1923077,,,,,,,,,,,,,,,,,,0,0,0,0,1,images/purple_butterfly.png,images/white_butterfly.png,left_image_2,"In this example, select the LEFT butterfly.",,,,,,,,,,,,,,,,,,,,,,,,
,,,,,126775,001,2026-01-14_13h53.46.100,Simon,2024.2.4,MacIntel,120.1923077,2.097,2.921,[-0.22327790973871733],[-0.010688836104513063],[1],[0],[0],[0.8230000000000004],"[""left_image_2"",""left_image_2""]",1,2.921,3.42,0,0,0,0,1,,,,,,,,,,,,,,,,,,,,,,,,,,,,,,,,,
,,,,,126775,001,2026-01-14_13h53.46.100,Simon,2024.2.4,MacIntel,120.1923077,,,,,,,,,,,,,,,,,,0,1,1,1,1,images/white_butterfly.png,images/purple_butterfly.png,left_image_2,"In this example, select the LEFT butterfly.",,,,,,,,,,,,,,,,,,,,,,,,
,,,,,126775,001,2026-01-14_13h53.46.100,Simon,2024.2.4,MacIntel,120.1923077,3.422,4.063,[0.21080760095011877],[-0.042161520190023755],[1],[0],[0],[0.6399999999999988],"[""right_image_2"",""right_image_2""]",1,4.063,4.563,0,0,0,0,1,,,,,,,,,,,,,,,,,,,,,,,,,,,,,,,,,
,,,,,126775,001,2026-01-14_13h53.46.100,Simon,2024.2.4,MacIntel,120.1923077,,,,,,,,,,,,,,,,,,0,2,2,2,1,images/yellow_butterfly.png,images/white_butterfly.png,right_image_2,"In this example, select the RIGHT butterfly.",,,,,,,,,,,,,,,,,,,,,,,,
,,,,,126775,001,2026-01-14_13h53.46.100,Simon,2024.2.4,MacIntel,120.1923077,4.564,4.854,[0.19239904988123516],[-0.023752969121140142],[1],[0],[0],[0.28999999999999915],"[""right_image_2"",""right_image_2""]",1,4.854,5.353,0,0,0,0,1,,,,,,,,,,,,,,,,,,,,,,,,,,,,,,,,,
,,,,,126775,001,2026-01-14_13h53.46.100,Simon,2024.2.4,MacIntel,120.1923077,,,,,,,,,,,,,,,,,,0,3,3,3,1,images/white_butterfly.png,images/yellow_butterfly.png,right_image_2,"In this example, select the RIGHT butterfly.",,,,,,,,,,,,,,,,,,,,,,,,
,,,,,126775,001,2026-01-14_13h53.46.100,Simon,2024.2.4,MacIntel,120.1923077,,,,,,,,,,,,,,,,,,,,,,,,,,,5.353,6.045,1,[6.047000000000001],[6.047000000000001],,,,,,,,,,,,,,,,,,,
,,,,,126775,001,2026-01-14_13h53.46.100,Simon,2024.2.4,MacIntel,120.1923077,,,,,,,,,,1,6.82,7.32,,,,,,,,,,,images/white_butterfly.png,images/yellow_butterfly.png,right_image, ,,,,,,6.047,6.82,[0.16270783847980996],[-0.05522565320665083],[1],[0],[0],[0.7730000000000015],"[""right_image""]",0,0,0,3,1,,,,,
,,,,,126775,001,2026-01-14_13h53.46.100,Simon,2024.2.4,MacIntel,120.1923077,,,,,,,,,,1,7.988,8.487,,,,,,,,,,,images/white_butterfly.png,images/purple_butterfly.png,left_image, ,,,,,,7.321,7.987,[-0.1846793349168646],[0.00831353919239905],[1],[0],[0],[0.6650000000000009],"[""left_image""]",0,1,1,1,1,,,,,
,,,,,126775,001,2026-01-14_13h53.46.100,Simon,2024.2.4,MacIntel,120.1923077,,,,,,,,,,1,8.97,9.47,,,,,,,,,,,images/purple_butterfly.png,images/white_butterfly.png,left_image, ,,,,,,8.488,8.97,[-0.14845605700712589],[0.006532066508313539],[1],[0],[0],[0.4819999999999993],"[""left_image""]",0,2,2,0,1,,,,,
,,,,,126775,001,2026-01-14_13h53.46.100,Simon,2024.2.4,MacIntel,120.1923077,,,,,,,,,,1,10.121,10.621,,,,,,,,,,,images/yellow_butterfly.png,images/white_butterfly.png,right_image, ,,,,,,9.47,10.12,[0.14667458432304037],[-0.052256532066508314],[1],[0],[0],[0.6489999999999991],"[""right_image""]",0,3,3,2,1,,,,,
,,,,,126775,001,2026-01-14_13h53.46.100,Simon,2024.2.4,MacIntel,120.1923077,,,,,,,,,,1,11.095,11.595,,,,,,,,,,,images/yellow_butterfly.png,images/white_butterfly.png,right_image, ,,,,,,10.621,11.095,[0.1187648456057007],[-0.03800475059382423],[1],[0],[0],[0.4740000000000002],"[""right_image""]",1,0,4,2,1,,,,,
,,,,,126775,001,2026-01-14_13h53.46.100,Simon,2024.2.4,MacIntel,120.1923077,,,,,,,,,,1,12.136,12.637,,,,,,,,,,,images/white_butterfly.png,images/purple_butterfly.png,left_image, ,,,,,,11.596,12.136,[-0.20961995249406176],[0.0166270783847981],[1],[0],[0],[0.5389999999999979],"[""left_image""]",1,1,5,1,1,,,,,
,,,,,126775,001,2026-01-14_13h53.46.100,Simon,2024.2.4,MacIntel,120.1923077,,,,,,,,,,1,12.996,13.495,,,,,,,,,,,images/purple_butterfly.png,images/white_butterfly.png,left_image, ,,,,,,12.638,12.996,[-0.19714964370546317],[-0.010688836104513063],[1],[0],[0],[0.35800000000000054],"[""left_image""]",1,2,6,0,1,,,,,
,,,,,126775,001,2026-01-14_13h53.46.100,Simon,2024.2.4,MacIntel,120.1923077,,,,,,,,,,1,14.029,14.529,,,,,,,,,,,images/white_butterfly.png,images/yellow_butterfly.png,right_image, ,,,,,,13.495,14.029,[0.19655581947743467],[-0.021971496437054632],[1],[0],[0],[0.5330000000000013],"[""right_image""]",1,3,7,3,1,,,,,
,,,,,126775,001,2026-01-14_13h53.46.100,Simon,2024.2.4,MacIntel,120.1923077,,,,,,,,,,1,14.92,15.421,,,,,,,,,,,images/white_butterfly.png,images/yellow_butterfly.png,right_image, ,,,,,,14.529,14.919,[0.1846793349168646],[-0.017814726840855107],[1],[0],[0],[0.39000000000000057],"[""right_image""]",2,0,8,3,1,,,,,
,,,,,126775,001,2026-01-14_13h53.46.100,Simon,2024.2.4,MacIntel,120.1923077,,,,,,,,,,1,15.945,16.445,,,,,,,,,,,images/yellow_butterfly.png,images/white_butterfly.png,right_image, ,,,,,,15.421,15.945,[0.15914489311163896],[-0.014251781472684086],[1],[0],[0],[0.5240000000000009],"[""right_image""]",2,1,9,2,1,,,,,
,,,,,126775,001,2026-01-14_13h53.46.100,Simon,2024.2.4,MacIntel,120.1923077,,,,,,,,,,1,17.103,17.603,,,,,,,,,,,images/white_butterfly.png,images/purple_butterfly.png,left_image, ,,,,,,16.446,17.103,[-0.20486935866983372],[0.020190023752969122],[1],[0],[0],[0.657],"[""left_image""]",2,2,10,1,1,,,,,
,,,,,126775,001,2026-01-14_13h53.46.100,Simon,2024.2.4,MacIntel,120.1923077,,,,,,,,,,1,18.103,18.604,,,,,,,,,,,images/purple_butterfly.png,images/white_butterfly.png,left_image, ,,,,,,17.604,18.103,[-0.1543942992874109],[0.013064133016627079],[1],[0],[0],[0.4989999999999988],"[""left_image""]",2,3,11,0,1,,,,,
,,,,,126775,001,2026-01-14_13h53.46.100,Simon,2024.2.4,MacIntel,120.1923077,,,,,,,,,,1,19.253,19.753,,,,,,,,,,,images/white_butterfly.png,images/purple_butterfly.png,left_image, ,,,,,,18.605,19.253,[-0.22446555819477435],[0.02494061757719715],[1],[0],[0],[0.6479999999999997],"[""left_image""]",3,0,12,1,1,,,,,
,,,,,126775,001,2026-01-14_13h53.46.100,Simon,2024.2.4,MacIntel,120.1923077,,,,,,,,,,1,20.395,20.896,,,,,,,,,,,images/white_butterfly.png,images/yellow_butterfly.png,right_image, ,,,,,,19.755,20.395,[0.1668646080760095],[-0.011282660332541567],[1],[0],[0],[0.6400000000000006],"[""right_image""]",3,1,13,3,1,,,,,
,,,,,126775,001,2026-01-14_13h53.46.100,Simon,2024.2.4,MacIntel,120.1923077,,,,,,,,,,1,21.437,21.937,,,,,,,,,,,images/purple_butterfly.png,images/white_butterfly.png,left_image, ,,,,,,20.896,21.437,[-0.15261282660332542],[0.027909738717339667],[1],[0],[0],[0.5410000000000004],"[""left_image""]",3,2,14,0,1,,,,,
,,,,,126775,001,2026-01-14_13h53.46.100,Simon,2024.2.4,MacIntel,120.1923077,,,,,,,,,,1,22.479,22.979,,,,,,,,,,,images/yellow_butterfly.png,images/white_butterfly.png,right_image, ,,,,,,21.937,22.479,[0.1187648456057007],[-0.020783847980997625],[1],[0],[0],[0.5410000000000004],"[""right_image""]",3,3,15,2,1,,,,,
,,,,,126775,001,2026-01-14_13h53.46.100,Simon,2024.2.4,MacIntel,120.1923077,,,,,,,,,,1,23.52,24.02,,,,,,,,,,,images/yellow_butterfly.png,images/white_butterfly.png,right_image, ,,,,,,22.979,23.52,[0.17755344418052257],[-0.016033254156769598],[1],[0],[0],[0.5410000000000004],"[""right_image""]",4,0,16,2,1,,,,,
,,,,,126775,001,2026-01-14_13h53.46.100,Simon,2024.2.4,MacIntel,120.1923077,,,,,,,,,,1,24.537,25.037,,,,,,,,,,,images/white_butterfly.png,images/purple_butterfly.png,left_image, ,,,,,,24.021,24.537,[-0.16983372921615203],[0.019596199524940617],[1],[0],[0],[0.5159999999999982],"[""left_image""]",4,1,17,1,1,,,,,
,,,,,126775,001,2026-01-14_13h53.46.100,Simon,2024.2.4,MacIntel,120.1923077,,,,,,,,,,1,26.186,26.687,,,,,,,,,,,images/white_butterfly.png,images/yellow_butterfly.png,right_image, ,,,,,,25.037,26.186,[0.18111638954869358],[-0.0510688836104513],[1],[0],[0],[1.149000000000001],"[""right_image""]",4,2,18,3,1,,,,,
,,,,,126775,001,2026-01-14_13h53.46.100,Simon,2024.2.4,MacIntel,120.1923077,,,,,,,,,,1,27.237,27.737,,,,,,,,,,,images/purple_butterfly.png,images/white_butterfly.png,left_image, ,,,,,,26.687,27.237,[-0.21080760095011877],[0.0332541567695962],[1],[0],[0],[0.5479999999999947],"[""left_image""]",4,3,19,0,1,,,,,
,,,,,126775,001,2026-01-14_13h53.46.100,Simon,2024.2.4,MacIntel,120.1923077,,,,,,,,,,,,,,,,,,,,,,,,,,,,,,,,,,,,,,,,,,,,,,27.737,28.595,1,[28.595],[28.595]
