﻿instructions.started,instructions.stopped,start_button.numClicks,start_button.timesOn,start_button.timesOff,participant,session,date,expName,psychopyVersion,OS,frameRate,practice_trial.started,practice_trial.stopped,mouse_2.x,mouse_2.y,mouse_2.leftButton,mouse_2.midButton,mouse_2.rightButton,mouse_2.time,mouse_2.clicked_name,correct,feedback.started,feedback.stopped,loop_until_correct.thisRepN,loop_until_correct.thisTrialN,loop_until_correct.thisN,loop_until_correct.thisIndex,loop_until_correct.ran,prac_trials.thisRepN,prac_trials.thisTrialN,prac_trials.thisN,prac_trials.thisIndex,prac_trials.ran,left_color,right_color,correct_response,top_txt,instructions_2.started,instructions_2.stopped,start_button_2.numClicks,start_button_2.timesOn,start_button_2.timesOff,trial.started,trial.stopped,mouse.x,mouse.y,mouse.leftButton,mouse.midButton,mouse.rightButton,mouse.time,mouse.clicked_name,trials.thisRepN,trials.thisTrialN,trials.thisN,trials.thisIndex,trials.ran,end.started,end.stopped,start_button_3.numClicks,start_button_3.timesOn,start_button_3.timesOff
0.0002,18.4912,1,[18.498],[18.498],126934,001,2025-04-23_11h03.06.176,Simon,2024.2.4,Win32,60.60606061,,,,,,,,,,,,,,,,,,,,,,,,,,,,,,,,,,,,,,,,,,,,,,,,,,
,,,,,126934,001,2025-04-23_11h03.06.176,Simon,2024.2.4,Win32,60.60606061,18.5005,22.4544,[-0.11764705882352941],[0.03485835455601512],[1],[0],[0],[3.9526000000238426],"[""left_image_2"",""left_image_2""]",1,22.4546,22.9539,0,0,0,0,1,,,,,,,,,,,,,,,,,,,,,,,,,,,,,,,,,
,,,,,126934,001,2025-04-23_11h03.06.176,Simon,2024.2.4,Win32,60.60606061,,,,,,,,,,,,,,,,,,0,0,0,0,1,images/purple_butterfly.png,images/white_butterfly.png,left_image_2,"In this example, select the LEFT butterfly.",,,,,,,,,,,,,,,,,,,,,,,,
,,,,,126934,001,2025-04-23_11h03.06.176,Simon,2024.2.4,Win32,60.60606061,22.9555,24.6527,[-0.15141605551725898],[0.014161203421798408],[1],[0],[0],[1.6959000000059596],"[""left_image_2"",""left_image_2""]",1,24.6529,25.1521,0,0,0,0,1,,,,,,,,,,,,,,,,,,,,,,,,,,,,,,,,,
,,,,,126934,001,2025-04-23_11h03.06.176,Simon,2024.2.4,Win32,60.60606061,,,,,,,,,,,,,,,,,,0,1,1,1,1,images/white_butterfly.png,images/purple_butterfly.png,left_image_2,"In this example, select the LEFT butterfly.",,,,,,,,,,,,,,,,,,,,,,,,
,,,,,126934,001,2025-04-23_11h03.06.176,Simon,2024.2.4,Win32,60.60606061,25.1536,26.0344,[0.28104575163398693],[0.059912837408726514],[1],[0],[0],[0.8795999999940385],"[""right_image_2"",""right_image_2""]",1,26.0345,26.5343,0,0,0,0,1,,,,,,,,,,,,,,,,,,,,,,,,,,,,,,,,,
,,,,,126934,001,2025-04-23_11h03.06.176,Simon,2024.2.4,Win32,60.60606061,,,,,,,,,,,,,,,,,,0,2,2,2,1,images/yellow_butterfly.png,images/white_butterfly.png,right_image_2,"In this example, select the RIGHT butterfly.",,,,,,,,,,,,,,,,,,,,,,,,
,,,,,126934,001,2025-04-23_11h03.06.176,Simon,2024.2.4,Win32,60.60606061,26.5355,27.2503,[0.2777777777777778],[0.07734201468673407],[1],[0],[0],[0.7140000000000022],"[""right_image_2"",""right_image_2""]",1,27.2504,27.7498,0,0,0,0,1,,,,,,,,,,,,,,,,,,,,,,,,,,,,,,,,,
,,,,,126934,001,2025-04-23_11h03.06.176,Simon,2024.2.4,Win32,60.60606061,,,,,,,,,,,,,,,,,,0,3,3,3,1,images/white_butterfly.png,images/yellow_butterfly.png,right_image_2,"In this example, select the RIGHT butterfly.",,,,,,,,,,,,,,,,,,,,,,,,
,,,,,126934,001,2025-04-23_11h03.06.176,Simon,2024.2.4,Win32,60.60606061,,,,,,,,,,,,,,,,,,,,,,,,,,,27.75,29.4817,1,[29.48290000000596],[29.48290000000596],,,,,,,,,,,,,,,,,,,
,,,,,126934,001,2025-04-23_11h03.06.176,Simon,2024.2.4,Win32,60.60606061,,,,,,,,,,1,31.3136,31.813,,,,,,,,,,,images/white_butterfly.png,images/yellow_butterfly.png,right_image, ,,,,,,29.4853,31.3135,[0.19825714709712008],[0.03050107270284416],[1],[0],[0],[1.8279999999999959],"[""right_image""]",0,0,0,3,1,,,,,
,,,,,126934,001,2025-04-23_11h03.06.176,Simon,2024.2.4,Win32,60.60606061,,,,,,,,,,1,32.5959,33.0962,,,,,,,,,,,images/white_butterfly.png,images/purple_butterfly.png,left_image, ,,,,,,31.8134,32.5959,[-0.14814808166104984],[0.004357281853170956],[1],[0],[0],[0.7820999999940383],"[""left_image""]",0,1,1,1,1,,,,,
,,,,,126934,001,2025-04-23_11h03.06.176,Simon,2024.2.4,Win32,60.60606061,,,,,,,,,,1,33.9449,34.4442,,,,,,,,,,,images/yellow_butterfly.png,images/white_butterfly.png,right_image, ,,,,,,33.0971,33.9448,[0.13725490196078433],[0.03812632841222426],[1],[0],[0],[0.8470999999940361],"[""right_image""]",0,2,2,2,1,,,,,
,,,,,126934,001,2025-04-23_11h03.06.176,Simon,2024.2.4,Win32,60.60606061,,,,,,,,,,1,35.0768,35.577,,,,,,,,,,,images/purple_butterfly.png,images/white_butterfly.png,left_image, ,,,,,,34.4451,35.0768,[-0.09912847381791258],[0.058823529411764705],[1],[0],[0],[0.6310000000000002],"[""left_image""]",0,3,3,0,1,,,,,
,,,,,126934,001,2025-04-23_11h03.06.176,Simon,2024.2.4,Win32,60.60606061,,,,,,,,,,1,36.2597,36.7593,,,,,,,,,,,images/yellow_butterfly.png,images/white_butterfly.png,right_image, ,,,,,,35.578,36.2597,[0.12854033825444242],[0.04357296812768076],[1],[0],[0],[0.6814000000059579],"[""right_image""]",1,0,4,2,1,,,,,
,,,,,126934,001,2025-04-23_11h03.06.176,Simon,2024.2.4,Win32,60.60606061,,,,,,,,,,1,37.4419,37.9414,,,,,,,,,,,images/purple_butterfly.png,images/white_butterfly.png,left_image, ,,,,,,36.7601,37.4419,[-0.19934640522875818],[0.02723309884663501],[1],[0],[0],[0.6813999999761577],"[""left_image""]",1,1,5,0,1,,,,,
,,,,,126934,001,2025-04-23_11h03.06.176,Simon,2024.2.4,Win32,60.60606061,,,,,,,,,,1,38.6577,39.1572,,,,,,,,,,,images/white_butterfly.png,images/yellow_butterfly.png,right_image, ,,,,,,37.9421,38.6577,[0.20261437908496732],[0.02287581699346405],[1],[0],[0],[0.7150999999940382],"[""right_image""]",1,2,6,3,1,,,,,
,,,,,126934,001,2025-04-23_11h03.06.176,Simon,2024.2.4,Win32,60.60606061,,,,,,,,,,1,39.673,40.173,,,,,,,,,,,images/white_butterfly.png,images/purple_butterfly.png,left_image, ,,,,,,39.158,39.6729,[-0.14814808166104984],[0.028322406843596815],[1],[0],[0],[0.5147000000178821],"[""left_image""]",1,3,7,1,1,,,,,
,,,,,126934,001,2025-04-23_11h03.06.176,Simon,2024.2.4,Win32,60.60606061,,,,,,,,,,1,41.2384,41.7386,,,,,,,,,,,images/white_butterfly.png,images/purple_butterfly.png,left_image, ,,,,,,40.1738,41.2383,[-0.1895424836601307],[0.03485835455601512],[1],[0],[0],[1.0643999999761604],"[""left_image""]",2,0,8,1,1,,,,,
,,,,,126934,001,2025-04-23_11h03.06.176,Simon,2024.2.4,Win32,60.60606061,,,,,,,,,,1,42.4877,42.9874,,,,,,,,,,,images/purple_butterfly.png,images/white_butterfly.png,left_image, ,,,,,,41.7396,42.4877,[-0.1525054133795445],[0.025054432987387663],[1],[0],[0],[0.7476999999880789],"[""left_image""]",2,1,9,0,1,,,,,
,,,,,126934,001,2025-04-23_11h03.06.176,Simon,2024.2.4,Win32,60.60606061,,,,,,,,,,1,43.6197,44.1198,,,,,,,,,,,images/yellow_butterfly.png,images/white_butterfly.png,right_image, ,,,,,,42.9881,43.6197,[0.1808279199537888],[0.03703702041526246],[1],[0],[0],[0.6310000000000002],"[""right_image""]",2,2,10,2,1,,,,,
,,,,,126934,001,2025-04-23_11h03.06.176,Simon,2024.2.4,Win32,60.60606061,,,,,,,,,,1,44.7688,45.2693,,,,,,,,,,,images/white_butterfly.png,images/yellow_butterfly.png,right_image, ,,,,,,44.1205,44.7688,[0.1350762859668607],[0.03485835455601512],[1],[0],[0],[0.6477999999821193],"[""right_image""]",2,3,11,3,1,,,,,
,,,,,126934,001,2025-04-23_11h03.06.176,Simon,2024.2.4,Win32,60.60606061,,,,,,,,,,1,46.0677,46.5679,,,,,,,,,,,images/white_butterfly.png,images/purple_butterfly.png,left_image, ,,,,,,45.2703,46.0677,[-0.17320261437908496],[0.016339869281045753],[1],[0],[0],[0.7969000000059552],"[""left_image""]",3,0,12,1,1,,,,,
,,,,,126934,001,2025-04-23_11h03.06.176,Simon,2024.2.4,Win32,60.60606061,,,,,,,,,,1,47.4671,47.9666,,,,,,,,,,,images/purple_butterfly.png,images/white_butterfly.png,left_image, ,,,,,,46.5687,47.4671,[-0.13725490196078433],[0.025054432987387663],[1],[0],[0],[0.8979999999999961],"[""left_image""]",3,1,13,0,1,,,,,
,,,,,126934,001,2025-04-23_11h03.06.176,Simon,2024.2.4,Win32,60.60606061,,,,,,,,,,1,48.8156,49.3156,,,,,,,,,,,images/yellow_butterfly.png,images/white_butterfly.png,right_image, ,,,,,,47.9675,48.8155,[0.16775602452895222],[0.023965124990425857],[1],[0],[0],[0.8477000000178805],"[""right_image""]",3,2,14,2,1,,,,,
,,,,,126934,001,2025-04-23_11h03.06.176,Simon,2024.2.4,Win32,60.60606061,,,,,,,,,,1,49.9317,50.4316,,,,,,,,,,,images/white_butterfly.png,images/yellow_butterfly.png,right_image, ,,,,,,49.3166,49.9316,[0.2265795539407169],[0.020697151134216708],[1],[0],[0],[0.6145999999940415],"[""right_image""]",3,3,15,3,1,,,,,
,,,,,126934,001,2025-04-23_11h03.06.176,Simon,2024.2.4,Win32,60.60606061,,,,,,,,,,1,51.2969,51.797,,,,,,,,,,,images/yellow_butterfly.png,images/white_butterfly.png,right_image, ,,,,,,50.4328,51.2969,[0.16775602452895222],[0.03485835455601512],[1],[0],[0],[0.8638000000119206],"[""right_image""]",4,0,16,2,1,,,,,
,,,,,126934,001,2025-04-23_11h03.06.176,Simon,2024.2.4,Win32,60.60606061,,,,,,,,,,1,52.5625,53.0626,,,,,,,,,,,images/white_butterfly.png,images/yellow_butterfly.png,right_image, ,,,,,,51.7979,52.5625,[0.17755994609757966],[0.025054432987387663],[1],[0],[0],[0.7642000000178797],"[""right_image""]",4,1,17,3,1,,,,,
,,,,,126934,001,2025-04-23_11h03.06.176,Simon,2024.2.4,Win32,60.60606061,,,,,,,,,,1,53.8613,54.3614,,,,,,,,,,,images/purple_butterfly.png,images/white_butterfly.png,left_image, ,,,,,,53.0634,53.8613,[-0.15904136109196282],[0.032679738562091505],[1],[0],[0],[0.7974999999999994],"[""left_image""]",4,2,18,0,1,,,,,
,,,,,126934,001,2025-04-23_11h03.06.176,Simon,2024.2.4,Win32,60.60606061,,,,,,,,,,1,55.0108,55.5104,,,,,,,,,,,images/white_butterfly.png,images/purple_butterfly.png,left_image, ,,,,,,54.3621,55.0108,[-0.15468402937346815],[0.006535947712418301],[1],[0],[0],[0.6482999999821217],"[""left_image""]",4,3,19,1,1,,,,,
,,,,,126934,001,2025-04-23_11h03.06.176,Simon,2024.2.4,Win32,60.60606061,,,,,,,,,,,,,,,,,,,,,,,,,,,,,,,,,,,,,,,,,,,,,,55.5108,60.5392,1,[60.539099999994036],[60.539099999994036]
