﻿instructions.started,instructions.stopped,start_button.numClicks,start_button.timesOn,start_button.timesOff,participant,session,date,expName,psychopyVersion,OS,frameRate,practice_trial.started,practice_trial.stopped,mouse_2.x,mouse_2.y,mouse_2.leftButton,mouse_2.midButton,mouse_2.rightButton,mouse_2.time,mouse_2.clicked_name,correct,feedback.started,feedback.stopped,loop_until_correct.thisRepN,loop_until_correct.thisTrialN,loop_until_correct.thisN,loop_until_correct.thisIndex,loop_until_correct.ran,prac_trials.thisRepN,prac_trials.thisTrialN,prac_trials.thisN,prac_trials.thisIndex,prac_trials.ran,left_color,right_color,correct_response,top_txt,instructions_2.started,instructions_2.stopped,start_button_2.numClicks,start_button_2.timesOn,start_button_2.timesOff,trial.started,trial.stopped,mouse.x,mouse.y,mouse.leftButton,mouse.midButton,mouse.rightButton,mouse.time,mouse.clicked_name,trials.thisRepN,trials.thisTrialN,trials.thisN,trials.thisIndex,trials.ran,end.started,end.stopped,start_button_3.numClicks,start_button_3.timesOn,start_button_3.timesOff
0.0003,1270.2487,1,[1270.2611000000238],[1270.2611000000238],127447,001,2025-10-29_15h15.47.539,Simon,2024.2.4,Win32,60.24096386,,,,,,,,,,,,,,,,,,,,,,,,,,,,,,,,,,,,,,,,,,,,,,,,,,
,,,,,127447,001,2025-10-29_15h15.47.539,Simon,2024.2.4,Win32,60.24096386,1270.2641,1293.5266,[-0.16352201257861634],[0.005241090146750524],[1],[0],[0],[23.25850000000014],"[""left_image_2"",""left_image_2""]",1,1293.5271,1294.0264,0,0,0,0,1,,,,,,,,,,,,,,,,,,,,,,,,,,,,,,,,,
,,,,,127447,001,2025-10-29_15h15.47.539,Simon,2024.2.4,Win32,60.24096386,,,,,,,,,,,,,,,,,,0,0,0,0,1,images/purple_butterfly.png,images/white_butterfly.png,left_image_2,"In this example, select the LEFT butterfly.",,,,,,,,,,,,,,,,,,,,,,,,
,,,,,127447,001,2025-10-29_15h15.47.539,Simon,2024.2.4,Win32,60.24096386,1294.0277,1300.8424,[0.1719077568134172],[-0.0031446540880503146],[1],[0],[0],[6.812899999976253],"[""right_image_2"",""right_image_2""]",0,1300.843,1301.3424,0,0,0,0,1,,,,,,,,,,,,,,,,,,,,,,,,,,,,,,,,,
,,,,,127447,001,2025-10-29_15h15.47.539,Simon,2024.2.4,Win32,60.24096386,1301.3428,1321.0914,[-0.23060796645702306],[-0.025157232704402517],[1],[0],[0],[19.74810000002367],"[""left_image_2"",""left_image_2""]",1,1321.0923,1321.5912,1,0,1,0,1,,,,,,,,,,,,,,,,,,,,,,,,,,,,,,,,,
,,,,,127447,001,2025-10-29_15h15.47.539,Simon,2024.2.4,Win32,60.24096386,,,,,,,,,,,,,,,,,,0,1,1,1,1,images/white_butterfly.png,images/purple_butterfly.png,left_image_2,"In this example, select the LEFT butterfly.",,,,,,,,,,,,,,,,,,,,,,,,
,,,,,127447,001,2025-10-29_15h15.47.539,Simon,2024.2.4,Win32,60.24096386,1321.5922,1325.0745,[0.16666666666666666],[0.0010482180293501049],[1],[0],[0],[3.481200000047693],"[""right_image_2"",""right_image_2""]",1,1325.0746,1325.575,0,0,0,0,1,,,,,,,,,,,,,,,,,,,,,,,,,,,,,,,,,
,,,,,127447,001,2025-10-29_15h15.47.539,Simon,2024.2.4,Win32,60.24096386,,,,,,,,,,,,,,,,,,0,2,2,2,1,images/yellow_butterfly.png,images/white_butterfly.png,right_image_2,"In this example, select the RIGHT butterfly.",,,,,,,,,,,,,,,,,,,,,,,,
,,,,,127447,001,2025-10-29_15h15.47.539,Simon,2024.2.4,Win32,60.24096386,1325.5759,1327.4744,[0.16771488469601678],[0.0010482180293501049],[1],[0],[0],[1.8978999999760617],"[""right_image_2"",""right_image_2""]",1,1327.4745,1327.9747,0,0,0,0,1,,,,,,,,,,,,,,,,,,,,,,,,,,,,,,,,,
,,,,,127447,001,2025-10-29_15h15.47.539,Simon,2024.2.4,Win32,60.24096386,,,,,,,,,,,,,,,,,,0,3,3,3,1,images/white_butterfly.png,images/yellow_butterfly.png,right_image_2,"In this example, select the RIGHT butterfly.",,,,,,,,,,,,,,,,,,,,,,,,
,,,,,127447,001,2025-10-29_15h15.47.539,Simon,2024.2.4,Win32,60.24096386,,,,,,,,,,,,,,,,,,,,,,,,,,,1327.9751,1330.3077,1,[1330.3102000000476],[1330.3102000000476],,,,,,,,,,,,,,,,,,,
,,,,,127447,001,2025-10-29_15h15.47.539,Simon,2024.2.4,Win32,60.24096386,,,,,,,,,,1,1336.3911,1336.8905,,,,,,,,,,,images/white_butterfly.png,images/yellow_butterfly.png,right_image, ,,,,,,1330.3148,1336.391,[0.16352201257861634],[-0.05450733752620545],[1],[0],[0],[6.075600000023769],"[""right_image""]",0,0,0,3,1,,,,,
,,,,,127447,001,2025-10-29_15h15.47.539,Simon,2024.2.4,Win32,60.24096386,,,,,,,,,,1,1340.9073,1341.4071,,,,,,,,,,,images/yellow_butterfly.png,images/white_butterfly.png,right_image, ,,,,,,1336.891,1340.9072,[0.24528301886792453],[0.015723270440251572],[1],[0],[0],[4.015899999976],"[""right_image""]",0,1,1,2,1,,,,,
,,,,,127447,001,2025-10-29_15h15.47.539,Simon,2024.2.4,Win32,60.24096386,,,,,,,,,,1,1344.4902,1344.99,,,,,,,,,,,images/purple_butterfly.png,images/white_butterfly.png,left_image, ,,,,,,1341.4074,1344.4902,[-0.1530398322851153],[0.018867924528301886],[1],[0],[0],[3.0823999999761327],"[""left_image""]",0,2,2,0,1,,,,,
,,,,,127447,001,2025-10-29_15h15.47.539,Simon,2024.2.4,Win32,60.24096386,,,,,,,,,,1,1345.9573,1346.457,,,,,,,,,,,images/white_butterfly.png,images/purple_butterfly.png,left_image, ,,,,,,1344.9906,1345.9572,[-0.1519916142557652],[0.018867924528301886],[1],[0],[0],[0.9663999999763746],"[""left_image""]",0,3,3,1,1,,,,,
,,,,,127447,001,2025-10-29_15h15.47.539,Simon,2024.2.4,Win32,60.24096386,,,,,,,,,,1,1348.8071,1349.3063,,,,,,,,,,,images/yellow_butterfly.png,images/white_butterfly.png,right_image, ,,,,,,1346.4574,1348.807,[0.24423480083857443],[0.02410901467505241],[1],[0],[0],[2.3494000000953292],"[""right_image""]",1,0,4,2,1,,,,,
,,,,,127447,001,2025-10-29_15h15.47.539,Simon,2024.2.4,Win32,60.24096386,,,,,,,,,,1,1355.0397,1355.5398,,,,,,,,,,,images/white_butterfly.png,images/purple_butterfly.png,left_image, ,,,,,,1349.3068,1355.0397,[-0.17819706498951782],[0.023060796645702306],[1],[0],[0],[5.732599999904778],"[""left_image""]",1,1,5,1,1,,,,,
,,,,,127447,001,2025-10-29_15h15.47.539,Simon,2024.2.4,Win32,60.24096386,,,,,,,,,,1,1357.4894,1357.9892,,,,,,,,,,,images/white_butterfly.png,images/yellow_butterfly.png,right_image, ,,,,,,1355.5403,1357.4894,[0.1310272536687631],[0.018867924528301886],[1],[0],[0],[1.9487999999523709],"[""right_image""]",1,2,6,3,1,,,,,
,,,,,127447,001,2025-10-29_15h15.47.539,Simon,2024.2.4,Win32,60.24096386,,,,,,,,,,1,1359.6565,1360.1559,,,,,,,,,,,images/purple_butterfly.png,images/white_butterfly.png,left_image, ,,,,,,1357.9896,1359.6564,[-0.1530398322851153],[-0.0010482180293501049],[1],[0],[0],[1.666600000023891],"[""left_image""]",1,3,7,0,1,,,,,
,,,,,127447,001,2025-10-29_15h15.47.539,Simon,2024.2.4,Win32,60.24096386,,,,,,,,,,1,1361.4891,1361.989,,,,,,,,,,,images/yellow_butterfly.png,images/white_butterfly.png,right_image, ,,,,,,1360.1564,1361.489,[0.16247379454926625],[-0.0220125786163522],[1],[0],[0],[1.3324999999999818],"[""right_image""]",2,0,8,2,1,,,,,
,,,,,127447,001,2025-10-29_15h15.47.539,Simon,2024.2.4,Win32,60.24096386,,,,,,,,,,1,1362.939,1363.4394,,,,,,,,,,,images/white_butterfly.png,images/purple_butterfly.png,left_image, ,,,,,,1361.9895,1362.9389,[-0.1519916142557652],[-0.018867924528301886],[1],[0],[0],[0.9493000000716165],"[""left_image""]",2,1,9,1,1,,,,,
,,,,,127447,001,2025-10-29_15h15.47.539,Simon,2024.2.4,Win32,60.24096386,,,,,,,,,,1,1366.1389,1366.6387,,,,,,,,,,,images/white_butterfly.png,images/yellow_butterfly.png,right_image, ,,,,,,1363.4397,1366.1389,[0.13417190775681342],[-0.015723270440251572],[1],[0],[0],[2.699000000000069],"[""right_image""]",2,2,10,3,1,,,,,
,,,,,127447,001,2025-10-29_15h15.47.539,Simon,2024.2.4,Win32,60.24096386,,,,,,,,,,1,1367.4221,1367.9225,,,,,,,,,,,images/purple_butterfly.png,images/white_butterfly.png,left_image, ,,,,,,1366.6391,1367.4221,[-0.13417190775681342],[-0.02620545073375262],[1],[0],[0],[0.7828000000715747],"[""left_image""]",2,3,11,0,1,,,,,
,,,,,127447,001,2025-10-29_15h15.47.539,Simon,2024.2.4,Win32,60.24096386,,,,,,,,,,1,1370.9052,1371.4056,,,,,,,,,,,images/purple_butterfly.png,images/white_butterfly.png,left_image, ,,,,,,1367.9229,1370.9051,[-0.12368972746331237],[-0.03878406708595388],[1],[0],[0],[2.9821999999285254],"[""left_image""]",3,0,12,0,1,,,,,
,,,,,127447,001,2025-10-29_15h15.47.539,Simon,2024.2.4,Win32,60.24096386,,,,,,,,,,1,1372.5051,1373.0055,,,,,,,,,,,images/white_butterfly.png,images/yellow_butterfly.png,right_image, ,,,,,,1371.4061,1372.5051,[0.129979035639413],[-0.0440251572327044],[1],[0],[0],[1.0987999999524618],"[""right_image""]",3,1,13,3,1,,,,,
,,,,,127447,001,2025-10-29_15h15.47.539,Simon,2024.2.4,Win32,60.24096386,,,,,,,,,,1,1374.3048,1374.8048,,,,,,,,,,,images/yellow_butterfly.png,images/white_butterfly.png,right_image, ,,,,,,1373.0061,1374.3048,[0.129979035639413],[-0.0440251572327044],[1],[0],[0],[1.2986000000237254],"[""right_image""]",3,2,14,2,1,,,,,
,,,,,127447,001,2025-10-29_15h15.47.539,Simon,2024.2.4,Win32,60.24096386,,,,,,,,,,1,1375.8888,1376.3882,,,,,,,,,,,images/white_butterfly.png,images/purple_butterfly.png,left_image, ,,,,,,1374.8052,1375.8888,[-0.12683438155136267],[-0.03878406708595388],[1],[0],[0],[1.0834999999999582],"[""left_image""]",3,3,15,1,1,,,,,
,,,,,127447,001,2025-10-29_15h15.47.539,Simon,2024.2.4,Win32,60.24096386,,,,,,,,,,1,1377.6719,1378.1715,,,,,,,,,,,images/white_butterfly.png,images/yellow_butterfly.png,right_image, ,,,,,,1376.3887,1377.6718,[0.1519916142557652],[-0.050314465408805034],[1],[0],[0],[1.2829999999999018],"[""right_image""]",4,0,16,3,1,,,,,
,,,,,127447,001,2025-10-29_15h15.47.539,Simon,2024.2.4,Win32,60.24096386,,,,,,,,,,1,1379.8379,1380.3381,,,,,,,,,,,images/yellow_butterfly.png,images/white_butterfly.png,right_image, ,,,,,,1378.1719,1379.8379,[0.1792452830188679],[-0.05345911949685535],[1],[0],[0],[1.6657000000477638],"[""right_image""]",4,1,17,2,1,,,,,
,,,,,127447,001,2025-10-29_15h15.47.539,Simon,2024.2.4,Win32,60.24096386,,,,,,,,,,1,1381.3382,1381.838,,,,,,,,,,,images/purple_butterfly.png,images/white_butterfly.png,left_image, ,,,,,,1380.3386,1381.3381,[-0.16457023060796647],[-0.040880503144654086],[1],[0],[0],[0.9992999999521999],"[""left_image""]",4,2,18,0,1,,,,,
,,,,,127447,001,2025-10-29_15h15.47.539,Simon,2024.2.4,Win32,60.24096386,,,,,,,,,,1,1382.9877,1383.4879,,,,,,,,,,,images/white_butterfly.png,images/purple_butterfly.png,left_image, ,,,,,,1381.8383,1382.9877,[-0.15828092243186584],[-0.041928721174004195],[1],[0],[0],[1.1489999999998872],"[""left_image""]",4,3,19,1,1,,,,,
,,,,,127447,001,2025-10-29_15h15.47.539,Simon,2024.2.4,Win32,60.24096386,,,,,,,,,,,,,,,,,,,,,,,,,,,,,,,,,,,,,,,,,,,,,,1383.4881,1385.0047,1,[1385.0045],[1385.0045]
