﻿instructions.started,instructions.stopped,start_button.numClicks,start_button.timesOn,start_button.timesOff,participant,session,date,expName,psychopyVersion,OS,frameRate,practice_trial.started,practice_trial.stopped,mouse_2.x,mouse_2.y,mouse_2.leftButton,mouse_2.midButton,mouse_2.rightButton,mouse_2.time,mouse_2.clicked_name,correct,feedback.started,feedback.stopped,loop_until_correct.thisRepN,loop_until_correct.thisTrialN,loop_until_correct.thisN,loop_until_correct.thisIndex,loop_until_correct.ran,prac_trials.thisRepN,prac_trials.thisTrialN,prac_trials.thisN,prac_trials.thisIndex,prac_trials.ran,left_color,right_color,correct_response,top_txt,instructions_2.started
0.0004,8.9017,1,[8.912500000000001],[8.912500000000001],128529,001,2025-04-09_09h30.13.742,Simon,2024.2.4,Win32,60.24096386,,,,,,,,,,,,,,,,,,,,,,,,,,,
,,,,,128529,001,2025-04-09_09h30.13.742,Simon,2024.2.4,Win32,60.24096386,8.9438,13.8845,[-0.1532447224394058],[-0.03792025019546521],[1],[0],[0],[4.936800000011921],"[""left_image_2"",""left_image_2""]",1,13.8855,14.3841,0,0,0,0,1,,,,,,,,,,
,,,,,128529,001,2025-04-09_09h30.13.742,Simon,2024.2.4,Win32,60.24096386,,,,,,,,,,,,,,,,,,0,0,0,0,1,images/purple_butterfly.png,images/white_butterfly.png,left_image_2,"In this example, select the LEFT butterfly.",
,,,,,128529,001,2025-04-09_09h30.13.742,Simon,2024.2.4,Win32,60.24096386,14.3868,15.2674,[0.1970289288506646],[-0.040265832681782646],[1],[0],[0],[0.8777000000476818],"[""right_image_2"",""right_image_2""]",0,15.2688,15.7672,0,0,0,0,1,,,,,,,,,,
,,,,,128529,001,2025-04-09_09h30.13.742,Simon,2024.2.4,Win32,60.24096386,15.7685,21.9179,[-0.16106333072713058],[-0.04886630179827991],[1],[0],[0],[6.1483999999761565],"[""left_image_2"",""left_image_2""]",1,21.9191,22.4174,1,0,1,0,1,,,,,,,,,,
,,,,,128529,001,2025-04-09_09h30.13.742,Simon,2024.2.4,Win32,60.24096386,,,,,,,,,,,,,,,,,,0,1,1,1,1,images/white_butterfly.png,images/purple_butterfly.png,left_image_2,"In this example, select the LEFT butterfly.",
,,,,,128529,001,2025-04-09_09h30.13.742,Simon,2024.2.4,Win32,60.24096386,22.4197,27.6344,[0.2838154808444097],[-0.07544956997654417],[1],[0],[0],[5.212100000023838],"[""right_image_2"",""right_image_2""]",1,27.6347,28.1342,0,0,0,0,1,,,,,,,,,,
,,,,,128529,001,2025-04-09_09h30.13.742,Simon,2024.2.4,Win32,60.24096386,,,,,,,,,,,,,,,,,,0,2,2,2,1,images/yellow_butterfly.png,images/white_butterfly.png,right_image_2,"In this example, select the RIGHT butterfly.",
,,,,,128529,001,2025-04-09_09h30.13.742,Simon,2024.2.4,Win32,60.24096386,28.1366,31.4511,[0.2830336200156372],[-0.07544956997654417],[1],[0],[0],[3.312900000035757],"[""right_image_2"",""right_image_2""]",1,31.4513,31.951,0,0,0,0,1,,,,,,,,,,
,,,,,128529,001,2025-04-09_09h30.13.742,Simon,2024.2.4,Win32,60.24096386,,,,,,,,,,,,,,,,,,0,3,3,3,1,images/white_butterfly.png,images/yellow_butterfly.png,right_image_2,"In this example, select the RIGHT butterfly.",
,,,,,128529,001,2025-04-09_09h30.13.742,Simon,2024.2.4,Win32,60.24096386,,,,,,,,,,,,,,,,,,,,,,,,,,,31.9517
