﻿instructions.started,instructions.stopped,start_button.numClicks,start_button.timesOn,start_button.timesOff,participant,session,date,expName,psychopyVersion,OS,frameRate,practice_trial.started,practice_trial.stopped,mouse_2.x,mouse_2.y,mouse_2.leftButton,mouse_2.midButton,mouse_2.rightButton,mouse_2.time,mouse_2.clicked_name,correct,feedback.started,feedback.stopped,loop_until_correct.thisRepN,loop_until_correct.thisTrialN,loop_until_correct.thisN,loop_until_correct.thisIndex,loop_until_correct.ran,prac_trials.thisRepN,prac_trials.thisTrialN,prac_trials.thisN,prac_trials.thisIndex,prac_trials.ran,left_color,right_color,correct_response,top_txt,instructions_2.started,instructions_2.stopped,start_button_2.numClicks,start_button_2.timesOn,start_button_2.timesOff,trial.started,trial.stopped,mouse.x,mouse.y,mouse.leftButton,mouse.midButton,mouse.rightButton,mouse.time,mouse.clicked_name,trials.thisRepN,trials.thisTrialN,trials.thisN,trials.thisIndex,trials.ran,end.started,end.stopped,start_button_3.numClicks,start_button_3.timesOn,start_button_3.timesOff
0.0014,8.9481,1,[8.987399999976159],[8.987399999976159],128856,001,2026-01-26_10h26.17.849,Simon,2024.2.4,Win32,60.24096386,,,,,,,,,,,,,,,,,,,,,,,,,,,,,,,,,,,,,,,,,,,,,,,,,,
,,,,,128856,001,2026-01-26_10h26.17.849,Simon,2024.2.4,Win32,60.24096386,8.9969,13.3425,[-0.18697829716193656],[-0.037562604340567615],[1],[0],[0],[4.34],"[""left_image_2"",""left_image_2""]",1,13.3443,13.8417,0,0,0,0,1,,,,,,,,,,,,,,,,,,,,,,,,,,,,,,,,,
,,,,,128856,001,2026-01-26_10h26.17.849,Simon,2024.2.4,Win32,60.24096386,,,,,,,,,,,,,,,,,,0,0,0,0,1,images/purple_butterfly.png,images/white_butterfly.png,left_image_2,"In this example, select the LEFT butterfly.",,,,,,,,,,,,,,,,,,,,,,,,
,,,,,128856,001,2026-01-26_10h26.17.849,Simon,2024.2.4,Win32,60.24096386,13.8463,16.9051,[-0.18030050083472454],[0.010851419031719533],[1],[0],[0],[3.054299999952317],"[""left_image_2"",""left_image_2""]",1,16.9059,17.4038,0,0,0,0,1,,,,,,,,,,,,,,,,,,,,,,,,,,,,,,,,,
,,,,,128856,001,2026-01-26_10h26.17.849,Simon,2024.2.4,Win32,60.24096386,,,,,,,,,,,,,,,,,,0,1,1,1,1,images/white_butterfly.png,images/purple_butterfly.png,left_image_2,"In this example, select the LEFT butterfly.",,,,,,,,,,,,,,,,,,,,,,,,
,,,,,128856,001,2026-01-26_10h26.17.849,Simon,2024.2.4,Win32,60.24096386,17.4089,18.7701,[0.11018363939899833],[-0.0025041736227045075],[1],[0],[0],[1.3583000000715266],"[""right_image_2"",""right_image_2""]",1,18.7705,19.2687,0,0,0,0,1,,,,,,,,,,,,,,,,,,,,,,,,,,,,,,,,,
,,,,,128856,001,2026-01-26_10h26.17.849,Simon,2024.2.4,Win32,60.24096386,,,,,,,,,,,,,,,,,,0,2,2,2,1,images/yellow_butterfly.png,images/white_butterfly.png,right_image_2,"In this example, select the RIGHT butterfly.",,,,,,,,,,,,,,,,,,,,,,,,
,,,,,128856,001,2026-01-26_10h26.17.849,Simon,2024.2.4,Win32,60.24096386,19.2734,20.4347,[0.11018363939899833],[-0.0025041736227045075],[1],[0],[0],[1.159200000047683],"[""right_image_2"",""right_image_2""]",1,20.435,20.9337,0,0,0,0,1,,,,,,,,,,,,,,,,,,,,,,,,,,,,,,,,,
,,,,,128856,001,2026-01-26_10h26.17.849,Simon,2024.2.4,Win32,60.24096386,,,,,,,,,,,,,,,,,,0,3,3,3,1,images/white_butterfly.png,images/yellow_butterfly.png,right_image_2,"In this example, select the RIGHT butterfly.",,,,,,,,,,,,,,,,,,,,,,,,
,,,,,128856,001,2026-01-26_10h26.17.849,Simon,2024.2.4,Win32,60.24096386,,,,,,,,,,,,,,,,,,,,,,,,,,,20.9347,23.2488,1,[23.2575],[23.2575],,,,,,,,,,,,,,,,,,,
,,,,,128856,001,2026-01-26_10h26.17.849,Simon,2024.2.4,Win32,60.24096386,,,,,,,,,,1,27.1119,27.611,,,,,,,,,,,images/yellow_butterfly.png,images/white_butterfly.png,right_image, ,,,,,,23.2655,27.1117,[0.15358931552587646],[-0.07762938230383973],[1],[0],[0],[3.8438000000715284],"[""right_image""]",0,0,0,2,1,,,,,
,,,,,128856,001,2026-01-26_10h26.17.849,Simon,2024.2.4,Win32,60.24096386,,,,,,,,,,1,29.1759,29.6752,,,,,,,,,,,images/white_butterfly.png,images/purple_butterfly.png,left_image, ,,,,,,27.6134,29.1758,[-0.1986644407345576],[-0.05926544240400668],[1],[0],[0],[1.560799999952323],"[""left_image""]",0,1,1,1,1,,,,,
,,,,,128856,001,2026-01-26_10h26.17.849,Simon,2024.2.4,Win32,60.24096386,,,,,,,,,,1,31.1241,31.6235,,,,,,,,,,,images/white_butterfly.png,images/yellow_butterfly.png,right_image, ,,,,,,29.6772,31.1239,[0.18697829716193656],[-0.007512520868113523],[1],[0],[0],[1.4458999999761488],"[""right_image""]",0,2,2,3,1,,,,,
,,,,,128856,001,2026-01-26_10h26.17.849,Simon,2024.2.4,Win32,60.24096386,,,,,,,,,,1,32.8058,33.3047,,,,,,,,,,,images/purple_butterfly.png,images/white_butterfly.png,left_image, ,,,,,,31.6254,32.8055,[-0.17529215358931552],[0.012520868113522538],[1],[0],[0],[1.178799999952318],"[""left_image""]",0,3,3,0,1,,,,,
,,,,,128856,001,2026-01-26_10h26.17.849,Simon,2024.2.4,Win32,60.24096386,,,,,,,,,,1,34.6372,35.1364,,,,,,,,,,,images/yellow_butterfly.png,images/white_butterfly.png,right_image, ,,,,,,33.3069,34.6371,[0.20701168614357263],[0.004173622704507512],[1],[0],[0],[1.3288000000715243],"[""right_image""]",1,0,4,2,1,,,,,
,,,,,128856,001,2026-01-26_10h26.17.849,Simon,2024.2.4,Win32,60.24096386,,,,,,,,,,1,36.8515,37.3507,,,,,,,,,,,images/white_butterfly.png,images/yellow_butterfly.png,right_image, ,,,,,,35.1392,36.8512,[0.13856427378964942],[0.04757929883138564],[1],[0],[0],[1.7107000000476802],"[""right_image""]",1,1,5,3,1,,,,,
,,,,,128856,001,2026-01-26_10h26.17.849,Simon,2024.2.4,Win32,60.24096386,,,,,,,,,,1,38.4331,38.9328,,,,,,,,,,,images/white_butterfly.png,images/purple_butterfly.png,left_image, ,,,,,,37.3528,38.4329,[-0.2036727879799666],[0.02587646076794658],[1],[0],[0],[1.0788999999761586],"[""left_image""]",1,2,6,1,1,,,,,
,,,,,128856,001,2026-01-26_10h26.17.849,Simon,2024.2.4,Win32,60.24096386,,,,,,,,,,1,40.1234,40.6144,,,,,,,,,,,images/purple_butterfly.png,images/white_butterfly.png,left_image, ,,,,,,38.9351,40.1234,[-0.19699499165275458],[0.017529215358931552],[1],[0],[0],[1.1872000000476817],"[""left_image""]",1,3,7,0,1,,,,,
,,,,,128856,001,2026-01-26_10h26.17.849,Simon,2024.2.4,Win32,60.24096386,,,,,,,,,,1,41.6638,42.1626,,,,,,,,,,,images/white_butterfly.png,images/yellow_butterfly.png,right_image, ,,,,,,40.6171,41.6637,[0.18864774624373956],[0.034223706176961605],[1],[0],[0],[1.0448999999761526],"[""right_image""]",2,0,8,3,1,,,,,
,,,,,128856,001,2026-01-26_10h26.17.849,Simon,2024.2.4,Win32,60.24096386,,,,,,,,,,1,43.2793,43.7781,,,,,,,,,,,images/white_butterfly.png,images/purple_butterfly.png,left_image, ,,,,,,42.1651,43.2792,[-0.19699499165275458],[0.014190317195325543],[1],[0],[0],[1.1130999999046196],"[""left_image""]",2,1,9,1,1,,,,,
,,,,,128856,001,2026-01-26_10h26.17.849,Simon,2024.2.4,Win32,60.24096386,,,,,,,,,,1,44.7778,45.2762,,,,,,,,,,,images/purple_butterfly.png,images/white_butterfly.png,left_image, ,,,,,,43.7806,44.7777,[-0.25542570951585974],[0.055926544240400666],[1],[0],[0],[0.9958999999761602],"[""left_image""]",2,2,10,0,1,,,,,
,,,,,128856,001,2026-01-26_10h26.17.849,Simon,2024.2.4,Win32,60.24096386,,,,,,,,,,1,46.3591,46.8584,,,,,,,,,,,images/yellow_butterfly.png,images/white_butterfly.png,right_image, ,,,,,,45.2782,46.359,[0.12020033388981637],[0.03923205342237062],[1],[0],[0],[1.0797000000476942],"[""right_image""]",2,3,11,2,1,,,,,
,,,,,128856,001,2026-01-26_10h26.17.849,Simon,2024.2.4,Win32,60.24096386,,,,,,,,,,1,47.9907,48.4897,,,,,,,,,,,images/white_butterfly.png,images/yellow_butterfly.png,right_image, ,,,,,,46.8613,47.9906,[0.09181969949916527],[0.03589315525876461],[1],[0],[0],[1.1281000000238492],"[""right_image""]",3,0,12,3,1,,,,,
,,,,,128856,001,2026-01-26_10h26.17.849,Simon,2024.2.4,Win32,60.24096386,,,,,,,,,,1,49.9056,50.4046,,,,,,,,,,,images/yellow_butterfly.png,images/white_butterfly.png,right_image, ,,,,,,48.4922,49.9054,[0.08848080133555926],[0.015859766277128547],[1],[0],[0],[1.411899999976157],"[""right_image""]",3,1,13,2,1,,,,,
,,,,,128856,001,2026-01-26_10h26.17.849,Simon,2024.2.4,Win32,60.24096386,,,,,,,,,,1,51.3043,51.8037,,,,,,,,,,,images/white_butterfly.png,images/purple_butterfly.png,left_image, ,,,,,,50.4066,51.3041,[-0.17529215358931552],[0.022537562604340568],[1],[0],[0],[0.8966999999284724],"[""left_image""]",3,2,14,1,1,,,,,
,,,,,128856,001,2026-01-26_10h26.17.849,Simon,2024.2.4,Win32,60.24096386,,,,,,,,,,1,52.5862,53.0856,,,,,,,,,,,images/purple_butterfly.png,images/white_butterfly.png,left_image, ,,,,,,51.8057,52.5861,[-0.17529215358931552],[0.022537562604340568],[1],[0],[0],[0.7793000000715153],"[""left_image""]",3,3,15,0,1,,,,,
,,,,,128856,001,2026-01-26_10h26.17.849,Simon,2024.2.4,Win32,60.24096386,,,,,,,,,,1,53.835,54.3341,,,,,,,,,,,images/purple_butterfly.png,images/white_butterfly.png,left_image, ,,,,,,53.0877,53.8349,[-0.17529215358931552],[0.022537562604340568],[1],[0],[0],[0.746899999976165],"[""left_image""]",4,0,16,0,1,,,,,
,,,,,128856,001,2026-01-26_10h26.17.849,Simon,2024.2.4,Win32,60.24096386,,,,,,,,,,1,55.4001,55.8994,,,,,,,,,,,images/white_butterfly.png,images/purple_butterfly.png,left_image, ,,,,,,54.3365,55.4,[-0.17529215358931552],[0.022537562604340568],[1],[0],[0],[1.0619999999999976],"[""left_image""]",4,1,17,1,1,,,,,
,,,,,128856,001,2026-01-26_10h26.17.849,Simon,2024.2.4,Win32,60.24096386,,,,,,,,,,1,56.8155,57.3147,,,,,,,,,,,images/white_butterfly.png,images/yellow_butterfly.png,right_image, ,,,,,,55.9019,56.8154,[0.14691151919866444],[0.04257095158597663],[1],[0],[0],[0.9123999999761594],"[""right_image""]",4,2,18,3,1,,,,,
,,,,,128856,001,2026-01-26_10h26.17.849,Simon,2024.2.4,Win32,60.24096386,,,,,,,,,,0,58.1485,58.6468,,,,,,,,,,,images/yellow_butterfly.png,images/white_butterfly.png,right_image, ,,,,,,57.3169,58.1467,[-0.2287145242070117],[0.015859766277128547],[1],[0],[0],[0.8286000000238545],"[""left_image""]",4,3,19,2,1,,,,,
,,,,,128856,001,2026-01-26_10h26.17.849,Simon,2024.2.4,Win32,60.24096386,,,,,,,,,,,,,,,,,,,,,,,,,,,,,,,,,,,,,,,,,,,,,,58.6475,60.3124,1,[60.31150000000001],[60.31150000000001]
