﻿instructions.started,instructions.stopped,start_button.numClicks,start_button.timesOn,start_button.timesOff,participant,session,date,expName,psychopyVersion,OS,frameRate,practice_trial.started,practice_trial.stopped,mouse_2.x,mouse_2.y,mouse_2.leftButton,mouse_2.midButton,mouse_2.rightButton,mouse_2.time,mouse_2.clicked_name,correct,feedback.started,feedback.stopped,loop_until_correct.thisRepN,loop_until_correct.thisTrialN,loop_until_correct.thisN,loop_until_correct.thisIndex,loop_until_correct.ran,prac_trials.thisRepN,prac_trials.thisTrialN,prac_trials.thisN,prac_trials.thisIndex,prac_trials.ran,left_color,right_color,correct_response,top_txt,instructions_2.started,instructions_2.stopped,start_button_2.numClicks,start_button_2.timesOn,start_button_2.timesOff,trial.started,trial.stopped,mouse.x,mouse.y,mouse.leftButton,mouse.midButton,mouse.rightButton,mouse.time,mouse.clicked_name,trials.thisRepN,trials.thisTrialN,trials.thisN,trials.thisIndex,trials.ran,end.started,end.stopped,start_button_3.numClicks,start_button_3.timesOn,start_button_3.timesOff
0.0006,12.6831,1,[12.69839999985695],[12.69839999985695],129379,001,2025-09-26_15h22.14.414,Simon,2024.2.4,Win32,10.61571125,,,,,,,,,,,,,,,,,,,,,,,,,,,,,,,,,,,,,,,,,,,,,,,,,,
,,,,,129379,001,2025-09-26_15h22.14.414,Simon,2024.2.4,Win32,10.61571125,12.7068,16.8024,[-0.18085106382978725],[-0.02127659574468085],[1],[0],[0],[4.092500000000001],"[""left_image_2"",""left_image_2""]",1,16.8029,17.2383,0,0,0,0,1,,,,,,,,,,,,,,,,,,,,,,,,,,,,,,,,,
,,,,,129379,001,2025-09-26_15h22.14.414,Simon,2024.2.4,Win32,10.61571125,,,,,,,,,,,,,,,,,,0,0,0,0,1,images/purple_butterfly.png,images/white_butterfly.png,left_image_2,"In this example, select the LEFT butterfly.",,,,,,,,,,,,,,,,,,,,,,,,
,,,,,129379,001,2025-09-26_15h22.14.414,Simon,2024.2.4,Win32,10.61571125,17.2403,19.3227,[-0.1926713226534796],[0.010638297872340425],[1],[0],[0],[2.0802000000476824],"[""left_image_2"",""left_image_2""]",1,19.3227,19.8274,0,0,0,0,1,,,,,,,,,,,,,,,,,,,,,,,,,,,,,,,,,
,,,,,129379,001,2025-09-26_15h22.14.414,Simon,2024.2.4,Win32,10.61571125,,,,,,,,,,,,,,,,,,0,1,1,1,1,images/white_butterfly.png,images/purple_butterfly.png,left_image_2,"In this example, select the LEFT butterfly.",,,,,,,,,,,,,,,,,,,,,,,,
,,,,,129379,001,2025-09-26_15h22.14.414,Simon,2024.2.4,Win32,10.61571125,19.8286,21.7297,[0.15366433867326018],[0.03664300796833444],[1],[0],[0],[1.8997999999523216],"[""right_image_2"",""right_image_2""]",1,21.7298,22.2482,0,0,0,0,1,,,,,,,,,,,,,,,,,,,,,,,,,,,,,,,,,
,,,,,129379,001,2025-09-26_15h22.14.414,Simon,2024.2.4,Win32,10.61571125,,,,,,,,,,,,,,,,,,0,2,2,2,1,images/yellow_butterfly.png,images/white_butterfly.png,right_image_2,"In this example, select the RIGHT butterfly.",,,,,,,,,,,,,,,,,,,,,,,,
,,,,,129379,001,2025-09-26_15h22.14.414,Simon,2024.2.4,Win32,10.61571125,22.2495,23.3642,[0.15366433867326018],[0.03664300796833444],[1],[0],[0],[1.1139000000953594],"[""right_image_2"",""right_image_2""]",1,23.3643,23.8707,0,0,0,0,1,,,,,,,,,,,,,,,,,,,,,,,,,,,,,,,,,
,,,,,129379,001,2025-09-26_15h22.14.414,Simon,2024.2.4,Win32,10.61571125,,,,,,,,,,,,,,,,,,0,3,3,3,1,images/white_butterfly.png,images/yellow_butterfly.png,right_image_2,"In this example, select the RIGHT butterfly.",,,,,,,,,,,,,,,,,,,,,,,,
,,,,,129379,001,2025-09-26_15h22.14.414,Simon,2024.2.4,Win32,10.61571125,,,,,,,,,,,,,,,,,,,,,,,,,,,23.8709,26.1703,1,[26.173600000143054],[26.173600000143054],,,,,,,,,,,,,,,,,,,
,,,,,129379,001,2025-09-26_15h22.14.414,Simon,2024.2.4,Win32,10.61571125,,,,,,,,,,1,27.9227,28.4364,,,,,,,,,,,images/yellow_butterfly.png,images/white_butterfly.png,right_image, ,,,,,,26.183,27.9227,[0.25413718798481827],[-0.02245866491439495],[1],[0],[0],[1.7390000000000043],"[""right_image""]",0,0,0,2,1,,,,,
,,,,,129379,001,2025-09-26_15h22.14.414,Simon,2024.2.4,Win32,10.61571125,,,,,,,,,,1,29.7075,30.2244,,,,,,,,,,,images/purple_butterfly.png,images/white_butterfly.png,left_image, ,,,,,,28.437,29.7075,[-0.1879432624113475],[0.004728114351313165],[1],[0],[0],[1.2701000001430458],"[""left_image""]",0,1,1,0,1,,,,,
,,,,,129379,001,2025-09-26_15h22.14.414,Simon,2024.2.4,Win32,10.61571125,,,,,,,,,,1,31.5012,32.0005,,,,,,,,,,,images/white_butterfly.png,images/purple_butterfly.png,left_image, ,,,,,,30.225,31.5011,[-0.1879432624113475],[0.004728114351313165],[1],[0],[0],[1.2755999999046281],"[""left_image""]",0,2,2,1,1,,,,,
,,,,,129379,001,2025-09-26_15h22.14.414,Simon,2024.2.4,Win32,10.61571125,,,,,,,,,,1,33.1716,33.684,,,,,,,,,,,images/white_butterfly.png,images/yellow_butterfly.png,right_image, ,,,,,,32.0012,33.1714,[0.1702127659574468],[0.04846332090120789],[1],[0],[0],[1.1700000000000017],"[""right_image""]",0,3,3,3,1,,,,,
,,,,,129379,001,2025-09-26_15h22.14.414,Simon,2024.2.4,Win32,10.61571125,,,,,,,,,,1,34.7412,35.1097,,,,,,,,,,,images/white_butterfly.png,images/yellow_butterfly.png,right_image, ,,,,,,33.6847,34.7411,[0.1702127659574468],[0.04846332090120789],[1],[0],[0],[1.0562000000476814],"[""right_image""]",1,0,4,3,1,,,,,
,,,,,129379,001,2025-09-26_15h22.14.414,Simon,2024.2.4,Win32,10.61571125,,,,,,,,,,1,37.3973,37.9116,,,,,,,,,,,images/purple_butterfly.png,images/white_butterfly.png,left_image, ,,,,,,35.1106,37.3972,"[-0.35106382978723405,-0.29432624113475175]","[-0.06973997075506981,-0.048463375010388964]","[1,1]","[0,0]","[0,0]","[1.4688999998569585,2.2860999999046356]","[null,""left_image""]",1,1,5,0,1,,,,,
,,,,,129379,001,2025-09-26_15h22.14.414,Simon,2024.2.4,Win32,10.61571125,,,,,,,,,,1,39.324,39.779,,,,,,,,,,,images/white_butterfly.png,images/purple_butterfly.png,left_image, ,,,,,,37.9122,39.3239,[-0.2529550647059231],[-0.016548481393367686],[1],[0],[0],[1.4112999999523197],"[""left_image""]",1,2,6,1,1,,,,,
,,,,,129379,001,2025-09-26_15h22.14.414,Simon,2024.2.4,Win32,10.61571125,,,,,,,,,,1,41.0744,41.5401,,,,,,,,,,,images/yellow_butterfly.png,images/white_butterfly.png,right_image, ,,,,,,39.7797,41.0742,[0.12293151422595301],[0.0070921985815602835],[1],[0],[0],[1.293999999999997],"[""right_image""]",1,3,7,2,1,,,,,
,,,,,129379,001,2025-09-26_15h22.14.414,Simon,2024.2.4,Win32,10.61571125,,,,,,,,,,1,44.1052,44.6153,,,,,,,,,,,images/yellow_butterfly.png,images/white_butterfly.png,right_image, ,,,,,,41.5412,44.1052,[0.13593384221935947],[-0.02127659574468085],[1],[0],[0],[2.5637000000476746],"[""right_image""]",2,0,8,2,1,,,,,
,,,,,129379,001,2025-09-26_15h22.14.414,Simon,2024.2.4,Win32,10.61571125,,,,,,,,,,1,46.0431,46.5727,,,,,,,,,,,images/purple_butterfly.png,images/white_butterfly.png,left_image, ,,,,,,44.6161,46.0431,[-0.18557912407191932],[0.00945622870262633],[1],[0],[0],[1.4267000000476742],"[""left_image""]",2,1,9,0,1,,,,,
,,,,,129379,001,2025-09-26_15h22.14.414,Simon,2024.2.4,Win32,10.61571125,,,,,,,,,,1,48.3832,48.8841,,,,,,,,,,,images/white_butterfly.png,images/purple_butterfly.png,left_image, ,,,,,,46.5742,48.3831,[-0.1678486276180186],[0.010638297872340425],[1],[0],[0],[1.808600000143045],"[""left_image""]",2,2,10,1,1,,,,,
,,,,,129379,001,2025-09-26_15h22.14.414,Simon,2024.2.4,Win32,10.61571125,,,,,,,,,,1,50.1157,50.6457,,,,,,,,,,,images/white_butterfly.png,images/yellow_butterfly.png,right_image, ,,,,,,48.8846,50.1156,[0.20685582803496233],[0.00945622870262633],[1],[0],[0],[1.2307000000476904],"[""right_image""]",2,3,11,3,1,,,,,
,,,,,129379,001,2025-09-26_15h22.14.414,Simon,2024.2.4,Win32,10.61571125,,,,,,,,,,1,51.4365,51.9486,,,,,,,,,,,images/white_butterfly.png,images/yellow_butterfly.png,right_image, ,,,,,,50.6461,51.4364,[0.20685582803496233],[0.00945622870262633],[1],[0],[0],[0.790100000143056],"[""right_image""]",3,0,12,3,1,,,,,
,,,,,129379,001,2025-09-26_15h22.14.414,Simon,2024.2.4,Win32,10.61571125,,,,,,,,,,1,53.2593,53.6273,,,,,,,,,,,images/purple_butterfly.png,images/white_butterfly.png,left_image, ,,,,,,51.9492,53.2593,[-0.24113475177304963],[-0.0011820691697140956],[1],[0],[0],[1.3097999999523182],"[""left_image""]",3,1,13,0,1,,,,,
,,,,,129379,001,2025-09-26_15h22.14.414,Simon,2024.2.4,Win32,10.61571125,,,,,,,,,,1,54.8664,55.3689,,,,,,,,,,,images/white_butterfly.png,images/purple_butterfly.png,left_image, ,,,,,,53.628,54.8664,[-0.19739949111397384],[0.001182015060533023],[1],[0],[0],[1.2379999999999995],"[""left_image""]",3,2,14,1,1,,,,,
,,,,,129379,001,2025-09-26_15h22.14.414,Simon,2024.2.4,Win32,10.61571125,,,,,,,,,,1,56.6357,57.1571,,,,,,,,,,,images/yellow_butterfly.png,images/white_butterfly.png,right_image, ,,,,,,55.3695,56.6356,[0.21158399649545656],[0.0070921985815602835],[1],[0],[0],[1.2658000001907368],"[""right_image""]",3,3,15,2,1,,,,,
,,,,,129379,001,2025-09-26_15h22.14.414,Simon,2024.2.4,Win32,10.61571125,,,,,,,,,,1,58.2142,58.7344,,,,,,,,,,,images/yellow_butterfly.png,images/white_butterfly.png,right_image, ,,,,,,57.1578,58.2141,[0.21158399649545656],[0.0070921985815602835],[1],[0],[0],[1.0563000001907454],"[""right_image""]",4,0,16,2,1,,,,,
,,,,,129379,001,2025-09-26_15h22.14.414,Simon,2024.2.4,Win32,10.61571125,,,,,,,,,,1,59.9625,60.3266,,,,,,,,,,,images/white_butterfly.png,images/yellow_butterfly.png,right_image, ,,,,,,58.7349,59.9624,[0.21158399649545656],[0.0070921985815602835],[1],[0],[0],[1.2271999998092582],"[""right_image""]",4,1,17,3,1,,,,,
,,,,,129379,001,2025-09-26_15h22.14.414,Simon,2024.2.4,Win32,10.61571125,,,,,,,,,,1,61.5736,62.0768,,,,,,,,,,,images/white_butterfly.png,images/purple_butterfly.png,left_image, ,,,,,,60.3274,61.5735,[-0.1938533918231937],[0.024822695035460994],[1],[0],[0],[1.245700000047691],"[""left_image""]",4,2,18,1,1,,,,,
,,,,,129379,001,2025-09-26_15h22.14.414,Simon,2024.2.4,Win32,10.61571125,,,,,,,,,,1,63.0672,63.4386,,,,,,,,,,,images/purple_butterfly.png,images/white_butterfly.png,left_image, ,,,,,,62.0774,63.0672,[-0.1938533918231937],[0.024822695035460994],[1],[0],[0],[0.9894000000953724],"[""left_image""]",4,3,19,0,1,,,,,
,,,,,129379,001,2025-09-26_15h22.14.414,Simon,2024.2.4,Win32,10.61571125,,,,,,,,,,,,,,,,,,,,,,,,,,,,,,,,,,,,,,,,,,,,,,63.4389,65.9431,1,[65.94270000004768],[65.94270000004768]
