﻿instructions.started,instructions.stopped,start_button.numClicks,start_button.timesOn,start_button.timesOff,participant,session,date,expName,psychopyVersion,OS,frameRate,practice_trial.started,practice_trial.stopped,mouse_2.x,mouse_2.y,mouse_2.leftButton,mouse_2.midButton,mouse_2.rightButton,mouse_2.time,mouse_2.clicked_name,correct,feedback.started,feedback.stopped,loop_until_correct.thisRepN,loop_until_correct.thisTrialN,loop_until_correct.thisN,loop_until_correct.thisIndex,loop_until_correct.ran,prac_trials.thisRepN,prac_trials.thisTrialN,prac_trials.thisN,prac_trials.thisIndex,prac_trials.ran,left_color,right_color,correct_response,top_txt,instructions_2.started,instructions_2.stopped,start_button_2.numClicks,start_button_2.timesOn,start_button_2.timesOff,trial.started,trial.stopped,mouse.x,mouse.y,mouse.leftButton,mouse.midButton,mouse.rightButton,mouse.time,mouse.clicked_name,trials.thisRepN,trials.thisTrialN,trials.thisN,trials.thisIndex,trials.ran,end.started,end.stopped,start_button_3.numClicks,start_button_3.timesOn,start_button_3.timesOff
0.0003,15.2508,1,[15.261799999982117],[15.261799999982117],130641,001,2025-02-20_14h25.03.945,Simon,2024.2.4,Win32,60.24096386,,,,,,,,,,,,,,,,,,,,,,,,,,,,,,,,,,,,,,,,,,,,,,,,,,
,,,,,130641,001,2025-02-20_14h25.03.945,Simon,2024.2.4,Win32,60.24096386,15.2643,16.8994,[-0.12972974709392782],[-0.0687055736992132],[1],[0],[0],[1.632900000005975],"[""left_image_2"",""left_image_2""]",1,16.9002,17.399,0,0,0,0,1,,,,,,,,,,,,,,,,,,,,,,,,,,,,,,,,,
,,,,,130641,001,2025-02-20_14h25.03.945,Simon,2024.2.4,Win32,60.24096386,,,,,,,,,,,,,,,,,,0,0,0,0,1,images/purple_butterfly.png,images/white_butterfly.png,left_image_2,"In this example, select the LEFT butterfly.",,,,,,,,,,,,,,,,,,,,,,,,
,,,,,130641,001,2025-02-20_14h25.03.945,Simon,2024.2.4,Win32,60.24096386,17.4011,21.782,[-0.20369845264158074],[-0.05846382238786896],[1],[0],[0],[4.379099999994025],"[""left_image_2"",""left_image_2""]",1,21.7822,22.2813,0,0,0,0,1,,,,,,,,,,,,,,,,,,,,,,,,,,,,,,,,,
,,,,,130641,001,2025-02-20_14h25.03.945,Simon,2024.2.4,Win32,60.24096386,,,,,,,,,,,,,,,,,,0,1,1,1,1,images/white_butterfly.png,images/purple_butterfly.png,left_image_2,"In this example, select the LEFT butterfly.",,,,,,,,,,,,,,,,,,,,,,,,
,,,,,130641,001,2025-02-20_14h25.03.945,Simon,2024.2.4,Win32,60.24096386,22.2829,23.2814,[-0.20369845264158074],[-0.05846382238786896],[0],[0],[1],[0.996899999976165],"[""left_image_2"",""left_image_2""]",0,23.2826,23.7813,0,0,0,0,1,,,,,,,,,,,,,,,,,,,,,,,,,,,,,,,,,
,,,,,130641,001,2025-02-20_14h25.03.945,Simon,2024.2.4,Win32,60.24096386,23.782,24.2812,[-0.20483641536273114],[-0.05732577284572813],[0],[0],[1],[0.4983000000119091],"[""left_image_2"",""left_image_2""]",0,24.2813,24.7808,1,0,1,0,1,,,,,,,,,,,,,,,,,,,,,,,,,,,,,,,,,
,,,,,130641,001,2025-02-20_14h25.03.945,Simon,2024.2.4,Win32,60.24096386,24.7813,25.5479,[-0.14452343611086416],[-0.006116669005045342],[0],[0],[1],[0.7658999999761704],"[""left_image_2"",""left_image_2""]",0,25.548,26.0479,2,0,2,0,1,,,,,,,,,,,,,,,,,,,,,,,,,,,,,,,,,
,,,,,130641,001,2025-02-20_14h25.03.945,Simon,2024.2.4,Win32,60.24096386,26.0486,27.8808,[-0.1456613988320146],[-0.004978662873399715],[0],[0],[1],[1.8315999999940402],"[""left_image_2"",""left_image_2""]",0,27.881,28.3808,3,0,3,0,1,,,,,,,,,,,,,,,,,,,,,,,,,,,,,,,,,
,,,,,130641,001,2025-02-20_14h25.03.945,Simon,2024.2.4,Win32,60.24096386,28.3814,28.9642,[-0.14452343611086416],[-0.006116669005045342],[0],[0],[1],[0.5823000000119407],"[""left_image_2"",""left_image_2""]",0,28.9644,29.4639,4,0,4,0,1,,,,,,,,,,,,,,,,,,,,,,,,,,,,,,,,,
,,,,,130641,001,2025-02-20_14h25.03.945,Simon,2024.2.4,Win32,60.24096386,29.4648,35.9797,[0.2913228844850196],[-0.06642960484641713],[0],[0],[1],[6.513900000005975],"[""right_image_2"",""right_image_2""]",1,35.9801,36.4795,5,0,5,0,1,,,,,,,,,,,,,,,,,,,,,,,,,,,,,,,,,
,,,,,130641,001,2025-02-20_14h25.03.945,Simon,2024.2.4,Win32,60.24096386,,,,,,,,,,,,,,,,,,0,2,2,2,1,images/yellow_butterfly.png,images/white_butterfly.png,right_image_2,"In this example, select the RIGHT butterfly.",,,,,,,,,,,,,,,,,,,,,,,,
,,,,,130641,001,2025-02-20_14h25.03.945,Simon,2024.2.4,Win32,60.24096386,36.4803,37.2301,[0.2901849217638691],[-0.06529164212526671],[1],[0],[0],[0.748500000000007],"[""right_image_2"",""right_image_2""]",1,37.2303,37.7297,0,0,0,0,1,,,,,,,,,,,,,,,,,,,,,,,,,,,,,,,,,
,,,,,130641,001,2025-02-20_14h25.03.945,Simon,2024.2.4,Win32,60.24096386,,,,,,,,,,,,,,,,,,0,3,3,3,1,images/white_butterfly.png,images/yellow_butterfly.png,right_image_2,"In this example, select the RIGHT butterfly.",,,,,,,,,,,,,,,,,,,,,,,,
,,,,,130641,001,2025-02-20_14h25.03.945,Simon,2024.2.4,Win32,60.24096386,,,,,,,,,,,,,,,,,,,,,,,,,,,37.7302,39.2966,1,[39.29819999998807],[39.29819999998807],,,,,,,,,,,,,,,,,,,
,,,,,130641,001,2025-02-20_14h25.03.945,Simon,2024.2.4,Win32,60.24096386,,,,,,,,,,1,40.0958,40.5959,,,,,,,,,,,images/yellow_butterfly.png,images/white_butterfly.png,right_image, ,,,,,,39.3008,40.0958,[0.1934566145092461],[-0.12788050340893936],[0],[0],[1],[0.7944000000059646],"[""right_image""]",0,0,0,2,1,,,,,
,,,,,130641,001,2025-02-20_14h25.03.945,Simon,2024.2.4,Win32,60.24096386,,,,,,,,,,1,41.0295,41.5292,,,,,,,,,,,images/white_butterfly.png,images/yellow_butterfly.png,right_image, ,,,,,,40.5969,41.0293,[0.1934566145092461],[-0.12674262750877935],[1],[0],[0],[0.4318999999761388],"[""right_image""]",0,1,1,3,1,,,,,
,,,,,130641,001,2025-02-20_14h25.03.945,Simon,2024.2.4,Win32,60.24096386,,,,,,,,,,0,41.9809,42.4785,,,,,,,,,,,images/white_butterfly.png,images/purple_butterfly.png,left_image, ,,,,,,41.53,41.9796,[0.1934566145092461],[-0.12788050340893936],[1],[0],[0],[0.44909999999404704],"[""right_image""]",0,2,2,1,1,,,,,
,,,,,130641,001,2025-02-20_14h25.03.945,Simon,2024.2.4,Win32,60.24096386,,,,,,,,,,0,43.029,43.5288,,,,,,,,,,,images/purple_butterfly.png,images/white_butterfly.png,left_image, ,,,,,,42.4788,43.0289,[0.1934566145092461],[-0.12788050340893936],[1],[0],[0],[0.5498000000119418],"[""right_image""]",0,3,3,0,1,,,,,
,,,,,130641,001,2025-02-20_14h25.03.945,Simon,2024.2.4,Win32,60.24096386,,,,,,,,,,1,44.5786,45.0784,,,,,,,,,,,images/white_butterfly.png,images/yellow_butterfly.png,right_image, ,,,,,,43.5295,44.5783,[0.1934566145092461],[-0.12788050340893936],[1],[0],[0],[1.0480999999940366],"[""right_image""]",1,0,4,3,1,,,,,
,,,,,130641,001,2025-02-20_14h25.03.945,Simon,2024.2.4,Win32,60.24096386,,,,,,,,,,1,45.4617,45.9619,,,,,,,,,,,images/yellow_butterfly.png,images/white_butterfly.png,right_image, ,,,,,,45.079,45.4616,[0.1934566145092461],[-0.12788050340893936],[0],[0],[1],[0.3824000000059584],"[""right_image""]",1,1,5,2,1,,,,,
,,,,,130641,001,2025-02-20_14h25.03.945,Simon,2024.2.4,Win32,60.24096386,,,,,,,,,,0,46.4784,46.978,,,,,,,,,,,images/purple_butterfly.png,images/white_butterfly.png,left_image, ,,,,,,45.9625,46.4781,[0.1934566145092461],[-0.12674262750877935],[0],[0],[1],[0.5150999999940211],"[""right_image""]",1,2,6,0,1,,,,,
,,,,,130641,001,2025-02-20_14h25.03.945,Simon,2024.2.4,Win32,60.24096386,,,,,,,,,,0,47.945,48.4448,,,,,,,,,,,images/white_butterfly.png,images/purple_butterfly.png,left_image, ,,,,,,46.9784,47.9449,[0.1934566145092461],[-0.12674262750877935],[0],[0],[1],[0.9662999999821125],"[""right_image""]",1,3,7,1,1,,,,,
,,,,,130641,001,2025-02-20_14h25.03.945,Simon,2024.2.4,Win32,60.24096386,,,,,,,,,,1,50.6785,51.1778,,,,,,,,,,,images/white_butterfly.png,images/yellow_butterfly.png,right_image, ,,,,,,48.4455,50.678,[0.26173541963015645],[-0.051635872418985596],[1],[0],[0],[2.23210000002382],"[""right_image""]",2,0,8,3,1,,,,,
,,,,,130641,001,2025-02-20_14h25.03.945,Simon,2024.2.4,Win32,60.24096386,,,,,,,,,,1,58.6602,59.1603,,,,,,,,,,,images/yellow_butterfly.png,images/white_butterfly.png,right_image, ,,,,,,51.1789,58.6602,"[0.4347083578747333,0.4096728307254623,0.4096728307254623,0.32432432432432434]","[-0.07211950527315968,-0.07211950527315968,-0.07098154255200925,-0.10512090170196924]","[0,0,0,0]","[0,0,0,0]","[1,1,1,1]","[4.9315,5.714099999994033,6.730400000005972,7.480699999988076]","[null,null,null,""right_image""]",2,1,9,2,1,,,,,
,,,,,130641,001,2025-02-20_14h25.03.945,Simon,2024.2.4,Win32,60.24096386,,,,,,,,,,0,60.5936,61.0929,,,,,,,,,,,images/white_butterfly.png,images/purple_butterfly.png,left_image, ,,,,,,59.1612,60.593,[0.13200567253622866],[-0.10170697012802275],[1],[0],[0],[1.4314999999999998],"[""right_image""]",2,2,10,1,1,,,,,
,,,,,130641,001,2025-02-20_14h25.03.945,Simon,2024.2.4,Win32,60.24096386,,,,,,,,,,0,61.7432,62.243,,,,,,,,,,,images/purple_butterfly.png,images/white_butterfly.png,left_image, ,,,,,,61.0935,61.7432,[0.1331437220783695],[-0.10284497625966839],[1],[0],[0],[0.6490999999940357],"[""right_image""]",2,3,11,0,1,,,,,
,,,,,130641,001,2025-02-20_14h25.03.945,Simon,2024.2.4,Win32,60.24096386,,,,,,,,,,0,63.026,63.5261,,,,,,,,,,,images/white_butterfly.png,images/purple_butterfly.png,left_image, ,,,,,,62.2439,63.026,[0.1331437220783695],[-0.10284497625966839],[1],[0],[0],[0.7818000000119127],"[""right_image""]",3,0,12,1,1,,,,,
,,,,,130641,001,2025-02-20_14h25.03.945,Simon,2024.2.4,Win32,60.24096386,,,,,,,,,,0,67.559,68.0591,,,,,,,,,,,images/purple_butterfly.png,images/white_butterfly.png,left_image, ,,,,,,63.5267,67.5589,[0.1331437220783695],[-0.10284497625966839],[1],[0],[0],[4.031800000011913],"[""right_image""]",3,1,13,0,1,,,,,
,,,,,130641,001,2025-02-20_14h25.03.945,Simon,2024.2.4,Win32,60.24096386,,,,,,,,,,1,68.2101,68.709,,,,,,,,,,,images/yellow_butterfly.png,images/white_butterfly.png,right_image, ,,,,,,68.0598,68.2092,[0.1331437220783695],[-0.10284497625966839],[0],[0],[1],[0.1490000000000009],"[""right_image""]",3,2,14,2,1,,,,,
,,,,,130641,001,2025-02-20_14h25.03.945,Simon,2024.2.4,Win32,60.24096386,,,,,,,,,,1,69.5586,70.0584,,,,,,,,,,,images/white_butterfly.png,images/yellow_butterfly.png,right_image, ,,,,,,68.7095,69.5586,[0.13200567253622866],[-0.10170697012802275],[1],[0],[0],[0.8485000000000014],"[""right_image""]",3,3,15,3,1,,,,,
,,,,,130641,001,2025-02-20_14h25.03.945,Simon,2024.2.4,Win32,60.24096386,,,,,,,,,,1,71.4255,71.9253,,,,,,,,,,,images/yellow_butterfly.png,images/white_butterfly.png,right_image, ,,,,,,70.0592,71.4254,[0.1331437220783695],[-0.10284497625966839],[0],[0],[1],[1.3657000000178812],"[""right_image""]",4,0,16,2,1,,,,,
,,,,,130641,001,2025-02-20_14h25.03.945,Simon,2024.2.4,Win32,60.24096386,,,,,,,,,,0,72.7587,73.2579,,,,,,,,,,,images/purple_butterfly.png,images/white_butterfly.png,left_image, ,,,,,,71.926,72.7581,[0.13200567253622866],[-0.10170697012802275],[1],[0],[0],[0.8317000000178894],"[""right_image""]",4,1,17,0,1,,,,,
,,,,,130641,001,2025-02-20_14h25.03.945,Simon,2024.2.4,Win32,60.24096386,,,,,,,,,,1,74.4417,74.9411,,,,,,,,,,,images/white_butterfly.png,images/yellow_butterfly.png,right_image, ,,,,,,73.2585,74.4411,[0.1331437220783695],[-0.10284497625966839],[1],[0],[0],[1.182199999988086],"[""right_image""]",4,2,18,3,1,,,,,
,,,,,130641,001,2025-02-20_14h25.03.945,Simon,2024.2.4,Win32,60.24096386,,,,,,,,,,0,75.4918,75.9912,,,,,,,,,,,images/white_butterfly.png,images/purple_butterfly.png,left_image, ,,,,,,74.9417,75.4912,[0.1331437220783695],[-0.10284497625966839],[0],[0],[1],[0.5488000000119087],"[""right_image""]",4,3,19,1,1,,,,,
,,,,,130641,001,2025-02-20_14h25.03.945,Simon,2024.2.4,Win32,60.24096386,,,,,,,,,,,,,,,,,,,,,,,,,,,,,,,,,,,,,,,,,,,,,,75.9916,77.1917,1,[77.19140000000597],[77.19140000000597]
