﻿instructions.started,instructions.stopped,start_button.numClicks,start_button.timesOn,start_button.timesOff,participant,session,date,expName,psychopyVersion,OS,frameRate,practice_trial.started,practice_trial.stopped,mouse_2.x,mouse_2.y,mouse_2.leftButton,mouse_2.midButton,mouse_2.rightButton,mouse_2.time,mouse_2.clicked_name,correct,feedback.started,feedback.stopped,loop_until_correct.thisRepN,loop_until_correct.thisTrialN,loop_until_correct.thisN,loop_until_correct.thisIndex,loop_until_correct.ran,prac_trials.thisRepN,prac_trials.thisTrialN,prac_trials.thisN,prac_trials.thisIndex,prac_trials.ran,left_color,right_color,correct_response,top_txt
0.0004,0.7041,1,[0.7136000000014904],[0.7136000000014904],130935,001,2025-02-17_12h04.18.224,Simon,2024.2.4,MacIntel,119.047619,,,,,,,,,,,,,,,,,,,,,,,,,,
,,,,,130935,001,2025-02-17_12h04.18.224,Simon,2024.2.4,MacIntel,119.047619,0.7171,3.3541,[0.15490787934491979],[-0.03599181149732621],[1],[0],[0],[2.635],"[""right_image_2"",""right_image_2""]",0,3.3544,3.8538,0,0,0,0,1,,,,,,,,,
,,,,,130935,001,2025-02-17_12h04.18.224,Simon,2024.2.4,MacIntel,119.047619,3.8545,5.0538,[0.15490787934491979],[-0.03599181149732621],[1],[0],[0],[1.1986999999992545],"[""right_image_2"",""right_image_2""]",0,5.0539,5.5535,1,0,1,0,1,,,,,,,,,
,,,,,130935,001,2025-02-17_12h04.18.224,Simon,2024.2.4,MacIntel,119.047619,5.5541,6.5453,[-0.22433781751336898],[-0.01920224766042781],[1],[0],[0],[0.9906999999992543],"[""left_image_2"",""left_image_2""]",1,6.5458,7.0452,2,0,2,0,1,,,,,,,,,
,,,,,130935,001,2025-02-17_12h04.18.224,Simon,2024.2.4,MacIntel,119.047619,,,,,,,,,,,,,,,,,,0,0,0,0,1,images/purple_butterfly.png,images/white_butterfly.png,left_image_2,"In this example, select the LEFT butterfly."
,,,,,130935,001,2025-02-17_12h04.18.224,Simon,2024.2.4,MacIntel,119.047619,7.0461,7.6203,[-0.22433781751336898],[-0.01920224766042781],[1],[0],[0],[0.5733999999985091],"[""left_image_2"",""left_image_2""]",1,7.6204,8.1203,0,0,0,0,1,,,,,,,,,
,,,,,130935,001,2025-02-17_12h04.18.224,Simon,2024.2.4,MacIntel,119.047619,,,,,,,,,,,,,,,,,,0,1,1,1,1,images/white_butterfly.png,images/purple_butterfly.png,left_image_2,"In this example, select the LEFT butterfly."
