﻿instructions.started,instructions.stopped,start_button.numClicks,start_button.timesOn,start_button.timesOff,participant,session,date,expName,psychopyVersion,OS,frameRate,practice_trial.started,practice_trial.stopped,mouse_2.x,mouse_2.y,mouse_2.leftButton,mouse_2.midButton,mouse_2.rightButton,mouse_2.time,mouse_2.clicked_name,correct,feedback.started,feedback.stopped,loop_until_correct.thisRepN,loop_until_correct.thisTrialN,loop_until_correct.thisN,loop_until_correct.thisIndex,loop_until_correct.ran,prac_trials.thisRepN,prac_trials.thisTrialN,prac_trials.thisN,prac_trials.thisIndex,prac_trials.ran,left_color,right_color,correct_response,top_txt,instructions_2.started,instructions_2.stopped,start_button_2.numClicks,start_button_2.timesOn,start_button_2.timesOff,trial.started,trial.stopped,mouse.x,mouse.y,mouse.leftButton,mouse.midButton,mouse.rightButton,mouse.time,mouse.clicked_name,trials.thisRepN,trials.thisTrialN,trials.thisN,trials.thisIndex,trials.ran,end.started,end.stopped,start_button_3.numClicks,start_button_3.timesOn,start_button_3.timesOff
0.0008,26.2519,1,[26.27959999990463],[26.27959999990463],133022,001,2025-01-23_14h15.25.350,Simon,2024.2.4,Linux armv81,59.88023952,,,,,,,,,,,,,,,,,,,,,,,,,,,,,,,,,,,,,,,,,,,,,,,,,,
,,,,,133022,001,2025-01-23_14h15.25.350,Simon,2024.2.4,Linux armv81,59.88023952,26.2892,29.2596,[-0.08974472357302296],[-0.030477378717822357],[1],[0],[0],[2.964600000023843],"[""left_image_2"",""left_image_2""]",1,29.261,29.757,0,0,0,0,1,,,,,,,,,,,,,,,,,,,,,,,,,,,,,,,,,
,,,,,133022,001,2025-01-23_14h15.25.350,Simon,2024.2.4,Linux armv81,59.88023952,,,,,,,,,,,,,,,,,,0,0,0,0,1,images/purple_butterfly.png,images/white_butterfly.png,left_image_2,"In this example, select the LEFT butterfly.",,,,,,,,,,,,,,,,,,,,,,,,
,,,,,133022,001,2025-01-23_14h15.25.350,Simon,2024.2.4,Linux armv81,59.88023952,29.7618,32.1681,[0.3098178502580009],[-0.030477378717822357],[1],[0],[0],[2.4013999999761566],"[""right_image_2"",""right_image_2""]",0,32.1702,32.6648,0,0,0,0,1,,,,,,,,,,,,,,,,,,,,,,,,,,,,,,,,,
,,,,,133022,001,2025-01-23_14h15.25.350,Simon,2024.2.4,Linux armv81,59.88023952,32.6668,48.6462,[-0.06792567435354824],[-0.0816159504906366],[1],[0],[0],[15.9775],"[""left_image_2"",""left_image_2""]",1,48.648,49.148,1,0,1,0,1,,,,,,,,,,,,,,,,,,,,,,,,,,,,,,,,,
,,,,,133022,001,2025-01-23_14h15.25.350,Simon,2024.2.4,Linux armv81,59.88023952,,,,,,,,,,,,,,,,,,0,1,1,1,1,images/white_butterfly.png,images/purple_butterfly.png,left_image_2,"In this example, select the LEFT butterfly.",,,,,,,,,,,,,,,,,,,,,,,,
,,,,,133022,001,2025-01-23_14h15.25.350,Simon,2024.2.4,Linux armv81,59.88023952,49.1545,50.8868,[0.31049976808905383],[-0.0904799763921904],[1],[0],[0],[1.7293000000715253],"[""right_image_2"",""right_image_2""]",1,50.8871,51.3881,0,0,0,0,1,,,,,,,,,,,,,,,,,,,,,,,,,,,,,,,,,
,,,,,133022,001,2025-01-23_14h15.25.350,Simon,2024.2.4,Linux armv81,59.88023952,,,,,,,,,,,,,,,,,,0,2,2,2,1,images/yellow_butterfly.png,images/white_butterfly.png,right_image_2,"In this example, select the RIGHT butterfly.",,,,,,,,,,,,,,,,,,,,,,,,
,,,,,133022,001,2025-01-23_14h15.25.350,Simon,2024.2.4,Linux armv81,59.88023952,51.3918,54.115,[0.3432284268465909],[-0.052978345768349956],[1],[0],[0],[2.7193999999761616],"[""right_image_2"",""right_image_2""]",1,54.1154,54.6135,0,0,0,0,1,,,,,,,,,,,,,,,,,,,,,,,,,,,,,,,,,
,,,,,133022,001,2025-01-23_14h15.25.350,Simon,2024.2.4,Linux armv81,59.88023952,,,,,,,,,,,,,,,,,,0,3,3,3,1,images/white_butterfly.png,images/yellow_butterfly.png,right_image_2,"In this example, select the RIGHT butterfly.",,,,,,,,,,,,,,,,,,,,,,,,
,,,,,133022,001,2025-01-23_14h15.25.350,Simon,2024.2.4,Linux armv81,59.88023952,,,,,,,,,,,,,,,,,,,,,,,,,,,54.6143,56.3371,1,[56.34220000004768],[56.34220000004768],,,,,,,,,,,,,,,,,,,
,,,,,133022,001,2025-01-23_14h15.25.350,Simon,2024.2.4,Linux armv81,59.88023952,,,,,,,,,,0,62.3408,62.8392,,,,,,,,,,,images/yellow_butterfly.png,images/white_butterfly.png,right_image, ,,,,,,56.3509,62.3384,[-0.11020016360592533],[-0.0918436421976461],[1],[0],[0],[5.9862999999523225],"[""left_image""]",0,0,0,2,1,,,,,
,,,,,133022,001,2025-01-23_14h15.25.350,Simon,2024.2.4,Linux armv81,59.88023952,,,,,,,,,,0,64.8781,65.38,,,,,,,,,,,images/white_butterfly.png,images/purple_butterfly.png,left_image, ,,,,,,62.8414,64.8779,[0.34527395386421617],[-0.06661528691732375],[1],[0],[0],[2.0353000000715156],"[""right_image""]",0,1,1,1,1,,,,,
,,,,,133022,001,2025-01-23_14h15.25.350,Simon,2024.2.4,Linux armv81,59.88023952,,,,,,,,,,0,68.7728,69.2745,,,,,,,,,,,images/white_butterfly.png,images/yellow_butterfly.png,right_image, ,,,,,,65.3823,68.7728,[-0.07474411661859345],[-0.07479745160670802],[1],[0],[0],[3.389299999952314],"[""left_image""]",0,2,2,3,1,,,,,
,,,,,133022,001,2025-01-23_14h15.25.350,Simon,2024.2.4,Linux armv81,59.88023952,,,,,,,,,,1,72.2591,72.7519,,,,,,,,,,,images/purple_butterfly.png,images/white_butterfly.png,left_image, ,,,,,,69.2768,72.2576,[-0.10133619432325487],[-0.09593469623289656],[1],[0],[0],[2.979699999928471],"[""left_image""]",0,3,3,0,1,,,,,
,,,,,133022,001,2025-01-23_14h15.25.350,Simon,2024.2.4,Linux armv81,59.88023952,,,,,,,,,,1,74.1276,74.625,,,,,,,,,,,images/purple_butterfly.png,images/white_butterfly.png,left_image, ,,,,,,72.7535,74.1274,[-0.0931540296338706],[-0.09252556002869898],[1],[0],[0],[1.373600000023842],"[""left_image""]",1,0,4,0,1,,,,,
,,,,,133022,001,2025-01-23_14h15.25.350,Simon,2024.2.4,Linux armv81,59.88023952,,,,,,,,,,1,77.7182,78.2179,,,,,,,,,,,images/white_butterfly.png,images/yellow_butterfly.png,right_image, ,,,,,,74.6285,77.7179,"[0.36232020107403756,0.35481978435905615,0.35072873032380564,0.3289096244854476]","[-0.07616117403104708,-0.08093414589735042,-0.08638886573805658,-0.07957042347301137]","[1,1,1,1]","[0,0,0,0]","[0,0,0,0]","[1.7996999999284782,2.234099999904643,2.7023999999761656,3.0883999999761613]","[null,null,null,""right_image""]",1,1,5,3,1,,,,,
,,,,,133022,001,2025-01-23_14h15.25.350,Simon,2024.2.4,Linux armv81,59.88023952,,,,,,,,,,0,78.9263,79.421,,,,,,,,,,,images/white_butterfly.png,images/purple_butterfly.png,left_image, ,,,,,,78.2196,78.9246,[0.342546509015538],[-0.07207006337691327],[1],[0],[0],[0.7043000000715267],"[""right_image""]",1,2,6,1,1,,,,,
,,,,,133022,001,2025-01-23_14h15.25.350,Simon,2024.2.4,Linux armv81,59.88023952,,,,,,,,,,1,82.6375,83.1327,,,,,,,,,,,images/yellow_butterfly.png,images/white_butterfly.png,right_image, ,,,,,,79.4231,82.6351,[0.32209112560151903],[-0.04684170809659091],[1],[0],[0],[3.210400000095376],"[""right_image""]",1,3,7,2,1,,,,,
,,,,,133022,001,2025-01-23_14h15.25.350,Simon,2024.2.4,Linux armv81,59.88023952,,,,,,,,,,1,83.7523,84.2529,,,,,,,,,,,images/purple_butterfly.png,images/white_butterfly.png,left_image, ,,,,,,83.1346,83.7522,[-0.25066079898756377],[-0.04002326583154569],[1],[0],[0],[0.6167999999523204],"[""left_image""]",2,0,8,0,1,,,,,
,,,,,133022,001,2025-01-23_14h15.25.350,Simon,2024.2.4,Linux armv81,59.88023952,,,,,,,,,,1,85.1075,85.6063,,,,,,,,,,,images/white_butterfly.png,images/purple_butterfly.png,left_image, ,,,,,,84.2549,85.1074,[-0.21520469538134857],[-0.04888729173309949],[1],[0],[0],[0.8512999999523174],"[""left_image""]",2,1,9,1,1,,,,,
,,,,,133022,001,2025-01-23_14h15.25.350,Simon,2024.2.4,Linux armv81,59.88023952,,,,,,,,,,1,86.2642,86.76,,,,,,,,,,,images/yellow_butterfly.png,images/white_butterfly.png,right_image, ,,,,,,85.6093,86.2641,[0.33504620553832326],[-0.027749990488027596],[1],[0],[0],[0.653700000047678],"[""right_image""]",2,2,10,2,1,,,,,
,,,,,133022,001,2025-01-23_14h15.25.350,Simon,2024.2.4,Linux armv81,59.88023952,,,,,,,,,,1,88.3148,88.8162,,,,,,,,,,,images/white_butterfly.png,images/yellow_butterfly.png,right_image, ,,,,,,86.7618,88.3147,"[0.3500469257305195,0.35072873032380564,0.33845545498028756]","[-0.033886628159786644,-0.05093281875072472,-0.025704463470402367]","[1,1,1]","[0,0,0]","[0,0,0]","[0.6663999999761643,1.1837999999523134,1.5516999999284735]","[null,null,""right_image""]",2,3,11,3,1,,,,,
,,,,,133022,001,2025-01-23_14h15.25.350,Simon,2024.2.4,Linux armv81,59.88023952,,,,,,,,,,1,89.6524,90.1533,,,,,,,,,,,images/yellow_butterfly.png,images/white_butterfly.png,right_image, ,,,,,,88.8178,89.6522,[0.3323188739274119],[-0.028431851700197124],[1],[0],[0],[0.8335000000000008],"[""right_image""]",3,0,12,2,1,,,,,
,,,,,133022,001,2025-01-23_14h15.25.350,Simon,2024.2.4,Linux armv81,59.88023952,,,,,,,,,,1,90.6617,91.1567,,,,,,,,,,,images/white_butterfly.png,images/purple_butterfly.png,left_image, ,,,,,,90.1548,90.6616,[-0.23293274718445617],[-0.03184110114216141],[1],[0],[0],[0.5058999999761511],"[""left_image""]",3,1,13,1,1,,,,,
,,,,,133022,001,2025-01-23_14h15.25.350,Simon,2024.2.4,Linux armv81,59.88023952,,,,,,,,,,0,91.5103,92.0103,,,,,,,,,,,images/white_butterfly.png,images/yellow_butterfly.png,right_image, ,,,,,,91.1582,91.5079,[-0.21588655659351808],[-0.013431188126884276],[1],[0],[0],[0.3488999999761546],"[""left_image""]",3,2,14,3,1,,,,,
,,,,,133022,001,2025-01-23_14h15.25.350,Simon,2024.2.4,Linux armv81,59.88023952,,,,,,,,,,1,92.8464,93.3459,,,,,,,,,,,images/purple_butterfly.png,images/white_butterfly.png,left_image, ,,,,,,92.0139,92.8448,[-0.2302053589546614],[-0.015476771763392858],[1],[0],[0],[0.8295999999046302],"[""left_image""]",3,3,15,0,1,,,,,
,,,,,133022,001,2025-01-23_14h15.25.350,Simon,2024.2.4,Linux armv81,59.88023952,,,,,,,,,,1,93.9657,94.4665,,,,,,,,,,,images/yellow_butterfly.png,images/white_butterfly.png,right_image, ,,,,,,93.3474,93.9655,[0.3309551515030728],[-0.0052490234375],[1],[0],[0],[0.6174999999999926],"[""right_image""]",4,0,16,2,1,,,,,
,,,,,133022,001,2025-01-23_14h15.25.350,Simon,2024.2.4,Linux armv81,59.88023952,,,,,,,,,,1,95.0721,95.5694,,,,,,,,,,,images/white_butterfly.png,images/purple_butterfly.png,left_image, ,,,,,,94.4703,95.0719,[-0.22884163653032236],[-0.016158576356679034],[1],[0],[0],[0.6003000000715275],"[""left_image""]",4,1,17,1,1,,,,,
,,,,,133022,001,2025-01-23_14h15.25.350,Simon,2024.2.4,Linux armv81,59.88023952,,,,,,,,,,1,97.2969,97.7928,,,,,,,,,,,images/white_butterfly.png,images/yellow_butterfly.png,right_image, ,,,,,,95.5716,97.2968,[0.34800139871289426],[-0.03252290573544759],[1],[0],[0],[1.724499999999992],"[""right_image""]",4,2,18,3,1,,,,,
,,,,,133022,001,2025-01-23_14h15.25.350,Simon,2024.2.4,Linux armv81,59.88023952,,,,,,,,,,1,98.5488,99.0472,,,,,,,,,,,images/purple_butterfly.png,images/white_butterfly.png,left_image, ,,,,,,97.7943,98.5486,[-0.22270499885856332],[-0.029113656293483302],[1],[0],[0],[0.7533999999761534],"[""left_image""]",4,3,19,0,1,,,,,
,,,,,133022,001,2025-01-23_14h15.25.350,Simon,2024.2.4,Linux armv81,59.88023952,,,,,,,,,,,,,,,,,,,,,,,,,,,,,,,,,,,,,,,,,,,,,,99.0479,100.3712,1,[100.3705],[100.3705]
