﻿instructions.started,instructions.stopped,start_button.numClicks,start_button.timesOn,start_button.timesOff,participant,session,date,expName,psychopyVersion,OS,frameRate,practice_trial.started,practice_trial.stopped,mouse_2.x,mouse_2.y,mouse_2.leftButton,mouse_2.midButton,mouse_2.rightButton,mouse_2.time,mouse_2.clicked_name,correct,feedback.started,feedback.stopped,loop_until_correct.thisRepN,loop_until_correct.thisTrialN,loop_until_correct.thisN,loop_until_correct.thisIndex,loop_until_correct.ran,prac_trials.thisRepN,prac_trials.thisTrialN,prac_trials.thisN,prac_trials.thisIndex,prac_trials.ran,left_color,right_color,correct_response,top_txt,instructions_2.started,instructions_2.stopped,start_button_2.numClicks,start_button_2.timesOn,start_button_2.timesOff,trial.started,trial.stopped,mouse.x,mouse.y,mouse.leftButton,mouse.midButton,mouse.rightButton,mouse.time,mouse.clicked_name,trials.thisRepN,trials.thisTrialN,trials.thisN,trials.thisIndex,trials.ran,end.started,end.stopped,start_button_3.numClicks,start_button_3.timesOn,start_button_3.timesOff
0.001,10.823,1,[10.838000000000001],[10.838000000000001],135251,001,2025-10-07_13h27.03.638,Simon,2024.2.4,MacIntel,55.55555556,,,,,,,,,,,,,,,,,,,,,,,,,,,,,,,,,,,,,,,,,,,,,,,,,,
,,,,,135251,001,2025-10-07_13h27.03.638,Simon,2024.2.4,MacIntel,55.55555556,10.85,20.741,[-0.12378640776699029],[0.0048543689320388345],[1],[0],[0],[9.883000000000001],"[""left_image_2"",""left_image_2""]",1,20.743,21.241,0,0,0,0,1,,,,,,,,,,,,,,,,,,,,,,,,,,,,,,,,,
,,,,,135251,001,2025-10-07_13h27.03.638,Simon,2024.2.4,MacIntel,55.55555556,,,,,,,,,,,,,,,,,,0,0,0,0,1,images/purple_butterfly.png,images/white_butterfly.png,left_image_2,"In this example, select the LEFT butterfly.",,,,,,,,,,,,,,,,,,,,,,,,
,,,,,135251,001,2025-10-07_13h27.03.638,Simon,2024.2.4,MacIntel,55.55555556,21.243,25.681,[-0.17718446601941748],[0.03155339805825243],[1],[0],[0],[4.434999999999999],"[""left_image_2"",""left_image_2""]",1,25.681,26.171,0,0,0,0,1,,,,,,,,,,,,,,,,,,,,,,,,,,,,,,,,,
,,,,,135251,001,2025-10-07_13h27.03.638,Simon,2024.2.4,MacIntel,55.55555556,,,,,,,,,,,,,,,,,,0,1,1,1,1,images/white_butterfly.png,images/purple_butterfly.png,left_image_2,"In this example, select the LEFT butterfly.",,,,,,,,,,,,,,,,,,,,,,,,
,,,,,135251,001,2025-10-07_13h27.03.638,Simon,2024.2.4,MacIntel,55.55555556,26.174,54.254,[0.15048543689320387],[0.013349514563106795],[1],[0],[0],[28.079],"[""right_image_2"",""right_image_2""]",1,54.255,54.738,0,0,0,0,1,,,,,,,,,,,,,,,,,,,,,,,,,,,,,,,,,
,,,,,135251,001,2025-10-07_13h27.03.638,Simon,2024.2.4,MacIntel,55.55555556,,,,,,,,,,,,,,,,,,0,2,2,2,1,images/yellow_butterfly.png,images/white_butterfly.png,right_image_2,"In this example, select the RIGHT butterfly.",,,,,,,,,,,,,,,,,,,,,,,,
,,,,,135251,001,2025-10-07_13h27.03.638,Simon,2024.2.4,MacIntel,55.55555556,54.741,57.623,[0.15048543689320387],[0.013349514563106795],[1],[0],[0],[2.8769999999999953],"[""right_image_2"",""right_image_2""]",1,57.623,58.12,0,0,0,0,1,,,,,,,,,,,,,,,,,,,,,,,,,,,,,,,,,
,,,,,135251,001,2025-10-07_13h27.03.638,Simon,2024.2.4,MacIntel,55.55555556,,,,,,,,,,,,,,,,,,0,3,3,3,1,images/white_butterfly.png,images/yellow_butterfly.png,right_image_2,"In this example, select the RIGHT butterfly.",,,,,,,,,,,,,,,,,,,,,,,,
,,,,,135251,001,2025-10-07_13h27.03.638,Simon,2024.2.4,MacIntel,55.55555556,,,,,,,,,,,,,,,,,,,,,,,,,,,58.122,59.208,1,[59.21000000000001],[59.21000000000001],,,,,,,,,,,,,,,,,,,
,,,,,135251,001,2025-10-07_13h27.03.638,Simon,2024.2.4,MacIntel,55.55555556,,,,,,,,,,1,60.857,61.354,,,,,,,,,,,images/purple_butterfly.png,images/white_butterfly.png,left_image, ,,,,,,59.221,60.856,[-0.15169902912621358],[-0.044902912621359224],[1],[0],[0],[1.6299999999999955],"[""left_image""]",0,0,0,0,1,,,,,
,,,,,135251,001,2025-10-07_13h27.03.638,Simon,2024.2.4,MacIntel,55.55555556,,,,,,,,,,1,62.872,63.372,,,,,,,,,,,images/white_butterfly.png,images/purple_butterfly.png,left_image, ,,,,,,61.356,62.872,[-0.15169902912621358],[-0.044902912621359224],[1],[0],[0],[1.5150000000000006],"[""left_image""]",0,1,1,1,1,,,,,
,,,,,135251,001,2025-10-07_13h27.03.638,Simon,2024.2.4,MacIntel,55.55555556,,,,,,,,,,1,64.755,65.255,,,,,,,,,,,images/yellow_butterfly.png,images/white_butterfly.png,right_image, ,,,,,,63.373,64.755,[0.18689320388349515],[-0.01699029126213592],[1],[0],[0],[1.3799999999999955],"[""right_image""]",0,2,2,2,1,,,,,
,,,,,135251,001,2025-10-07_13h27.03.638,Simon,2024.2.4,MacIntel,55.55555556,,,,,,,,,,1,66.271,66.77,,,,,,,,,,,images/white_butterfly.png,images/yellow_butterfly.png,right_image, ,,,,,,65.255,66.271,[0.18567961165048544],[-0.01699029126213592],[1],[0],[0],[1.0150000000000006],"[""right_image""]",0,3,3,3,1,,,,,
,,,,,135251,001,2025-10-07_13h27.03.638,Simon,2024.2.4,MacIntel,55.55555556,,,,,,,,,,1,68.154,68.654,,,,,,,,,,,images/purple_butterfly.png,images/white_butterfly.png,left_image, ,,,,,,66.771,68.154,[-0.27184466019417475],[-0.007281553398058253],[1],[0],[0],[1.382000000000005],"[""left_image""]",1,0,4,0,1,,,,,
,,,,,135251,001,2025-10-07_13h27.03.638,Simon,2024.2.4,MacIntel,55.55555556,,,,,,,,,,1,69.705,70.204,,,,,,,,,,,images/white_butterfly.png,images/yellow_butterfly.png,right_image, ,,,,,,68.655,69.704,[0.16019417475728157],[0.007281553398058253],[1],[0],[0],[1.0480000000000018],"[""right_image""]",1,1,5,3,1,,,,,
,,,,,135251,001,2025-10-07_13h27.03.638,Simon,2024.2.4,MacIntel,55.55555556,,,,,,,,,,1,71.076,71.577,,,,,,,,,,,images/yellow_butterfly.png,images/white_butterfly.png,right_image, ,,,,,,70.204,71.076,[0.16019417475728157],[0.007281553398058253],[1],[0],[0],[0.8709999999999951],"[""right_image""]",1,2,6,2,1,,,,,
,,,,,135251,001,2025-10-07_13h27.03.638,Simon,2024.2.4,MacIntel,55.55555556,,,,,,,,,,1,72.587,73.087,,,,,,,,,,,images/white_butterfly.png,images/purple_butterfly.png,left_image, ,,,,,,71.577,72.587,[-0.13349514563106796],[-0.012135922330097087],[1],[0],[0],[1.0090000000000003],"[""left_image""]",1,3,7,1,1,,,,,
,,,,,135251,001,2025-10-07_13h27.03.638,Simon,2024.2.4,MacIntel,55.55555556,,,,,,,,,,1,73.888,74.392,,,,,,,,,,,images/purple_butterfly.png,images/white_butterfly.png,left_image, ,,,,,,73.087,73.888,[-0.13349514563106796],[-0.012135922330097087],[1],[0],[0],[0.7980000000000018],"[""left_image""]",2,0,8,0,1,,,,,
,,,,,135251,001,2025-10-07_13h27.03.638,Simon,2024.2.4,MacIntel,55.55555556,,,,,,,,,,1,75.356,75.854,,,,,,,,,,,images/yellow_butterfly.png,images/white_butterfly.png,right_image, ,,,,,,74.392,75.355,[0.17475728155339806],[0.03033980582524272],[1],[0],[0],[0.9609999999999985],"[""right_image""]",2,1,9,2,1,,,,,
,,,,,135251,001,2025-10-07_13h27.03.638,Simon,2024.2.4,MacIntel,55.55555556,,,,,,,,,,1,76.387,76.888,,,,,,,,,,,images/white_butterfly.png,images/yellow_butterfly.png,right_image, ,,,,,,75.856,76.387,[0.17475728155339806],[0.03033980582524272],[1],[0],[0],[0.5300000000000011],"[""right_image""]",2,2,10,3,1,,,,,
,,,,,135251,001,2025-10-07_13h27.03.638,Simon,2024.2.4,MacIntel,55.55555556,,,,,,,,,,1,77.671,78.171,,,,,,,,,,,images/white_butterfly.png,images/purple_butterfly.png,left_image, ,,,,,,76.889,77.671,[-0.1638349514563107],[-0.023058252427184466],[1],[0],[0],[0.7810000000000059],"[""left_image""]",2,3,11,1,1,,,,,
,,,,,135251,001,2025-10-07_13h27.03.638,Simon,2024.2.4,MacIntel,55.55555556,,,,,,,,,,1,78.988,79.494,,,,,,,,,,,images/white_butterfly.png,images/yellow_butterfly.png,right_image, ,,,,,,78.172,78.988,[0.20388349514563106],[0.007281553398058253],[1],[0],[0],[0.8149999999999977],"[""right_image""]",3,0,12,3,1,,,,,
,,,,,135251,001,2025-10-07_13h27.03.638,Simon,2024.2.4,MacIntel,55.55555556,,,,,,,,,,1,80.837,81.338,,,,,,,,,,,images/white_butterfly.png,images/purple_butterfly.png,left_image, ,,,,,,79.494,80.837,[-0.11165048543689321],[0],[1],[0],[0],[1.3419999999999987],"[""left_image""]",3,1,13,1,1,,,,,
,,,,,135251,001,2025-10-07_13h27.03.638,Simon,2024.2.4,MacIntel,55.55555556,,,,,,,,,,1,82.354,82.854,,,,,,,,,,,images/yellow_butterfly.png,images/white_butterfly.png,right_image, ,,,,,,81.339,82.354,[0.1929611650485437],[0.019417475728155338],[1],[0],[0],[1.0139999999999958],"[""right_image""]",3,2,14,2,1,,,,,
,,,,,135251,001,2025-10-07_13h27.03.638,Simon,2024.2.4,MacIntel,55.55555556,,,,,,,,,,1,83.773,84.271,,,,,,,,,,,images/purple_butterfly.png,images/white_butterfly.png,left_image, ,,,,,,82.856,83.773,[-0.12985436893203883],[0.03640776699029126],[1],[0],[0],[0.916000000000011],"[""left_image""]",3,3,15,0,1,,,,,
,,,,,135251,001,2025-10-07_13h27.03.638,Simon,2024.2.4,MacIntel,55.55555556,,,,,,,,,,1,85.623,86.121,,,,,,,,,,,images/yellow_butterfly.png,images/white_butterfly.png,right_image, ,,,,,,84.273,85.623,[0.18810679611650485],[0.03398058252427184],[1],[0],[0],[1.3490000000000038],"[""right_image""]",4,0,16,2,1,,,,,
,,,,,135251,001,2025-10-07_13h27.03.638,Simon,2024.2.4,MacIntel,55.55555556,,,,,,,,,,1,87.286,87.787,,,,,,,,,,,images/white_butterfly.png,images/purple_butterfly.png,left_image, ,,,,,,86.121,87.286,[-0.14684466019417475],[0.010922330097087379],[1],[0],[0],[1.1640000000000015],"[""left_image""]",4,1,17,1,1,,,,,
,,,,,135251,001,2025-10-07_13h27.03.638,Simon,2024.2.4,MacIntel,55.55555556,,,,,,,,,,1,88.703,89.203,,,,,,,,,,,images/purple_butterfly.png,images/white_butterfly.png,left_image, ,,,,,,87.788,88.703,[-0.14684466019417475],[0.010922330097087379],[1],[0],[0],[0.9140000000000015],"[""left_image""]",4,2,18,0,1,,,,,
,,,,,135251,001,2025-10-07_13h27.03.638,Simon,2024.2.4,MacIntel,55.55555556,,,,,,,,,,1,90.405,90.905,,,,,,,,,,,images/white_butterfly.png,images/yellow_butterfly.png,right_image, ,,,,,,89.204,90.405,[0.20631067961165048],[0.038834951456310676],[1],[0],[0],[1.198999999999998],"[""right_image""]",4,3,19,3,1,,,,,
,,,,,135251,001,2025-10-07_13h27.03.638,Simon,2024.2.4,MacIntel,55.55555556,,,,,,,,,,,,,,,,,,,,,,,,,,,,,,,,,,,,,,,,,,,,,,90.906,92.287,1,[92.286],[92.286]
