﻿instructions.started,instructions.stopped,start_button.numClicks,start_button.timesOn,start_button.timesOff,participant,session,date,expName,psychopyVersion,OS,frameRate,practice_trial.started,practice_trial.stopped,mouse_2.x,mouse_2.y,mouse_2.leftButton,mouse_2.midButton,mouse_2.rightButton,mouse_2.time,mouse_2.clicked_name,correct,feedback.started,feedback.stopped,loop_until_correct.thisRepN,loop_until_correct.thisTrialN,loop_until_correct.thisN,loop_until_correct.thisIndex,loop_until_correct.ran,prac_trials.thisRepN,prac_trials.thisTrialN,prac_trials.thisN,prac_trials.thisIndex,prac_trials.ran,left_color,right_color,correct_response,top_txt,instructions_2.started,instructions_2.stopped,start_button_2.numClicks,start_button_2.timesOn,start_button_2.timesOff,trial.started,trial.stopped,mouse.x,mouse.y,mouse.leftButton,mouse.midButton,mouse.rightButton,mouse.time,mouse.clicked_name,trials.thisRepN,trials.thisTrialN,trials.thisN,trials.thisIndex,trials.ran,end.started,end.stopped,start_button_3.numClicks,start_button_3.timesOn,start_button_3.timesOff
0.0016,16.3425,1,[16.3945],[16.3945],136907,001,2025-11-08_17h19.51.282,Simon,2024.2.4,Win32,59.88023952,,,,,,,,,,,,,,,,,,,,,,,,,,,,,,,,,,,,,,,,,,,,,,,,,,
,,,,,136907,001,2025-11-08_17h19.51.282,Simon,2024.2.4,Win32,59.88023952,16.3815,18.1931,[-0.20834530617693345],[0.0007194244604316547],[1],[0],[0],[1.8071999999880788],"[""left_image_2"",""left_image_2""]",1,18.1954,18.6912,0,0,0,0,1,,,,,,,,,,,,,,,,,,,,,,,,,,,,,,,,,
,,,,,136907,001,2025-11-08_17h19.51.282,Simon,2024.2.4,Win32,59.88023952,,,,,,,,,,,,,,,,,,0,0,0,0,1,images/purple_butterfly.png,images/white_butterfly.png,left_image_2,"In this example, select the LEFT butterfly.",,,,,,,,,,,,,,,,,,,,,,,,
,,,,,136907,001,2025-11-08_17h19.51.282,Simon,2024.2.4,Win32,59.88023952,18.6944,21.8914,[0.15884895599145685],[0.013381277399955037],[1],[0],[0],[3.193599999994042],"[""right_image_2"",""right_image_2""]",0,21.8959,22.3807,0,0,0,0,1,,,,,,,,,,,,,,,,,,,,,,,,,,,,,,,,,
,,,,,136907,001,2025-11-08_17h19.51.282,Simon,2024.2.4,Win32,59.88023952,22.3824,24.6803,[-0.17496399364883095],[-0.016546762589928057],[1],[0],[0],[2.296599999994033],"[""left_image_2"",""left_image_2""]",1,24.682,25.1792,1,0,1,0,1,,,,,,,,,,,,,,,,,,,,,,,,,,,,,,,,,
,,,,,136907,001,2025-11-08_17h19.51.282,Simon,2024.2.4,Win32,59.88023952,,,,,,,,,,,,,,,,,,0,1,1,1,1,images/white_butterfly.png,images/purple_butterfly.png,left_image_2,"In this example, select the LEFT butterfly.",,,,,,,,,,,,,,,,,,,,,,,,
,,,,,136907,001,2025-11-08_17h19.51.282,Simon,2024.2.4,Win32,59.88023952,25.183,26.6797,[-0.17726620461443346],[-0.017697868072729318],[1],[0],[0],[1.4927000000029835],"[""left_image_2"",""left_image_2""]",0,26.6814,27.1718,0,0,0,0,1,,,,,,,,,,,,,,,,,,,,,,,,,,,,,,,,,
,,,,,136907,001,2025-11-08_17h19.51.282,Simon,2024.2.4,Win32,59.88023952,27.1735,28.7881,[-0.17726620461443346],[-0.017697868072729318],[1],[0],[0],[1.6129999999999995],"[""left_image_2"",""left_image_2""]",0,28.7886,29.2876,1,0,1,0,1,,,,,,,,,,,,,,,,,,,,,,,,,,,,,,,,,
,,,,,136907,001,2025-11-08_17h19.51.282,Simon,2024.2.4,Win32,59.88023952,29.2903,30.8576,[0.14503595365894784],[-0.01194247238927608],[1],[0],[0],[1.5657000000029768],"[""right_image_2"",""right_image_2""]",1,30.8583,31.3576,2,0,2,0,1,,,,,,,,,,,,,,,,,,,,,,,,,,,,,,,,,
,,,,,136907,001,2025-11-08_17h19.51.282,Simon,2024.2.4,Win32,59.88023952,,,,,,,,,,,,,,,,,,0,2,2,2,1,images/yellow_butterfly.png,images/white_butterfly.png,right_image_2,"In this example, select the RIGHT butterfly.",,,,,,,,,,,,,,,,,,,,,,,,
,,,,,136907,001,2025-11-08_17h19.51.282,Simon,2024.2.4,Win32,59.88023952,31.3605,32.52,[0.14388489208633093],[-0.013093533961892986],[1],[0],[0],[1.157399999991057],"[""right_image_2"",""right_image_2""]",1,32.5203,33.0195,0,0,0,0,1,,,,,,,,,,,,,,,,,,,,,,,,,,,,,,,,,
,,,,,136907,001,2025-11-08_17h19.51.282,Simon,2024.2.4,Win32,59.88023952,,,,,,,,,,,,,,,,,,0,3,3,3,1,images/white_butterfly.png,images/yellow_butterfly.png,right_image_2,"In this example, select the RIGHT butterfly.",,,,,,,,,,,,,,,,,,,,,,,,
,,,,,136907,001,2025-11-08_17h19.51.282,Simon,2024.2.4,Win32,59.88023952,,,,,,,,,,,,,,,,,,,,,,,,,,,33.0204,34.9533,1,[34.96379999999702],[34.96379999999702],,,,,,,,,,,,,,,,,,,
,,,,,136907,001,2025-11-08_17h19.51.282,Simon,2024.2.4,Win32,59.88023952,,,,,,,,,,0,37.7865,38.285,,,,,,,,,,,images/yellow_butterfly.png,images/white_butterfly.png,right_image, ,,,,,,34.9801,37.7851,[-0.2002877873482464],[-0.005035971223021582],[1],[0],[0],[2.8029000000059625],"[""left_image""]",0,0,0,2,1,,,,,
,,,,,136907,001,2025-11-08_17h19.51.282,Simon,2024.2.4,Win32,59.88023952,,,,,,,,,,1,42.468,42.9669,,,,,,,,,,,images/purple_butterfly.png,images/white_butterfly.png,left_image, ,,,,,,38.2873,42.4662,[-0.19798557638264389],[0.030647464450314747],[1],[0],[0],[4.177999999999997],"[""left_image""]",0,1,1,0,1,,,,,
,,,,,136907,001,2025-11-08_17h19.51.282,Simon,2024.2.4,Win32,59.88023952,,,,,,,,,,1,44.1492,44.6492,,,,,,,,,,,images/white_butterfly.png,images/purple_butterfly.png,left_image, ,,,,,,42.9699,44.1491,[-0.17841726618705037],[0.011079110344536871],[1],[0],[0],[1.1779000000059625],"[""left_image""]",0,2,2,1,1,,,,,
,,,,,136907,001,2025-11-08_17h19.51.282,Simon,2024.2.4,Win32,59.88023952,,,,,,,,,,1,45.9158,46.415,,,,,,,,,,,images/white_butterfly.png,images/yellow_butterfly.png,right_image, ,,,,,,44.651,45.9157,[0.17035974735836332],[0.01223021582733813],[1],[0],[0],[1.2637000000029843],"[""right_image""]",0,3,3,3,1,,,,,
,,,,,136907,001,2025-11-08_17h19.51.282,Simon,2024.2.4,Win32,59.88023952,,,,,,,,,,1,47.0154,47.5144,,,,,,,,,,,images/white_butterfly.png,images/yellow_butterfly.png,right_image, ,,,,,,46.4173,47.0152,[0.17035974735836332],[0.005323714661083633],[1],[0],[0],[0.5976000000089527],"[""right_image""]",1,0,4,3,1,,,,,
,,,,,136907,001,2025-11-08_17h19.51.282,Simon,2024.2.4,Win32,59.88023952,,,,,,,,,,1,48.6309,49.1309,,,,,,,,,,,images/white_butterfly.png,images/purple_butterfly.png,left_image, ,,,,,,47.517,48.6308,[-0.19798557638264389],[0.01683450602799011],[1],[0],[0],[1.1127999999970228],"[""left_image""]",1,1,5,1,1,,,,,
,,,,,136907,001,2025-11-08_17h19.51.282,Simon,2024.2.4,Win32,59.88023952,,,,,,,,,,1,50.3473,50.8465,,,,,,,,,,,images/purple_butterfly.png,images/white_butterfly.png,left_image, ,,,,,,49.1326,50.3472,[-0.14388489208633093],[0.023741007194244605],[1],[0],[0],[1.213799999997022],"[""left_image""]",1,2,6,0,1,,,,,
,,,,,136907,001,2025-11-08_17h19.51.282,Simon,2024.2.4,Win32,59.88023952,,,,,,,,,,1,51.88,52.3798,,,,,,,,,,,images/yellow_butterfly.png,images/white_butterfly.png,right_image, ,,,,,,50.8482,51.8798,[0.16230214070930754],[0.006474820143884892],[1],[0],[0],[1.0309000000059712],"[""right_image""]",1,3,7,2,1,,,,,
,,,,,136907,001,2025-11-08_17h19.51.282,Simon,2024.2.4,Win32,59.88023952,,,,,,,,,,1,53.3963,53.896,,,,,,,,,,,images/white_butterfly.png,images/purple_butterfly.png,left_image, ,,,,,,52.3821,53.3962,[-0.2290647657655126],[0.015683444455373202],[1],[0],[0],[1.0131000000089472],"[""left_image""]",2,0,8,1,1,,,,,
,,,,,136907,001,2025-11-08_17h19.51.282,Simon,2024.2.4,Win32,59.88023952,,,,,,,,,,1,54.9793,55.4791,,,,,,,,,,,images/yellow_butterfly.png,images/white_butterfly.png,right_image, ,,,,,,53.8981,54.9791,[0.1692086857857464],[-0.01194247238927608],[1],[0],[0],[1.0799999999999983],"[""right_image""]",2,1,9,2,1,,,,,
,,,,,136907,001,2025-11-08_17h19.51.282,Simon,2024.2.4,Win32,59.88023952,,,,,,,,,,1,56.7121,57.2114,,,,,,,,,,,images/white_butterfly.png,images/yellow_butterfly.png,right_image, ,,,,,,55.4816,56.7119,[0.18992805755395684],[0.001870486033048561],[1],[0],[0],[1.2289000000059644],"[""right_image""]",2,2,10,3,1,,,,,
,,,,,136907,001,2025-11-08_17h19.51.282,Simon,2024.2.4,Win32,59.88023952,,,,,,,,,,1,58.1115,58.6108,,,,,,,,,,,images/purple_butterfly.png,images/white_butterfly.png,left_image, ,,,,,,57.2133,58.1113,[-0.20374097206609712],[0.03755396561656924],[1],[0],[0],[0.8969000000059708],"[""left_image""]",2,3,11,0,1,,,,,
,,,,,136907,001,2025-11-08_17h19.51.282,Simon,2024.2.4,Win32,59.88023952,,,,,,,,,,1,59.3939,59.8936,,,,,,,,,,,images/purple_butterfly.png,images/white_butterfly.png,left_image, ,,,,,,58.6123,59.3938,[-0.19683451481002698],[0.032949631505732914],[1],[0],[0],[0.780899999991064],"[""left_image""]",3,0,12,0,1,,,,,
,,,,,136907,001,2025-11-08_17h19.51.282,Simon,2024.2.4,Win32,59.88023952,,,,,,,,,,1,62.1595,62.6597,,,,,,,,,,,images/white_butterfly.png,images/yellow_butterfly.png,right_image, ,,,,,,59.8958,62.1593,[0.2624460782936151],[-0.01539570101731115],[1],[0],[0],[2.262400000005968],"[""right_image""]",3,1,13,3,1,,,,,
,,,,,136907,001,2025-11-08_17h19.51.282,Simon,2024.2.4,Win32,59.88023952,,,,,,,,,,1,63.3424,63.8425,,,,,,,,,,,images/yellow_butterfly.png,images/white_butterfly.png,right_image, ,,,,,,62.6614,63.3424,[0.25323741007194245],[-0.01194247238927608],[1],[0],[0],[0.6801000000089346],"[""right_image""]",3,2,14,2,1,,,,,
,,,,,136907,001,2025-11-08_17h19.51.282,Simon,2024.2.4,Win32,59.88023952,,,,,,,,,,1,64.9923,65.4923,,,,,,,,,,,images/white_butterfly.png,images/purple_butterfly.png,left_image, ,,,,,,63.844,64.9922,[-0.22446043165467625],[0.008776987199303058],[1],[0],[0],[1.1470000000000056],"[""left_image""]",3,3,15,1,1,,,,,
,,,,,136907,001,2025-11-08_17h19.51.282,Simon,2024.2.4,Win32,59.88023952,,,,,,,,,,1,66.7924,67.2915,,,,,,,,,,,images/white_butterfly.png,images/yellow_butterfly.png,right_image, ,,,,,,65.4945,66.7923,[0.2164029128259892],[-0.016546762589928057],[1],[0],[0],[1.296899999991055],"[""right_image""]",4,0,16,3,1,,,,,
,,,,,136907,001,2025-11-08_17h19.51.282,Simon,2024.2.4,Win32,59.88023952,,,,,,,,,,1,68.2244,68.7242,,,,,,,,,,,images/white_butterfly.png,images/purple_butterfly.png,left_image, ,,,,,,67.2937,68.2243,[-0.13582728543727518],[0.001870486033048561],[1],[0],[0],[0.9300000000000068],"[""left_image""]",4,1,17,1,1,,,,,
,,,,,136907,001,2025-11-08_17h19.51.282,Simon,2024.2.4,Win32,59.88023952,,,,,,,,,,1,69.757,70.2573,,,,,,,,,,,images/yellow_butterfly.png,images/white_butterfly.png,right_image, ,,,,,,68.7263,69.757,[0.16115107913669063],[0.0007194244604316547],[1],[0],[0],[1.0294999999999987],"[""right_image""]",4,2,18,2,1,,,,,
,,,,,136907,001,2025-11-08_17h19.51.282,Simon,2024.2.4,Win32,59.88023952,,,,,,,,,,1,71.1902,71.69,,,,,,,,,,,images/purple_butterfly.png,images/white_butterfly.png,left_image, ,,,,,,70.2593,71.19,[-0.18762584658835432],[0.03755396561656924],[1],[0],[0],[0.9299999999999926],"[""left_image""]",4,3,19,0,1,,,,,
,,,,,136907,001,2025-11-08_17h19.51.282,Simon,2024.2.4,Win32,59.88023952,,,,,,,,,,,,,,,,,,,,,,,,,,,,,,,,,,,,,,,,,,,,,,71.6907,72.7735,1,[72.77289999999105],[72.77289999999105]
