﻿instructions.started,instructions.stopped,start_button.numClicks,start_button.timesOn,start_button.timesOff,participant,session,date,expName,psychopyVersion,OS,frameRate,practice_trial.started,practice_trial.stopped,mouse_2.x,mouse_2.y,mouse_2.leftButton,mouse_2.midButton,mouse_2.rightButton,mouse_2.time,mouse_2.clicked_name,correct,feedback.started,feedback.stopped,loop_until_correct.thisRepN,loop_until_correct.thisTrialN,loop_until_correct.thisN,loop_until_correct.thisIndex,loop_until_correct.ran,prac_trials.thisRepN,prac_trials.thisTrialN,prac_trials.thisN,prac_trials.thisIndex,prac_trials.ran,left_color,right_color,correct_response,top_txt
0.0003,24.7019,1,[24.712000000000018],[24.712000000000018],137878,001,2025-05-10_15h34.12.641,Simon,2024.2.4,Win32,60.24096386,,,,,,,,,,,,,,,,,,,,,,,,,,
,,,,,137878,001,2025-05-10_15h34.12.641,Simon,2024.2.4,Win32,60.24096386,24.7134,26.985,[-0.16585360891450712],[-0.10542007901158112],[1],[0],[0],[2.2695999999940284],"[""left_image_2"",""left_image_2""]",1,26.9854,27.485,0,0,0,0,1,,,,,,,,,
,,,,,137878,001,2025-05-10_15h34.12.641,Simon,2024.2.4,Win32,60.24096386,,,,,,,,,,,,,,,,,,0,0,0,0,1,images/purple_butterfly.png,images/white_butterfly.png,left_image_2,"In this example, select the LEFT butterfly."
,,,,,137878,001,2025-05-10_15h34.12.641,Simon,2024.2.4,Win32,60.24096386,27.4867,28.7513,[0.2352304019256013],[-0.04037942860507707],[1],[0],[0],[1.2634000000059586],"[""right_image_2"",""right_image_2""]",0,28.752,29.2518,0,0,0,0,1,,,,,,,,,
,,,,,137878,001,2025-05-10_15h34.12.641,Simon,2024.2.4,Win32,60.24096386,29.2525,30.0518,[0.2352304019256013],[-0.04037942860507707],[1],[0],[0],[0.7989000000059718],"[""right_image_2"",""right_image_2""]",0,30.0519,30.5515,1,0,1,0,1,,,,,,,,,
,,,,,137878,001,2025-05-10_15h34.12.641,Simon,2024.2.4,Win32,60.24096386,30.5521,35.1012,[-0.12791322951071307],[-0.029539320203993056],[1],[0],[0],[4.5483000000119205],"[""left_image_2"",""left_image_2""]",1,35.1016,35.6018,2,0,2,0,1,,,,,,,,,
,,,,,137878,001,2025-05-10_15h34.12.641,Simon,2024.2.4,Win32,60.24096386,,,,,,,,,,,,,,,,,,0,1,1,1,1,images/white_butterfly.png,images/purple_butterfly.png,left_image_2,"In this example, select the LEFT butterfly."
,,,,,137878,001,2025-05-10_15h34.12.641,Simon,2024.2.4,Win32,60.24096386,35.6031,37.4512,[0.20487806532118055],[0.006233070600969681],[1],[0],[0],[1.8468000000119105],"[""right_image_2"",""right_image_2""]",1,37.4514,37.9512,0,0,0,0,1,,,,,,,,,
,,,,,137878,001,2025-05-10_15h34.12.641,Simon,2024.2.4,Win32,60.24096386,,,,,,,,,,,,,,,,,,0,2,2,2,1,images/yellow_butterfly.png,images/white_butterfly.png,right_image_2,"In this example, select the RIGHT butterfly."
,,,,,137878,001,2025-05-10_15h34.12.641,Simon,2024.2.4,Win32,60.24096386,37.9525,39.4514,[-0.14308939781292343],[0.0040650406504065045],[1],[0],[0],[1.4979000000059557],"[""left_image_2"",""left_image_2""]",0,39.4519,39.9516,0,0,0,0,1,,,,,,,,,
