﻿instructions.started,instructions.stopped,start_button.numClicks,start_button.timesOn,start_button.timesOff,participant,session,date,expName,psychopyVersion,OS,frameRate,practice_trial.started,practice_trial.stopped,mouse_2.x,mouse_2.y,mouse_2.leftButton,mouse_2.midButton,mouse_2.rightButton,mouse_2.time,mouse_2.clicked_name,correct,feedback.started,feedback.stopped,loop_until_correct.thisRepN,loop_until_correct.thisTrialN,loop_until_correct.thisN,loop_until_correct.thisIndex,loop_until_correct.ran,prac_trials.thisRepN,prac_trials.thisTrialN,prac_trials.thisN,prac_trials.thisIndex,prac_trials.ran,left_color,right_color,correct_response,top_txt
0.0009,13.1336,1,[13.172900000035764],[13.172900000035764],140167,001,2026-01-27_08h17.23.618,Simon,2024.2.4,Win32,60.97560976,,,,,,,,,,,,,,,,,,,,,,,,,,
,,,,,140167,001,2026-01-27_08h17.23.618,Simon,2024.2.4,Win32,60.97560976,13.1829,17.5982,[-0.2546439628482972],[-0.02321981424148607],[1],[0],[0],[4.408700000047684],"[""left_image_2"",""left_image_2""]",1,17.601,18.0973,0,0,0,0,1,,,,,,,,,
,,,,,140167,001,2026-01-27_08h17.23.618,Simon,2024.2.4,Win32,60.97560976,,,,,,,,,,,,,,,,,,0,0,0,0,1,images/purple_butterfly.png,images/white_butterfly.png,left_image_2,"In this example, select the LEFT butterfly."
,,,,,140167,001,2026-01-27_08h17.23.618,Simon,2024.2.4,Win32,60.97560976,18.1032,19.0464,[0.19891640866873064],[0.0030959752321981426],[1],[0],[0],[0.9398000000119211],"[""right_image_2"",""right_image_2""]",0,19.0488,19.5463,0,0,0,0,1,,,,,,,,,
,,,,,140167,001,2026-01-27_08h17.23.618,Simon,2024.2.4,Win32,60.97560976,19.5495,20.082,[0.13544891640866874],[0.010835913312693499],[1],[0],[0],[0.5305],"[""right_image_2"",""right_image_2""]",0,20.0825,20.5799,1,0,1,0,1,,,,,,,,,
,,,,,140167,001,2026-01-27_08h17.23.618,Simon,2024.2.4,Win32,60.97560976,20.5829,21.1639,[0.13544891640866874],[0.010835913312693499],[1],[0],[0],[0.5790000000000006],"[""right_image_2"",""right_image_2""]",0,21.1646,21.6636,2,0,2,0,1,,,,,,,,,
