﻿instructions.started,instructions.stopped,start_button.numClicks,start_button.timesOn,start_button.timesOff,participant,session,date,expName,psychopyVersion,OS,frameRate,practice_trial.started,practice_trial.stopped,mouse_2.x,mouse_2.y,mouse_2.leftButton,mouse_2.midButton,mouse_2.rightButton,mouse_2.time,mouse_2.clicked_name,correct,feedback.started,feedback.stopped,loop_until_correct.thisRepN,loop_until_correct.thisTrialN,loop_until_correct.thisN,loop_until_correct.thisIndex,loop_until_correct.ran,prac_trials.thisRepN,prac_trials.thisTrialN,prac_trials.thisN,prac_trials.thisIndex,prac_trials.ran,left_color,right_color,correct_response,top_txt,instructions_2.started,instructions_2.stopped,start_button_2.numClicks,start_button_2.timesOn,start_button_2.timesOff,trial.started,trial.stopped,mouse.x,mouse.y,mouse.leftButton,mouse.midButton,mouse.rightButton,mouse.time,mouse.clicked_name,trials.thisRepN,trials.thisTrialN,trials.thisN,trials.thisIndex,trials.ran,end.started,end.stopped,start_button_3.numClicks,start_button_3.timesOn,start_button_3.timesOff
0.0004,29.1193,1,[29.138899999991054],[29.138899999991054],141611,001,2026-01-27_10h18.35.463,Simon,2024.2.4,Win32,59.88023952,,,,,,,,,,,,,,,,,,,,,,,,,,,,,,,,,,,,,,,,,,,,,,,,,,
,,,,,141611,001,2026-01-27_10h18.35.463,Simon,2024.2.4,Win32,59.88023952,29.1329,30.4355,[-0.2009966777408638],[0.016611295681063124],[1],[0],[0],[1.2999999999999972],"[""left_image_2"",""left_image_2""]",1,30.4359,30.9354,0,0,0,0,1,,,,,,,,,,,,,,,,,,,,,,,,,,,,,,,,,
,,,,,141611,001,2026-01-27_10h18.35.463,Simon,2024.2.4,Win32,59.88023952,,,,,,,,,,,,,,,,,,0,0,0,0,1,images/purple_butterfly.png,images/white_butterfly.png,left_image_2,"In this example, select the LEFT butterfly.",,,,,,,,,,,,,,,,,,,,,,,,
,,,,,141611,001,2026-01-27_10h18.35.463,Simon,2024.2.4,Win32,59.88023952,30.9372,32.4878,[-0.21096345514950166],[-0.008305647840531562],[1],[0],[0],[1.5496000000089438],"[""left_image_2"",""left_image_2""]",1,32.4879,32.9848,0,0,0,0,1,,,,,,,,,,,,,,,,,,,,,,,,,,,,,,,,,
,,,,,141611,001,2026-01-27_10h18.35.463,Simon,2024.2.4,Win32,59.88023952,,,,,,,,,,,,,,,,,,0,1,1,1,1,images/white_butterfly.png,images/purple_butterfly.png,left_image_2,"In this example, select the LEFT butterfly.",,,,,,,,,,,,,,,,,,,,,,,,
,,,,,141611,001,2026-01-27_10h18.35.463,Simon,2024.2.4,Win32,59.88023952,32.9864,33.9893,[0.2441860465116279],[-0.0033222591362126247],[1],[0],[0],[1.0020000000000024],"[""right_image_2"",""right_image_2""]",1,33.9894,34.4893,0,0,0,0,1,,,,,,,,,,,,,,,,,,,,,,,,,,,,,,,,,
,,,,,141611,001,2026-01-27_10h18.35.463,Simon,2024.2.4,Win32,59.88023952,,,,,,,,,,,,,,,,,,0,2,2,2,1,images/yellow_butterfly.png,images/white_butterfly.png,right_image_2,"In this example, select the RIGHT butterfly.",,,,,,,,,,,,,,,,,,,,,,,,
,,,,,141611,001,2026-01-27_10h18.35.463,Simon,2024.2.4,Win32,59.88023952,34.4901,35.1008,[0.2441860465116279],[-0.0033222591362126247],[1],[0],[0],[0.6101000000089414],"[""right_image_2"",""right_image_2""]",1,35.101,35.6007,0,0,0,0,1,,,,,,,,,,,,,,,,,,,,,,,,,,,,,,,,,
,,,,,141611,001,2026-01-27_10h18.35.463,Simon,2024.2.4,Win32,59.88023952,,,,,,,,,,,,,,,,,,0,3,3,3,1,images/white_butterfly.png,images/yellow_butterfly.png,right_image_2,"In this example, select the RIGHT butterfly.",,,,,,,,,,,,,,,,,,,,,,,,
,,,,,141611,001,2026-01-27_10h18.35.463,Simon,2024.2.4,Win32,59.88023952,,,,,,,,,,,,,,,,,,,,,,,,,,,35.6011,37.9671,1,[37.971],[37.971],,,,,,,,,,,,,,,,,,,
,,,,,141611,001,2026-01-27_10h18.35.463,Simon,2024.2.4,Win32,59.88023952,,,,,,,,,,1,38.9169,39.4167,,,,,,,,,,,images/white_butterfly.png,images/purple_butterfly.png,left_image, ,,,,,,37.973,38.9169,[-0.1345514950166113],[-0.053156146179401995],[1],[0],[0],[0.9434000000059584],"[""left_image""]",0,0,0,1,1,,,,,
,,,,,141611,001,2026-01-27_10h18.35.463,Simon,2024.2.4,Win32,59.88023952,,,,,,,,,,1,40.2499,40.7498,,,,,,,,,,,images/white_butterfly.png,images/yellow_butterfly.png,right_image, ,,,,,,39.4172,40.2499,[0.22425249169435216],[-0.026578073089700997],[1],[0],[0],[0.832499999999996],"[""right_image""]",0,1,1,3,1,,,,,
,,,,,141611,001,2026-01-27_10h18.35.463,Simon,2024.2.4,Win32,59.88023952,,,,,,,,,,1,41.604,42.1006,,,,,,,,,,,images/yellow_butterfly.png,images/white_butterfly.png,right_image, ,,,,,,40.7504,41.6039,[0.2425249169435216],[-0.024916943521594685],[1],[0],[0],[0.8530999999940363],"[""right_image""]",0,2,2,2,1,,,,,
,,,,,141611,001,2026-01-27_10h18.35.463,Simon,2024.2.4,Win32,59.88023952,,,,,,,,,,1,43.0497,43.5498,,,,,,,,,,,images/purple_butterfly.png,images/white_butterfly.png,left_image, ,,,,,,42.1011,43.0495,[-0.14451827242524917],[-0.026578073089700997],[1],[0],[0],[0.9479000000059585],"[""left_image""]",0,3,3,0,1,,,,,
,,,,,141611,001,2026-01-27_10h18.35.463,Simon,2024.2.4,Win32,59.88023952,,,,,,,,,,1,44.3039,44.8029,,,,,,,,,,,images/white_butterfly.png,images/yellow_butterfly.png,right_image, ,,,,,,43.5507,44.3038,[0.1511627906976744],[-0.036544850498338874],[1],[0],[0],[0.7527999999970163],"[""right_image""]",1,0,4,3,1,,,,,
,,,,,141611,001,2026-01-27_10h18.35.463,Simon,2024.2.4,Win32,59.88023952,,,,,,,,,,1,45.6831,46.1859,,,,,,,,,,,images/purple_butterfly.png,images/white_butterfly.png,left_image, ,,,,,,44.8045,45.6827,[-0.09634551495016612],[-0.016611295681063124],[1],[0],[0],[0.8773999999910558],"[""left_image""]",1,1,5,0,1,,,,,
,,,,,141611,001,2026-01-27_10h18.35.463,Simon,2024.2.4,Win32,59.88023952,,,,,,,,,,1,47.0161,47.5153,,,,,,,,,,,images/yellow_butterfly.png,images/white_butterfly.png,right_image, ,,,,,,46.1864,47.0159,[0.22757475083056478],[0],[1],[0],[0],[0.8287999999970239],"[""right_image""]",1,2,6,2,1,,,,,
,,,,,141611,001,2026-01-27_10h18.35.463,Simon,2024.2.4,Win32,59.88023952,,,,,,,,,,1,48.3323,48.8344,,,,,,,,,,,images/white_butterfly.png,images/purple_butterfly.png,left_image, ,,,,,,47.5164,48.3321,[-0.16279069767441862],[-0.0016611295681063123],[1],[0],[0],[0.8151000000089468],"[""left_image""]",1,3,7,1,1,,,,,
,,,,,141611,001,2026-01-27_10h18.35.463,Simon,2024.2.4,Win32,59.88023952,,,,,,,,,,1,49.4196,49.9155,,,,,,,,,,,images/white_butterfly.png,images/purple_butterfly.png,left_image, ,,,,,,48.8348,49.4195,[-0.16279069767441862],[-0.0016611295681063123],[1],[0],[0],[0.5846000000089333],"[""left_image""]",2,0,8,1,1,,,,,
,,,,,141611,001,2026-01-27_10h18.35.463,Simon,2024.2.4,Win32,59.88023952,,,,,,,,,,1,50.7655,51.2645,,,,,,,,,,,images/yellow_butterfly.png,images/white_butterfly.png,right_image, ,,,,,,49.916,50.765,[0.15448504983388706],[0.02159468438538206],[1],[0],[0],[0.8485000000000014],"[""right_image""]",2,1,9,2,1,,,,,
,,,,,141611,001,2026-01-27_10h18.35.463,Simon,2024.2.4,Win32,59.88023952,,,,,,,,,,1,52.131,52.6307,,,,,,,,,,,images/purple_butterfly.png,images/white_butterfly.png,left_image, ,,,,,,51.2655,52.1309,[-0.2591362126245847],[-0.024916943521594685],[1],[0],[0],[0.8649999999999949],"[""left_image""]",2,2,10,0,1,,,,,
,,,,,141611,001,2026-01-27_10h18.35.463,Simon,2024.2.4,Win32,59.88023952,,,,,,,,,,1,53.6523,54.1473,,,,,,,,,,,images/white_butterfly.png,images/yellow_butterfly.png,right_image, ,,,,,,52.6313,53.6522,[0.17275747508305647],[0.014950166112956811],[1],[0],[0],[1.0205999999940474],"[""right_image""]",2,3,11,3,1,,,,,
,,,,,141611,001,2026-01-27_10h18.35.463,Simon,2024.2.4,Win32,59.88023952,,,,,,,,,,1,55.0311,55.5305,,,,,,,,,,,images/yellow_butterfly.png,images/white_butterfly.png,right_image, ,,,,,,54.149,55.0309,[0.17275747508305647],[0.014950166112956811],[1],[0],[0],[0.8812999999970117],"[""right_image""]",3,0,12,2,1,,,,,
,,,,,141611,001,2026-01-27_10h18.35.463,Simon,2024.2.4,Win32,59.88023952,,,,,,,,,,1,56.3299,56.8299,,,,,,,,,,,images/purple_butterfly.png,images/white_butterfly.png,left_image, ,,,,,,55.5317,56.3298,[-0.1378737541528239],[-0.014950166112956811],[1],[0],[0],[0.7979000000059671],"[""left_image""]",3,1,13,0,1,,,,,
,,,,,141611,001,2026-01-27_10h18.35.463,Simon,2024.2.4,Win32,59.88023952,,,,,,,,,,1,57.3632,57.863,,,,,,,,,,,images/white_butterfly.png,images/purple_butterfly.png,left_image, ,,,,,,56.8305,57.3631,[-0.1378737541528239],[-0.014950166112956811],[1],[0],[0],[0.5322999999970079],"[""left_image""]",3,2,14,1,1,,,,,
,,,,,141611,001,2026-01-27_10h18.35.463,Simon,2024.2.4,Win32,59.88023952,,,,,,,,,,1,58.6296,59.1294,,,,,,,,,,,images/white_butterfly.png,images/yellow_butterfly.png,right_image, ,,,,,,57.8635,58.6295,[0.132890365448505],[0.011627906976744186],[1],[0],[0],[0.7657999999970144],"[""right_image""]",3,3,15,3,1,,,,,
,,,,,141611,001,2026-01-27_10h18.35.463,Simon,2024.2.4,Win32,59.88023952,,,,,,,,,,1,59.8961,60.3958,,,,,,,,,,,images/purple_butterfly.png,images/white_butterfly.png,left_image, ,,,,,,59.1299,59.896,[-0.14451827242524917],[0.008305647840531562],[1],[0],[0],[0.7657000000029797],"[""left_image""]",4,0,16,0,1,,,,,
,,,,,141611,001,2026-01-27_10h18.35.463,Simon,2024.2.4,Win32,59.88023952,,,,,,,,,,1,61.413,61.9163,,,,,,,,,,,images/white_butterfly.png,images/yellow_butterfly.png,right_image, ,,,,,,60.3964,61.4128,[0.1511627906976744],[0.02159468438538206],[1],[0],[0],[1.016200000002982],"[""right_image""]",4,1,17,3,1,,,,,
,,,,,141611,001,2026-01-27_10h18.35.463,Simon,2024.2.4,Win32,59.88023952,,,,,,,,,,1,62.8456,63.3453,,,,,,,,,,,images/white_butterfly.png,images/purple_butterfly.png,left_image, ,,,,,,61.9167,62.8456,[-0.22425249169435216],[0.013289036544850499],[1],[0],[0],[0.9283999999910577],"[""left_image""]",4,2,18,1,1,,,,,
,,,,,141611,001,2026-01-27_10h18.35.463,Simon,2024.2.4,Win32,59.88023952,,,,,,,,,,1,64.1321,64.6284,,,,,,,,,,,images/yellow_butterfly.png,images/white_butterfly.png,right_image, ,,,,,,63.346,64.1321,[0.10631229235880399],[0.023255813953488372],[1],[0],[0],[0.7857000000029757],"[""right_image""]",4,3,19,2,1,,,,,
,,,,,141611,001,2026-01-27_10h18.35.463,Simon,2024.2.4,Win32,59.88023952,,,,,,,,,,,,,,,,,,,,,,,,,,,,,,,,,,,,,,,,,,,,,,64.6295,66.4117,1,[66.41129999999703],[66.41129999999703]
