﻿instructions.started,instructions.stopped,start_button.numClicks,start_button.timesOn,start_button.timesOff,participant,session,date,expName,psychopyVersion,OS,frameRate,practice_trial.started,practice_trial.stopped,mouse_2.x,mouse_2.y,mouse_2.leftButton,mouse_2.midButton,mouse_2.rightButton,mouse_2.time,mouse_2.clicked_name,correct,feedback.started,feedback.stopped,loop_until_correct.thisRepN,loop_until_correct.thisTrialN,loop_until_correct.thisN,loop_until_correct.thisIndex,loop_until_correct.ran,prac_trials.thisRepN,prac_trials.thisTrialN,prac_trials.thisN,prac_trials.thisIndex,prac_trials.ran,left_color,right_color,correct_response,top_txt,instructions_2.started,instructions_2.stopped,start_button_2.numClicks,start_button_2.timesOn,start_button_2.timesOff,trial.started,trial.stopped,mouse.x,mouse.y,mouse.leftButton,mouse.midButton,mouse.rightButton,mouse.time,mouse.clicked_name,trials.thisRepN,trials.thisTrialN,trials.thisN,trials.thisIndex,trials.ran,end.started,end.stopped,start_button_3.numClicks,start_button_3.timesOn,start_button_3.timesOff
0.0004,8.3087,1,[8.320699999809266],[8.320699999809266],141812,001,2025-10-14_11h07.23.972,Simon,2024.2.4,Win32,60.60606061,,,,,,,,,,,,,,,,,,,,,,,,,,,,,,,,,,,,,,,,,,,,,,,,,,
,,,,,141812,001,2025-10-14_11h07.23.972,Simon,2024.2.4,Win32,60.60606061,8.3429,11.14,[-0.16000001756407375],[0.021438840138826437],[1],[0],[0],[2.7936999998092666],"[""left_image_2"",""left_image_2""]",1,11.141,11.6293,0,0,0,0,1,,,,,,,,,,,,,,,,,,,,,,,,,,,,,,,,,
,,,,,141812,001,2025-10-14_11h07.23.972,Simon,2024.2.4,Win32,60.60606061,,,,,,,,,,,,,,,,,,0,0,0,0,1,images/purple_butterfly.png,images/white_butterfly.png,left_image_2,"In this example, select the LEFT butterfly.",,,,,,,,,,,,,,,,,,,,,,,,
,,,,,141812,001,2025-10-14_11h07.23.972,Simon,2024.2.4,Win32,60.60606061,11.6317,13.8569,[-0.14848922619716726],[0.001870486033048561],[1],[0],[0],[2.222999999999999],"[""left_image_2"",""left_image_2""]",1,13.8573,14.3563,0,0,0,0,1,,,,,,,,,,,,,,,,,,,,,,,,,,,,,,,,,
,,,,,141812,001,2025-10-14_11h07.23.972,Simon,2024.2.4,Win32,60.60606061,,,,,,,,,,,,,,,,,,0,1,1,1,1,images/white_butterfly.png,images/purple_butterfly.png,left_image_2,"In this example, select the LEFT butterfly.",,,,,,,,,,,,,,,,,,,,,,,,
,,,,,141812,001,2025-10-14_11h07.23.972,Simon,2024.2.4,Win32,60.60606061,14.3588,16.3111,[0.1369784348302608],[-0.002733804167603417],[1],[0],[0],[1.9496000003814693],"[""right_image_2"",""right_image_2""]",1,16.3112,16.8076,0,0,0,0,1,,,,,,,,,,,,,,,,,,,,,,,,,,,,,,,,,
,,,,,141812,001,2025-10-14_11h07.23.972,Simon,2024.2.4,Win32,60.60606061,,,,,,,,,,,,,,,,,,0,2,2,2,1,images/yellow_butterfly.png,images/white_butterfly.png,right_image_2,"In this example, select the RIGHT butterfly.",,,,,,,,,,,,,,,,,,,,,,,,
,,,,,141812,001,2025-10-14_11h07.23.972,Simon,2024.2.4,Win32,60.60606061,16.8108,17.7234,[0.1369784348302608],[-0.002733804167603417],[1],[0],[0],[0.9108000001907364],"[""right_image_2"",""right_image_2""]",1,17.7238,18.2289,0,0,0,0,1,,,,,,,,,,,,,,,,,,,,,,,,,,,,,,,,,
,,,,,141812,001,2025-10-14_11h07.23.972,Simon,2024.2.4,Win32,60.60606061,,,,,,,,,,,,,,,,,,0,3,3,3,1,images/white_butterfly.png,images/yellow_butterfly.png,right_image_2,"In this example, select the RIGHT butterfly.",,,,,,,,,,,,,,,,,,,,,,,,
,,,,,141812,001,2025-10-14_11h07.23.972,Simon,2024.2.4,Win32,60.60606061,,,,,,,,,,,,,,,,,,,,,,,,,,,18.2297,20.5074,1,[20.50840000009537],[20.50840000009537],,,,,,,,,,,,,,,,,,,
,,,,,141812,001,2025-10-14_11h07.23.972,Simon,2024.2.4,Win32,60.60606061,,,,,,,,,,1,21.5404,22.0392,,,,,,,,,,,images/yellow_butterfly.png,images/white_butterfly.png,right_image, ,,,,,,20.5206,21.5402,[0.14618710305193344],[-0.060287761002135794],[1],[0],[0],[1.0184999999999995],"[""right_image""]",0,0,0,2,1,,,,,
,,,,,141812,001,2025-10-14_11h07.23.972,Simon,2024.2.4,Win32,60.60606061,,,,,,,,,,1,22.9632,23.4566,,,,,,,,,,,images/purple_butterfly.png,images/white_butterfly.png,left_image, ,,,,,,22.0406,22.9632,[-0.11625897524168166],[-0.01539570101731115],[1],[0],[0],[0.9216999998092668],"[""left_image""]",0,1,1,0,1,,,,,
,,,,,141812,001,2025-10-14_11h07.23.972,Simon,2024.2.4,Win32,60.60606061,,,,,,,,,,1,24.3567,24.8613,,,,,,,,,,,images/white_butterfly.png,images/yellow_butterfly.png,right_image, ,,,,,,23.4583,24.3563,[0.165755413247527],[-0.02805755395683453],[1],[0],[0],[0.8966999998092646],"[""right_image""]",0,2,2,3,1,,,,,
,,,,,141812,001,2025-10-14_11h07.23.972,Simon,2024.2.4,Win32,60.60606061,,,,,,,,,,1,25.839,26.3399,,,,,,,,,,,images/white_butterfly.png,images/purple_butterfly.png,left_image, ,,,,,,24.8631,25.8388,[-0.1231654324977518],[-0.034964055123089026],[1],[0],[0],[0.975200000286101],"[""left_image""]",0,3,3,1,1,,,,,
,,,,,141812,001,2025-10-14_11h07.23.972,Simon,2024.2.4,Win32,60.60606061,,,,,,,,,,1,27.2059,27.7066,,,,,,,,,,,images/purple_butterfly.png,images/white_butterfly.png,left_image, ,,,,,,26.3417,27.2057,[-0.1093525179856115],[-0.03266188806767086],[1],[0],[0],[0.863199999809261],"[""left_image""]",1,0,4,0,1,,,,,
,,,,,141812,001,2025-10-14_11h07.23.972,Simon,2024.2.4,Win32,60.60606061,,,,,,,,,,1,28.4892,28.9895,,,,,,,,,,,images/yellow_butterfly.png,images/white_butterfly.png,right_image, ,,,,,,27.7085,28.489,[0.07712235485049461],[-0.008489199851056655],[1],[0],[0],[0.7796999998092673],"[""right_image""]",1,1,5,2,1,,,,,
,,,,,141812,001,2025-10-14_11h07.23.972,Simon,2024.2.4,Win32,60.60606061,,,,,,,,,,1,29.6394,30.1399,,,,,,,,,,,images/white_butterfly.png,images/yellow_butterfly.png,right_image, ,,,,,,28.9908,29.6392,[0.10129499915692446],[-0.003884909650404676],[1],[0],[0],[0.6473999996185356],"[""right_image""]",1,2,6,3,1,,,,,
,,,,,141812,001,2025-10-14_11h07.23.972,Simon,2024.2.4,Win32,60.60606061,,,,,,,,,,1,30.757,31.2563,,,,,,,,,,,images/white_butterfly.png,images/purple_butterfly.png,left_image, ,,,,,,30.1408,30.7569,[-0.10014384976393885],[-0.02115109670076439],[1],[0],[0],[0.6157000002861039],"[""left_image""]",1,3,7,1,1,,,,,
,,,,,141812,001,2025-10-14_11h07.23.972,Simon,2024.2.4,Win32,60.60606061,,,,,,,,,,1,32.339,32.8393,,,,,,,,,,,images/white_butterfly.png,images/yellow_butterfly.png,right_image, ,,,,,,31.258,32.3389,[0.10244606072954136],[-0.01079136690647482],[1],[0],[0],[1.0799999999999983],"[""right_image""]",2,0,8,3,1,,,,,
,,,,,141812,001,2025-10-14_11h07.23.972,Simon,2024.2.4,Win32,60.60606061,,,,,,,,,,1,33.74,34.2394,,,,,,,,,,,images/yellow_butterfly.png,images/white_butterfly.png,right_image, ,,,,,,32.8409,33.7397,[0.165755413247527],[-0.008489199851056655],[1],[0],[0],[0.8980000000000032],"[""right_image""]",2,1,9,2,1,,,,,
,,,,,141812,001,2025-10-14_11h07.23.972,Simon,2024.2.4,Win32,60.60606061,,,,,,,,,,1,34.962,35.4615,,,,,,,,,,,images/white_butterfly.png,images/purple_butterfly.png,left_image, ,,,,,,34.2405,34.962,[-0.17381293207621404],[-0.02460432532879946],[1],[0],[0],[0.7208000001907351],"[""left_image""]",2,2,10,1,1,,,,,
,,,,,141812,001,2025-10-14_11h07.23.972,Simon,2024.2.4,Win32,60.60606061,,,,,,,,,,1,36.1897,36.6888,,,,,,,,,,,images/purple_butterfly.png,images/white_butterfly.png,left_image, ,,,,,,35.4628,36.1896,[-0.12431649407036871],[-0.013093533961892986],[1],[0],[0],[0.7261999998092605],"[""left_image""]",2,3,11,0,1,,,,,
,,,,,141812,001,2025-10-14_11h07.23.972,Simon,2024.2.4,Win32,60.60606061,,,,,,,,,,1,37.4556,37.9565,,,,,,,,,,,images/white_butterfly.png,images/purple_butterfly.png,left_image, ,,,,,,36.6894,37.4555,[-0.13122303914680755],[-0.0004316810223696043],[1],[0],[0],[0.7656999998092644],"[""left_image""]",3,0,12,1,1,,,,,
,,,,,141812,001,2025-10-14_11h07.23.972,Simon,2024.2.4,Win32,60.60606061,,,,,,,,,,1,38.7399,39.2394,,,,,,,,,,,images/yellow_butterfly.png,images/white_butterfly.png,right_image, ,,,,,,37.9577,38.7398,[0.07827341642311152],[0.03179856993311601],[1],[0],[0],[0.7814000000953669],"[""right_image""]",3,1,13,2,1,,,,,
,,,,,141812,001,2025-10-14_11h07.23.972,Simon,2024.2.4,Win32,60.60606061,,,,,,,,,,1,40.0894,40.5889,,,,,,,,,,,images/purple_butterfly.png,images/white_butterfly.png,left_image, ,,,,,,39.2408,40.0892,[-0.12892082818120504],[0.009928048771919964],[1],[0],[0],[0.847599999904638],"[""left_image""]",3,2,14,0,1,,,,,
,,,,,141812,001,2025-10-14_11h07.23.972,Simon,2024.2.4,Win32,60.60606061,,,,,,,,,,1,41.6061,42.1057,,,,,,,,,,,images/white_butterfly.png,images/yellow_butterfly.png,right_image, ,,,,,,40.5905,41.606,[0.1369784348302608],[0.011079110344536871],[1],[0],[0],[1.0150999999046348],"[""right_image""]",3,3,15,3,1,,,,,
,,,,,141812,001,2025-10-14_11h07.23.972,Simon,2024.2.4,Win32,60.60606061,,,,,,,,,,1,42.9395,43.4387,,,,,,,,,,,images/white_butterfly.png,images/purple_butterfly.png,left_image, ,,,,,,42.1072,42.9394,[-0.14158268112072842],[0.006474820143884892],[1],[0],[0],[0.8314000000953641],"[""left_image""]",4,0,16,1,1,,,,,
,,,,,141812,001,2025-10-14_11h07.23.972,Simon,2024.2.4,Win32,60.60606061,,,,,,,,,,1,44.2449,44.7453,,,,,,,,,,,images/purple_butterfly.png,images/white_butterfly.png,left_image, ,,,,,,43.44,44.2448,[-0.10014384976393885],[0.03410069307834982],[1],[0],[0],[0.8043000001907359],"[""left_image""]",4,1,17,0,1,,,,,
,,,,,141812,001,2025-10-14_11h07.23.972,Simon,2024.2.4,Win32,60.60606061,,,,,,,,,,1,45.4727,45.9727,,,,,,,,,,,images/white_butterfly.png,images/yellow_butterfly.png,right_image, ,,,,,,44.7471,45.4727,[0.11395685209644785],[0.04446042287263939],[1],[0],[0],[0.7248000001907329],"[""right_image""]",4,2,18,3,1,,,,,
,,,,,141812,001,2025-10-14_11h07.23.972,Simon,2024.2.4,Win32,60.60606061,,,,,,,,,,1,46.3891,46.8904,,,,,,,,,,,images/yellow_butterfly.png,images/white_butterfly.png,right_image, ,,,,,,45.9743,46.3889,[0.09784172661870504],[0.029496402877697843],[1],[0],[0],[0.41380000019074004],"[""right_image""]",4,3,19,2,1,,,,,
,,,,,141812,001,2025-10-14_11h07.23.972,Simon,2024.2.4,Win32,60.60606061,,,,,,,,,,,,,,,,,,,,,,,,,,,,,,,,,,,,,,,,,,,,,,46.8908,47.9387,1,[47.938200000286095],[47.938200000286095]
