﻿instructions.started,instructions.stopped,start_button.numClicks,start_button.timesOn,start_button.timesOff,participant,session,date,expName,psychopyVersion,OS,frameRate,practice_trial.started,practice_trial.stopped,mouse_2.x,mouse_2.y,mouse_2.leftButton,mouse_2.midButton,mouse_2.rightButton,mouse_2.time,mouse_2.clicked_name,correct,feedback.started,feedback.stopped,loop_until_correct.thisRepN,loop_until_correct.thisTrialN,loop_until_correct.thisN,loop_until_correct.thisIndex,loop_until_correct.ran,prac_trials.thisRepN,prac_trials.thisTrialN,prac_trials.thisN,prac_trials.thisIndex,prac_trials.ran,left_color,right_color,correct_response,top_txt,instructions_2.started,instructions_2.stopped,start_button_2.numClicks,start_button_2.timesOn,start_button_2.timesOff,trial.started,trial.stopped,mouse.x,mouse.y,mouse.leftButton,mouse.midButton,mouse.rightButton,mouse.time,mouse.clicked_name,trials.thisRepN,trials.thisTrialN,trials.thisN,trials.thisIndex,trials.ran,end.started,end.stopped,start_button_3.numClicks,start_button_3.timesOn,start_button_3.timesOff
0.0005,16.6942,1,[16.710499999999996],[16.710499999999996],142213,001,2025-09-23_06h47.28.020,Simon,2024.2.4,MacIntel,59.88023952,,,,,,,,,,,,,,,,,,,,,,,,,,,,,,,,,,,,,,,,,,,,,,,,,,
,,,,,142213,001,2025-09-23_06h47.28.020,Simon,2024.2.4,MacIntel,59.88023952,16.7171,22.7597,[-0.16892440749235474],[-0.04632549694189603],[1],[0],[0],[6.0402000000178795],"[""left_image_2"",""left_image_2""]",1,22.7604,23.2594,0,0,0,0,1,,,,,,,,,,,,,,,,,,,,,,,,,,,,,,,,,
,,,,,142213,001,2025-09-23_06h47.28.020,Simon,2024.2.4,MacIntel,59.88023952,,,,,,,,,,,,,,,,,,0,0,0,0,1,images/purple_butterfly.png,images/white_butterfly.png,left_image_2,"In this example, select the LEFT butterfly.",,,,,,,,,,,,,,,,,,,,,,,,
,,,,,142213,001,2025-09-23_06h47.28.020,Simon,2024.2.4,MacIntel,59.88023952,23.2614,25.926,[-0.17199445718654435],[-0.02291188837920489],[1],[0],[0],[2.661999999999999],"[""left_image_2"",""left_image_2""]",1,25.9262,26.4261,0,0,0,0,1,,,,,,,,,,,,,,,,,,,,,,,,,,,,,,,,,
,,,,,142213,001,2025-09-23_06h47.28.020,Simon,2024.2.4,MacIntel,59.88023952,,,,,,,,,,,,,,,,,,0,1,1,1,1,images/white_butterfly.png,images/purple_butterfly.png,left_image_2,"In this example, select the LEFT butterfly.",,,,,,,,,,,,,,,,,,,,,,,,
,,,,,142213,001,2025-09-23_06h47.28.020,Simon,2024.2.4,MacIntel,59.88023952,26.4285,27.7427,[0.12090261850152906],[-0.010313137104994903],[1],[0],[0],[1.3125],"[""right_image_2"",""right_image_2""]",1,27.7429,28.2428,0,0,0,0,1,,,,,,,,,,,,,,,,,,,,,,,,,,,,,,,,,
,,,,,142213,001,2025-09-23_06h47.28.020,Simon,2024.2.4,MacIntel,59.88023952,,,,,,,,,,,,,,,,,,0,2,2,2,1,images/yellow_butterfly.png,images/white_butterfly.png,right_image_2,"In this example, select the RIGHT butterfly.",,,,,,,,,,,,,,,,,,,,,,,,
,,,,,142213,001,2025-09-23_06h47.28.020,Simon,2024.2.4,MacIntel,59.88023952,28.2449,29.5094,[0.20660120412844038],[-0.0177871750764526],[1],[0],[0],[1.2629000000059634],"[""right_image_2"",""right_image_2""]",1,29.5096,30.0095,0,0,0,0,1,,,,,,,,,,,,,,,,,,,,,,,,,,,,,,,,,
,,,,,142213,001,2025-09-23_06h47.28.020,Simon,2024.2.4,MacIntel,59.88023952,,,,,,,,,,,,,,,,,,0,3,3,3,1,images/white_butterfly.png,images/yellow_butterfly.png,right_image_2,"In this example, select the RIGHT butterfly.",,,,,,,,,,,,,,,,,,,,,,,,
,,,,,142213,001,2025-09-23_06h47.28.020,Simon,2024.2.4,MacIntel,59.88023952,,,,,,,,,,,,,,,,,,,,,,,,,,,30.0102,31.8928,1,[31.894599999994035],[31.894599999994035],,,,,,,,,,,,,,,,,,,
,,,,,142213,001,2025-09-23_06h47.28.020,Simon,2024.2.4,MacIntel,59.88023952,,,,,,,,,,1,33.193,33.6928,,,,,,,,,,,images/purple_butterfly.png,images/white_butterfly.png,left_image, ,,,,,,31.9031,33.1929,[-0.16207154689092762],[-0.0002787334352701325],[1],[0],[0],[1.2888999999761523],"[""left_image""]",0,0,0,0,1,,,,,
,,,,,142213,001,2025-09-23_06h47.28.020,Simon,2024.2.4,MacIntel,59.88023952,,,,,,,,,,1,35.4928,35.9928,,,,,,,,,,,images/yellow_butterfly.png,images/white_butterfly.png,right_image, ,,,,,,33.6941,35.4927,[0.20090309633027523],[-0.009226076707441386],[1],[0],[0],[1.7978999999761598],"[""right_image""]",0,1,1,2,1,,,,,
,,,,,142213,001,2025-09-23_06h47.28.020,Simon,2024.2.4,MacIntel,59.88023952,,,,,,,,,,1,37.6594,38.1595,,,,,,,,,,,images/white_butterfly.png,images/purple_butterfly.png,left_image, ,,,,,,35.9938,37.6594,[-0.11911076070336392],[-0.01905342125382263],[1],[0],[0],[1.6647000000178878],"[""left_image""]",0,2,2,1,1,,,,,
,,,,,142213,001,2025-09-23_06h47.28.020,Simon,2024.2.4,MacIntel,59.88023952,,,,,,,,,,1,39.326,39.8261,,,,,,,,,,,images/white_butterfly.png,images/yellow_butterfly.png,right_image, ,,,,,,38.1605,39.3259,[0.2094880861365953],[-0.011495763251783893],[1],[0],[0],[1.1646999999880734],"[""right_image""]",0,3,3,3,1,,,,,
,,,,,142213,001,2025-09-23_06h47.28.020,Simon,2024.2.4,MacIntel,59.88023952,,,,,,,,,,1,40.9928,41.4929,,,,,,,,,,,images/white_butterfly.png,images/purple_butterfly.png,left_image, ,,,,,,39.8273,40.9927,[-0.13485123598369012],[-0.022151344291539244],[1],[0],[0],[1.1648999999761571],"[""left_image""]",1,0,4,1,1,,,,,
,,,,,142213,001,2025-09-23_06h47.28.020,Simon,2024.2.4,MacIntel,59.88023952,,,,,,,,,,1,42.4264,42.9262,,,,,,,,,,,images/purple_butterfly.png,images/white_butterfly.png,left_image, ,,,,,,41.4939,42.4261,[-0.13485123598369012],[-0.022151344291539244],[1],[0],[0],[0.9315999999940416],"[""left_image""]",1,1,5,0,1,,,,,
,,,,,142213,001,2025-09-23_06h47.28.020,Simon,2024.2.4,MacIntel,59.88023952,,,,,,,,,,1,43.9595,44.4595,,,,,,,,,,,images/white_butterfly.png,images/yellow_butterfly.png,right_image, ,,,,,,42.9274,43.9594,[0.23868342252803262],[0.02276853975535168],[1],[0],[0],[1.0312000000178827],"[""right_image""]",1,2,6,3,1,,,,,
,,,,,142213,001,2025-09-23_06h47.28.020,Simon,2024.2.4,MacIntel,59.88023952,,,,,,,,,,1,45.4264,45.9262,,,,,,,,,,,images/yellow_butterfly.png,images/white_butterfly.png,right_image, ,,,,,,44.4605,45.4262,[0.22884811416921508],[0.022895960754332315],[1],[0],[0],[0.9652000000178802],"[""right_image""]",1,3,7,2,1,,,,,
,,,,,142213,001,2025-09-23_06h47.28.020,Simon,2024.2.4,MacIntel,59.88023952,,,,,,,,,,1,46.9094,47.4096,,,,,,,,,,,images/white_butterfly.png,images/purple_butterfly.png,left_image, ,,,,,,45.9272,46.9094,[-0.16363245412844038],[0.006319285168195719],[1],[0],[0],[0.9815999999940388],"[""left_image""]",2,0,8,1,1,,,,,
,,,,,142213,001,2025-09-23_06h47.28.020,Simon,2024.2.4,MacIntel,59.88023952,,,,,,,,,,1,48.3095,48.8096,,,,,,,,,,,images/purple_butterfly.png,images/white_butterfly.png,left_image, ,,,,,,47.4105,48.3095,[-0.16698521916411824],[0.007517838939857288],[1],[0],[0],[0.8984000000059567],"[""left_image""]",2,1,9,0,1,,,,,
,,,,,142213,001,2025-09-23_06h47.28.020,Simon,2024.2.4,MacIntel,59.88023952,,,,,,,,,,1,49.7263,50.2262,,,,,,,,,,,images/yellow_butterfly.png,images/white_butterfly.png,right_image, ,,,,,,48.8105,49.7262,[0.15184999362895005],[-0.005108785677879714],[1],[0],[0],[0.9153000000119249],"[""right_image""]",2,2,10,2,1,,,,,
,,,,,142213,001,2025-09-23_06h47.28.020,Simon,2024.2.4,MacIntel,59.88023952,,,,,,,,,,1,51.1596,51.6596,,,,,,,,,,,images/white_butterfly.png,images/yellow_butterfly.png,right_image, ,,,,,,50.2272,51.1596,[0.15484836901121304],[-0.010440558103975536],[1],[0],[0],[0.9314999999999998],"[""right_image""]",2,3,11,3,1,,,,,
,,,,,142213,001,2025-09-23_06h47.28.020,Simon,2024.2.4,MacIntel,59.88023952,,,,,,,,,,1,52.9428,53.443,,,,,,,,,,,images/purple_butterfly.png,images/white_butterfly.png,left_image, ,,,,,,51.6605,52.9427,[-0.1940502357288481],[0.006733403414882773],[1],[0],[0],[1.281399999976152],"[""left_image""]",3,0,12,0,1,,,,,
,,,,,142213,001,2025-09-23_06h47.28.020,Simon,2024.2.4,MacIntel,59.88023952,,,,,,,,,,1,54.4263,54.9263,,,,,,,,,,,images/yellow_butterfly.png,images/white_butterfly.png,right_image, ,,,,,,53.4439,54.4262,[0.14872817915392456],[-0.008971234709480122],[1],[0],[0],[0.9817999999821225],"[""right_image""]",3,1,13,2,1,,,,,
,,,,,142213,001,2025-09-23_06h47.28.020,Simon,2024.2.4,MacIntel,59.88023952,,,,,,,,,,1,55.9096,56.4097,,,,,,,,,,,images/white_butterfly.png,images/purple_butterfly.png,left_image, ,,,,,,54.9273,55.9096,[-0.19963286824668705],[0.012491239806320081],[1],[0],[0],[0.9814999999999969],"[""left_image""]",3,2,14,1,1,,,,,
,,,,,142213,001,2025-09-23_06h47.28.020,Simon,2024.2.4,MacIntel,59.88023952,,,,,,,,,,1,57.5929,58.093,,,,,,,,,,,images/white_butterfly.png,images/yellow_butterfly.png,right_image, ,,,,,,56.4105,57.5929,[0.13623295744138633],[0.012586805555555556],[1],[0],[0],[1.1818000000119184],"[""right_image""]",3,3,15,3,1,,,,,
,,,,,142213,001,2025-09-23_06h47.28.020,Simon,2024.2.4,MacIntel,59.88023952,,,,,,,,,,1,59.2762,59.7763,,,,,,,,,,,images/purple_butterfly.png,images/white_butterfly.png,left_image, ,,,,,,58.094,59.2762,[-0.16003679281345565],[0.01371368501529052],[1],[0],[0],[1.1816999999880906],"[""left_image""]",4,0,16,0,1,,,,,
,,,,,142213,001,2025-09-23_06h47.28.020,Simon,2024.2.4,MacIntel,59.88023952,,,,,,,,,,1,61.1427,61.6431,,,,,,,,,,,images/white_butterfly.png,images/purple_butterfly.png,left_image, ,,,,,,59.777,61.1426,[-0.157157874617737],[0.02308311034658512],[1],[0],[0],[1.3651999999880786],"[""left_image""]",4,1,17,1,1,,,,,
,,,,,142213,001,2025-09-23_06h47.28.020,Simon,2024.2.4,MacIntel,59.88023952,,,,,,,,,,1,62.543,63.0432,,,,,,,,,,,images/yellow_butterfly.png,images/white_butterfly.png,right_image, ,,,,,,61.644,62.5429,[0.15170664500509684],[-0.00011547528032619776],[1],[0],[0],[0.8984000000059496],"[""right_image""]",4,2,18,2,1,,,,,
,,,,,142213,001,2025-09-23_06h47.28.020,Simon,2024.2.4,MacIntel,59.88023952,,,,,,,,,,1,64.0098,64.5099,,,,,,,,,,,images/white_butterfly.png,images/yellow_butterfly.png,right_image, ,,,,,,63.0443,64.0098,[0.15170664500509684],[-0.00023493246687054025],[1],[0],[0],[0.96459999999405],"[""right_image""]",4,3,19,3,1,,,,,
,,,,,142213,001,2025-09-23_06h47.28.020,Simon,2024.2.4,MacIntel,59.88023952,,,,,,,,,,,,,,,,,,,,,,,,,,,,,,,,,,,,,,,,,,,,,,64.5106,66.1265,1,[66.12609999999405],[66.12609999999405]
