﻿instructions.started,instructions.stopped,start_button.numClicks,start_button.timesOn,start_button.timesOff,participant,session,date,expName,psychopyVersion,OS,frameRate,practice_trial.started,practice_trial.stopped,mouse_2.x,mouse_2.y,mouse_2.leftButton,mouse_2.midButton,mouse_2.rightButton,mouse_2.time,mouse_2.clicked_name,correct,feedback.started,feedback.stopped,loop_until_correct.thisRepN,loop_until_correct.thisTrialN,loop_until_correct.thisN,loop_until_correct.thisIndex,loop_until_correct.ran,prac_trials.thisRepN,prac_trials.thisTrialN,prac_trials.thisN,prac_trials.thisIndex,prac_trials.ran,left_color,right_color,correct_response,top_txt
0,2.168,1,[2.1820000000000013],[2.1820000000000013],143237,001,2026-01-27_10h54.13.573,Simon,2024.2.4,MacIntel,60.09615385,,,,,,,,,,,,,,,,,,,,,,,,,,
,,,,,143237,001,2026-01-27_10h54.13.573,Simon,2024.2.4,MacIntel,60.09615385,2.187,5.766,[-0.10828625235404897],[-0.06591337099811675],[1],[0],[0],[3.576999999999999],"[""left_image_2"",""left_image_2""]",1,5.768,6.267,0,0,0,0,1,,,,,,,,,
,,,,,143237,001,2026-01-27_10h54.13.573,Simon,2024.2.4,MacIntel,60.09615385,,,,,,,,,,,,,,,,,,0,0,0,0,1,images/purple_butterfly.png,images/white_butterfly.png,left_image_2,"In this example, select the LEFT butterfly."
,,,,,143237,001,2026-01-27_10h54.13.573,Simon,2024.2.4,MacIntel,60.09615385,6.27,8.7,[-0.07532956685499058],[-0.05273069679849341],[1],[0],[0],[2.4269999999999996],"[""left_image_2"",""left_image_2""]",1,8.701,9.2,0,0,0,0,1,,,,,,,,,
,,,,,143237,001,2026-01-27_10h54.13.573,Simon,2024.2.4,MacIntel,60.09615385,,,,,,,,,,,,,,,,,,0,1,1,1,1,images/white_butterfly.png,images/purple_butterfly.png,left_image_2,"In this example, select the LEFT butterfly."
,,,,,143237,001,2026-01-27_10h54.13.573,Simon,2024.2.4,MacIntel,60.09615385,9.203,11.317,[0.11864406779661017],[-0.0583804143126177],[1],[0],[0],[2.112],"[""right_image_2"",""right_image_2""]",1,11.317,11.817,0,0,0,0,1,,,,,,,,,
,,,,,143237,001,2026-01-27_10h54.13.573,Simon,2024.2.4,MacIntel,60.09615385,,,,,,,,,,,,,,,,,,0,2,2,2,1,images/yellow_butterfly.png,images/white_butterfly.png,right_image_2,"In this example, select the RIGHT butterfly."
,,,,,143237,001,2026-01-27_10h54.13.573,Simon,2024.2.4,MacIntel,60.09615385,11.82,13.35,[0.15254237288135594],[-0.04896421845574388],[1],[0],[0],[1.5280000000000022],"[""right_image_2"",""right_image_2""]",1,13.351,13.85,0,0,0,0,1,,,,,,,,,
,,,,,143237,001,2026-01-27_10h54.13.573,Simon,2024.2.4,MacIntel,60.09615385,,,,,,,,,,,,,,,,,,0,3,3,3,1,images/white_butterfly.png,images/yellow_butterfly.png,right_image_2,"In this example, select the RIGHT butterfly."
