﻿instructions.started,instructions.stopped,start_button.numClicks,start_button.timesOn,start_button.timesOff,participant,session,date,expName,psychopyVersion,OS,frameRate,practice_trial.started,practice_trial.stopped,mouse_2.x,mouse_2.y,mouse_2.leftButton,mouse_2.midButton,mouse_2.rightButton,mouse_2.time,mouse_2.clicked_name,correct,feedback.started,feedback.stopped,loop_until_correct.thisRepN,loop_until_correct.thisTrialN,loop_until_correct.thisN,loop_until_correct.thisIndex,loop_until_correct.ran,prac_trials.thisRepN,prac_trials.thisTrialN,prac_trials.thisN,prac_trials.thisIndex,prac_trials.ran,left_color,right_color,correct_response,top_txt,instructions_2.started,instructions_2.stopped,start_button_2.numClicks,start_button_2.timesOn,start_button_2.timesOff,trial.started,trial.stopped,mouse.x,mouse.y,mouse.leftButton,mouse.midButton,mouse.rightButton,mouse.time,mouse.clicked_name,trials.thisRepN,trials.thisTrialN,trials.thisN,trials.thisIndex,trials.ran,end.started,end.stopped,start_button_3.numClicks,start_button_3.timesOn,start_button_3.timesOff
0.0005,22.2851,1,[22.298000000000002],[22.298000000000002],144233,001,2025-05-21_12h32.55.031,Simon,2024.2.4,MacIntel,63.29113924,,,,,,,,,,,,,,,,,,,,,,,,,,,,,,,,,,,,,,,,,,,,,,,,,,
,,,,,144233,001,2025-05-21_12h32.55.031,Simon,2024.2.4,MacIntel,63.29113924,22.3077,25.6181,[-0.13493395177838577],[-0.015886841655266756],[1],[0],[0],[3.3063999999761577],"[""left_image_2"",""left_image_2""]",1,25.6195,26.1168,0,0,0,0,1,,,,,,,,,,,,,,,,,,,,,,,,,,,,,,,,,
,,,,,144233,001,2025-05-21_12h32.55.031,Simon,2024.2.4,MacIntel,63.29113924,,,,,,,,,,,,,,,,,,0,0,0,0,1,images/purple_butterfly.png,images/white_butterfly.png,left_image_2,"In this example, select the LEFT butterfly.",,,,,,,,,,,,,,,,,,,,,,,,
,,,,,144233,001,2025-05-21_12h32.55.031,Simon,2024.2.4,MacIntel,63.29113924,26.1195,29.4501,[-0.13493395177838577],[-0.015566219220246239],[1],[0],[0],[3.3272000000178856],"[""left_image_2"",""left_image_2""]",1,29.4506,29.95,0,0,0,0,1,,,,,,,,,,,,,,,,,,,,,,,,,,,,,,,,,
,,,,,144233,001,2025-05-21_12h32.55.031,Simon,2024.2.4,MacIntel,63.29113924,,,,,,,,,,,,,,,,,,0,1,1,1,1,images/white_butterfly.png,images/purple_butterfly.png,left_image_2,"In this example, select the LEFT butterfly.",,,,,,,,,,,,,,,,,,,,,,,,
,,,,,144233,001,2025-05-21_12h32.55.031,Simon,2024.2.4,MacIntel,63.29113924,29.9529,33.2822,[0.22818164329685361],[0.011227128932968537],[1],[0],[0],[3.327199999988075],"[""right_image_2"",""right_image_2""]",1,33.2823,33.7832,0,0,0,0,1,,,,,,,,,,,,,,,,,,,,,,,,,,,,,,,,,
,,,,,144233,001,2025-05-21_12h32.55.031,Simon,2024.2.4,MacIntel,63.29113924,,,,,,,,,,,,,,,,,,0,2,2,2,1,images/yellow_butterfly.png,images/white_butterfly.png,right_image_2,"In this example, select the RIGHT butterfly.",,,,,,,,,,,,,,,,,,,,,,,,
,,,,,144233,001,2025-05-21_12h32.55.031,Simon,2024.2.4,MacIntel,63.29113924,33.7856,35.2172,[0.2278610208618331],[0.011227128932968537],[1],[0],[0],[1.4295999999940392],"[""right_image_2"",""right_image_2""]",1,35.2176,35.7166,0,0,0,0,1,,,,,,,,,,,,,,,,,,,,,,,,,,,,,,,,,
,,,,,144233,001,2025-05-21_12h32.55.031,Simon,2024.2.4,MacIntel,63.29113924,,,,,,,,,,,,,,,,,,0,3,3,3,1,images/white_butterfly.png,images/yellow_butterfly.png,right_image_2,"In this example, select the RIGHT butterfly.",,,,,,,,,,,,,,,,,,,,,,,,
,,,,,144233,001,2025-05-21_12h32.55.031,Simon,2024.2.4,MacIntel,63.29113924,,,,,,,,,,,,,,,,,,,,,,,,,,,35.7175,38.9173,1,[38.91839999997616],[38.91839999997616],,,,,,,,,,,,,,,,,,,
,,,,,144233,001,2025-05-21_12h32.55.031,Simon,2024.2.4,MacIntel,63.29113924,,,,,,,,,,1,40.8338,41.3334,,,,,,,,,,,images/white_butterfly.png,images/purple_butterfly.png,left_image, ,,,,,,38.9271,40.8337,[-0.15890047879616964],[-0.026499444254445965],[1],[0],[0],[1.9054999999999964],"[""left_image""]",0,0,0,1,1,,,,,
,,,,,144233,001,2025-05-21_12h32.55.031,Simon,2024.2.4,MacIntel,63.29113924,,,,,,,,,,1,42.4493,42.9491,,,,,,,,,,,images/white_butterfly.png,images/yellow_butterfly.png,right_image, ,,,,,,41.3348,42.4493,[0.12000363372093023],[0.013877607729138167],[1],[0],[0],[1.1136999999880786],"[""right_image""]",0,1,1,3,1,,,,,
,,,,,144233,001,2025-05-21_12h32.55.031,Simon,2024.2.4,MacIntel,63.29113924,,,,,,,,,,1,44.7161,45.2164,,,,,,,,,,,images/purple_butterfly.png,images/white_butterfly.png,left_image, ,,,,,,42.9504,44.7159,[-0.10910247093023256],[0.006855976402188783],[1],[0],[0],[1.7646000000238402],"[""left_image""]",0,2,2,0,1,,,,,
,,,,,144233,001,2025-05-21_12h32.55.031,Simon,2024.2.4,MacIntel,63.29113924,,,,,,,,,,1,46.45,46.95,,,,,,,,,,,images/yellow_butterfly.png,images/white_butterfly.png,right_image, ,,,,,,45.2171,46.4499,[0.13678821819425444],[0.020295400136798907],[1],[0],[0],[1.2319999999999993],"[""right_image""]",0,3,3,2,1,,,,,
,,,,,144233,001,2025-05-21_12h32.55.031,Simon,2024.2.4,MacIntel,63.29113924,,,,,,,,,,1,48.6001,49.0989,,,,,,,,,,,images/purple_butterfly.png,images/white_butterfly.png,left_image, ,,,,,,46.9509,48.6,[-0.14078531121751026],[0.02865295827633379],[1],[0],[0],[1.6484999999999985],"[""left_image""]",1,0,4,0,1,,,,,
,,,,,144233,001,2025-05-21_12h32.55.031,Simon,2024.2.4,MacIntel,63.29113924,,,,,,,,,,1,50.7511,51.2502,,,,,,,,,,,images/white_butterfly.png,images/yellow_butterfly.png,right_image, ,,,,,,49.0998,50.751,[0.09886927154582763],[0.011002693228454173],[1],[0],[0],[1.650400000005959],"[""right_image""]",1,1,5,3,1,,,,,
,,,,,144233,001,2025-05-21_12h32.55.031,Simon,2024.2.4,MacIntel,63.29113924,,,,,,,,,,1,52.6002,53.1,,,,,,,,,,,images/yellow_butterfly.png,images/white_butterfly.png,right_image, ,,,,,,51.2514,52.6001,[0.169609268125855],[0.023100846443228455],[1],[0],[0],[1.3478000000119224],"[""right_image""]",1,2,6,2,1,,,,,
,,,,,144233,001,2025-05-21_12h32.55.031,Simon,2024.2.4,MacIntel,63.29113924,,,,,,,,,,1,54.3334,54.8335,,,,,,,,,,,images/white_butterfly.png,images/purple_butterfly.png,left_image, ,,,,,,53.1013,54.3332,[-0.1374454941860465],[0.019119784541723667],[1],[0],[0],[1.231399999976155],"[""left_image""]",1,3,7,1,1,,,,,
,,,,,144233,001,2025-05-21_12h32.55.031,Simon,2024.2.4,MacIntel,63.29113924,,,,,,,,,,1,55.5658,56.0668,,,,,,,,,,,images/purple_butterfly.png,images/white_butterfly.png,left_image, ,,,,,,54.8343,55.5658,[-0.1374454941860465],[0.019119784541723667],[1],[0],[0],[0.7310000000000016],"[""left_image""]",2,0,8,0,1,,,,,
,,,,,144233,001,2025-05-21_12h32.55.031,Simon,2024.2.4,MacIntel,63.29113924,,,,,,,,,,1,57.6664,58.1668,,,,,,,,,,,images/white_butterfly.png,images/yellow_butterfly.png,right_image, ,,,,,,56.0679,57.6662,[0.14037384575923392],[0.020279369015047878],[1],[0],[0],[1.5975999999940385],"[""right_image""]",2,1,9,3,1,,,,,
,,,,,144233,001,2025-05-21_12h32.55.031,Simon,2024.2.4,MacIntel,63.29113924,,,,,,,,,,1,59.1334,59.6325,,,,,,,,,,,images/white_butterfly.png,images/purple_butterfly.png,left_image, ,,,,,,58.168,59.1334,[-0.17139941005471956],[0.02940107729138167],[1],[0],[0],[0.9646999999880848],"[""left_image""]",2,2,10,1,1,,,,,
,,,,,144233,001,2025-05-21_12h32.55.031,Simon,2024.2.4,MacIntel,63.29113924,,,,,,,,,,1,60.5498,61.0502,,,,,,,,,,,images/yellow_butterfly.png,images/white_butterfly.png,right_image, ,,,,,,59.6334,60.5498,[0.16664885430916554],[0.011820280437756498],[1],[0],[0],[0.9156999999880782],"[""right_image""]",2,3,11,2,1,,,,,
,,,,,144233,001,2025-05-21_12h32.55.031,Simon,2024.2.4,MacIntel,63.29113924,,,,,,,,,,1,62.1492,62.6502,,,,,,,,,,,images/white_butterfly.png,images/purple_butterfly.png,left_image, ,,,,,,61.0514,62.1492,[-0.19541937414500685],[-0.007614782831737346],[1],[0],[0],[1.0970000000000084],"[""left_image""]",3,0,12,1,1,,,,,
,,,,,144233,001,2025-05-21_12h32.55.031,Simon,2024.2.4,MacIntel,63.29113924,,,,,,,,,,1,63.7168,64.2169,,,,,,,,,,,images/yellow_butterfly.png,images/white_butterfly.png,right_image, ,,,,,,62.6515,63.7167,[0.15675230848153215],[0.0012931771545827634],[1],[0],[0],[1.0644000000059606],"[""right_image""]",3,1,13,2,1,,,,,
,,,,,144233,001,2025-05-21_12h32.55.031,Simon,2024.2.4,MacIntel,63.29113924,,,,,,,,,,1,65.3335,65.8331,,,,,,,,,,,images/purple_butterfly.png,images/white_butterfly.png,left_image, ,,,,,,64.2179,65.3334,[-0.16819318570451436],[0.012584430574555404],[1],[0],[0],[1.1149000000059601],"[""left_image""]",3,2,14,0,1,,,,,
,,,,,144233,001,2025-05-21_12h32.55.031,Simon,2024.2.4,MacIntel,63.29113924,,,,,,,,,,1,66.9335,67.4334,,,,,,,,,,,images/white_butterfly.png,images/yellow_butterfly.png,right_image, ,,,,,,65.8342,66.9333,[0.11723024965800273],[0.004878804719562244],[1],[0],[0],[1.0983999999761522],"[""right_image""]",3,3,15,3,1,,,,,
,,,,,144233,001,2025-05-21_12h32.55.031,Simon,2024.2.4,MacIntel,63.29113924,,,,,,,,,,1,68.9335,69.4336,,,,,,,,,,,images/purple_butterfly.png,images/white_butterfly.png,left_image, ,,,,,,67.4344,68.9334,[-0.1623578573871409],[-0.0001977171682626539],[1],[0],[0],[1.498500000000007],"[""left_image""]",4,0,16,0,1,,,,,
,,,,,144233,001,2025-05-21_12h32.55.031,Simon,2024.2.4,MacIntel,63.29113924,,,,,,,,,,1,70.1169,70.6174,,,,,,,,,,,images/white_butterfly.png,images/purple_butterfly.png,left_image, ,,,,,,69.4347,70.1168,[-0.1700955454856361],[-0.0027947588919288646],[1],[0],[0],[0.6812999999821159],"[""left_image""]",4,1,17,1,1,,,,,
,,,,,144233,001,2025-05-21_12h32.55.031,Simon,2024.2.4,MacIntel,63.29113924,,,,,,,,,,1,71.5168,72.0169,,,,,,,,,,,images/white_butterfly.png,images/yellow_butterfly.png,right_image, ,,,,,,70.6183,71.5168,[0.1525574982900137],[-0.007342253761969904],[1],[0],[0],[0.8978999999761612],"[""right_image""]",4,2,18,3,1,,,,,
,,,,,144233,001,2025-05-21_12h32.55.031,Simon,2024.2.4,MacIntel,63.29113924,,,,,,,,,,1,72.6331,73.1324,,,,,,,,,,,images/yellow_butterfly.png,images/white_butterfly.png,right_image, ,,,,,,72.018,72.633,[0.1525574982900137],[-0.007342253761969904],[1],[0],[0],[0.6142000000178882],"[""right_image""]",4,3,19,2,1,,,,,
,,,,,144233,001,2025-05-21_12h32.55.031,Simon,2024.2.4,MacIntel,63.29113924,,,,,,,,,,,,,,,,,,,,,,,,,,,,,,,,,,,,,,,,,,,,,,73.133,74.7672,1,[74.76669999998808],[74.76669999998808]
