﻿instructions.started,instructions.stopped,start_button.numClicks,start_button.timesOn,start_button.timesOff,participant,session,date,expName,psychopyVersion,OS,frameRate,practice_trial.started,practice_trial.stopped,mouse_2.x,mouse_2.y,mouse_2.leftButton,mouse_2.midButton,mouse_2.rightButton,mouse_2.time,mouse_2.clicked_name,correct,feedback.started,feedback.stopped,loop_until_correct.thisRepN,loop_until_correct.thisTrialN,loop_until_correct.thisN,loop_until_correct.thisIndex,loop_until_correct.ran,prac_trials.thisRepN,prac_trials.thisTrialN,prac_trials.thisN,prac_trials.thisIndex,prac_trials.ran,left_color,right_color,correct_response,top_txt,instructions_2.started,instructions_2.stopped,start_button_2.numClicks,start_button_2.timesOn,start_button_2.timesOff,trial.started,trial.stopped,mouse.x,mouse.y,mouse.leftButton,mouse.midButton,mouse.rightButton,mouse.time,mouse.clicked_name,trials.thisRepN,trials.thisTrialN,trials.thisN,trials.thisIndex,trials.ran,end.started,end.stopped,start_button_3.numClicks,start_button_3.timesOn,start_button_3.timesOff
0,19.27,1,[19.295],[19.295],144548,001,2025-08-28_16h13.04.014,Simon,2024.2.4,Linux x86_64,58.41121495,,,,,,,,,,,,,,,,,,,,,,,,,,,,,,,,,,,,,,,,,,,,,,,,,,
,,,,,144548,001,2025-08-28_16h13.04.014,Simon,2024.2.4,Linux x86_64,58.41121495,19.293,23.453,[-0.15674157303370786],[-0.09213483146067415],[1],[0],[0],[4.154],"[""left_image_2"",""left_image_2""]",1,23.453,23.953,0,0,0,0,1,,,,,,,,,,,,,,,,,,,,,,,,,,,,,,,,,
,,,,,144548,001,2025-08-28_16h13.04.014,Simon,2024.2.4,Linux x86_64,58.41121495,,,,,,,,,,,,,,,,,,0,0,0,0,1,images/purple_butterfly.png,images/white_butterfly.png,left_image_2,"In this example, select the LEFT butterfly.",,,,,,,,,,,,,,,,,,,,,,,,
,,,,,144548,001,2025-08-28_16h13.04.014,Simon,2024.2.4,Linux x86_64,58.41121495,23.955,30.586,[-0.14101123595505619],[-0.04719101123595506],[1],[0],[0],[6.629000000000001],"[""left_image_2"",""left_image_2""]",1,30.587,31.086,0,0,0,0,1,,,,,,,,,,,,,,,,,,,,,,,,,,,,,,,,,
,,,,,144548,001,2025-08-28_16h13.04.014,Simon,2024.2.4,Linux x86_64,58.41121495,,,,,,,,,,,,,,,,,,0,1,1,1,1,images/white_butterfly.png,images/purple_butterfly.png,left_image_2,"In this example, select the LEFT butterfly.",,,,,,,,,,,,,,,,,,,,,,,,
,,,,,144548,001,2025-08-28_16h13.04.014,Simon,2024.2.4,Linux x86_64,58.41121495,31.088,35.136,[0.12640449438202248],[-0.03932584269662921],[1],[0],[0],[4.0460000000000065],"[""right_image_2"",""right_image_2""]",1,35.136,35.638,0,0,0,0,1,,,,,,,,,,,,,,,,,,,,,,,,,,,,,,,,,
,,,,,144548,001,2025-08-28_16h13.04.014,Simon,2024.2.4,Linux x86_64,58.41121495,,,,,,,,,,,,,,,,,,0,2,2,2,1,images/yellow_butterfly.png,images/white_butterfly.png,right_image_2,"In this example, select the RIGHT butterfly.",,,,,,,,,,,,,,,,,,,,,,,,
,,,,,144548,001,2025-08-28_16h13.04.014,Simon,2024.2.4,Linux x86_64,58.41121495,35.642,37.287,[0.12640449438202248],[-0.03932584269662921],[1],[0],[0],[1.6409999999999982],"[""right_image_2"",""right_image_2""]",1,37.287,37.786,0,0,0,0,1,,,,,,,,,,,,,,,,,,,,,,,,,,,,,,,,,
,,,,,144548,001,2025-08-28_16h13.04.014,Simon,2024.2.4,Linux x86_64,58.41121495,,,,,,,,,,,,,,,,,,0,3,3,3,1,images/white_butterfly.png,images/yellow_butterfly.png,right_image_2,"In this example, select the RIGHT butterfly.",,,,,,,,,,,,,,,,,,,,,,,,
,,,,,144548,001,2025-08-28_16h13.04.014,Simon,2024.2.4,Linux x86_64,58.41121495,,,,,,,,,,,,,,,,,,,,,,,,,,,37.787,42.803,1,[42.808],[42.808],,,,,,,,,,,,,,,,,,,
,,,,,144548,001,2025-08-28_16h13.04.014,Simon,2024.2.4,Linux x86_64,58.41121495,,,,,,,,,,1,49.037,49.537,,,,,,,,,,,images/white_butterfly.png,images/purple_butterfly.png,left_image, ,,,,,,42.818,49.036,[-0.16123595505617977],[-0.04157303370786517],[1],[0],[0],[6.216000000000001],"[""left_image""]",0,0,0,1,1,,,,,
,,,,,144548,001,2025-08-28_16h13.04.014,Simon,2024.2.4,Linux x86_64,58.41121495,,,,,,,,,,1,50.536,51.035,,,,,,,,,,,images/purple_butterfly.png,images/white_butterfly.png,left_image, ,,,,,,49.539,50.536,[-0.16123595505617977],[-0.04157303370786517],[1],[0],[0],[0.9969999999999999],"[""left_image""]",0,1,1,0,1,,,,,
,,,,,144548,001,2025-08-28_16h13.04.014,Simon,2024.2.4,Linux x86_64,58.41121495,,,,,,,,,,1,52.253,52.753,,,,,,,,,,,images/yellow_butterfly.png,images/white_butterfly.png,right_image, ,,,,,,51.036,52.253,[0.2140449438202247],[-0.03932584269662921],[1],[0],[0],[1.216000000000001],"[""right_image""]",0,2,2,2,1,,,,,
,,,,,144548,001,2025-08-28_16h13.04.014,Simon,2024.2.4,Linux x86_64,58.41121495,,,,,,,,,,1,54.237,54.736,,,,,,,,,,,images/white_butterfly.png,images/yellow_butterfly.png,right_image, ,,,,,,52.754,54.236,[0.1286516853932584],[-0.04719101123595506],[1],[0],[0],[1.4809999999999945],"[""right_image""]",0,3,3,3,1,,,,,
,,,,,144548,001,2025-08-28_16h13.04.014,Simon,2024.2.4,Linux x86_64,58.41121495,,,,,,,,,,1,56.736,57.237,,,,,,,,,,,images/purple_butterfly.png,images/white_butterfly.png,left_image, ,,,,,,54.737,56.736,[-0.09943820224719101],[-0.043820224719101124],[1],[0],[0],[1.9979999999999976],"[""left_image""]",1,0,4,0,1,,,,,
,,,,,144548,001,2025-08-28_16h13.04.014,Simon,2024.2.4,Linux x86_64,58.41121495,,,,,,,,,,1,58.237,58.737,,,,,,,,,,,images/yellow_butterfly.png,images/white_butterfly.png,right_image, ,,,,,,57.237,58.237,[0.15224719101123596],[-0.056179775280898875],[1],[0],[0],[0.9979999999999905],"[""right_image""]",1,1,5,2,1,,,,,
,,,,,144548,001,2025-08-28_16h13.04.014,Simon,2024.2.4,Linux x86_64,58.41121495,,,,,,,,,,1,59.653,60.154,,,,,,,,,,,images/white_butterfly.png,images/purple_butterfly.png,left_image, ,,,,,,58.737,59.653,[-0.13876404494382022],[-0.04943820224719101],[1],[0],[0],[0.914999999999992],"[""left_image""]",1,2,6,1,1,,,,,
,,,,,144548,001,2025-08-28_16h13.04.014,Simon,2024.2.4,Linux x86_64,58.41121495,,,,,,,,,,1,61.053,61.552,,,,,,,,,,,images/white_butterfly.png,images/yellow_butterfly.png,right_image, ,,,,,,60.155,61.053,[0.15337078651685393],[-0.0449438202247191],[1],[0],[0],[0.8980000000000103],"[""right_image""]",1,3,7,3,1,,,,,
,,,,,144548,001,2025-08-28_16h13.04.014,Simon,2024.2.4,Linux x86_64,58.41121495,,,,,,,,,,0,62.405,62.903,,,,,,,,,,,images/white_butterfly.png,images/yellow_butterfly.png,right_image, ,,,,,,61.552,62.403,[-0.1398876404494382],[-0.025842696629213482],[1],[0],[0],[0.8509999999999991],"[""left_image""]",2,0,8,3,1,,,,,
,,,,,144548,001,2025-08-28_16h13.04.014,Simon,2024.2.4,Linux x86_64,58.41121495,,,,,,,,,,1,65.687,66.186,,,,,,,,,,,images/yellow_butterfly.png,images/white_butterfly.png,right_image, ,,,,,,62.904,65.686,[0.14438202247191012],[-0.02696629213483146],[1],[0],[0],[2.7819999999999965],"[""right_image""]",2,1,9,2,1,,,,,
,,,,,144548,001,2025-08-28_16h13.04.014,Simon,2024.2.4,Linux x86_64,58.41121495,,,,,,,,,,1,68.487,68.976,,,,,,,,,,,images/white_butterfly.png,images/purple_butterfly.png,left_image, ,,,,,,66.188,68.487,[-0.13426966292134832],[-0.035955056179775284],[1],[0],[0],[2.298000000000002],"[""left_image""]",2,2,10,1,1,,,,,
,,,,,144548,001,2025-08-28_16h13.04.014,Simon,2024.2.4,Linux x86_64,58.41121495,,,,,,,,,,1,70.22,70.719,,,,,,,,,,,images/purple_butterfly.png,images/white_butterfly.png,left_image, ,,,,,,68.977,70.219,[-0.10393258426966293],[-0.03932584269662921],[1],[0],[0],[1.2399999999999949],"[""left_image""]",2,3,11,0,1,,,,,
,,,,,144548,001,2025-08-28_16h13.04.014,Simon,2024.2.4,Linux x86_64,58.41121495,,,,,,,,,,1,72.17,72.67,,,,,,,,,,,images/white_butterfly.png,images/yellow_butterfly.png,right_image, ,,,,,,70.72,72.169,[0.21292134831460674],[-0.05393258426966292],[1],[0],[0],[1.4480000000000075],"[""right_image""]",3,0,12,3,1,,,,,
,,,,,144548,001,2025-08-28_16h13.04.014,Simon,2024.2.4,Linux x86_64,58.41121495,,,,,,,,,,1,73.553,74.053,,,,,,,,,,,images/white_butterfly.png,images/purple_butterfly.png,left_image, ,,,,,,72.671,73.553,[-0.14775280898876406],[-0.038202247191011236],[1],[0],[0],[0.8810000000000002],"[""left_image""]",3,1,13,1,1,,,,,
,,,,,144548,001,2025-08-28_16h13.04.014,Simon,2024.2.4,Linux x86_64,58.41121495,,,,,,,,,,1,74.736,75.237,,,,,,,,,,,images/purple_butterfly.png,images/white_butterfly.png,left_image, ,,,,,,74.055,74.736,[-0.14775280898876406],[-0.038202247191011236],[1],[0],[0],[0.6799999999999926],"[""left_image""]",3,2,14,0,1,,,,,
,,,,,144548,001,2025-08-28_16h13.04.014,Simon,2024.2.4,Linux x86_64,58.41121495,,,,,,,,,,1,76.153,76.652,,,,,,,,,,,images/yellow_butterfly.png,images/white_butterfly.png,right_image, ,,,,,,75.238,76.153,[0.1544943820224719],[-0.04157303370786517],[1],[0],[0],[0.9139999999999873],"[""right_image""]",3,3,15,2,1,,,,,
,,,,,144548,001,2025-08-28_16h13.04.014,Simon,2024.2.4,Linux x86_64,58.41121495,,,,,,,,,,1,77.836,78.336,,,,,,,,,,,images/purple_butterfly.png,images/white_butterfly.png,left_image, ,,,,,,76.653,77.836,[-0.11179775280898877],[-0.02696629213483146],[1],[0],[0],[1.183000000000007],"[""left_image""]",4,0,16,0,1,,,,,
,,,,,144548,001,2025-08-28_16h13.04.014,Simon,2024.2.4,Linux x86_64,58.41121495,,,,,,,,,,1,79.319,79.819,,,,,,,,,,,images/white_butterfly.png,images/yellow_butterfly.png,right_image, ,,,,,,78.337,79.319,[0.18932584269662922],[-0.048314606741573035],[1],[0],[0],[0.9809999999999945],"[""right_image""]",4,1,17,3,1,,,,,
,,,,,144548,001,2025-08-28_16h13.04.014,Simon,2024.2.4,Linux x86_64,58.41121495,,,,,,,,,,1,81.02,81.52,,,,,,,,,,,images/yellow_butterfly.png,images/white_butterfly.png,right_image, ,,,,,,79.82,81.02,[0.1455056179775281],[-0.051685393258426963],[1],[0],[0],[1.198999999999998],"[""right_image""]",4,2,18,2,1,,,,,
,,,,,144548,001,2025-08-28_16h13.04.014,Simon,2024.2.4,Linux x86_64,58.41121495,,,,,,,,,,1,82.319,82.819,,,,,,,,,,,images/white_butterfly.png,images/purple_butterfly.png,left_image, ,,,,,,81.521,82.319,[-0.13876404494382022],[-0.028089887640449437],[1],[0],[0],[0.7980000000000018],"[""left_image""]",4,3,19,1,1,,,,,
,,,,,144548,001,2025-08-28_16h13.04.014,Simon,2024.2.4,Linux x86_64,58.41121495,,,,,,,,,,,,,,,,,,,,,,,,,,,,,,,,,,,,,,,,,,,,,,82.821,84.303,1,[84.303],[84.303]
