﻿instructions.started,instructions.stopped,start_button.numClicks,start_button.timesOn,start_button.timesOff,participant,session,date,expName,psychopyVersion,OS,frameRate,practice_trial.started,practice_trial.stopped,mouse_2.x,mouse_2.y,mouse_2.leftButton,mouse_2.midButton,mouse_2.rightButton,mouse_2.time,mouse_2.clicked_name,correct,feedback.started,feedback.stopped,loop_until_correct.thisRepN,loop_until_correct.thisTrialN,loop_until_correct.thisN,loop_until_correct.thisIndex,loop_until_correct.ran,prac_trials.thisRepN,prac_trials.thisTrialN,prac_trials.thisN,prac_trials.thisIndex,prac_trials.ran,left_color,right_color,correct_response,top_txt,instructions_2.started,instructions_2.stopped,start_button_2.numClicks,start_button_2.timesOn,start_button_2.timesOff,trial.started,trial.stopped,mouse.x,mouse.y,mouse.leftButton,mouse.midButton,mouse.rightButton,mouse.time,mouse.clicked_name,trials.thisRepN,trials.thisTrialN,trials.thisN,trials.thisIndex,trials.ran,end.started,end.stopped,start_button_3.numClicks,start_button_3.timesOn,start_button_3.timesOff
0,6.793,1,[6.807000000000002],[6.807000000000002],144845,001,2025-05-02_10h50.25.045,Simon,2024.2.4,iPhone,43.47826087,,,,,,,,,,,,,,,,,,,,,,,,,,,,,,,,,,,,,,,,,,,,,,,,,,
,,,,,144845,001,2025-05-02_10h50.25.045,Simon,2024.2.4,iPhone,43.47826087,6.825,9.041,[-0.2564102564102564],[-0.029487179487179487],[1],[0],[0],[2.2110000000000003],"[""left_image_2"",""left_image_2""]",1,9.042,9.537,0,0,0,0,1,,,,,,,,,,,,,,,,,,,,,,,,,,,,,,,,,
,,,,,144845,001,2025-05-02_10h50.25.045,Simon,2024.2.4,iPhone,43.47826087,,,,,,,,,,,,,,,,,,0,0,0,0,1,images/purple_butterfly.png,images/white_butterfly.png,left_image_2,"In this example, select the LEFT butterfly.",,,,,,,,,,,,,,,,,,,,,,,,
,,,,,144845,001,2025-05-02_10h50.25.045,Simon,2024.2.4,iPhone,43.47826087,9.542,10.567,[0.23076923076923078],[0.00641025641025641],[1],[0],[0],[1.0210000000000008],"[""right_image_2"",""right_image_2""]",0,10.572,11.07,0,0,0,0,1,,,,,,,,,,,,,,,,,,,,,,,,,,,,,,,,,
,,,,,144845,001,2025-05-02_10h50.25.045,Simon,2024.2.4,iPhone,43.47826087,11.072,11.983,[-0.18974358974358974],[-0.019230769230769232],[1],[0],[0],[0.9100000000000001],"[""left_image_2"",""left_image_2""]",1,11.985,12.483,1,0,1,0,1,,,,,,,,,,,,,,,,,,,,,,,,,,,,,,,,,
,,,,,144845,001,2025-05-02_10h50.25.045,Simon,2024.2.4,iPhone,43.47826087,,,,,,,,,,,,,,,,,,0,1,1,1,1,images/white_butterfly.png,images/purple_butterfly.png,left_image_2,"In this example, select the LEFT butterfly.",,,,,,,,,,,,,,,,,,,,,,,,
,,,,,144845,001,2025-05-02_10h50.25.045,Simon,2024.2.4,iPhone,43.47826087,12.488,13.695,[0.2358974358974359],[-0.00641025641025641],[1],[0],[0],[1.2050000000000018],"[""right_image_2"",""right_image_2""]",1,13.696,14.198,0,0,0,0,1,,,,,,,,,,,,,,,,,,,,,,,,,,,,,,,,,
,,,,,144845,001,2025-05-02_10h50.25.045,Simon,2024.2.4,iPhone,43.47826087,,,,,,,,,,,,,,,,,,0,2,2,2,1,images/yellow_butterfly.png,images/white_butterfly.png,right_image_2,"In this example, select the RIGHT butterfly.",,,,,,,,,,,,,,,,,,,,,,,,
,,,,,144845,001,2025-05-02_10h50.25.045,Simon,2024.2.4,iPhone,43.47826087,14.202,15.166,[0.24358974358974358],[-0.019230769230769232],[1],[0],[0],[0.9610000000000021],"[""right_image_2"",""right_image_2""]",1,15.167,15.664,0,0,0,0,1,,,,,,,,,,,,,,,,,,,,,,,,,,,,,,,,,
,,,,,144845,001,2025-05-02_10h50.25.045,Simon,2024.2.4,iPhone,43.47826087,,,,,,,,,,,,,,,,,,0,3,3,3,1,images/white_butterfly.png,images/yellow_butterfly.png,right_image_2,"In this example, select the RIGHT butterfly.",,,,,,,,,,,,,,,,,,,,,,,,
,,,,,144845,001,2025-05-02_10h50.25.045,Simon,2024.2.4,iPhone,43.47826087,,,,,,,,,,,,,,,,,,,,,,,,,,,15.666,16.596,1,[16.598],[16.598],,,,,,,,,,,,,,,,,,,
,,,,,144845,001,2025-05-02_10h50.25.045,Simon,2024.2.4,iPhone,43.47826087,,,,,,,,,,0,17.497,17.994,,,,,,,,,,,images/yellow_butterfly.png,images/white_butterfly.png,right_image, ,,,,,,16.609,17.495,[-0.23333333333333334],[0.011538461538461539],[1],[0],[0],[0.8830000000000027],"[""left_image""]",0,0,0,2,1,,,,,
,,,,,144845,001,2025-05-02_10h50.25.045,Simon,2024.2.4,iPhone,43.47826087,,,,,,,,,,1,18.647,19.144,,,,,,,,,,,images/white_butterfly.png,images/yellow_butterfly.png,right_image, ,,,,,,17.997,18.646,[0.23333333333333334],[0.00641025641025641],[1],[0],[0],[0.6479999999999997],"[""right_image""]",0,1,1,3,1,,,,,
,,,,,144845,001,2025-05-02_10h50.25.045,Simon,2024.2.4,iPhone,43.47826087,,,,,,,,,,1,19.645,20.143,,,,,,,,,,,images/purple_butterfly.png,images/white_butterfly.png,left_image, ,,,,,,19.145,19.644,[-0.2],[0.0038461538461538464],[1],[0],[0],[0.4969999999999999],"[""left_image""]",0,2,2,0,1,,,,,
,,,,,144845,001,2025-05-02_10h50.25.045,Simon,2024.2.4,iPhone,43.47826087,,,,,,,,,,0,20.678,21.175,,,,,,,,,,,images/white_butterfly.png,images/purple_butterfly.png,left_image, ,,,,,,20.144,20.677,[0.2128205128205128],[-0.021794871794871794],[1],[0],[0],[0.5299999999999976],"[""right_image""]",0,3,3,1,1,,,,,
,,,,,144845,001,2025-05-02_10h50.25.045,Simon,2024.2.4,iPhone,43.47826087,,,,,,,,,,1,21.775,22.274,,,,,,,,,,,images/purple_butterfly.png,images/white_butterfly.png,left_image, ,,,,,,21.177,21.774,[-0.2282051282051282],[0.0038461538461538464],[1],[0],[0],[0.5949999999999989],"[""left_image""]",1,0,4,0,1,,,,,
,,,,,144845,001,2025-05-02_10h50.25.045,Simon,2024.2.4,iPhone,43.47826087,,,,,,,,,,0,22.976,23.472,,,,,,,,,,,images/white_butterfly.png,images/purple_butterfly.png,left_image, ,,,,,,22.277,22.974,[0.2153846153846154],[-0.04230769230769231],[1],[0],[0],[0.6950000000000003],"[""right_image""]",1,1,5,1,1,,,,,
,,,,,144845,001,2025-05-02_10h50.25.045,Simon,2024.2.4,iPhone,43.47826087,,,,,,,,,,0,23.869,24.372,,,,,,,,,,,images/yellow_butterfly.png,images/white_butterfly.png,right_image, ,,,,,,23.475,23.868,[-0.2],[0.029487179487179487],[1],[0],[0],[0.39099999999999824],"[""left_image""]",1,2,6,2,1,,,,,
,,,,,144845,001,2025-05-02_10h50.25.045,Simon,2024.2.4,iPhone,43.47826087,,,,,,,,,,1,24.889,25.387,,,,,,,,,,,images/white_butterfly.png,images/yellow_butterfly.png,right_image, ,,,,,,24.374,24.888,[0.23076923076923078],[0.019230769230769232],[1],[0],[0],[0.5109999999999957],"[""right_image""]",1,3,7,3,1,,,,,
,,,,,144845,001,2025-05-02_10h50.25.045,Simon,2024.2.4,iPhone,43.47826087,,,,,,,,,,0,25.955,26.453,,,,,,,,,,,images/yellow_butterfly.png,images/white_butterfly.png,right_image, ,,,,,,25.389,25.953,[-0.21794871794871795],[0.00641025641025641],[1],[0],[0],[0.5619999999999976],"[""left_image""]",2,0,8,2,1,,,,,
,,,,,144845,001,2025-05-02_10h50.25.045,Simon,2024.2.4,iPhone,43.47826087,,,,,,,,,,0,27.002,27.502,,,,,,,,,,,images/purple_butterfly.png,images/white_butterfly.png,left_image, ,,,,,,26.454,27.001,[0.23076923076923078],[-0.021794871794871794],[1],[0],[0],[0.5459999999999994],"[""right_image""]",2,1,9,0,1,,,,,
,,,,,144845,001,2025-05-02_10h50.25.045,Simon,2024.2.4,iPhone,43.47826087,,,,,,,,,,0,27.963,28.452,,,,,,,,,,,images/white_butterfly.png,images/yellow_butterfly.png,right_image, ,,,,,,27.504,27.963,[-0.23333333333333334],[0.011538461538461539],[1],[0],[0],[0.45700000000000074],"[""left_image""]",2,2,10,3,1,,,,,
,,,,,144845,001,2025-05-02_10h50.25.045,Simon,2024.2.4,iPhone,43.47826087,,,,,,,,,,1,29.027,29.517,,,,,,,,,,,images/white_butterfly.png,images/purple_butterfly.png,left_image, ,,,,,,28.457,29.02,[-0.2128205128205128],[-0.016666666666666666],[1],[0],[0],[0.5579999999999998],"[""left_image""]",2,3,11,1,1,,,,,
,,,,,144845,001,2025-05-02_10h50.25.045,Simon,2024.2.4,iPhone,43.47826087,,,,,,,,,,0,30.167,30.666,,,,,,,,,,,images/purple_butterfly.png,images/white_butterfly.png,left_image, ,,,,,,29.518,30.165,[0.2692307692307692],[-0.016666666666666666],[1],[0],[0],[0.6450000000000031],"[""right_image""]",3,0,12,0,1,,,,,
,,,,,144845,001,2025-05-02_10h50.25.045,Simon,2024.2.4,iPhone,43.47826087,,,,,,,,,,0,31.314,31.815,,,,,,,,,,,images/white_butterfly.png,images/yellow_butterfly.png,right_image, ,,,,,,30.668,31.314,[-0.2205128205128205],[0.011538461538461539],[1],[0],[0],[0.644999999999996],"[""left_image""]",3,1,13,3,1,,,,,
,,,,,144845,001,2025-05-02_10h50.25.045,Simon,2024.2.4,iPhone,43.47826087,,,,,,,,,,1,32.714,33.214,,,,,,,,,,,images/yellow_butterfly.png,images/white_butterfly.png,right_image, ,,,,,,31.816,32.713,[0.21794871794871795],[-0.019230769230769232],[1],[0],[0],[0.8960000000000008],"[""right_image""]",3,2,14,2,1,,,,,
,,,,,144845,001,2025-05-02_10h50.25.045,Simon,2024.2.4,iPhone,43.47826087,,,,,,,,,,0,33.712,34.212,,,,,,,,,,,images/white_butterfly.png,images/purple_butterfly.png,left_image, ,,,,,,33.216,33.711,[0.258974358974359],[0.001282051282051282],[1],[0],[0],[0.4939999999999998],"[""right_image""]",3,3,15,1,1,,,,,
,,,,,144845,001,2025-05-02_10h50.25.045,Simon,2024.2.4,iPhone,43.47826087,,,,,,,,,,0,34.908,35.412,,,,,,,,,,,images/purple_butterfly.png,images/white_butterfly.png,left_image, ,,,,,,34.214,34.908,[0.24102564102564103],[-0.008974358974358974],[1],[0],[0],[0.6920000000000002],"[""right_image""]",4,0,16,0,1,,,,,
,,,,,144845,001,2025-05-02_10h50.25.045,Simon,2024.2.4,iPhone,43.47826087,,,,,,,,,,0,35.911,36.41,,,,,,,,,,,images/yellow_butterfly.png,images/white_butterfly.png,right_image, ,,,,,,35.413,35.911,[-0.2230769230769231],[0.019230769230769232],[1],[0],[0],[0.4960000000000022],"[""left_image""]",4,1,17,2,1,,,,,
,,,,,144845,001,2025-05-02_10h50.25.045,Simon,2024.2.4,iPhone,43.47826087,,,,,,,,,,0,36.877,37.376,,,,,,,,,,,images/white_butterfly.png,images/yellow_butterfly.png,right_image, ,,,,,,36.412,36.877,[-0.19743589743589743],[0.019230769230769232],[1],[0],[0],[0.46399999999999864],"[""left_image""]",4,2,18,3,1,,,,,
,,,,,144845,001,2025-05-02_10h50.25.045,Simon,2024.2.4,iPhone,43.47826087,,,,,,,,,,1,37.811,38.309,,,,,,,,,,,images/white_butterfly.png,images/purple_butterfly.png,left_image, ,,,,,,37.378,37.81,[-0.21794871794871795],[0.0038461538461538464],[1],[0],[0],[0.4309999999999974],"[""left_image""]",4,3,19,1,1,,,,,
,,,,,144845,001,2025-05-02_10h50.25.045,Simon,2024.2.4,iPhone,43.47826087,,,,,,,,,,,,,,,,,,,,,,,,,,,,,,,,,,,,,,,,,,,,,,38.313,39.072,1,[39.071000000000005],[39.071000000000005]
