﻿instructions.started,instructions.stopped,start_button.numClicks,start_button.timesOn,start_button.timesOff,participant,session,date,expName,psychopyVersion,OS,frameRate,practice_trial.started,practice_trial.stopped,mouse_2.x,mouse_2.y,mouse_2.leftButton,mouse_2.midButton,mouse_2.rightButton,mouse_2.time,mouse_2.clicked_name,correct,feedback.started,feedback.stopped,loop_until_correct.thisRepN,loop_until_correct.thisTrialN,loop_until_correct.thisN,loop_until_correct.thisIndex,loop_until_correct.ran,prac_trials.thisRepN,prac_trials.thisTrialN,prac_trials.thisN,prac_trials.thisIndex,prac_trials.ran,left_color,right_color,correct_response,top_txt,instructions_2.started,instructions_2.stopped,start_button_2.numClicks,start_button_2.timesOn,start_button_2.timesOff,trial.started,trial.stopped,mouse.x,mouse.y,mouse.leftButton,mouse.midButton,mouse.rightButton,mouse.time,mouse.clicked_name,trials.thisRepN,trials.thisTrialN,trials.thisN,trials.thisIndex,trials.ran,end.started,end.stopped,start_button_3.numClicks,start_button_3.timesOn,start_button_3.timesOff
0.0014,3.8965,1,[3.9444000000953707],[3.9444000000953707],146347,001,2025-11-20_11h25.18.282,Simon,2024.2.4,Win32,30.21148036,,,,,,,,,,,,,,,,,,,,,,,,,,,,,,,,,,,,,,,,,,,,,,,,,,
,,,,,146347,001,2025-11-20_11h25.18.282,Simon,2024.2.4,Win32,30.21148036,3.9579,7.4624,[-0.21962616822429906],[-0.04672897196261682],[1],[0],[0],[3.4966000000238466],"[""left_image_2"",""left_image_2""]",1,7.4649,7.9617,0,0,0,0,1,,,,,,,,,,,,,,,,,,,,,,,,,,,,,,,,,
,,,,,146347,001,2025-11-20_11h25.18.282,Simon,2024.2.4,Win32,30.21148036,,,,,,,,,,,,,,,,,,0,0,0,0,1,images/purple_butterfly.png,images/white_butterfly.png,left_image_2,"In this example, select the LEFT butterfly.",,,,,,,,,,,,,,,,,,,,,,,,
,,,,,146347,001,2025-11-20_11h25.18.282,Simon,2024.2.4,Win32,30.21148036,7.9681,8.112,[-0.21962616822429906],[-0.04672897196261682],[1],[0],[0],[0.13949999999999818],"[""left_image_2"",""left_image_2""]",1,8.1122,8.5943,0,0,0,0,1,,,,,,,,,,,,,,,,,,,,,,,,,,,,,,,,,
,,,,,146347,001,2025-11-20_11h25.18.282,Simon,2024.2.4,Win32,30.21148036,,,,,,,,,,,,,,,,,,0,1,1,1,1,images/white_butterfly.png,images/purple_butterfly.png,left_image_2,"In this example, select the LEFT butterfly.",,,,,,,,,,,,,,,,,,,,,,,,
,,,,,146347,001,2025-11-20_11h25.18.282,Simon,2024.2.4,Win32,30.21148036,8.5985,9.7952,[-0.2336448598130841],[-0.04361370716510903],[1],[0],[0],[1.1936999999284694],"[""left_image_2"",""left_image_2""]",0,9.797,10.2947,0,0,0,0,1,,,,,,,,,,,,,,,,,,,,,,,,,,,,,,,,,
,,,,,146347,001,2025-11-20_11h25.18.282,Simon,2024.2.4,Win32,30.21148036,10.2967,11.095,[-0.23052959501557632],[-0.04205607476635514],[1],[0],[0],[0.7963000000715255],"[""left_image_2"",""left_image_2""]",0,11.0953,11.5941,1,0,1,0,1,,,,,,,,,,,,,,,,,,,,,,,,,,,,,,,,,
,,,,,146347,001,2025-11-20_11h25.18.282,Simon,2024.2.4,Win32,30.21148036,11.596,13.3615,[0.15109034267912771],[-0.021806853582554516],[1],[0],[0],[1.7636000000238283],"[""right_image_2"",""right_image_2""]",1,13.3635,13.861,2,0,2,0,1,,,,,,,,,,,,,,,,,,,,,,,,,,,,,,,,,
,,,,,146347,001,2025-11-20_11h25.18.282,Simon,2024.2.4,Win32,30.21148036,,,,,,,,,,,,,,,,,,0,2,2,2,1,images/yellow_butterfly.png,images/white_butterfly.png,right_image_2,"In this example, select the RIGHT butterfly.",,,,,,,,,,,,,,,,,,,,,,,,
,,,,,146347,001,2025-11-20_11h25.18.282,Simon,2024.2.4,Win32,30.21148036,13.8658,16.2615,[0.16043613707165108],[0.014018691588785047],[1],[0],[0],[2.3937999999523143],"[""right_image_2"",""right_image_2""]",1,16.2621,16.761,0,0,0,0,1,,,,,,,,,,,,,,,,,,,,,,,,,,,,,,,,,
,,,,,146347,001,2025-11-20_11h25.18.282,Simon,2024.2.4,Win32,30.21148036,,,,,,,,,,,,,,,,,,0,3,3,3,1,images/white_butterfly.png,images/yellow_butterfly.png,right_image_2,"In this example, select the RIGHT butterfly.",,,,,,,,,,,,,,,,,,,,,,,,
,,,,,146347,001,2025-11-20_11h25.18.282,Simon,2024.2.4,Win32,30.21148036,,,,,,,,,,,,,,,,,,,,,,,,,,,16.7619,18.9951,1,[19.005600000023847],[19.005600000023847],,,,,,,,,,,,,,,,,,,
,,,,,146347,001,2025-11-20_11h25.18.282,Simon,2024.2.4,Win32,30.21148036,,,,,,,,,,1,20.3285,20.8269,,,,,,,,,,,images/white_butterfly.png,images/yellow_butterfly.png,right_image, ,,,,,,19.0237,20.3283,[0.14953271028037382],[-0.06697819314641744],[1],[0],[0],[1.302799999952299],"[""right_image""]",0,0,0,3,1,,,,,
,,,,,146347,001,2025-11-20_11h25.18.282,Simon,2024.2.4,Win32,30.21148036,,,,,,,,,,1,21.8606,22.3605,,,,,,,,,,,images/white_butterfly.png,images/purple_butterfly.png,left_image, ,,,,,,20.829,21.8604,[-0.1588785046728972],[-0.017133956386292833],[1],[0],[0],[1.0302999999523195],"[""left_image""]",0,1,1,1,1,,,,,
,,,,,146347,001,2025-11-20_11h25.18.282,Simon,2024.2.4,Win32,30.21148036,,,,,,,,,,0,23.2953,23.7944,,,,,,,,,,,images/yellow_butterfly.png,images/white_butterfly.png,right_image, ,,,,,,22.3624,23.294,[-0.19781931464174454],[-0.010903426791277258],[1],[0],[0],[0.9302999999523252],"[""left_image""]",0,2,2,2,1,,,,,
,,,,,146347,001,2025-11-20_11h25.18.282,Simon,2024.2.4,Win32,30.21148036,,,,,,,,,,0,24.7274,25.227,,,,,,,,,,,images/purple_butterfly.png,images/white_butterfly.png,left_image, ,,,,,,23.796,24.7272,[0.11214953271028037],[-0.01557632398753894],[1],[0],[0],[0.9302000000476767],"[""right_image""]",0,3,3,0,1,,,,,
,,,,,146347,001,2025-11-20_11h25.18.282,Simon,2024.2.4,Win32,30.21148036,,,,,,,,,,1,26.1949,26.6933,,,,,,,,,,,images/purple_butterfly.png,images/white_butterfly.png,left_image, ,,,,,,25.2288,26.1936,[-0.13239875389408098],[0.020249221183800622],[1],[0],[0],[0.964299999952317],"[""left_image""]",1,0,4,0,1,,,,,
,,,,,146347,001,2025-11-20_11h25.18.282,Simon,2024.2.4,Win32,30.21148036,,,,,,,,,,0,27.3947,27.8935,,,,,,,,,,,images/yellow_butterfly.png,images/white_butterfly.png,right_image, ,,,,,,26.6949,27.3933,[-0.13239875389408098],[0.020249221183800622],[1],[0],[0],[0.6973000000715501],"[""left_image""]",1,1,5,2,1,,,,,
,,,,,146347,001,2025-11-20_11h25.18.282,Simon,2024.2.4,Win32,30.21148036,,,,,,,,,,1,28.8275,29.3267,,,,,,,,,,,images/white_butterfly.png,images/yellow_butterfly.png,right_image, ,,,,,,27.8952,28.8265,[0.1526479750778816],[-0.037383177570093455],[1],[0],[0],[0.9302000000476767],"[""right_image""]",1,2,6,3,1,,,,,
,,,,,146347,001,2025-11-20_11h25.18.282,Simon,2024.2.4,Win32,30.21148036,,,,,,,,,,1,30.2604,30.76,,,,,,,,,,,images/white_butterfly.png,images/purple_butterfly.png,left_image, ,,,,,,29.3284,30.2602,[-0.14797507788161993],[-0.020249221183800622],[1],[0],[0],[0.930899999976134],"[""left_image""]",1,3,7,1,1,,,,,
,,,,,146347,001,2025-11-20_11h25.18.282,Simon,2024.2.4,Win32,30.21148036,,,,,,,,,,1,31.2935,31.7936,,,,,,,,,,,images/white_butterfly.png,images/purple_butterfly.png,left_image, ,,,,,,30.7618,31.2934,[-0.14797507788161993],[-0.020249221183800622],[1],[0],[0],[0.5310000000000059],"[""left_image""]",2,0,8,1,1,,,,,
,,,,,146347,001,2025-11-20_11h25.18.282,Simon,2024.2.4,Win32,30.21148036,,,,,,,,,,1,32.5936,33.0935,,,,,,,,,,,images/purple_butterfly.png,images/white_butterfly.png,left_image, ,,,,,,31.7953,32.5935,[-0.14797507788161993],[-0.020249221183800622],[1],[0],[0],[0.7967999999522988],"[""left_image""]",2,1,9,0,1,,,,,
,,,,,146347,001,2025-11-20_11h25.18.282,Simon,2024.2.4,Win32,30.21148036,,,,,,,,,,0,34.0952,34.5934,,,,,,,,,,,images/white_butterfly.png,images/yellow_butterfly.png,right_image, ,,,,,,33.0954,34.0935,[-0.14797507788161993],[-0.020249221183800622],[1],[0],[0],[0.9972000000476839],"[""left_image""]",2,2,10,3,1,,,,,
,,,,,146347,001,2025-11-20_11h25.18.282,Simon,2024.2.4,Win32,30.21148036,,,,,,,,,,1,35.5278,36.0262,,,,,,,,,,,images/yellow_butterfly.png,images/white_butterfly.png,right_image, ,,,,,,34.5952,35.5265,[0.13239875389408098],[0.009345794392523364],[1],[0],[0],[0.9301999999284476],"[""right_image""]",2,3,11,2,1,,,,,
,,,,,146347,001,2025-11-20_11h25.18.282,Simon,2024.2.4,Win32,30.21148036,,,,,,,,,,1,37.0268,37.5263,,,,,,,,,,,images/white_butterfly.png,images/yellow_butterfly.png,right_image, ,,,,,,36.0281,37.0267,[0.13239875389408098],[0.009345794392523364],[1],[0],[0],[0.9975000000000023],"[""right_image""]",3,0,12,3,1,,,,,
,,,,,146347,001,2025-11-20_11h25.18.282,Simon,2024.2.4,Win32,30.21148036,,,,,,,,,,0,38.1609,38.6595,,,,,,,,,,,images/white_butterfly.png,images/purple_butterfly.png,left_image, ,,,,,,37.5287,38.1597,[0.13239875389408098],[0.009345794392523364],[1],[0],[0],[0.6302000000476653],"[""right_image""]",3,1,13,1,1,,,,,
,,,,,146347,001,2025-11-20_11h25.18.282,Simon,2024.2.4,Win32,30.21148036,,,,,,,,,,0,39.8268,40.3262,,,,,,,,,,,images/purple_butterfly.png,images/white_butterfly.png,left_image, ,,,,,,38.6614,39.8265,[0.19003115264797507],[0.006230529595015576],[1],[0],[0],[1.1641000000238364],"[""right_image""]",3,2,14,0,1,,,,,
,,,,,146347,001,2025-11-20_11h25.18.282,Simon,2024.2.4,Win32,30.21148036,,,,,,,,,,0,41.5594,42.0588,,,,,,,,,,,images/yellow_butterfly.png,images/white_butterfly.png,right_image, ,,,,,,40.328,41.5593,[-0.21339563862928349],[-0.024922118380062305],[1],[0],[0],[1.2305999999046264],"[""left_image""]",3,3,15,2,1,,,,,
,,,,,146347,001,2025-11-20_11h25.18.282,Simon,2024.2.4,Win32,30.21148036,,,,,,,,,,1,43.1277,43.6262,,,,,,,,,,,images/white_butterfly.png,images/purple_butterfly.png,left_image, ,,,,,,42.06,43.1264,[-0.19470404984423675],[-0.014018691588785047],[1],[0],[0],[1.0656999999284835],"[""left_image""]",4,0,16,1,1,,,,,
,,,,,146347,001,2025-11-20_11h25.18.282,Simon,2024.2.4,Win32,30.21148036,,,,,,,,,,1,44.3266,44.826,,,,,,,,,,,images/yellow_butterfly.png,images/white_butterfly.png,right_image, ,,,,,,43.6283,44.3265,[0.17445482866043613],[-0.03894080996884735],[1],[0],[0],[0.6971000000238519],"[""right_image""]",4,1,17,2,1,,,,,
,,,,,146347,001,2025-11-20_11h25.18.282,Simon,2024.2.4,Win32,30.21148036,,,,,,,,,,0,46.1941,46.6927,,,,,,,,,,,images/white_butterfly.png,images/yellow_butterfly.png,right_image, ,,,,,,44.828,46.1929,[-0.14485981308411214],[-0.003115264797507788],[1],[0],[0],[1.363799999952306],"[""left_image""]",4,2,18,3,1,,,,,
,,,,,146347,001,2025-11-20_11h25.18.282,Simon,2024.2.4,Win32,30.21148036,,,,,,,,,,0,47.6264,48.1261,,,,,,,,,,,images/purple_butterfly.png,images/white_butterfly.png,left_image, ,,,,,,46.6944,47.6263,[0.09657320872274143],[0],[1],[0],[0],[0.9307000000476648],"[""right_image""]",4,3,19,0,1,,,,,
,,,,,146347,001,2025-11-20_11h25.18.282,Simon,2024.2.4,Win32,30.21148036,,,,,,,,,,,,,,,,,,,,,,,,,,,,,,,,,,,,,,,,,,,,,,48.127,49.3264,1,[49.32559999990463],[49.32559999990463]
