﻿instructions.started,instructions.stopped,start_button.numClicks,start_button.timesOn,start_button.timesOff,participant,session,date,expName,psychopyVersion,OS,frameRate,practice_trial.started,practice_trial.stopped,mouse_2.x,mouse_2.y,mouse_2.leftButton,mouse_2.midButton,mouse_2.rightButton,mouse_2.time,mouse_2.clicked_name,correct,feedback.started,feedback.stopped,loop_until_correct.thisRepN,loop_until_correct.thisTrialN,loop_until_correct.thisN,loop_until_correct.thisIndex,loop_until_correct.ran,prac_trials.thisRepN,prac_trials.thisTrialN,prac_trials.thisN,prac_trials.thisIndex,prac_trials.ran,left_color,right_color,correct_response,top_txt,instructions_2.started,instructions_2.stopped,start_button_2.numClicks,start_button_2.timesOn,start_button_2.timesOff,trial.started,trial.stopped,mouse.x,mouse.y,mouse.leftButton,mouse.midButton,mouse.rightButton,mouse.time,mouse.clicked_name,trials.thisRepN,trials.thisTrialN,trials.thisN,trials.thisIndex,trials.ran,end.started,end.stopped,start_button_3.numClicks,start_button_3.timesOn,start_button_3.timesOff
0.0006,1.9252,1,[1.951100000023842],[1.951100000023842],146905,001,2025-01-22_11h20.18.476,Simon,2024.2.4,Win32,60.24096386,,,,,,,,,,,,,,,,,,,,,,,,,,,,,,,,,,,,,,,,,,,,,,,,,,
,,,,,146905,001,2025-01-22_11h20.18.476,Simon,2024.2.4,Win32,60.24096386,1.9472,8.9511,[-0.18071938933228418],[-0.02460432532879946],[1],[0],[0],[7.000800000011922],"[""left_image_2"",""left_image_2""]",1,8.9542,9.4492,0,0,0,0,1,,,,,,,,,,,,,,,,,,,,,,,,,,,,,,,,,
,,,,,146905,001,2025-01-22_11h20.18.476,Simon,2024.2.4,Win32,60.24096386,,,,,,,,,,,,,,,,,,0,0,0,0,1,images/purple_butterfly.png,images/white_butterfly.png,left_image_2,"In this example, select the LEFT butterfly.",,,,,,,,,,,,,,,,,,,,,,,,
,,,,,146905,001,2025-01-22_11h20.18.476,Simon,2024.2.4,Win32,60.24096386,9.4542,10.9816,[-0.18647478501573742],[0.06402877697841726],[1],[0],[0],[1.5256999999880794],"[""left_image_2"",""left_image_2""]",1,10.9818,11.4845,0,0,0,0,1,,,,,,,,,,,,,,,,,,,,,,,,,,,,,,,,,
,,,,,146905,001,2025-01-22_11h20.18.476,Simon,2024.2.4,Win32,60.24096386,,,,,,,,,,,,,,,,,,0,1,1,1,1,images/white_butterfly.png,images/purple_butterfly.png,left_image_2,"In this example, select the LEFT butterfly.",,,,,,,,,,,,,,,,,,,,,,,,
,,,,,146905,001,2025-01-22_11h20.18.476,Simon,2024.2.4,Win32,60.24096386,11.4862,12.6161,[0.1669064748201439],[-0.0004316810223696043],[1],[0],[0],[1.1283000000119205],"[""right_image_2"",""right_image_2""]",1,12.6165,13.1146,0,0,0,0,1,,,,,,,,,,,,,,,,,,,,,,,,,,,,,,,,,
,,,,,146905,001,2025-01-22_11h20.18.476,Simon,2024.2.4,Win32,60.24096386,,,,,,,,,,,,,,,,,,0,2,2,2,1,images/yellow_butterfly.png,images/white_butterfly.png,right_image_2,"In this example, select the RIGHT butterfly.",,,,,,,,,,,,,,,,,,,,,,,,
,,,,,146905,001,2025-01-22_11h20.18.476,Simon,2024.2.4,Win32,60.24096386,13.1173,13.9471,[0.1669064748201439],[-0.0004316810223696043],[1],[0],[0],[0.8288999999761586],"[""right_image_2"",""right_image_2""]",1,13.9474,14.4359,0,0,0,0,1,,,,,,,,,,,,,,,,,,,,,,,,,,,,,,,,,
,,,,,146905,001,2025-01-22_11h20.18.476,Simon,2024.2.4,Win32,60.24096386,,,,,,,,,,,,,,,,,,0,3,3,3,1,images/white_butterfly.png,images/yellow_butterfly.png,right_image_2,"In this example, select the RIGHT butterfly.",,,,,,,,,,,,,,,,,,,,,,,,
,,,,,146905,001,2025-01-22_11h20.18.476,Simon,2024.2.4,Win32,60.24096386,,,,,,,,,,,,,,,,,,,,,,,,,,,14.4377,15.8029,1,[15.806399999976156],[15.806399999976156],,,,,,,,,,,,,,,,,,,
,,,,,146905,001,2025-01-22_11h20.18.476,Simon,2024.2.4,Win32,60.24096386,,,,,,,,,,0,20.6457,21.1425,,,,,,,,,,,images/yellow_butterfly.png,images/white_butterfly.png,right_image, ,,,,,,15.8077,20.6448,[-0.1369784348302608],[-0.045323741007194246],[1],[0],[0],[4.836499999999997],"[""left_image""]",0,0,0,2,1,,,,,
,,,,,146905,001,2025-01-22_11h20.18.476,Simon,2024.2.4,Win32,60.24096386,,,,,,,,,,0,22.0309,22.5295,,,,,,,,,,,images/white_butterfly.png,images/purple_butterfly.png,left_image, ,,,,,,21.1444,22.0309,[0.263597139866232],[-0.01194247238927608],[1],[0],[0],[0.885699999988077],"[""right_image""]",0,1,1,1,1,,,,,
,,,,,146905,001,2025-01-22_11h20.18.476,Simon,2024.2.4,Win32,60.24096386,,,,,,,,,,0,23.2111,23.7101,,,,,,,,,,,images/purple_butterfly.png,images/white_butterfly.png,left_image, ,,,,,,22.5304,23.211,[0.09669066504608813],[0.005323714661083633],[1],[0],[0],[0.6793999999761589],"[""right_image""]",0,2,2,0,1,,,,,
,,,,,146905,001,2025-01-22_11h20.18.476,Simon,2024.2.4,Win32,60.24096386,,,,,,,,,,1,24.4583,24.9564,,,,,,,,,,,images/white_butterfly.png,images/yellow_butterfly.png,right_image, ,,,,,,23.7127,24.4576,[0.165755413247527],[-0.007338138278439748],[1],[0],[0],[0.7439999999999998],"[""right_image""]",0,3,3,3,1,,,,,
,,,,,146905,001,2025-01-22_11h20.18.476,Simon,2024.2.4,Win32,60.24096386,,,,,,,,,,1,26.1037,26.6029,,,,,,,,,,,images/purple_butterfly.png,images/white_butterfly.png,left_image, ,,,,,,24.9581,26.1036,[-0.20374097206609712],[-0.009640305333857914],[1],[0],[0],[1.1443999999761587],"[""left_image""]",1,0,4,0,1,,,,,
,,,,,146905,001,2025-01-22_11h20.18.476,Simon,2024.2.4,Win32,60.24096386,,,,,,,,,,1,27.3594,27.8494,,,,,,,,,,,images/white_butterfly.png,images/yellow_butterfly.png,right_image, ,,,,,,26.6058,27.3592,[0.13582737325764388],[-0.07064757861679406],[1],[0],[0],[0.7523999999761593],"[""right_image""]",1,1,5,3,1,,,,,
,,,,,146905,001,2025-01-22_11h20.18.476,Simon,2024.2.4,Win32,60.24096386,,,,,,,,,,0,28.7162,29.2113,,,,,,,,,,,images/white_butterfly.png,images/purple_butterfly.png,left_image, ,,,,,,27.8519,28.7153,[0.18071947715265288],[0.05136688012870953],[1],[0],[0],[0.8630000000000031],"[""right_image""]",1,2,6,1,1,,,,,
,,,,,146905,001,2025-01-22_11h20.18.476,Simon,2024.2.4,Win32,60.24096386,,,,,,,,,,0,30.026,30.5243,,,,,,,,,,,images/yellow_butterfly.png,images/white_butterfly.png,right_image, ,,,,,,29.2156,30.0259,[-0.16115107913669063],[0.005323714661083633],[1],[0],[0],[0.8097000000476839],"[""left_image""]",1,3,7,2,1,,,,,
,,,,,146905,001,2025-01-22_11h20.18.476,Simon,2024.2.4,Win32,60.24096386,,,,,,,,,,1,31.0659,31.5649,,,,,,,,,,,images/white_butterfly.png,images/yellow_butterfly.png,right_image, ,,,,,,30.5249,31.0648,[0.11741012463466727],[0.009928048771919964],[1],[0],[0],[0.5396000000238459],"[""right_image""]",2,0,8,3,1,,,,,
,,,,,146905,001,2025-01-22_11h20.18.476,Simon,2024.2.4,Win32,60.24096386,,,,,,,,,,1,32.3962,32.8936,,,,,,,,,,,images/yellow_butterfly.png,images/white_butterfly.png,right_image, ,,,,,,31.5661,32.3961,[0.11395685209644785],[0.009928048771919964],[1],[0],[0],[0.8294000000357613],"[""right_image""]",2,1,9,2,1,,,,,
,,,,,146905,001,2025-01-22_11h20.18.476,Simon,2024.2.4,Win32,60.24096386,,,,,,,,,,0,33.3772,33.8746,,,,,,,,,,,images/white_butterfly.png,images/purple_butterfly.png,left_image, ,,,,,,32.8957,33.3765,[0.11395685209644785],[0.009928048771919964],[1],[0],[0],[0.4801999999880806],"[""right_image""]",2,2,10,1,1,,,,,
,,,,,146905,001,2025-01-22_11h20.18.476,Simon,2024.2.4,Win32,60.24096386,,,,,,,,,,0,34.2743,34.7702,,,,,,,,,,,images/purple_butterfly.png,images/white_butterfly.png,left_image, ,,,,,,33.8765,34.2743,[0.11395685209644785],[0.009928048771919964],[1],[0],[0],[0.39709999996423306],"[""right_image""]",2,3,11,0,1,,,,,
,,,,,146905,001,2025-01-22_11h20.18.476,Simon,2024.2.4,Win32,60.24096386,,,,,,,,,,0,35.0716,35.5708,,,,,,,,,,,images/white_butterfly.png,images/purple_butterfly.png,left_image, ,,,,,,34.7717,35.0716,[0.11395685209644785],[0.009928048771919964],[1],[0],[0],[0.2995000000000019],"[""right_image""]",3,0,12,1,1,,,,,
,,,,,146905,001,2025-01-22_11h20.18.476,Simon,2024.2.4,Win32,60.24096386,,,,,,,,,,1,35.8608,36.3589,,,,,,,,,,,images/yellow_butterfly.png,images/white_butterfly.png,right_image, ,,,,,,35.5722,35.8598,[0.11395685209644785],[0.009928048771919964],[1],[0],[0],[0.28719999998808277],"[""right_image""]",3,1,13,2,1,,,,,
,,,,,146905,001,2025-01-22_11h20.18.476,Simon,2024.2.4,Win32,60.24096386,,,,,,,,,,1,36.7407,37.2394,,,,,,,,,,,images/white_butterfly.png,images/yellow_butterfly.png,right_image, ,,,,,,36.3611,36.7407,[0.11395685209644785],[0.009928048771919964],[1],[0],[0],[0.3780000000000001],"[""right_image""]",3,2,14,3,1,,,,,
,,,,,146905,001,2025-01-22_11h20.18.476,Simon,2024.2.4,Win32,60.24096386,,,,,,,,,,0,37.6227,38.1201,,,,,,,,,,,images/purple_butterfly.png,images/white_butterfly.png,left_image, ,,,,,,37.2412,37.6218,[0.11395685209644785],[0.009928048771919964],[1],[0],[0],[0.37889999997616286],"[""right_image""]",3,3,15,0,1,,,,,
,,,,,146905,001,2025-01-22_11h20.18.476,Simon,2024.2.4,Win32,60.24096386,,,,,,,,,,1,38.464,38.9524,,,,,,,,,,,images/yellow_butterfly.png,images/white_butterfly.png,right_image, ,,,,,,38.1214,38.4632,[0.11395685209644785],[0.009928048771919964],[1],[0],[0],[0.340799999952317],"[""right_image""]",4,0,16,2,1,,,,,
,,,,,146905,001,2025-01-22_11h20.18.476,Simon,2024.2.4,Win32,60.24096386,,,,,,,,,,1,39.3173,39.8157,,,,,,,,,,,images/white_butterfly.png,images/yellow_butterfly.png,right_image, ,,,,,,38.9552,39.3172,[0.11395685209644785],[0.009928048771919964],[1],[0],[0],[0.3614999999999995],"[""right_image""]",4,1,17,3,1,,,,,
,,,,,146905,001,2025-01-22_11h20.18.476,Simon,2024.2.4,Win32,60.24096386,,,,,,,,,,1,40.63,41.1289,,,,,,,,,,,images/purple_butterfly.png,images/white_butterfly.png,left_image, ,,,,,,39.8167,40.6299,[-0.2820143884892086],[-0.034964055123089026],[1],[0],[0],[0.8125],"[""left_image""]",4,2,18,0,1,,,,,
,,,,,146905,001,2025-01-22_11h20.18.476,Simon,2024.2.4,Win32,60.24096386,,,,,,,,,,0,41.8108,42.3091,,,,,,,,,,,images/white_butterfly.png,images/purple_butterfly.png,left_image, ,,,,,,41.1309,41.81,[0.14733816462455035],[-0.018848929645346225],[1],[0],[0],[0.6771999999880833],"[""right_image""]",4,3,19,1,1,,,,,
,,,,,146905,001,2025-01-22_11h20.18.476,Simon,2024.2.4,Win32,60.24096386,,,,,,,,,,,,,,,,,,,,,,,,,,,,,,,,,,,,,,,,,,,,,,42.3096,43.2398,1,[43.23939999997616],[43.23939999997616]
