﻿instructions.started,instructions.stopped,start_button.numClicks,start_button.timesOn,start_button.timesOff,participant,session,date,expName,psychopyVersion,OS,frameRate,practice_trial.started,practice_trial.stopped,mouse_2.x,mouse_2.y,mouse_2.leftButton,mouse_2.midButton,mouse_2.rightButton,mouse_2.time,mouse_2.clicked_name,correct,feedback.started,feedback.stopped,loop_until_correct.thisRepN,loop_until_correct.thisTrialN,loop_until_correct.thisN,loop_until_correct.thisIndex,loop_until_correct.ran,prac_trials.thisRepN,prac_trials.thisTrialN,prac_trials.thisN,prac_trials.thisIndex,prac_trials.ran,left_color,right_color,correct_response,top_txt,instructions_2.started,instructions_2.stopped,start_button_2.numClicks,start_button_2.timesOn,start_button_2.timesOff,trial.started,trial.stopped,mouse.x,mouse.y,mouse.leftButton,mouse.midButton,mouse.rightButton,mouse.time,mouse.clicked_name,trials.thisRepN,trials.thisTrialN,trials.thisN,trials.thisIndex,trials.ran,end.started,end.stopped,start_button_3.numClicks,start_button_3.timesOn,start_button_3.timesOff
0.0003,1.4172,1,[1.43079999999993],[1.43079999999993],147914,001,2025-01-22_20h10.34.489,Simon,2024.2.4,Win32,60.60606061,,,,,,,,,,,,,,,,,,,,,,,,,,,,,,,,,,,,,,,,,,,,,,,,,,
,,,,,147914,001,2025-01-22_20h10.34.489,Simon,2024.2.4,Win32,60.60606061,1.4357,3.2441,[-0.13080162338063686],[-0.08597048023079015],[1],[0],[0],[1.8068000000000466],"[""left_image_2"",""left_image_2""]",1,3.2448,3.7443,0,0,0,0,1,,,,,,,,,,,,,,,,,,,,,,,,,,,,,,,,,
,,,,,147914,001,2025-01-22_20h10.34.489,Simon,2024.2.4,Win32,60.60606061,,,,,,,,,,,,,,,,,,0,0,0,0,1,images/purple_butterfly.png,images/white_butterfly.png,left_image_2,"In this example, select the LEFT butterfly.",,,,,,,,,,,,,,,,,,,,,,,,
,,,,,147914,001,2025-01-22_20h10.34.489,Simon,2024.2.4,Win32,60.60606061,3.7478,5.0613,[-0.13080162338063686],[-0.08597048023079015],[1],[0],[0],[1.312099999999977],"[""left_image_2"",""left_image_2""]",1,5.0615,5.5601,0,0,0,0,1,,,,,,,,,,,,,,,,,,,,,,,,,,,,,,,,,
,,,,,147914,001,2025-01-22_20h10.34.489,Simon,2024.2.4,Win32,60.60606061,,,,,,,,,,,,,,,,,,0,1,1,1,1,images/white_butterfly.png,images/purple_butterfly.png,left_image_2,"In this example, select the LEFT butterfly.",,,,,,,,,,,,,,,,,,,,,,,,
,,,,,147914,001,2025-01-22_20h10.34.489,Simon,2024.2.4,Win32,60.60606061,5.5635,6.8933,[0.18248951585986947],[-0.07858653008183346],[1],[0],[0],[1.32820000000007],"[""right_image_2"",""right_image_2""]",1,6.8936,7.3928,0,0,0,0,1,,,,,,,,,,,,,,,,,,,,,,,,,,,,,,,,,
,,,,,147914,001,2025-01-22_20h10.34.489,Simon,2024.2.4,Win32,60.60606061,,,,,,,,,,,,,,,,,,0,2,2,2,1,images/yellow_butterfly.png,images/white_butterfly.png,right_image_2,"In this example, select the RIGHT butterfly.",,,,,,,,,,,,,,,,,,,,,,,,
,,,,,147914,001,2025-01-22_20h10.34.489,Simon,2024.2.4,Win32,60.60606061,7.3939,8.0098,[0.18248951585986947],[-0.07858653008183346],[1],[0],[0],[0.614300000000048],"[""right_image_2"",""right_image_2""]",1,8.0099,8.5093,0,0,0,0,1,,,,,,,,,,,,,,,,,,,,,,,,,,,,,,,,,
,,,,,147914,001,2025-01-22_20h10.34.489,Simon,2024.2.4,Win32,60.60606061,,,,,,,,,,,,,,,,,,0,3,3,3,1,images/white_butterfly.png,images/yellow_butterfly.png,right_image_2,"In this example, select the RIGHT butterfly.",,,,,,,,,,,,,,,,,,,,,,,,
,,,,,147914,001,2025-01-22_20h10.34.489,Simon,2024.2.4,Win32,60.60606061,,,,,,,,,,,,,,,,,,,,,,,,,,,8.5094,9.7607,1,[9.762400000000023],[9.762400000000023],,,,,,,,,,,,,,,,,,,
,,,,,147914,001,2025-01-22_20h10.34.489,Simon,2024.2.4,Win32,60.60606061,,,,,,,,,,1,11.9931,12.4938,,,,,,,,,,,images/white_butterfly.png,images/yellow_butterfly.png,right_image, ,,,,,,9.7713,11.9931,[0.12341772151898735],[-0.10284810126582279],[1],[0],[0],[2.221400000000024],"[""right_image""]",0,0,0,3,1,,,,,
,,,,,147914,001,2025-01-22_20h10.34.489,Simon,2024.2.4,Win32,60.60606061,,,,,,,,,,1,13.6327,14.1272,,,,,,,,,,,images/purple_butterfly.png,images/white_butterfly.png,left_image, ,,,,,,12.4958,13.6325,[-0.12447250945658624],[-0.07014769542066357],[1],[0],[0],[1.1357999999999304],"[""left_image""]",0,1,1,0,1,,,,,
,,,,,147914,001,2025-01-22_20h10.34.489,Simon,2024.2.4,Win32,60.60606061,,,,,,,,,,1,15.8839,16.3799,,,,,,,,,,,images/yellow_butterfly.png,images/white_butterfly.png,right_image, ,,,,,,14.1288,15.8839,[0.09599159337297271],[-0.08280592326876483],[1],[0],[0],[1.7544000000000253],"[""right_image""]",0,2,2,2,1,,,,,
,,,,,147914,001,2025-01-22_20h10.34.489,Simon,2024.2.4,Win32,60.60606061,,,,,,,,,,1,17.8434,18.3437,,,,,,,,,,,images/white_butterfly.png,images/purple_butterfly.png,left_image, ,,,,,,16.3813,17.8434,[-0.1181433955325356],[-0.0764768093447142],[1],[0],[0],[1.461400000000026],"[""left_image""]",0,3,3,1,1,,,,,
,,,,,147914,001,2025-01-22_20h10.34.489,Simon,2024.2.4,Win32,60.60606061,,,,,,,,,,1,19.4442,19.9439,,,,,,,,,,,images/white_butterfly.png,images/purple_butterfly.png,left_image, ,,,,,,18.3457,19.4441,[-0.1181433955325356],[-0.0764768093447142],[1],[0],[0],[1.0980999999999774],"[""left_image""]",1,0,4,1,1,,,,,
,,,,,147914,001,2025-01-22_20h10.34.489,Simon,2024.2.4,Win32,60.60606061,,,,,,,,,,1,20.6107,21.1104,,,,,,,,,,,images/purple_butterfly.png,images/white_butterfly.png,left_image, ,,,,,,19.9457,20.6104,[-0.1181433955325356],[-0.0764768093447142],[1],[0],[0],[0.6638000000000481],"[""left_image""]",1,1,5,0,1,,,,,
,,,,,147914,001,2025-01-22_20h10.34.489,Simon,2024.2.4,Win32,60.60606061,,,,,,,,,,1,22.3102,22.8104,,,,,,,,,,,images/white_butterfly.png,images/yellow_butterfly.png,right_image, ,,,,,,21.1125,22.3101,[0.22362875636619858],[-0.07014769542066357],[1],[0],[0],[1.1961000000000936],"[""right_image""]",1,2,6,3,1,,,,,
,,,,,147914,001,2025-01-22_20h10.34.489,Simon,2024.2.4,Win32,60.60606061,,,,,,,,,,1,24.6606,25.1492,,,,,,,,,,,images/yellow_butterfly.png,images/white_butterfly.png,right_image, ,,,,,,22.8127,24.6605,[0.23312242725227453],[-0.057489467572562306],[1],[0],[0],[1.8465000000000025],"[""right_image""]",1,3,7,2,1,,,,,
,,,,,147914,001,2025-01-22_20h10.34.489,Simon,2024.2.4,Win32,60.60606061,,,,,,,,,,1,26.9603,27.4605,,,,,,,,,,,images/white_butterfly.png,images/purple_butterfly.png,left_image, ,,,,,,25.1508,26.9602,[-0.1571729635890526],[-0.055379746835443035],[1],[0],[0],[1.808699999999952],"[""left_image""]",2,0,8,1,1,,,,,
,,,,,147914,001,2025-01-22_20h10.34.489,Simon,2024.2.4,Win32,60.60606061,,,,,,,,,,1,28.8107,29.3105,,,,,,,,,,,images/white_butterfly.png,images/yellow_butterfly.png,right_image, ,,,,,,27.4616,28.8105,[0.2468354430379747],[-0.05116035364851167],[1],[0],[0],[1.348300000000048],"[""right_image""]",2,1,9,3,1,,,,,
,,,,,147914,001,2025-01-22_20h10.34.489,Simon,2024.2.4,Win32,60.60606061,,,,,,,,,,1,31.0266,31.5269,,,,,,,,,,,images/purple_butterfly.png,images/white_butterfly.png,left_image, ,,,,,,29.3127,31.0264,[-0.12130795249456092],[-0.06381858149661293],[1],[0],[0],[1.7123000000000417],"[""left_image""]",2,2,10,0,1,,,,,
,,,,,147914,001,2025-01-22_20h10.34.489,Simon,2024.2.4,Win32,60.60606061,,,,,,,,,,1,32.9273,33.427,,,,,,,,,,,images/yellow_butterfly.png,images/white_butterfly.png,right_image, ,,,,,,31.529,32.9271,[0.24578065510037578],[-0.021624504765377767],[1],[0],[0],[1.3974000000001396],"[""right_image""]",2,3,11,2,1,,,,,
,,,,,147914,001,2025-01-22_20h10.34.489,Simon,2024.2.4,Win32,60.60606061,,,,,,,,,,1,35.1665,35.6649,,,,,,,,,,,images/white_butterfly.png,images/yellow_butterfly.png,right_image, ,,,,,,33.429,35.1664,[0.2911392405063291],[-0.004746835443037975],[1],[0],[0],[1.7364999999999995],"[""right_image""]",3,0,12,3,1,,,,,
,,,,,147914,001,2025-01-22_20h10.34.489,Simon,2024.2.4,Win32,60.60606061,,,,,,,,,,1,36.9509,37.4436,,,,,,,,,,,images/white_butterfly.png,images/purple_butterfly.png,left_image, ,,,,,,35.6671,36.9508,[-0.12974683544303797],[-0.08280592326876483],[1],[0],[0],[1.2827000000001831],"[""left_image""]",3,1,13,1,1,,,,,
,,,,,147914,001,2025-01-22_20h10.34.489,Simon,2024.2.4,Win32,60.60606061,,,,,,,,,,1,38.0945,38.5938,,,,,,,,,,,images/purple_butterfly.png,images/white_butterfly.png,left_image, ,,,,,,37.4452,38.0944,[-0.12974683544303797],[-0.08280592326876483],[1],[0],[0],[0.6482000000001875],"[""left_image""]",3,2,14,0,1,,,,,
,,,,,147914,001,2025-01-22_20h10.34.489,Simon,2024.2.4,Win32,60.60606061,,,,,,,,,,1,39.7605,40.2601,,,,,,,,,,,images/yellow_butterfly.png,images/white_butterfly.png,right_image, ,,,,,,38.5959,39.7605,[0.26476799687252767],[-0.08069620253164557],[1],[0],[0],[1.1636000000000948],"[""right_image""]",3,3,15,2,1,,,,,
,,,,,147914,001,2025-01-22_20h10.34.489,Simon,2024.2.4,Win32,60.60606061,,,,,,,,,,1,41.5933,42.0928,,,,,,,,,,,images/white_butterfly.png,images/purple_butterfly.png,left_image, ,,,,,,40.2623,41.5933,[-0.11497883857051029],[-0.09335443037974683],[1],[0],[0],[1.3300999999998595],"[""left_image""]",4,0,16,1,1,,,,,
,,,,,147914,001,2025-01-22_20h10.34.489,Simon,2024.2.4,Win32,60.60606061,,,,,,,,,,1,42.8099,43.3104,,,,,,,,,,,images/purple_butterfly.png,images/white_butterfly.png,left_image, ,,,,,,42.0941,42.8099,[-0.11497883857051029],[-0.09335443037974683],[1],[0],[0],[0.7151999999999532],"[""left_image""]",4,1,17,0,1,,,,,
,,,,,147914,001,2025-01-22_20h10.34.489,Simon,2024.2.4,Win32,60.60606061,,,,,,,,,,1,44.5771,45.077,,,,,,,,,,,images/yellow_butterfly.png,images/white_butterfly.png,right_image, ,,,,,,43.3118,44.5769,[0.31434602375271953],[-0.07331225238268889],[1],[0],[0],[1.264000000000003],"[""right_image""]",4,2,18,2,1,,,,,
,,,,,147914,001,2025-01-22_20h10.34.489,Simon,2024.2.4,Win32,60.60606061,,,,,,,,,,1,46.9098,47.399,,,,,,,,,,,images/white_butterfly.png,images/yellow_butterfly.png,right_image, ,,,,,,45.0788,46.9097,[0.3154009082649328],[-0.03639240506329114],[1],[0],[0],[1.8299000000001442],"[""right_image""]",4,3,19,3,1,,,,,
,,,,,147914,001,2025-01-22_20h10.34.489,Simon,2024.2.4,Win32,60.60606061,,,,,,,,,,,,,,,,,,,,,,,,,,,,,,,,,,,,,,,,,,,,,,47.3993,48.7104,1,[48.71009999999986],[48.71009999999986]
