﻿instructions.started,instructions.stopped,start_button.numClicks,start_button.timesOn,start_button.timesOff,participant,session,date,expName,psychopyVersion,OS,frameRate,practice_trial.started,practice_trial.stopped,mouse_2.x,mouse_2.y,mouse_2.leftButton,mouse_2.midButton,mouse_2.rightButton,mouse_2.time,mouse_2.clicked_name,correct,feedback.started,feedback.stopped,loop_until_correct.thisRepN,loop_until_correct.thisTrialN,loop_until_correct.thisN,loop_until_correct.thisIndex,loop_until_correct.ran,prac_trials.thisRepN,prac_trials.thisTrialN,prac_trials.thisN,prac_trials.thisIndex,prac_trials.ran,left_color,right_color,correct_response,top_txt,instructions_2.started,instructions_2.stopped,start_button_2.numClicks,start_button_2.timesOn,start_button_2.timesOff,trial.started,trial.stopped,mouse.x,mouse.y,mouse.leftButton,mouse.midButton,mouse.rightButton,mouse.time,mouse.clicked_name,trials.thisRepN,trials.thisTrialN,trials.thisN,trials.thisIndex,trials.ran,end.started,end.stopped,start_button_3.numClicks,start_button_3.timesOn,start_button_3.timesOff
0.0004,23.9157,1,[23.928100000001496],[23.928100000001496],148037,001,2025-11-09_10h10.32.103,Simon,2024.2.4,Win32,63.69426752,,,,,,,,,,,,,,,,,,,,,,,,,,,,,,,,,,,,,,,,,,,,,,,,,,
,,,,,148037,001,2025-11-09_10h10.32.103,Simon,2024.2.4,Win32,63.69426752,23.9351,30.025,[-0.25925925925925924],[0.010052910052910053],[1],[0],[0],[6.086700000002978],"[""left_image_2"",""left_image_2""]",1,30.0254,30.5063,0,0,0,0,1,,,,,,,,,,,,,,,,,,,,,,,,,,,,,,,,,
,,,,,148037,001,2025-11-09_10h10.32.103,Simon,2024.2.4,Win32,63.69426752,,,,,,,,,,,,,,,,,,0,0,0,0,1,images/purple_butterfly.png,images/white_butterfly.png,left_image_2,"In this example, select the LEFT butterfly.",,,,,,,,,,,,,,,,,,,,,,,,
,,,,,148037,001,2025-11-09_10h10.32.103,Simon,2024.2.4,Win32,63.69426752,30.5077,32.2542,[-0.2507936507936508],[-0.013227513227513227],[1],[0],[0],[1.745100000001493],"[""left_image_2"",""left_image_2""]",1,32.2543,32.741,0,0,0,0,1,,,,,,,,,,,,,,,,,,,,,,,,,,,,,,,,,
,,,,,148037,001,2025-11-09_10h10.32.103,Simon,2024.2.4,Win32,63.69426752,,,,,,,,,,,,,,,,,,0,1,1,1,1,images/white_butterfly.png,images/purple_butterfly.png,left_image_2,"In this example, select the LEFT butterfly.",,,,,,,,,,,,,,,,,,,,,,,,
,,,,,148037,001,2025-11-09_10h10.32.103,Simon,2024.2.4,Win32,63.69426752,32.742,33.6718,[0.22433862433862434],[-0.031216931216931216],[1],[0],[0],[0.9286999999955299],"[""right_image_2"",""right_image_2""]",1,33.6719,34.1508,0,0,0,0,1,,,,,,,,,,,,,,,,,,,,,,,,,,,,,,,,,
,,,,,148037,001,2025-11-09_10h10.32.103,Simon,2024.2.4,Win32,63.69426752,,,,,,,,,,,,,,,,,,0,2,2,2,1,images/yellow_butterfly.png,images/white_butterfly.png,right_image_2,"In this example, select the RIGHT butterfly.",,,,,,,,,,,,,,,,,,,,,,,,
,,,,,148037,001,2025-11-09_10h10.32.103,Simon,2024.2.4,Win32,63.69426752,34.1518,35.3473,[0.1037037037037037],[-0.014285714285714285],[1],[0],[0],[1.1947999999970236],"[""right_image_2"",""right_image_2""]",1,35.3475,35.8257,0,0,0,0,1,,,,,,,,,,,,,,,,,,,,,,,,,,,,,,,,,
,,,,,148037,001,2025-11-09_10h10.32.103,Simon,2024.2.4,Win32,63.69426752,,,,,,,,,,,,,,,,,,0,3,3,3,1,images/white_butterfly.png,images/yellow_butterfly.png,right_image_2,"In this example, select the RIGHT butterfly.",,,,,,,,,,,,,,,,,,,,,,,,
,,,,,148037,001,2025-11-09_10h10.32.103,Simon,2024.2.4,Win32,63.69426752,,,,,,,,,,,,,,,,,,,,,,,,,,,35.826,37.1424,1,[37.14519999999554],[37.14519999999554],,,,,,,,,,,,,,,,,,,
,,,,,148037,001,2025-11-09_10h10.32.103,Simon,2024.2.4,Win32,63.69426752,,,,,,,,,,1,38.34,38.8463,,,,,,,,,,,images/white_butterfly.png,images/yellow_butterfly.png,right_image, ,,,,,,37.1486,38.34,[0.23174603174603176],[-0.0005291005291005291],[1],[0],[0],[1.1907999999970187],"[""right_image""]",0,0,0,3,1,,,,,
,,,,,148037,001,2025-11-09_10h10.32.103,Simon,2024.2.4,Win32,63.69426752,,,,,,,,,,1,39.7353,40.2401,,,,,,,,,,,images/purple_butterfly.png,images/white_butterfly.png,left_image, ,,,,,,38.8468,39.7352,[-0.29523809523809524],[0.019576719576719578],[1],[0],[0],[0.8881999999955283],"[""left_image""]",0,1,1,0,1,,,,,
,,,,,148037,001,2025-11-09_10h10.32.103,Simon,2024.2.4,Win32,63.69426752,,,,,,,,,,1,41.1151,41.6106,,,,,,,,,,,images/yellow_butterfly.png,images/white_butterfly.png,right_image, ,,,,,,40.2406,41.1151,[0.2275132275132275],[-0.004761904761904762],[1],[0],[0],[0.8741000000014907],"[""right_image""]",0,2,2,2,1,,,,,
,,,,,148037,001,2025-11-09_10h10.32.103,Simon,2024.2.4,Win32,63.69426752,,,,,,,,,,1,42.6285,43.1167,,,,,,,,,,,images/white_butterfly.png,images/purple_butterfly.png,left_image, ,,,,,,41.6113,42.6285,[-0.1619047619047619],[-0.051322751322751325],[1],[0],[0],[1.016600000001496],"[""left_image""]",0,3,3,1,1,,,,,
,,,,,148037,001,2025-11-09_10h10.32.103,Simon,2024.2.4,Win32,63.69426752,,,,,,,,,,1,44.3486,44.8257,,,,,,,,,,,images/white_butterfly.png,images/purple_butterfly.png,left_image, ,,,,,,43.117,44.3486,[-0.23809523809523808],[-0.0417989417989418],[1],[0],[0],[1.231499999999997],"[""left_image""]",1,0,4,1,1,,,,,
,,,,,148037,001,2025-11-09_10h10.32.103,Simon,2024.2.4,Win32,63.69426752,,,,,,,,,,1,46.2053,46.6928,,,,,,,,,,,images/white_butterfly.png,images/yellow_butterfly.png,right_image, ,,,,,,44.8261,46.2052,"[0.4507936507936508,0.039153439153439155,0.1343915343915344]","[-0.056613756613756616,0.05767195767195767,0.054497354497354496]","[1,1,1]","[0,0,0]","[0,0,0]","[0.8050000000000068,1.023200000002987,1.3790000000000049]","[null,null,""right_image""]",1,1,5,3,1,,,,,
,,,,,148037,001,2025-11-09_10h10.32.103,Simon,2024.2.4,Win32,63.69426752,,,,,,,,,,1,47.3497,47.8565,,,,,,,,,,,images/purple_butterfly.png,images/white_butterfly.png,left_image, ,,,,,,46.6933,47.3497,[-0.2783068783068783],[0.03333333333333333],[1],[0],[0],[0.6559999999999846],"[""left_image""]",1,2,6,0,1,,,,,
,,,,,148037,001,2025-11-09_10h10.32.103,Simon,2024.2.4,Win32,63.69426752,,,,,,,,,,1,48.8269,49.3439,,,,,,,,,,,images/yellow_butterfly.png,images/white_butterfly.png,right_image, ,,,,,,47.857,48.8268,[0.09206349206349207],[0.01746031746031746],[1],[0],[0],[0.9696000000014919],"[""right_image""]",1,3,7,2,1,,,,,
,,,,,148037,001,2025-11-09_10h10.32.103,Simon,2024.2.4,Win32,63.69426752,,,,,,,,,,1,50.1735,50.6547,,,,,,,,,,,images/white_butterfly.png,images/yellow_butterfly.png,right_image, ,,,,,,49.3443,50.1735,[0.291005291005291],[0.06613756613756613],[1],[0],[0],[0.8288999999985123],"[""right_image""]",2,0,8,3,1,,,,,
,,,,,148037,001,2025-11-09_10h10.32.103,Simon,2024.2.4,Win32,63.69426752,,,,,,,,,,1,51.7077,52.1904,,,,,,,,,,,images/yellow_butterfly.png,images/white_butterfly.png,right_image, ,,,,,,50.6552,51.7077,[0.29947089947089944],[0.03439153439153439],[1],[0],[0],[1.0522000000029834],"[""right_image""]",2,1,9,2,1,,,,,
,,,,,148037,001,2025-11-09_10h10.32.103,Simon,2024.2.4,Win32,63.69426752,,,,,,,,,,1,53.0411,53.5252,,,,,,,,,,,images/purple_butterfly.png,images/white_butterfly.png,left_image, ,,,,,,52.1909,53.041,[-0.26031746031746034],[-0.03756613756613757],[1],[0],[0],[0.8499999999999943],"[""left_image""]",2,2,10,0,1,,,,,
,,,,,148037,001,2025-11-09_10h10.32.103,Simon,2024.2.4,Win32,63.69426752,,,,,,,,,,1,54.6934,55.1863,,,,,,,,,,,images/white_butterfly.png,images/purple_butterfly.png,left_image, ,,,,,,53.5257,54.6933,[-0.2751322751322751],[-0.013227513227513227],[1],[0],[0],[1.1673999999985085],"[""left_image""]",2,3,11,1,1,,,,,
,,,,,148037,001,2025-11-09_10h10.32.103,Simon,2024.2.4,Win32,63.69426752,,,,,,,,,,1,56.1917,56.672,,,,,,,,,,,images/white_butterfly.png,images/yellow_butterfly.png,right_image, ,,,,,,55.1869,56.1916,[0.17142857142857143],[-0.008994708994708995],[1],[0],[0],[1.0046000000014885],"[""right_image""]",3,0,12,3,1,,,,,
,,,,,148037,001,2025-11-09_10h10.32.103,Simon,2024.2.4,Win32,63.69426752,,,,,,,,,,1,57.462,57.9465,,,,,,,,,,,images/purple_butterfly.png,images/white_butterfly.png,left_image, ,,,,,,56.6724,57.4619,[-0.13968253968253969],[-0.02275132275132275],[1],[0],[0],[0.789299999997013],"[""left_image""]",3,1,13,0,1,,,,,
,,,,,148037,001,2025-11-09_10h10.32.103,Simon,2024.2.4,Win32,63.69426752,,,,,,,,,,1,59.0385,59.5226,,,,,,,,,,,images/white_butterfly.png,images/purple_butterfly.png,left_image, ,,,,,,57.947,59.0384,[-0.2613756613756614],[-0.035449735449735446],[1],[0],[0],[1.0911999999955384],"[""left_image""]",3,2,14,1,1,,,,,
,,,,,148037,001,2025-11-09_10h10.32.103,Simon,2024.2.4,Win32,63.69426752,,,,,,,,,,1,60.689,61.1804,,,,,,,,,,,images/yellow_butterfly.png,images/white_butterfly.png,right_image, ,,,,,,59.5233,60.689,[0.28994708994708995],[-0.03439153439153439],[1],[0],[0],[1.1653999999985132],"[""right_image""]",3,3,15,2,1,,,,,
,,,,,148037,001,2025-11-09_10h10.32.103,Simon,2024.2.4,Win32,63.69426752,,,,,,,,,,1,62.3244,62.807,,,,,,,,,,,images/purple_butterfly.png,images/white_butterfly.png,left_image, ,,,,,,61.1809,62.3244,[-0.1037037037037037],[-0.03015873015873016],[1],[0],[0],[1.143199999995531],"[""left_image""]",4,0,16,0,1,,,,,
,,,,,148037,001,2025-11-09_10h10.32.103,Simon,2024.2.4,Win32,63.69426752,,,,,,,,,,1,63.7269,64.2093,,,,,,,,,,,images/yellow_butterfly.png,images/white_butterfly.png,right_image, ,,,,,,62.8074,63.7269,"[0.37566137566137564,0.22433862433862434]","[-0.0417989417989418,-0.06613756613756613]","[1,1]","[0,0]","[0,0]","[0.5652999999970234,0.9192999999970226]","[null,""right_image""]",4,1,17,2,1,,,,,
,,,,,148037,001,2025-11-09_10h10.32.103,Simon,2024.2.4,Win32,63.69426752,,,,,,,,,,1,68.0312,68.5102,,,,,,,,,,,images/white_butterfly.png,images/purple_butterfly.png,left_image, ,,,,,,64.2098,68.0311,[-0.10264550264550265],[-0.09682539682539683],[1],[0],[0],[3.820999999999998],"[""left_image""]",4,2,18,1,1,,,,,
,,,,,148037,001,2025-11-09_10h10.32.103,Simon,2024.2.4,Win32,63.69426752,,,,,,,,,,1,72.246,72.7246,,,,,,,,,,,images/white_butterfly.png,images/yellow_butterfly.png,right_image, ,,,,,,68.5105,72.2459,[0.1259259259259259],[-0.014285714285714285],[1],[0],[0],[3.7352000000029904],"[""right_image""]",4,3,19,3,1,,,,,
,,,,,148037,001,2025-11-09_10h10.32.103,Simon,2024.2.4,Win32,63.69426752,,,,,,,,,,,,,,,,,,,,,,,,,,,,,,,,,,,,,,,,,,,,,,72.7248,74.5193,1,[74.51910000000149],[74.51910000000149]
