﻿instructions.started,instructions.stopped,start_button.numClicks,start_button.timesOn,start_button.timesOff,participant,session,date,expName,psychopyVersion,OS,frameRate,practice_trial.started,practice_trial.stopped,mouse_2.x,mouse_2.y,mouse_2.leftButton,mouse_2.midButton,mouse_2.rightButton,mouse_2.time,mouse_2.clicked_name,correct,feedback.started,feedback.stopped,loop_until_correct.thisRepN,loop_until_correct.thisTrialN,loop_until_correct.thisN,loop_until_correct.thisIndex,loop_until_correct.ran,prac_trials.thisRepN,prac_trials.thisTrialN,prac_trials.thisN,prac_trials.thisIndex,prac_trials.ran,left_color,right_color,correct_response,top_txt,instructions_2.started,instructions_2.stopped,start_button_2.numClicks,start_button_2.timesOn,start_button_2.timesOff,trial.started,trial.stopped,mouse.x,mouse.y,mouse.leftButton,mouse.midButton,mouse.rightButton,mouse.time,mouse.clicked_name,trials.thisRepN,trials.thisTrialN,trials.thisN,trials.thisIndex,trials.ran,end.started,end.stopped,start_button_3.numClicks,start_button_3.timesOn,start_button_3.timesOff
0.0003,13.2765,1,[13.291400000095367],[13.291500000000001],148596,001,2025-02-19_15h49.21.307,Simon,2024.2.4,Win32,59.88023952,,,,,,,,,,,,,,,,,,,,,,,,,,,,,,,,,,,,,,,,,,,,,,,,,,
,,,,,148596,001,2025-02-19_15h49.21.307,Simon,2024.2.4,Win32,59.88023952,13.2931,19.3916,[-0.1452574691152185],[0.0498644821042937],[1],[0],[0],[6.096499999999999],"[""left_image_2"",""left_image_2""]",1,19.3919,19.8915,0,0,0,0,1,,,,,,,,,,,,,,,,,,,,,,,,,,,,,,,,,
,,,,,148596,001,2025-02-19_15h49.21.307,Simon,2024.2.4,Win32,59.88023952,,,,,,,,,,,,,,,,,,0,0,0,0,1,images/purple_butterfly.png,images/white_butterfly.png,left_image_2,"In this example, select the LEFT butterfly.",,,,,,,,,,,,,,,,,,,,,,,,
,,,,,148596,001,2025-02-19_15h49.21.307,Simon,2024.2.4,Win32,59.88023952,19.8935,21.6743,[-0.1474254577140498],[0.05203251205485688],[1],[0],[0],[1.779600000143052],"[""left_image_2"",""left_image_2""]",1,21.6746,22.1742,0,0,0,0,1,,,,,,,,,,,,,,,,,,,,,,,,,,,,,,,,,
,,,,,148596,001,2025-02-19_15h49.21.307,Simon,2024.2.4,Win32,59.88023952,,,,,,,,,,,,,,,,,,0,1,1,1,1,images/white_butterfly.png,images/purple_butterfly.png,left_image_2,"In this example, select the LEFT butterfly.",,,,,,,,,,,,,,,,,,,,,,,,
,,,,,148596,001,2025-02-19_15h49.21.307,Simon,2024.2.4,Win32,59.88023952,22.1764,24.3903,[0.11924119241192412],[-0.0021680299505631774],[1],[0],[0],[2.212500000000002],"[""right_image_2"",""right_image_2""]",1,24.3905,24.891,0,0,0,0,1,,,,,,,,,,,,,,,,,,,,,,,,,,,,,,,,,
,,,,,148596,001,2025-02-19_15h49.21.307,Simon,2024.2.4,Win32,59.88023952,,,,,,,,,,,,,,,,,,0,2,2,2,1,images/yellow_butterfly.png,images/white_butterfly.png,right_image_2,"In this example, select the RIGHT butterfly.",,,,,,,,,,,,,,,,,,,,,,,,
,,,,,148596,001,2025-02-19_15h49.21.307,Simon,2024.2.4,Win32,59.88023952,24.8927,25.9068,[0.12140926371421917],[-0.0065040898516895325],[1],[0],[0],[1.0131000001430515],"[""right_image_2"",""right_image_2""]",1,25.9069,26.4064,0,0,0,0,1,,,,,,,,,,,,,,,,,,,,,,,,,,,,,,,,,
,,,,,148596,001,2025-02-19_15h49.21.307,Simon,2024.2.4,Win32,59.88023952,,,,,,,,,,,,,,,,,,0,3,3,3,1,images/white_butterfly.png,images/yellow_butterfly.png,right_image_2,"In this example, select the RIGHT butterfly.",,,,,,,,,,,,,,,,,,,,,,,,
,,,,,148596,001,2025-02-19_15h49.21.307,Simon,2024.2.4,Win32,59.88023952,,,,,,,,,,,,,,,,,,,,,,,,,,,26.4067,27.4399,1,[27.444400000095367],[27.4445],,,,,,,,,,,,,,,,,,,
,,,,,148596,001,2025-02-19_15h49.21.307,Simon,2024.2.4,Win32,59.88023952,,,,,,,,,,1,28.4568,28.9563,,,,,,,,,,,images/purple_butterfly.png,images/white_butterfly.png,left_image, ,,,,,,27.446,28.4567,[-0.19403795692009654],[-0.005420054200542005],[1],[0],[0],[1.0103000001907319],"[""left_image""]",0,0,0,0,1,,,,,
,,,,,148596,001,2025-02-19_15h49.21.307,Simon,2024.2.4,Win32,59.88023952,,,,,,,,,,1,29.9725,30.4726,,,,,,,,,,,images/yellow_butterfly.png,images/white_butterfly.png,right_image, ,,,,,,28.9572,29.9724,[0.2395663791232639],[0.029268300953273204],[1],[0],[0],[1.0144999999999982],"[""right_image""]",0,1,1,2,1,,,,,
,,,,,148596,001,2025-02-19_15h49.21.307,Simon,2024.2.4,Win32,59.88023952,,,,,,,,,,1,31.4723,31.972,,,,,,,,,,,images/white_butterfly.png,images/yellow_butterfly.png,right_image, ,,,,,,30.4731,31.4721,[0.31002708373030996],[0.036856343752646514],[1],[0],[0],[0.9983999998569502],"[""right_image""]",0,2,2,3,1,,,,,
,,,,,148596,001,2025-02-19_15h49.21.307,Simon,2024.2.4,Win32,59.88023952,,,,,,,,,,1,32.7385,33.2384,,,,,,,,,,,images/white_butterfly.png,images/purple_butterfly.png,left_image, ,,,,,,31.9726,32.7385,[-0.21029811952172256],[0.007588084151105183],[1],[0],[0],[0.7655999999046301],"[""left_image""]",0,3,3,1,1,,,,,
,,,,,148596,001,2025-02-19_15h49.21.307,Simon,2024.2.4,Win32,59.88023952,,,,,,,,,,1,33.9717,34.4718,,,,,,,,,,,images/purple_butterfly.png,images/white_butterfly.png,left_image, ,,,,,,33.2391,33.9716,[-0.20379398831830114],[0.0021680299505631774],[1],[0],[0],[0.7319999999999993],"[""left_image""]",1,0,4,0,1,,,,,
,,,,,148596,001,2025-02-19_15h49.21.307,Simon,2024.2.4,Win32,59.88023952,,,,,,,,,,1,35.3049,35.8047,,,,,,,,,,,images/white_butterfly.png,images/yellow_butterfly.png,right_image, ,,,,,,34.4726,35.3049,[0.1528455119145918],[-0.01084010840108401],[1],[0],[0],[0.8315999999046326],"[""right_image""]",1,1,5,3,1,,,,,
,,,,,148596,001,2025-02-19_15h49.21.307,Simon,2024.2.4,Win32,59.88023952,,,,,,,,,,1,36.6546,37.1543,,,,,,,,,,,images/white_butterfly.png,images/purple_butterfly.png,left_image, ,,,,,,35.8059,36.6545,[-0.17127366311504913],[-0.039024415054941565],[1],[0],[0],[0.848200000047683],"[""left_image""]",1,2,6,1,1,,,,,
,,,,,148596,001,2025-02-19_15h49.21.307,Simon,2024.2.4,Win32,59.88023952,,,,,,,,,,1,38.2712,38.7707,,,,,,,,,,,images/yellow_butterfly.png,images/white_butterfly.png,right_image, ,,,,,,37.155,38.2711,[0.17127374581851287],[-0.001084035651147527],[1],[0],[0],[1.1155999999046315],"[""right_image""]",1,3,7,2,1,,,,,
,,,,,148596,001,2025-02-19_15h49.21.307,Simon,2024.2.4,Win32,59.88023952,,,,,,,,,,1,39.3039,39.8047,,,,,,,,,,,images/white_butterfly.png,images/yellow_butterfly.png,right_image, ,,,,,,38.7718,39.3039,[0.15826556611513382],[-0.01084010840108401],[1],[0],[0],[0.5315000000000012],"[""right_image""]",2,0,8,3,1,,,,,
,,,,,148596,001,2025-02-19_15h49.21.307,Simon,2024.2.4,Win32,59.88023952,,,,,,,,,,1,40.2869,40.7868,,,,,,,,,,,images/purple_butterfly.png,images/white_butterfly.png,left_image, ,,,,,,39.8061,40.2869,[-0.16693768591738653],[-0.029268300953273204],[1],[0],[0],[0.48020000004768804],"[""left_image""]",2,1,9,0,1,,,,,
,,,,,148596,001,2025-02-19_15h49.21.307,Simon,2024.2.4,Win32,59.88023952,,,,,,,,,,1,42.0866,42.5866,,,,,,,,,,,images/yellow_butterfly.png,images/white_butterfly.png,right_image, ,,,,,,40.7877,42.0866,"[0.3859079252413618,0.2460705103266853]","[0.06720868035706724,0.0682926746564829]","[1,1]","[0,0]","[0,0]","[0.8819999999999979,1.2983999998569473]","[null,""right_image""]",2,2,10,2,1,,,,,
,,,,,148596,001,2025-02-19_15h49.21.307,Simon,2024.2.4,Win32,59.88023952,,,,,,,,,,1,43.17,43.6698,,,,,,,,,,,images/white_butterfly.png,images/purple_butterfly.png,left_image, ,,,,,,42.5873,43.1699,[-0.16260162601626016],[0.020596181151020493],[1],[0],[0],[0.5822000000476848],"[""left_image""]",2,3,11,1,1,,,,,
,,,,,148596,001,2025-02-19_15h49.21.307,Simon,2024.2.4,Win32,59.88023952,,,,,,,,,,1,44.4862,44.9859,,,,,,,,,,,images/white_butterfly.png,images/purple_butterfly.png,left_image, ,,,,,,43.6713,44.4861,[-0.16368562031567582],[0.008672078450520834],[1],[0],[0],[0.8147000000476865],"[""left_image""]",3,0,12,1,1,,,,,
,,,,,148596,001,2025-02-19_15h49.21.307,Simon,2024.2.4,Win32,59.88023952,,,,,,,,,,1,45.636,46.1357,,,,,,,,,,,images/purple_butterfly.png,images/white_butterfly.png,left_image, ,,,,,,44.9869,45.6359,[-0.16802168021680217],[0.0021680299505631774],[1],[0],[0],[0.6482999999523145],"[""left_image""]",3,1,13,0,1,,,,,
,,,,,148596,001,2025-02-19_15h49.21.307,Simon,2024.2.4,Win32,59.88023952,,,,,,,,,,1,46.8356,47.3356,,,,,,,,,,,images/white_butterfly.png,images/yellow_butterfly.png,right_image, ,,,,,,46.1368,46.8355,[0.17994578291730182],[0.02710027100271003],[1],[0],[0],[0.6980999999046347],"[""right_image""]",3,2,14,3,1,,,,,
,,,,,148596,001,2025-02-19_15h49.21.307,Simon,2024.2.4,Win32,59.88023952,,,,,,,,,,1,48.3186,48.8187,,,,,,,,,,,images/yellow_butterfly.png,images/white_butterfly.png,right_image, ,,,,,,47.3365,48.3185,[0.17452572871675984],[0.03143628955210451],[1],[0],[0],[0.9812000000476786],"[""right_image""]",3,3,15,2,1,,,,,
,,,,,148596,001,2025-02-19_15h49.21.307,Simon,2024.2.4,Win32,59.88023952,,,,,,,,,,1,49.3852,49.8851,,,,,,,,,,,images/white_butterfly.png,images/yellow_butterfly.png,right_image, ,,,,,,48.8193,49.3852,[0.1452574691152185],[0.0238482467527312],[1],[0],[0],[0.565400000095373],"[""right_image""]",4,0,16,3,1,,,,,
,,,,,148596,001,2025-02-19_15h49.21.307,Simon,2024.2.4,Win32,59.88023952,,,,,,,,,,1,50.5015,51.0015,,,,,,,,,,,images/white_butterfly.png,images/purple_butterfly.png,left_image, ,,,,,,49.8857,50.5015,[-0.1452574691152185],[-0.02493224105214685],[1],[0],[0],[0.6152999999523203],"[""left_image""]",4,1,17,1,1,,,,,
,,,,,148596,001,2025-02-19_15h49.21.307,Simon,2024.2.4,Win32,59.88023952,,,,,,,,,,1,51.4181,51.9179,,,,,,,,,,,images/purple_butterfly.png,images/white_butterfly.png,left_image, ,,,,,,51.0025,51.418,[-0.14308939781292343],[-0.02710027100271003],[1],[0],[0],[0.4147999999523222],"[""left_image""]",4,2,18,0,1,,,,,
,,,,,148596,001,2025-02-19_15h49.21.307,Simon,2024.2.4,Win32,59.88023952,,,,,,,,,,1,52.5011,53.001,,,,,,,,,,,images/yellow_butterfly.png,images/white_butterfly.png,right_image, ,,,,,,51.9188,52.5011,[0.12032518671133977],[-0.003252024249978828],[1],[0],[0],[0.5815999999046326],"[""right_image""]",4,3,19,2,1,,,,,
,,,,,148596,001,2025-02-19_15h49.21.307,Simon,2024.2.4,Win32,59.88023952,,,,,,,,,,,,,,,,,,,,,,,,,,,,,,,,,,,,,,,,,,,,,,53.0012,53.968,1,[53.96760000014305],[53.96760000014305]
