﻿instructions.started,instructions.stopped,start_button.numClicks,start_button.timesOn,start_button.timesOff,participant,session,date,expName,psychopyVersion,OS,frameRate,practice_trial.started,practice_trial.stopped,mouse_2.x,mouse_2.y,mouse_2.leftButton,mouse_2.midButton,mouse_2.rightButton,mouse_2.time,mouse_2.clicked_name,correct,feedback.started,feedback.stopped,loop_until_correct.thisRepN,loop_until_correct.thisTrialN,loop_until_correct.thisN,loop_until_correct.thisIndex,loop_until_correct.ran,prac_trials.thisRepN,prac_trials.thisTrialN,prac_trials.thisN,prac_trials.thisIndex,prac_trials.ran,left_color,right_color,correct_response,top_txt,instructions_2.started,instructions_2.stopped,start_button_2.numClicks,start_button_2.timesOn,start_button_2.timesOff,trial.started,trial.stopped,mouse.x,mouse.y,mouse.leftButton,mouse.midButton,mouse.rightButton,mouse.time,mouse.clicked_name,trials.thisRepN,trials.thisTrialN,trials.thisN,trials.thisIndex,trials.ran
0.0004,25.1071,1,[25.12590000000037],[25.12690000000037],153322,001,2025-11-04_14h18.24.963,Simon,2024.2.4,Win32,59.52380952,,,,,,,,,,,,,,,,,,,,,,,,,,,,,,,,,,,,,,,,,,,,,
,,,,,153322,001,2025-11-04_14h18.24.963,Simon,2024.2.4,Win32,59.52380952,25.1315,42.7055,[-0.17263427109974425],[0.029411764705882353],[1],[0],[0],[17.571399999999436],"[""left_image_2"",""left_image_2""]",1,42.7067,43.2049,0,0,0,0,1,,,,,,,,,,,,,,,,,,,,,,,,,,,,
,,,,,153322,001,2025-11-04_14h18.24.963,Simon,2024.2.4,Win32,59.52380952,,,,,,,,,,,,,,,,,,0,0,0,0,1,images/purple_butterfly.png,images/white_butterfly.png,left_image_2,"In this example, select the LEFT butterfly.",,,,,,,,,,,,,,,,,,,
,,,,,153322,001,2025-11-04_14h18.24.963,Simon,2024.2.4,Win32,59.52380952,43.2085,47.7383,[-0.21611253196930946],[0.010230179028132993],[1],[0],[0],[4.528599999999635],"[""left_image_2"",""left_image_2""]",1,47.7385,48.2381,0,0,0,0,1,,,,,,,,,,,,,,,,,,,,,,,,,,,,
,,,,,153322,001,2025-11-04_14h18.24.963,Simon,2024.2.4,Win32,59.52380952,,,,,,,,,,,,,,,,,,0,1,1,1,1,images/white_butterfly.png,images/purple_butterfly.png,left_image_2,"In this example, select the LEFT butterfly.",,,,,,,,,,,,,,,,,,,
,,,,,153322,001,2025-11-04_14h18.24.963,Simon,2024.2.4,Win32,59.52380952,48.2417,50.5884,[0.14194373401534527],[-0.030690537084398978],[1],[0],[0],[2.3453999999994437],"[""right_image_2"",""right_image_2""]",1,50.5886,51.0881,0,0,0,0,1,,,,,,,,,,,,,,,,,,,,,,,,,,,,
,,,,,153322,001,2025-11-04_14h18.24.963,Simon,2024.2.4,Win32,59.52380952,,,,,,,,,,,,,,,,,,0,2,2,2,1,images/yellow_butterfly.png,images/white_butterfly.png,right_image_2,"In this example, select the RIGHT butterfly.",,,,,,,,,,,,,,,,,,,
,,,,,153322,001,2025-11-04_14h18.24.963,Simon,2024.2.4,Win32,59.52380952,51.0909,52.4883,[0.13810741687979539],[-0.030690537084398978],[1],[0],[0],[1.3961000000005583],"[""right_image_2"",""right_image_2""]",1,52.4884,52.988,0,0,0,0,1,,,,,,,,,,,,,,,,,,,,,,,,,,,,
,,,,,153322,001,2025-11-04_14h18.24.963,Simon,2024.2.4,Win32,59.52380952,,,,,,,,,,,,,,,,,,0,3,3,3,1,images/white_butterfly.png,images/yellow_butterfly.png,right_image_2,"In this example, select the RIGHT butterfly.",,,,,,,,,,,,,,,,,,,
,,,,,153322,001,2025-11-04_14h18.24.963,Simon,2024.2.4,Win32,59.52380952,,,,,,,,,,,,,,,,,,,,,,,,,,,52.9885,56.9216,1,[56.92509999999964],[56.92509999999964],,,,,,,,,,,,,,
,,,,,153322,001,2025-11-04_14h18.24.963,Simon,2024.2.4,Win32,59.52380952,,,,,,,,,,1,68.622,69.1214,,,,,,,,,,,images/purple_butterfly.png,images/white_butterfly.png,left_image, ,,,,,,56.9317,68.6219,[-0.1867007672634271],[0.005115089514066497],[1],[0],[0],[11.689499999999995],"[""left_image""]",0,0,0,0,1
,,,,,153322,001,2025-11-04_14h18.24.963,Simon,2024.2.4,Win32,59.52380952,,,,,,,,,,1,75.205,75.7048,,,,,,,,,,,images/yellow_butterfly.png,images/white_butterfly.png,right_image, ,,,,,,69.123,75.205,[0.11125319693094629],[-0.034526854219948847],[1],[0],[0],[6.0815000000000055],"[""right_image""]",0,1,1,2,1
,,,,,153322,001,2025-11-04_14h18.24.963,Simon,2024.2.4,Win32,59.52380952,,,,,,,,,,0,83.2065,83.7048,,,,,,,,,,,images/white_butterfly.png,images/purple_butterfly.png,left_image, ,,,,,,75.7062,83.2049,[0.1918158567774936],[-0.0038363171355498722],[1],[0],[0],[7.497800000000751],"[""right_image""]",0,2,2,1,1
,,,,,153322,001,2025-11-04_14h18.24.963,Simon,2024.2.4,Win32,59.52380952,,,,,,,,,,1,91.507,92.005,,,,,,,,,,,images/white_butterfly.png,images/yellow_butterfly.png,right_image, ,,,,,,83.706,91.5049,[0.16751918158567775],[-0.016624040920716114],[1],[0],[0],[7.798200000000179],"[""right_image""]",0,3,3,3,1
,,,,,153322,001,2025-11-04_14h18.24.963,Simon,2024.2.4,Win32,59.52380952,,,,,,,,,,1,93.5883,94.0881,,,,,,,,,,,images/yellow_butterfly.png,images/white_butterfly.png,right_image, ,,,,,,92.0066,93.5882,[0.16751918158567775],[-0.014066496163682864],[1],[0],[0],[1.581000000000003],"[""right_image""]",1,0,4,2,1
,,,,,153322,001,2025-11-04_14h18.24.963,Simon,2024.2.4,Win32,59.52380952,,,,,,,,,,1,132.3551,132.8548,,,,,,,,,,,images/white_butterfly.png,images/purple_butterfly.png,left_image, ,,,,,,94.0894,132.3551,[-0.14066496163682865],[-0.04731457800511509],[1],[0],[0],[38.264999999999986],"[""left_image""]",1,1,5,1,1
,,,,,153322,001,2025-11-04_14h18.24.963,Simon,2024.2.4,Win32,59.52380952,,,,,,,,,,1,134.0717,134.5715,,,,,,,,,,,images/purple_butterfly.png,images/white_butterfly.png,left_image, ,,,,,,132.8562,134.0716,[-0.13682864450127877],[-0.017902813299232736],[1],[0],[0],[1.2147999999998262],"[""left_image""]",1,2,6,0,1
,,,,,153322,001,2025-11-04_14h18.24.963,Simon,2024.2.4,Win32,59.52380952,,,,,,,,,,1,148.3716,148.8715,,,,,,,,,,,images/white_butterfly.png,images/yellow_butterfly.png,right_image, ,,,,,,134.5727,148.3715,[0.1956521739130435],[-0.014066496163682864],[1],[0],[0],[13.798200000000179],"[""right_image""]",1,3,7,3,1
,,,,,153322,001,2025-11-04_14h18.24.963,Simon,2024.2.4,Win32,59.52380952,,,,,,,,,,1,150.3049,150.8049,,,,,,,,,,,images/white_butterfly.png,images/purple_butterfly.png,left_image, ,,,,,,148.8726,150.3049,[-0.16240409207161124],[0.011508951406649617],[1],[0],[0],[1.431700000000177],"[""left_image""]",2,0,8,1,1
,,,,,153322,001,2025-11-04_14h18.24.963,Simon,2024.2.4,Win32,59.52380952,,,,,,,,,,1,152.0384,152.5382,,,,,,,,,,,images/white_butterfly.png,images/yellow_butterfly.png,right_image, ,,,,,,150.8059,152.0383,[0.26982097186700765],[0.0038363171355498722],[1],[0],[0],[1.2317000000001883],"[""right_image""]",2,1,9,3,1
,,,,,153322,001,2025-11-04_14h18.24.963,Simon,2024.2.4,Win32,59.52380952,,,,,,,,,,0,154.156,154.6549,,,,,,,,,,,images/yellow_butterfly.png,images/white_butterfly.png,right_image, ,,,,,,152.5393,154.155,[-0.16751918158567775],[-0.011508951406649617],[1],[0],[0],[1.6149999999999807],"[""left_image""]",2,2,10,2,1
