﻿instructions.started,instructions.stopped,start_button.numClicks,start_button.timesOn,start_button.timesOff,participant,session,date,expName,psychopyVersion,OS,frameRate,practice_trial.started,practice_trial.stopped,mouse_2.x,mouse_2.y,mouse_2.leftButton,mouse_2.midButton,mouse_2.rightButton,mouse_2.time,mouse_2.clicked_name,correct,feedback.started,feedback.stopped,loop_until_correct.thisRepN,loop_until_correct.thisTrialN,loop_until_correct.thisN,loop_until_correct.thisIndex,loop_until_correct.ran,prac_trials.thisRepN,prac_trials.thisTrialN,prac_trials.thisN,prac_trials.thisIndex,prac_trials.ran,left_color,right_color,correct_response,top_txt,instructions_2.started,instructions_2.stopped,start_button_2.numClicks,start_button_2.timesOn,start_button_2.timesOff,trial.started,trial.stopped,mouse.x,mouse.y,mouse.leftButton,mouse.midButton,mouse.rightButton,mouse.time,mouse.clicked_name,trials.thisRepN,trials.thisTrialN,trials.thisN,trials.thisIndex,trials.ran,end.started,end.stopped,start_button_3.numClicks,start_button_3.timesOn,start_button_3.timesOff
0.0006,11.5749,1,[11.594399999976154],[11.594399999976154],153471cty,001,2026-01-29_10h21.35.145,Simon,2024.2.4,Win32,59.88023952,,,,,,,,,,,,,,,,,,,,,,,,,,,,,,,,,,,,,,,,,,,,,,,,,,
,,,,,153471cty,001,2026-01-29_10h21.35.145,Simon,2024.2.4,Win32,59.88023952,11.5957,12.5919,[-0.17800446594653485],[-0.05215422961176658],[1],[0],[0],[0.9933999999761625],"[""left_image_2"",""left_image_2""]",1,12.5931,13.0911,0,0,0,0,1,,,,,,,,,,,,,,,,,,,,,,,,,,,,,,,,,
,,,,,153471cty,001,2026-01-29_10h21.35.145,Simon,2024.2.4,Win32,59.88023952,,,,,,,,,,,,,,,,,,0,0,0,0,1,images/purple_butterfly.png,images/white_butterfly.png,left_image_2,"In this example, select the LEFT butterfly.",,,,,,,,,,,,,,,,,,,,,,,,
,,,,,153471cty,001,2026-01-29_10h21.35.145,Simon,2024.2.4,Win32,59.88023952,13.0944,15.9143,[-0.19047619047619047],[-0.06689344133649554],[1],[0],[0],[2.8174999999999955],"[""left_image_2"",""left_image_2""]",1,15.9146,16.4073,0,0,0,0,1,,,,,,,,,,,,,,,,,,,,,,,,,,,,,,,,,
,,,,,153471cty,001,2026-01-29_10h21.35.145,Simon,2024.2.4,Win32,59.88023952,,,,,,,,,,,,,,,,,,0,1,1,1,1,images/white_butterfly.png,images/purple_butterfly.png,left_image_2,"In this example, select the LEFT butterfly.",,,,,,,,,,,,,,,,,,,,,,,,
,,,,,153471cty,001,2026-01-29_10h21.35.145,Simon,2024.2.4,Win32,59.88023952,16.4096,17.3985,[0.19501137246890943],[-0.027210884353741496],[1],[0],[0],[0.9862999999523225],"[""right_image_2"",""right_image_2""]",1,17.3987,17.8907,0,0,0,0,1,,,,,,,,,,,,,,,,,,,,,,,,,,,,,,,,,
,,,,,153471cty,001,2026-01-29_10h21.35.145,Simon,2024.2.4,Win32,59.88023952,,,,,,,,,,,,,,,,,,0,2,2,2,1,images/yellow_butterfly.png,images/white_butterfly.png,right_image_2,"In this example, select the RIGHT butterfly.",,,,,,,,,,,,,,,,,,,,,,,,
,,,,,153471cty,001,2026-01-29_10h21.35.145,Simon,2024.2.4,Win32,59.88023952,17.893,18.6572,[0.23696152044802296],[0.012471620728369473],[1],[0],[0],[0.7626000000238378],"[""right_image_2"",""right_image_2""]",1,18.6575,19.1623,0,0,0,0,1,,,,,,,,,,,,,,,,,,,,,,,,,,,,,,,,,
,,,,,153471cty,001,2026-01-29_10h21.35.145,Simon,2024.2.4,Win32,59.88023952,,,,,,,,,,,,,,,,,,0,3,3,3,1,images/white_butterfly.png,images/yellow_butterfly.png,right_image_2,"In this example, select the RIGHT butterfly.",,,,,,,,,,,,,,,,,,,,,,,,
,,,,,153471cty,001,2026-01-29_10h21.35.145,Simon,2024.2.4,Win32,59.88023952,,,,,,,,,,,,,,,,,,,,,,,,,,,19.1627,19.941,1,[19.943600000023842],[19.943600000023842],,,,,,,,,,,,,,,,,,,
,,,,,153471cty,001,2026-01-29_10h21.35.145,Simon,2024.2.4,Win32,59.88023952,,,,,,,,,,1,20.8243,21.3232,,,,,,,,,,,images/purple_butterfly.png,images/white_butterfly.png,left_image, ,,,,,,19.9517,20.8242,[-0.1893423690276892],[-0.061224489795918366],[1],[0],[0],[0.8716000000238466],"[""left_image""]",0,0,0,0,1,,,,,
,,,,,153471cty,001,2026-01-29_10h21.35.145,Simon,2024.2.4,Win32,59.88023952,,,,,,,,,,1,22.1741,22.6732,,,,,,,,,,,images/yellow_butterfly.png,images/white_butterfly.png,right_image, ,,,,,,21.3241,22.1741,[0.20294791500584608],[-0.04195014797911352],[1],[0],[0],[0.8496000000238411],"[""right_image""]",0,1,1,2,1,,,,,
,,,,,153471cty,001,2026-01-29_10h21.35.145,Simon,2024.2.4,Win32,59.88023952,,,,,,,,,,1,23.3752,23.8741,,,,,,,,,,,images/white_butterfly.png,images/purple_butterfly.png,left_image, ,,,,,,22.6738,23.375,[-0.213151892837213],[-0.003401360544217687],[1],[0],[0],[0.7003999999761561],"[""left_image""]",0,2,2,1,1,,,,,
,,,,,153471cty,001,2026-01-29_10h21.35.145,Simon,2024.2.4,Win32,59.88023952,,,,,,,,,,1,24.5244,25.0233,,,,,,,,,,,images/white_butterfly.png,images/yellow_butterfly.png,right_image, ,,,,,,23.8753,24.5243,[0.21201817518999788],[-0.030612244897959183],[1],[0],[0],[0.6482999999523145],"[""right_image""]",0,3,3,3,1,,,,,
,,,,,153471cty,001,2026-01-29_10h21.35.145,Simon,2024.2.4,Win32,59.88023952,,,,,,,,,,1,25.6903,26.1897,,,,,,,,,,,images/white_butterfly.png,images/yellow_butterfly.png,right_image, ,,,,,,25.0241,25.6903,[0.20634927555006377],[-0.03741496598639456],[1],[0],[0],[0.6658000000715276],"[""right_image""]",1,0,4,3,1,,,,,
,,,,,153471cty,001,2026-01-29_10h21.35.145,Simon,2024.2.4,Win32,59.88023952,,,,,,,,,,1,26.9236,27.4231,,,,,,,,,,,images/purple_butterfly.png,images/white_butterfly.png,left_image, ,,,,,,26.1904,26.9234,[-0.1746031054023172],[-0.017006802721088437],[1],[0],[0],[0.7325000000000017],"[""left_image""]",1,1,5,0,1,,,,,
,,,,,153471cty,001,2026-01-29_10h21.35.145,Simon,2024.2.4,Win32,59.88023952,,,,,,,,,,1,28.3287,28.823,,,,,,,,,,,images/yellow_butterfly.png,images/white_butterfly.png,right_image, ,,,,,,27.4242,28.3286,[0.1870748299319728],[-0.08390024405758396],[1],[0],[0],[0.9039000000953621],"[""right_image""]",1,2,6,2,1,,,,,
,,,,,153471cty,001,2026-01-29_10h21.35.145,Simon,2024.2.4,Win32,59.88023952,,,,,,,,,,1,29.6233,30.1229,,,,,,,,,,,images/white_butterfly.png,images/purple_butterfly.png,left_image, ,,,,,,28.8236,29.6232,[-0.20294781120455996],[-0.05215422961176658],[1],[0],[0],[0.7989999999999924],"[""left_image""]",1,3,7,1,1,,,,,
,,,,,153471cty,001,2026-01-29_10h21.35.145,Simon,2024.2.4,Win32,59.88023952,,,,,,,,,,1,30.6893,31.1896,,,,,,,,,,,images/yellow_butterfly.png,images/white_butterfly.png,right_image, ,,,,,,30.1236,30.6892,[0.17687074829931973],[-0.05555559015598427],[1],[0],[0],[0.5651999999284811],"[""right_image""]",2,0,8,2,1,,,,,
,,,,,153471cty,001,2026-01-29_10h21.35.145,Simon,2024.2.4,Win32,59.88023952,,,,,,,,,,1,31.856,32.3569,,,,,,,,,,,images/purple_butterfly.png,images/white_butterfly.png,left_image, ,,,,,,31.1904,31.856,[-0.1870748299319728],[-0.009070312084794856],[1],[0],[0],[0.6653000000715394],"[""left_image""]",2,1,9,0,1,,,,,
,,,,,153471cty,001,2026-01-29_10h21.35.145,Simon,2024.2.4,Win32,59.88023952,,,,,,,,,,1,33.1745,33.6636,,,,,,,,,,,images/white_butterfly.png,images/yellow_butterfly.png,right_image, ,,,,,,32.3582,33.1744,[0.1746032092036033],[-0.05102040816326531],[1],[0],[0],[0.8153999999761652],"[""right_image""]",2,2,10,3,1,,,,,
,,,,,153471cty,001,2026-01-29_10h21.35.145,Simon,2024.2.4,Win32,59.88023952,,,,,,,,,,1,34.6068,35.1068,,,,,,,,,,,images/white_butterfly.png,images/purple_butterfly.png,left_image, ,,,,,,33.6656,34.6068,[-0.1564625850340136],[-0.024943345258025086],[1],[0],[0],[0.9406999999284551],"[""left_image""]",2,3,11,1,1,,,,,
,,,,,153471cty,001,2026-01-29_10h21.35.145,Simon,2024.2.4,Win32,59.88023952,,,,,,,,,,1,35.8568,36.356,,,,,,,,,,,images/yellow_butterfly.png,images/white_butterfly.png,right_image, ,,,,,,35.1084,35.8568,[0.2108843537414966],[-0.05215422961176658],[1],[0],[0],[0.747600000023823],"[""right_image""]",3,0,12,2,1,,,,,
,,,,,153471cty,001,2026-01-29_10h21.35.145,Simon,2024.2.4,Win32,59.88023952,,,,,,,,,,1,36.8895,37.3896,,,,,,,,,,,images/white_butterfly.png,images/purple_butterfly.png,left_image, ,,,,,,36.3568,36.8895,[-0.19160990812340561],[-0.019274393717447918],[1],[0],[0],[0.5323000000715297],"[""left_image""]",3,1,13,1,1,,,,,
,,,,,153471cty,001,2026-01-29_10h21.35.145,Simon,2024.2.4,Win32,59.88023952,,,,,,,,,,1,37.9768,38.4727,,,,,,,,,,,images/white_butterfly.png,images/yellow_butterfly.png,right_image, ,,,,,,37.3909,37.9768,[0.21655335718271684],[-0.03968255698275404],[1],[0],[0],[0.5854999999999961],"[""right_image""]",3,2,14,3,1,,,,,
,,,,,153471cty,001,2026-01-29_10h21.35.145,Simon,2024.2.4,Win32,59.88023952,,,,,,,,,,1,39.2466,39.7392,,,,,,,,,,,images/purple_butterfly.png,images/white_butterfly.png,left_image, ,,,,,,38.4737,39.2466,[-0.14172332140864158],[0],[1],[0],[0],[0.7723000000715388],"[""left_image""]",3,3,15,0,1,,,,,
,,,,,153471cty,001,2026-01-29_10h21.35.145,Simon,2024.2.4,Win32,59.88023952,,,,,,,,,,1,40.4971,40.9891,,,,,,,,,,,images/yellow_butterfly.png,images/white_butterfly.png,right_image, ,,,,,,39.7401,40.4971,[0.178004569747821],[-0.032879835894318664],[1],[0],[0],[0.7564999999999884],"[""right_image""]",4,0,16,2,1,,,,,
,,,,,153471cty,001,2026-01-29_10h21.35.145,Simon,2024.2.4,Win32,59.88023952,,,,,,,,,,1,41.7894,42.2912,,,,,,,,,,,images/white_butterfly.png,images/purple_butterfly.png,left_image, ,,,,,,40.9898,41.7893,[-0.11451243705490008],[-0.005668951540577168],[1],[0],[0],[0.7991000000238273],"[""left_image""]",4,1,17,1,1,,,,,
,,,,,153471cty,001,2026-01-29_10h21.35.145,Simon,2024.2.4,Win32,59.88023952,,,,,,,,,,1,43.0063,43.5057,,,,,,,,,,,images/white_butterfly.png,images/yellow_butterfly.png,right_image, ,,,,,,42.2917,43.0062,[0.21768707482993196],[-0.06349208079227785],[1],[0],[0],[0.7141000000238478],"[""right_image""]",4,2,18,3,1,,,,,
,,,,,153471cty,001,2026-01-29_10h21.35.145,Simon,2024.2.4,Win32,59.88023952,,,,,,,,,,1,44.0393,44.5386,,,,,,,,,,,images/purple_butterfly.png,images/white_butterfly.png,left_image, ,,,,,,43.5065,44.0393,[-0.16893420576238308],[-0.01020408163265306],[1],[0],[0],[0.5318999999761616],"[""left_image""]",4,3,19,0,1,,,,,
,,,,,153471cty,001,2026-01-29_10h21.35.145,Simon,2024.2.4,Win32,59.88023952,,,,,,,,,,,,,,,,,,,,,,,,,,,,,,,,,,,,,,,,,,,,,,44.5391,45.3792,1,[45.378699999928486],[45.378699999928486]
