﻿instructions.started,instructions.stopped,start_button.numClicks,start_button.timesOn,start_button.timesOff,participant,session,date,expName,psychopyVersion,OS,frameRate,practice_trial.started,practice_trial.stopped,mouse_2.x,mouse_2.y,mouse_2.leftButton,mouse_2.midButton,mouse_2.rightButton,mouse_2.time,mouse_2.clicked_name,correct,feedback.started,feedback.stopped,loop_until_correct.thisRepN,loop_until_correct.thisTrialN,loop_until_correct.thisN,loop_until_correct.thisIndex,loop_until_correct.ran,prac_trials.thisRepN,prac_trials.thisTrialN,prac_trials.thisN,prac_trials.thisIndex,prac_trials.ran,left_color,right_color,correct_response,top_txt,instructions_2.started,instructions_2.stopped,start_button_2.numClicks,start_button_2.timesOn,start_button_2.timesOff,trial.started,trial.stopped,mouse.x,mouse.y,mouse.leftButton,mouse.midButton,mouse.rightButton,mouse.time,mouse.clicked_name,trials.thisRepN,trials.thisTrialN,trials.thisN,trials.thisIndex,trials.ran,end.started,end.stopped,start_button_3.numClicks,start_button_3.timesOn,start_button_3.timesOff
0.0012,33.8181,1,[33.85360000002384],[33.85370000004768],155655,001,2026-01-27_10h22.13.501,Simon,2024.2.4,Win32,60.24096386,,,,,,,,,,,,,,,,,,,,,,,,,,,,,,,,,,,,,,,,,,,,,,,,,,
,,,,,155655,001,2026-01-27_10h22.13.501,Simon,2024.2.4,Win32,60.24096386,33.8612,39.1003,[-0.1721311475409836],[-0.03278688524590164],[1],[0],[0],[5.234199999988078],"[""left_image_2"",""left_image_2""]",1,39.1024,39.5994,0,0,0,0,1,,,,,,,,,,,,,,,,,,,,,,,,,,,,,,,,,
,,,,,155655,001,2026-01-27_10h22.13.501,Simon,2024.2.4,Win32,60.24096386,,,,,,,,,,,,,,,,,,0,0,0,0,1,images/purple_butterfly.png,images/white_butterfly.png,left_image_2,"In this example, select the LEFT butterfly.",,,,,,,,,,,,,,,,,,,,,,,,
,,,,,155655,001,2026-01-27_10h22.13.501,Simon,2024.2.4,Win32,60.24096386,39.603,48.0009,[0.14918032786885246],[0.013114754098360656],[1],[0],[0],[8.395100000023845],"[""right_image_2"",""right_image_2""]",0,48.0024,48.4987,0,0,0,0,1,,,,,,,,,,,,,,,,,,,,,,,,,,,,,,,,,
,,,,,155655,001,2026-01-27_10h22.13.501,Simon,2024.2.4,Win32,60.24096386,48.5006,51.5995,[-0.12622950819672132],[0.001639344262295082],[1],[0],[0],[3.0973999999761617],"[""left_image_2"",""left_image_2""]",1,51.602,52.0988,1,0,1,0,1,,,,,,,,,,,,,,,,,,,,,,,,,,,,,,,,,
,,,,,155655,001,2026-01-27_10h22.13.501,Simon,2024.2.4,Win32,60.24096386,,,,,,,,,,,,,,,,,,0,1,1,1,1,images/white_butterfly.png,images/purple_butterfly.png,left_image_2,"In this example, select the LEFT butterfly.",,,,,,,,,,,,,,,,,,,,,,,,
,,,,,155655,001,2026-01-27_10h22.13.501,Simon,2024.2.4,Win32,60.24096386,52.1022,53.9654,[0.2967213114754098],[0.003278688524590164],[1],[0],[0],[1.8610000000000042],"[""right_image_2"",""right_image_2""]",1,53.9659,54.4656,0,0,0,0,1,,,,,,,,,,,,,,,,,,,,,,,,,,,,,,,,,
,,,,,155655,001,2026-01-27_10h22.13.501,Simon,2024.2.4,Win32,60.24096386,,,,,,,,,,,,,,,,,,0,2,2,2,1,images/yellow_butterfly.png,images/white_butterfly.png,right_image_2,"In this example, select the RIGHT butterfly.",,,,,,,,,,,,,,,,,,,,,,,,
,,,,,155655,001,2026-01-27_10h22.13.501,Simon,2024.2.4,Win32,60.24096386,54.4689,55.8827,[0.2540983606557377],[0.003278688524590164],[1],[0],[0],[1.4123000000119248],"[""right_image_2"",""right_image_2""]",1,55.8832,56.3821,0,0,0,0,1,,,,,,,,,,,,,,,,,,,,,,,,,,,,,,,,,
,,,,,155655,001,2026-01-27_10h22.13.501,Simon,2024.2.4,Win32,60.24096386,,,,,,,,,,,,,,,,,,0,3,3,3,1,images/white_butterfly.png,images/yellow_butterfly.png,right_image_2,"In this example, select the RIGHT butterfly.",,,,,,,,,,,,,,,,,,,,,,,,
,,,,,155655,001,2026-01-27_10h22.13.501,Simon,2024.2.4,Win32,60.24096386,,,,,,,,,,,,,,,,,,,,,,,,,,,56.3831,58.1172,1,[58.123599999964235],[58.12379999995232],,,,,,,,,,,,,,,,,,,
,,,,,155655,001,2026-01-27_10h22.13.501,Simon,2024.2.4,Win32,60.24096386,,,,,,,,,,1,61.2495,61.7491,,,,,,,,,,,images/white_butterfly.png,images/yellow_butterfly.png,right_image, ,,,,,,58.1338,61.2493,[0.1557377049180328],[0.03114754098360656],[1],[0],[0],[3.114199999988095],"[""right_image""]",0,0,0,3,1,,,,,
,,,,,155655,001,2026-01-27_10h22.13.501,Simon,2024.2.4,Win32,60.24096386,,,,,,,,,,1,63.0157,63.5154,,,,,,,,,,,images/purple_butterfly.png,images/white_butterfly.png,left_image, ,,,,,,61.7516,63.0156,[-0.13442622950819672],[0.02459016393442623],[1],[0],[0],[1.2628000000119073],"[""left_image""]",0,1,1,0,1,,,,,
,,,,,155655,001,2026-01-27_10h22.13.501,Simon,2024.2.4,Win32,60.24096386,,,,,,,,,,1,65.9995,66.4991,,,,,,,,,,,images/yellow_butterfly.png,images/white_butterfly.png,right_image, ,,,,,,63.5173,65.9995,[0.15901639344262294],[0.00819672131147541],[1],[0],[0],[2.481299999952313],"[""right_image""]",0,2,2,2,1,,,,,
,,,,,155655,001,2026-01-27_10h22.13.501,Simon,2024.2.4,Win32,60.24096386,,,,,,,,,,1,67.7999,68.2988,,,,,,,,,,,images/white_butterfly.png,images/purple_butterfly.png,left_image, ,,,,,,66.5008,67.7997,[-0.19836065573770492],[0.06393442622950819],[1],[0],[0],[1.2976999999880832],"[""left_image""]",0,3,3,1,1,,,,,
,,,,,155655,001,2026-01-27_10h22.13.501,Simon,2024.2.4,Win32,60.24096386,,,,,,,,,,1,69.249,69.7488,,,,,,,,,,,images/white_butterfly.png,images/purple_butterfly.png,left_image, ,,,,,,68.3007,69.2489,[-0.19836065573770492],[0.06393442622950819],[1],[0],[0],[0.9479000000357587],"[""left_image""]",1,0,4,1,1,,,,,
,,,,,155655,001,2026-01-27_10h22.13.501,Simon,2024.2.4,Win32,60.24096386,,,,,,,,,,1,70.9,71.3992,,,,,,,,,,,images/purple_butterfly.png,images/white_butterfly.png,left_image, ,,,,,,69.7503,70.8998,[-0.2836065573770492],[0.05901639344262295],[1],[0],[0],[1.1483000000119148],"[""left_image""]",1,1,5,0,1,,,,,
,,,,,155655,001,2026-01-27_10h22.13.501,Simon,2024.2.4,Win32,60.24096386,,,,,,,,,,1,72.3825,72.8821,,,,,,,,,,,images/white_butterfly.png,images/yellow_butterfly.png,right_image, ,,,,,,71.4013,72.3823,[0.10327868852459017],[-0.003278688524590164],[1],[0],[0],[0.9804000000357576],"[""right_image""]",1,2,6,3,1,,,,,
,,,,,155655,001,2026-01-27_10h22.13.501,Simon,2024.2.4,Win32,60.24096386,,,,,,,,,,1,72.9527,73.449,,,,,,,,,,,images/yellow_butterfly.png,images/white_butterfly.png,right_image, ,,,,,,72.8838,72.9526,[0.10327868852459017],[0.003278688524590164],[1],[0],[0],[0.06790000003576324],"[""right_image""]",1,3,7,2,1,,,,,
,,,,,155655,001,2026-01-27_10h22.13.501,Simon,2024.2.4,Win32,60.24096386,,,,,,,,,,1,74.2819,74.782,,,,,,,,,,,images/purple_butterfly.png,images/white_butterfly.png,left_image, ,,,,,,73.4505,74.2819,[-0.14590163934426228],[0.040983606557377046],[1],[0],[0],[0.8305999999642353],"[""left_image""]",2,0,8,0,1,,,,,
,,,,,155655,001,2026-01-27_10h22.13.501,Simon,2024.2.4,Win32,60.24096386,,,,,,,,,,1,75.7495,76.249,,,,,,,,,,,images/white_butterfly.png,images/yellow_butterfly.png,right_image, ,,,,,,74.7834,75.7494,[0.26557377049180325],[-0.03770491803278689],[1],[0],[0],[0.9650000000000034],"[""right_image""]",2,1,9,3,1,,,,,
,,,,,155655,001,2026-01-27_10h22.13.501,Simon,2024.2.4,Win32,60.24096386,,,,,,,,,,0,77.0002,77.5005,,,,,,,,,,,images/white_butterfly.png,images/purple_butterfly.png,left_image, ,,,,,,76.2506,76.9988,[0.26557377049180325],[-0.03770491803278689],[1],[0],[0],[0.7473000000119185],"[""right_image""]",2,2,10,1,1,,,,,
,,,,,155655,001,2026-01-27_10h22.13.501,Simon,2024.2.4,Win32,60.24096386,,,,,,,,,,1,80.4503,80.949,,,,,,,,,,,images/yellow_butterfly.png,images/white_butterfly.png,right_image, ,,,,,,77.5025,80.4489,[0.21311475409836064],[-0.022950819672131147],[1],[0],[0],[2.9459000000357634],"[""right_image""]",2,3,11,2,1,,,,,
,,,,,155655,001,2026-01-27_10h22.13.501,Simon,2024.2.4,Win32,60.24096386,,,,,,,,,,1,81.8322,82.3321,,,,,,,,,,,images/purple_butterfly.png,images/white_butterfly.png,left_image, ,,,,,,80.9506,81.8322,[-0.10163934426229508],[-0.054098360655737705],[1],[0],[0],[0.8808999999761511],"[""left_image""]",3,0,12,0,1,,,,,
,,,,,155655,001,2026-01-27_10h22.13.501,Simon,2024.2.4,Win32,60.24096386,,,,,,,,,,1,83.5326,84.0319,,,,,,,,,,,images/yellow_butterfly.png,images/white_butterfly.png,right_image, ,,,,,,82.3336,83.5324,[0.25901639344262295],[-0.03442622950819672],[1],[0],[0],[1.1978000000119238],"[""right_image""]",3,1,13,2,1,,,,,
,,,,,155655,001,2026-01-27_10h22.13.501,Simon,2024.2.4,Win32,60.24096386,,,,,,,,,,1,84.8323,85.3326,,,,,,,,,,,images/white_butterfly.png,images/yellow_butterfly.png,right_image, ,,,,,,84.0336,84.8322,[0.25901639344262295],[-0.03442622950819672],[1],[0],[0],[0.7980000000000018],"[""right_image""]",3,2,14,3,1,,,,,
,,,,,155655,001,2026-01-27_10h22.13.501,Simon,2024.2.4,Win32,60.24096386,,,,,,,,,,1,86.5331,87.0316,,,,,,,,,,,images/white_butterfly.png,images/purple_butterfly.png,left_image, ,,,,,,85.3341,86.533,[-0.10163934426229508],[0.03934426229508197],[1],[0],[0],[1.1979999999999933],"[""left_image""]",3,3,15,1,1,,,,,
,,,,,155655,001,2026-01-27_10h22.13.501,Simon,2024.2.4,Win32,60.24096386,,,,,,,,,,1,88.3992,88.8992,,,,,,,,,,,images/yellow_butterfly.png,images/white_butterfly.png,right_image, ,,,,,,87.0337,88.3992,[0.26557377049180325],[0.011475409836065573],[1],[0],[0],[1.3645000000000067],"[""right_image""]",4,0,16,2,1,,,,,
,,,,,155655,001,2026-01-27_10h22.13.501,Simon,2024.2.4,Win32,60.24096386,,,,,,,,,,1,90.499,90.9986,,,,,,,,,,,images/white_butterfly.png,images/yellow_butterfly.png,right_image, ,,,,,,88.9007,90.4989,[0.21967213114754097],[-0.05081967213114754],[1],[0],[0],[1.5974999999999966],"[""right_image""]",4,1,17,3,1,,,,,
,,,,,155655,001,2026-01-27_10h22.13.501,Simon,2024.2.4,Win32,60.24096386,,,,,,,,,,1,92.5987,93.0988,,,,,,,,,,,images/purple_butterfly.png,images/white_butterfly.png,left_image, ,,,,,,91.0004,92.5987,[-0.23114754098360657],[-0.02459016393442623],[1],[0],[0],[1.5972000000476925],"[""left_image""]",4,2,18,0,1,,,,,
,,,,,155655,001,2026-01-27_10h22.13.501,Simon,2024.2.4,Win32,60.24096386,,,,,,,,,,1,95.0821,95.5819,,,,,,,,,,,images/white_butterfly.png,images/purple_butterfly.png,left_image, ,,,,,,93.1006,95.0821,[-0.25901639344262295],[-0.019672131147540985],[1],[0],[0],[1.9803999999761572],"[""left_image""]",4,3,19,1,1,,,,,
,,,,,155655,001,2026-01-27_10h22.13.501,Simon,2024.2.4,Win32,60.24096386,,,,,,,,,,,,,,,,,,,,,,,,,,,,,,,,,,,,,,,,,,,,,,95.5828,97.3336,1,[97.33279999995233],[97.33279999995233]
