﻿instructions.started,instructions.stopped,start_button.numClicks,start_button.timesOn,start_button.timesOff,participant,session,date,expName,psychopyVersion,OS,frameRate,practice_trial.started,practice_trial.stopped,mouse_2.x,mouse_2.y,mouse_2.leftButton,mouse_2.midButton,mouse_2.rightButton,mouse_2.time,mouse_2.clicked_name,correct,feedback.started,feedback.stopped,loop_until_correct.thisRepN,loop_until_correct.thisTrialN,loop_until_correct.thisN,loop_until_correct.thisIndex,loop_until_correct.ran,prac_trials.thisRepN,prac_trials.thisTrialN,prac_trials.thisN,prac_trials.thisIndex,prac_trials.ran,left_color,right_color,correct_response,top_txt,instructions_2.started,instructions_2.stopped,start_button_2.numClicks,start_button_2.timesOn,start_button_2.timesOff,trial.started,trial.stopped,mouse.x,mouse.y,mouse.leftButton,mouse.midButton,mouse.rightButton,mouse.time,mouse.clicked_name,trials.thisRepN,trials.thisTrialN,trials.thisN,trials.thisIndex,trials.ran,end.started,end.stopped,start_button_3.numClicks,start_button_3.timesOn,start_button_3.timesOff
0,4.422,1,[4.439000000000001],[4.439000000000001],155819,001,2025-01-23_10h21.38.020,Simon,2024.2.4,Win32,60.0240096,,,,,,,,,,,,,,,,,,,,,,,,,,,,,,,,,,,,,,,,,,,,,,,,,,
,,,,,155819,001,2025-01-23_10h21.38.020,Simon,2024.2.4,Win32,60.0240096,4.442,5.605,[-0.20483641536273114],[-0.04907539118065434],[1],[0],[0],[1.1550000000000011],"[""left_image_2"",""left_image_2""]",1,5.606,6.105,0,0,0,0,1,,,,,,,,,,,,,,,,,,,,,,,,,,,,,,,,,
,,,,,155819,001,2025-01-23_10h21.38.020,Simon,2024.2.4,Win32,60.0240096,,,,,,,,,,,,,,,,,,0,0,0,0,1,images/purple_butterfly.png,images/white_butterfly.png,left_image_2,"In this example, select the LEFT butterfly.",,,,,,,,,,,,,,,,,,,,,,,,
,,,,,155819,001,2025-01-23_10h21.38.020,Simon,2024.2.4,Win32,60.0240096,6.108,6.988,[-0.20910384068278806],[0.009246088193456615],[1],[0],[0],[0.8779999999999983],"[""left_image_2"",""left_image_2""]",1,6.989,7.488,0,0,0,0,1,,,,,,,,,,,,,,,,,,,,,,,,,,,,,,,,,
,,,,,155819,001,2025-01-23_10h21.38.020,Simon,2024.2.4,Win32,60.0240096,,,,,,,,,,,,,,,,,,0,1,1,1,1,images/white_butterfly.png,images/purple_butterfly.png,left_image_2,"In this example, select the LEFT butterfly.",,,,,,,,,,,,,,,,,,,,,,,,
,,,,,155819,001,2025-01-23_10h21.38.020,Simon,2024.2.4,Win32,60.0240096,7.493,8.388,[0.1422475106685633],[0.007823613086770981],[1],[0],[0],[0.8940000000000037],"[""right_image_2"",""right_image_2""]",1,8.389,8.888,0,0,0,0,1,,,,,,,,,,,,,,,,,,,,,,,,,,,,,,,,,
,,,,,155819,001,2025-01-23_10h21.38.020,Simon,2024.2.4,Win32,60.0240096,,,,,,,,,,,,,,,,,,0,2,2,2,1,images/yellow_butterfly.png,images/white_butterfly.png,right_image_2,"In this example, select the RIGHT butterfly.",,,,,,,,,,,,,,,,,,,,,,,,
,,,,,155819,001,2025-01-23_10h21.38.020,Simon,2024.2.4,Win32,60.0240096,8.893,9.955,[0.18207681365576103],[-0.032005689900426744],[1],[0],[0],[1.061],"[""right_image_2"",""right_image_2""]",1,9.955,10.456,0,0,0,0,1,,,,,,,,,,,,,,,,,,,,,,,,,,,,,,,,,
,,,,,155819,001,2025-01-23_10h21.38.020,Simon,2024.2.4,Win32,60.0240096,,,,,,,,,,,,,,,,,,0,3,3,3,1,images/white_butterfly.png,images/yellow_butterfly.png,right_image_2,"In this example, select the RIGHT butterfly.",,,,,,,,,,,,,,,,,,,,,,,,
,,,,,155819,001,2025-01-23_10h21.38.020,Simon,2024.2.4,Win32,60.0240096,,,,,,,,,,,,,,,,,,,,,,,,,,,10.457,13.988,1,[13.993999999999996],[13.993999999999996],,,,,,,,,,,,,,,,,,,
,,,,,155819,001,2025-01-23_10h21.38.020,Simon,2024.2.4,Win32,60.0240096,,,,,,,,,,1,15.188,15.688,,,,,,,,,,,images/yellow_butterfly.png,images/white_butterfly.png,right_image, ,,,,,,13.998,15.188,[0.17354196301564723],[-0.03485064011379801],[1],[0],[0],[1.189],"[""right_image""]",0,0,0,2,1,,,,,
,,,,,155819,001,2025-01-23_10h21.38.020,Simon,2024.2.4,Win32,60.0240096,,,,,,,,,,1,16.472,16.972,,,,,,,,,,,images/white_butterfly.png,images/purple_butterfly.png,left_image, ,,,,,,15.692,16.471,[-0.14366998577524892],[-0.0021337126600284497],[1],[0],[0],[0.7790000000000035],"[""left_image""]",0,1,1,1,1,,,,,
,,,,,155819,001,2025-01-23_10h21.38.020,Simon,2024.2.4,Win32,60.0240096,,,,,,,,,,1,17.837,18.338,,,,,,,,,,,images/purple_butterfly.png,images/white_butterfly.png,left_image, ,,,,,,16.973,17.837,[-0.15647226173541964],[-0.007823613086770981],[1],[0],[0],[0.8640000000000043],"[""left_image""]",0,2,2,0,1,,,,,
,,,,,155819,001,2025-01-23_10h21.38.020,Simon,2024.2.4,Win32,60.0240096,,,,,,,,,,1,19.354,19.854,,,,,,,,,,,images/white_butterfly.png,images/yellow_butterfly.png,right_image, ,,,,,,18.34,19.354,[0.07539118065433854],[0.0021337126600284497],[1],[0],[0],[1.0120000000000005],"[""right_image""]",0,3,3,3,1,,,,,
,,,,,155819,001,2025-01-23_10h21.38.020,Simon,2024.2.4,Win32,60.0240096,,,,,,,,,,1,20.888,21.388,,,,,,,,,,,images/white_butterfly.png,images/yellow_butterfly.png,right_image, ,,,,,,19.856,20.888,[0.15647226173541964],[-0.009246088193456615],[1],[0],[0],[1.0309999999999988],"[""right_image""]",1,0,4,3,1,,,,,
,,,,,155819,001,2025-01-23_10h21.38.020,Simon,2024.2.4,Win32,60.0240096,,,,,,,,,,1,22.354,22.854,,,,,,,,,,,images/white_butterfly.png,images/purple_butterfly.png,left_image, ,,,,,,21.391,22.354,[-0.16927453769559034],[-0.014935988620199146],[1],[0],[0],[0.9619999999999962],"[""left_image""]",1,1,5,1,1,,,,,
,,,,,155819,001,2025-01-23_10h21.38.020,Simon,2024.2.4,Win32,60.0240096,,,,,,,,,,1,23.621,24.121,,,,,,,,,,,images/purple_butterfly.png,images/white_butterfly.png,left_image, ,,,,,,22.855,23.62,[-0.17923186344238975],[-0.017780938833570414],[1],[0],[0],[0.7650000000000006],"[""left_image""]",1,2,6,0,1,,,,,
,,,,,155819,001,2025-01-23_10h21.38.020,Simon,2024.2.4,Win32,60.0240096,,,,,,,,,,1,24.954,25.454,,,,,,,,,,,images/yellow_butterfly.png,images/white_butterfly.png,right_image, ,,,,,,24.122,24.953,[0.15647226173541964],[-0.0021337126600284497],[1],[0],[0],[0.8310000000000031],"[""right_image""]",1,3,7,2,1,,,,,
,,,,,155819,001,2025-01-23_10h21.38.020,Simon,2024.2.4,Win32,60.0240096,,,,,,,,,,1,26.321,26.821,,,,,,,,,,,images/purple_butterfly.png,images/white_butterfly.png,left_image, ,,,,,,25.455,26.321,[-0.10668563300142248],[0.0035561877667140826],[1],[0],[0],[0.8659999999999997],"[""left_image""]",2,0,8,0,1,,,,,
,,,,,155819,001,2025-01-23_10h21.38.020,Simon,2024.2.4,Win32,60.0240096,,,,,,,,,,1,27.754,28.253,,,,,,,,,,,images/white_butterfly.png,images/yellow_butterfly.png,right_image, ,,,,,,26.823,27.754,[0.25177809388335703],[-0.004978662873399715],[1],[0],[0],[0.9299999999999997],"[""right_image""]",2,1,9,3,1,,,,,
,,,,,155819,001,2025-01-23_10h21.38.020,Simon,2024.2.4,Win32,60.0240096,,,,,,,,,,1,29.038,29.537,,,,,,,,,,,images/yellow_butterfly.png,images/white_butterfly.png,right_image, ,,,,,,28.255,29.037,[0.2844950213371266],[-0.013513513513513514],[1],[0],[0],[0.7809999999999988],"[""right_image""]",2,2,10,2,1,,,,,
,,,,,155819,001,2025-01-23_10h21.38.020,Simon,2024.2.4,Win32,60.0240096,,,,,,,,,,1,30.554,31.054,,,,,,,,,,,images/white_butterfly.png,images/purple_butterfly.png,left_image, ,,,,,,29.539,30.554,[-0.19914651493598862],[0.0021337126600284497],[1],[0],[0],[1.0150000000000006],"[""left_image""]",2,3,11,1,1,,,,,
,,,,,155819,001,2025-01-23_10h21.38.020,Simon,2024.2.4,Win32,60.0240096,,,,,,,,,,1,32.72,33.22,,,,,,,,,,,images/white_butterfly.png,images/purple_butterfly.png,left_image, ,,,,,,31.055,32.72,[-0.2147937411095306],[-0.02631578947368421],[1],[0],[0],[1.6649999999999991],"[""left_image""]",3,0,12,1,1,,,,,
,,,,,155819,001,2025-01-23_10h21.38.020,Simon,2024.2.4,Win32,60.0240096,,,,,,,,,,1,34.206,34.704,,,,,,,,,,,images/white_butterfly.png,images/yellow_butterfly.png,right_image, ,,,,,,33.222,34.205,[0.16642958748221906],[0.013513513513513514],[1],[0],[0],[0.9810000000000016],"[""right_image""]",3,1,13,3,1,,,,,
,,,,,155819,001,2025-01-23_10h21.38.020,Simon,2024.2.4,Win32,60.0240096,,,,,,,,,,1,35.655,36.154,,,,,,,,,,,images/purple_butterfly.png,images/white_butterfly.png,left_image, ,,,,,,34.707,35.654,[-0.19630156472261737],[-0.016358463726884778],[1],[0],[0],[0.9460000000000051],"[""left_image""]",3,2,14,0,1,,,,,
,,,,,155819,001,2025-01-23_10h21.38.020,Simon,2024.2.4,Win32,60.0240096,,,,,,,,,,1,36.954,37.454,,,,,,,,,,,images/yellow_butterfly.png,images/white_butterfly.png,right_image, ,,,,,,36.156,36.954,[0.1906116642958748],[-0.02631578947368421],[1],[0],[0],[0.796999999999997],"[""right_image""]",3,3,15,2,1,,,,,
,,,,,155819,001,2025-01-23_10h21.38.020,Simon,2024.2.4,Win32,60.0240096,,,,,,,,,,1,38.387,38.886,,,,,,,,,,,images/purple_butterfly.png,images/white_butterfly.png,left_image, ,,,,,,37.456,38.387,[-0.18207681365576103],[-0.023470839260312945],[1],[0],[0],[0.9299999999999997],"[""left_image""]",4,0,16,0,1,,,,,
,,,,,155819,001,2025-01-23_10h21.38.020,Simon,2024.2.4,Win32,60.0240096,,,,,,,,,,1,39.754,40.254,,,,,,,,,,,images/white_butterfly.png,images/yellow_butterfly.png,right_image, ,,,,,,38.891,39.754,[0.17496443812233287],[-0.017780938833570414],[1],[0],[0],[0.8619999999999948],"[""right_image""]",4,1,17,3,1,,,,,
,,,,,155819,001,2025-01-23_10h21.38.020,Simon,2024.2.4,Win32,60.0240096,,,,,,,,,,1,40.887,41.387,,,,,,,,,,,images/yellow_butterfly.png,images/white_butterfly.png,right_image, ,,,,,,40.255,40.887,[0.17923186344238975],[-0.014935988620199146],[1],[0],[0],[0.6300000000000026],"[""right_image""]",4,2,18,2,1,,,,,
,,,,,155819,001,2025-01-23_10h21.38.020,Simon,2024.2.4,Win32,60.0240096,,,,,,,,,,1,42.103,42.603,,,,,,,,,,,images/white_butterfly.png,images/purple_butterfly.png,left_image, ,,,,,,41.39,42.103,[-0.22617354196301565],[-0.006401137980085348],[1],[0],[0],[0.7120000000000033],"[""left_image""]",4,3,19,1,1,,,,,
,,,,,155819,001,2025-01-23_10h21.38.020,Simon,2024.2.4,Win32,60.0240096,,,,,,,,,,,,,,,,,,,,,,,,,,,,,,,,,,,,,,,,,,,,,,42.603,44.02,1,[44.02],[44.02]
