﻿instructions.started,instructions.stopped,start_button.numClicks,start_button.timesOn,start_button.timesOff,participant,session,date,expName,psychopyVersion,OS,frameRate,practice_trial.started,practice_trial.stopped,mouse_2.x,mouse_2.y,mouse_2.leftButton,mouse_2.midButton,mouse_2.rightButton,mouse_2.time,mouse_2.clicked_name,correct,feedback.started,feedback.stopped,loop_until_correct.thisRepN,loop_until_correct.thisTrialN,loop_until_correct.thisN,loop_until_correct.thisIndex,loop_until_correct.ran,prac_trials.thisRepN,prac_trials.thisTrialN,prac_trials.thisN,prac_trials.thisIndex,prac_trials.ran,left_color,right_color,correct_response,top_txt,instructions_2.started,instructions_2.stopped,start_button_2.numClicks,start_button_2.timesOn,start_button_2.timesOff,trial.started,trial.stopped,mouse.x,mouse.y,mouse.leftButton,mouse.midButton,mouse.rightButton,mouse.time,mouse.clicked_name,trials.thisRepN,trials.thisTrialN,trials.thisN,trials.thisIndex,trials.ran
0.0009,11.8942,1,[11.92089999985695],[11.92089999985695],156782,001,2025-10-11_18h07.17.802,Simon,2024.2.4,Win32,60.60606061,,,,,,,,,,,,,,,,,,,,,,,,,,,,,,,,,,,,,,,,,,,,,
,,,,,156782,001,2025-10-11_18h07.17.802,Simon,2024.2.4,Win32,60.60606061,11.9295,18.0264,[-0.16717039118159002],[0.016695408005788535],[1],[0],[0],[6.090799999952317],"[""left_image_2"",""left_image_2""]",1,18.0277,18.526,0,0,0,0,1,,,,,,,,,,,,,,,,,,,,,,,,,,,,
,,,,,156782,001,2025-10-11_18h07.17.802,Simon,2024.2.4,Win32,60.60606061,,,,,,,,,,,,,,,,,,0,0,0,0,1,images/purple_butterfly.png,images/white_butterfly.png,left_image_2,"In this example, select the LEFT butterfly.",,,,,,,,,,,,,,,,,,,
,,,,,156782,001,2025-10-11_18h07.17.802,Simon,2024.2.4,Win32,60.60606061,18.529,25.2088,[-0.16717039118159002],[0.032815211795154633],[1],[0],[0],[6.6764000000953665],"[""left_image_2"",""left_image_2""]",1,25.2091,25.7081,0,0,0,0,1,,,,,,,,,,,,,,,,,,,,,,,,,,,,
,,,,,156782,001,2025-10-11_18h07.17.802,Simon,2024.2.4,Win32,60.60606061,,,,,,,,,,,,,,,,,,0,1,1,1,1,images/white_butterfly.png,images/purple_butterfly.png,left_image_2,"In this example, select the LEFT butterfly.",,,,,,,,,,,,,,,,,,,
,,,,,156782,001,2025-10-11_18h07.17.802,Simon,2024.2.4,Win32,60.60606061,25.7111,27.4079,[0.19782672150765057],[-0.010938417108565414],[1],[0],[0],[1.694499999999998],"[""right_image_2"",""right_image_2""]",1,27.4081,27.9119,0,0,0,0,1,,,,,,,,,,,,,,,,,,,,,,,,,,,,
,,,,,156782,001,2025-10-11_18h07.17.802,Simon,2024.2.4,Win32,60.60606061,,,,,,,,,,,,,,,,,,0,2,2,2,1,images/yellow_butterfly.png,images/white_butterfly.png,right_image_2,"In this example, select the RIGHT butterfly.",,,,,,,,,,,,,,,,,,,
,,,,,156782,001,2025-10-11_18h07.17.802,Simon,2024.2.4,Win32,60.60606061,27.9143,28.7274,[0.19782672150765057],[-0.010938417108565414],[1],[0],[0],[0.8119999999999976],"[""right_image_2"",""right_image_2""]",1,28.7277,29.2243,0,0,0,0,1,,,,,,,,,,,,,,,,,,,,,,,,,,,,
,,,,,156782,001,2025-10-11_18h07.17.802,Simon,2024.2.4,Win32,60.60606061,,,,,,,,,,,,,,,,,,0,3,3,3,1,images/white_butterfly.png,images/yellow_butterfly.png,right_image_2,"In this example, select the RIGHT butterfly.",,,,,,,,,,,,,,,,,,,
,,,,,156782,001,2025-10-11_18h07.17.802,Simon,2024.2.4,Win32,60.60606061,,,,,,,,,,,,,,,,,,,,,,,,,,,29.225,30.441,1,[30.445899999856948],[30.445899999856948],,,,,,,,,,,,,,
,,,,,156782,001,2025-10-11_18h07.17.802,Simon,2024.2.4,Win32,60.60606061,,,,,,,,,,1,31.6074,32.1074,,,,,,,,,,,images/white_butterfly.png,images/yellow_butterfly.png,right_image, ,,,,,,30.4637,31.6073,[0.16673863860609617],[-0.030512399624048735],[1],[0],[0],[1.1423000001907369],"[""right_image""]",0,0,0,3,1
,,,,,156782,001,2025-10-11_18h07.17.802,Simon,2024.2.4,Win32,60.60606061,,,,,,,,,,1,32.8907,33.3905,,,,,,,,,,,images/white_butterfly.png,images/purple_butterfly.png,left_image, ,,,,,,32.1093,32.8906,[-0.24892057903072376],[-0.009787011023012467],[1],[0],[0],[0.7806000001430533],"[""left_image""]",0,1,1,1,1
,,,,,156782,001,2025-10-11_18h07.17.802,Simon,2024.2.4,Win32,60.60606061,,,,,,,,,,1,34.5404,35.0408,,,,,,,,,,,images/yellow_butterfly.png,images/white_butterfly.png,right_image, ,,,,,,33.3925,34.5404,[0.21624929793758096],[0.013241229279671309],[1],[0],[0],[1.1472999999523168],"[""right_image""]",0,2,2,2,1
,,,,,156782,001,2025-10-11_18h07.17.802,Simon,2024.2.4,Win32,60.60606061,,,,,,,,,,1,36.1068,36.5951,,,,,,,,,,,images/purple_butterfly.png,images/white_butterfly.png,left_image, ,,,,,,35.0422,36.1067,[-0.16026195466827234],[-0.007484159321364961],[1],[0],[0],[1.0638999998569432],"[""left_image""]",0,3,3,0,1
,,,,,156782,001,2025-10-11_18h07.17.802,Simon,2024.2.4,Win32,60.60606061,,,,,,,,,,1,37.3399,37.8398,,,,,,,,,,,images/yellow_butterfly.png,images/white_butterfly.png,right_image, ,,,,,,36.5969,37.3398,[0.12298504923291774],[0.009786971492470854],[1],[0],[0],[0.7424000000953654],"[""right_image""]",1,0,4,2,1
,,,,,156782,001,2025-10-11_18h07.17.802,Simon,2024.2.4,Win32,60.60606061,,,,,,,,,,1,39.0228,39.5225,,,,,,,,,,,images/white_butterfly.png,images/purple_butterfly.png,left_image, ,,,,,,37.8409,39.0228,[-0.14414219040944787],[0.02820950839185962],[1],[0],[0],[1.1808999998569476],"[""left_image""]",1,1,5,1,1
,,,,,156782,001,2025-10-11_18h07.17.802,Simon,2024.2.4,Win32,60.60606061,,,,,,,,,,1,41.1229,41.6235,,,,,,,,,,,images/purple_butterfly.png,images/white_butterfly.png,left_image, ,,,,,,39.5236,41.1228,[-0.3329734999898802],[0.014392635365224254],[1],[0],[0],[1.5985000000000014],"[""left_image""]",1,2,6,0,1
,,,,,156782,001,2025-10-11_18h07.17.802,Simon,2024.2.4,Win32,60.60606061,,,,,,,,,,1,42.8394,43.339,,,,,,,,,,,images/white_butterfly.png,images/yellow_butterfly.png,right_image, ,,,,,,41.6248,42.8392,[0.18055559069381477],[0.006332753235812014],[1],[0],[0],[1.2138999998569489],"[""right_image""]",1,3,7,3,1
,,,,,156782,001,2025-10-11_18h07.17.802,Simon,2024.2.4,Win32,60.60606061,,,,,,,,,,1,44.2391,44.7396,,,,,,,,,,,images/white_butterfly.png,images/purple_butterfly.png,left_image, ,,,,,,43.3402,44.2389,[-0.17062456990770725],[0.013241229279671309],[1],[0],[0],[0.8982000000476873],"[""left_image""]",2,0,8,1,1
,,,,,156782,001,2025-10-11_18h07.17.802,Simon,2024.2.4,Win32,60.60606061,,,,,,,,,,1,45.3596,45.859,,,,,,,,,,,images/yellow_butterfly.png,images/white_butterfly.png,right_image, ,,,,,,44.7409,45.3596,[0.12759067357512954],[0.013241229279671309],[1],[0],[0],[0.6181000001430519],"[""right_image""]",2,1,9,2,1
,,,,,156782,001,2025-10-11_18h07.17.802,Simon,2024.2.4,Win32,60.60606061,,,,,,,,,,1,46.7888,47.2888,,,,,,,,,,,images/white_butterfly.png,images/yellow_butterfly.png,right_image, ,,,,,,45.8599,46.7886,[0.1552244986894835],[0.0017271288936002267],[1],[0],[0],[0.9282999999523156],"[""right_image""]",2,2,10,3,1
,,,,,156782,001,2025-10-11_18h07.17.802,Simon,2024.2.4,Win32,60.60606061,,,,,,,,,,1,48.122,48.6217,,,,,,,,,,,images/purple_butterfly.png,images/white_butterfly.png,left_image, ,,,,,,47.2897,48.1218,[-0.1429907447933533],[0.03857224222291936],[1],[0],[0],[0.8315000000000055],"[""left_image""]",2,3,11,0,1
,,,,,156782,001,2025-10-11_18h07.17.802,Simon,2024.2.4,Win32,60.60606061,,,,,,,,,,1,50.7769,51.2713,,,,,,,,,,,images/white_butterfly.png,images/purple_butterfly.png,left_image, ,,,,,,48.6229,50.7768,[-0.2569803820990528],[-0.0028785349791531738],[1],[0],[0],[2.1532000000476827],"[""left_image""]",3,0,12,1,1
,,,,,156782,001,2025-10-11_18h07.17.802,Simon,2024.2.4,Win32,60.60606061,,,,,,,,,,1,52.4214,52.9211,,,,,,,,,,,images/yellow_butterfly.png,images/white_butterfly.png,right_image, ,,,,,,51.2725,52.4213,[0.14140762566284812],[-0.018998259707436044],[1],[0],[0],[1.147700000047685],"[""right_image""]",3,1,13,2,1
,,,,,156782,001,2025-10-11_18h07.17.802,Simon,2024.2.4,Win32,60.60606061,,,,,,,,,,1,53.9044,54.4042,,,,,,,,,,,images/purple_butterfly.png,images/white_butterfly.png,left_image, ,,,,,,52.9221,53.9043,[-0.20056128625425032],[-0.007484159321364961],[1],[0],[0],[0.9818999998569424],"[""left_image""]",3,2,14,0,1
,,,,,156782,001,2025-10-11_18h07.17.802,Simon,2024.2.4,Win32,60.60606061,,,,,,,,,,1,55.3377,55.8375,,,,,,,,,,,images/white_butterfly.png,images/yellow_butterfly.png,right_image, ,,,,,,54.4053,55.3376,[0.15983020209277848],[0.008635565406917909],[1],[0],[0],[0.9312999999523157],"[""right_image""]",3,3,15,3,1
,,,,,156782,001,2025-10-11_18h07.17.802,Simon,2024.2.4,Win32,60.60606061,,,,,,,,,,1,58.2038,58.7035,,,,,,,,,,,images/yellow_butterfly.png,images/white_butterfly.png,right_image, ,,,,,,55.8387,58.2037,[0.15983020209277848],[0.008635565406917909],[1],[0],[0],[2.3644000000953724],"[""right_image""]",4,0,16,2,1
,,,,,156782,001,2025-10-11_18h07.17.802,Simon,2024.2.4,Win32,60.60606061,,,,,,,,,,1,59.7203,60.2206,,,,,,,,,,,images/white_butterfly.png,images/purple_butterfly.png,left_image, ,,,,,,58.7044,59.7202,[-0.17292746113989638],[0.03396657835016596],[1],[0],[0],[1.015299999952319],"[""left_image""]",4,1,17,1,1
