﻿instructions.started,instructions.stopped,start_button.numClicks,start_button.timesOn,start_button.timesOff,participant,session,date,expName,psychopyVersion,OS,frameRate,practice_trial.started,practice_trial.stopped,mouse_2.x,mouse_2.y,mouse_2.leftButton,mouse_2.midButton,mouse_2.rightButton,mouse_2.time,mouse_2.clicked_name,correct,feedback.started,feedback.stopped,loop_until_correct.thisRepN,loop_until_correct.thisTrialN,loop_until_correct.thisN,loop_until_correct.thisIndex,loop_until_correct.ran,prac_trials.thisRepN,prac_trials.thisTrialN,prac_trials.thisN,prac_trials.thisIndex,prac_trials.ran,left_color,right_color,correct_response,top_txt,instructions_2.started,instructions_2.stopped,start_button_2.numClicks,start_button_2.timesOn,start_button_2.timesOff,trial.started,trial.stopped,mouse.x,mouse.y,mouse.leftButton,mouse.midButton,mouse.rightButton,mouse.time,mouse.clicked_name,trials.thisRepN,trials.thisTrialN,trials.thisN,trials.thisIndex,trials.ran,end.started,end.stopped,start_button_3.numClicks,start_button_3.timesOn,start_button_3.timesOff
0.0005,46.0894,1,[46.10660000002384],[46.10660000002384],157001,001,2025-10-07_19h30.45.844,Simon,2024.2.4,MacIntel,59.52380952,,,,,,,,,,,,,,,,,,,,,,,,,,,,,,,,,,,,,,,,,,,,,,,,,,
,,,,,157001,001,2025-10-07_19h30.45.844,Simon,2024.2.4,MacIntel,59.52380952,46.1139,52.3059,[-0.2043300568697098],[0.006797855105048368],[1],[0],[0],[6.189200000047691],"[""left_image_2"",""left_image_2""]",1,52.3075,52.8056,0,0,0,0,1,,,,,,,,,,,,,,,,,,,,,,,,,,,,,,,,,
,,,,,157001,001,2025-10-07_19h30.45.844,Simon,2024.2.4,MacIntel,59.52380952,,,,,,,,,,,,,,,,,,0,0,0,0,1,images/purple_butterfly.png,images/white_butterfly.png,left_image_2,"In this example, select the LEFT butterfly.",,,,,,,,,,,,,,,,,,,,,,,,
,,,,,157001,001,2025-10-07_19h30.45.844,Simon,2024.2.4,MacIntel,59.52380952,52.8076,60.6223,[-0.15920016785775015],[-0.014116981441769951],[1],[0],[0],[7.811999999999998],"[""left_image_2"",""left_image_2""]",1,60.6226,61.1218,0,0,0,0,1,,,,,,,,,,,,,,,,,,,,,,,,,,,,,,,,,
,,,,,157001,001,2025-10-07_19h30.45.844,Simon,2024.2.4,MacIntel,59.52380952,,,,,,,,,,,,,,,,,,0,1,1,1,1,images/white_butterfly.png,images/purple_butterfly.png,left_image_2,"In this example, select the LEFT butterfly.",,,,,,,,,,,,,,,,,,,,,,,,
,,,,,157001,001,2025-10-07_19h30.45.844,Simon,2024.2.4,MacIntel,59.52380952,61.124,66.6893,[0.23197957307568773],[0.012820703951594618],[1],[0],[0],[5.563800000011923],"[""right_image_2"",""right_image_2""]",1,66.6895,67.1896,0,0,0,0,1,,,,,,,,,,,,,,,,,,,,,,,,,,,,,,,,,
,,,,,157001,001,2025-10-07_19h30.45.844,Simon,2024.2.4,MacIntel,59.52380952,,,,,,,,,,,,,,,,,,0,2,2,2,1,images/yellow_butterfly.png,images/white_butterfly.png,right_image_2,"In this example, select the RIGHT butterfly.",,,,,,,,,,,,,,,,,,,,,,,,
,,,,,157001,001,2025-10-07_19h30.45.844,Simon,2024.2.4,MacIntel,59.52380952,67.1915,69.089,[0.1695713103177902],[0.00022185209152055622],[1],[0],[0],[1.896399999976154],"[""right_image_2"",""right_image_2""]",1,69.0891,69.5888,0,0,0,0,1,,,,,,,,,,,,,,,,,,,,,,,,,,,,,,,,,
,,,,,157001,001,2025-10-07_19h30.45.844,Simon,2024.2.4,MacIntel,59.52380952,,,,,,,,,,,,,,,,,,0,3,3,3,1,images/white_butterfly.png,images/yellow_butterfly.png,right_image_2,"In this example, select the RIGHT butterfly.",,,,,,,,,,,,,,,,,,,,,,,,
,,,,,157001,001,2025-10-07_19h30.45.844,Simon,2024.2.4,MacIntel,59.52380952,,,,,,,,,,,,,,,,,,,,,,,,,,,69.5892,79.0397,1,[79.04279999995231],[79.04279999995231],,,,,,,,,,,,,,,,,,,
,,,,,157001,001,2025-10-07_19h30.45.844,Simon,2024.2.4,MacIntel,59.52380952,,,,,,,,,,1,82.4222,82.9215,,,,,,,,,,,images/white_butterfly.png,images/purple_butterfly.png,left_image, ,,,,,,79.0544,82.422,[-0.16490016508275393],[0.03843351315702464],[1],[0],[0],[3.366399999976153],"[""left_image""]",0,0,0,1,1,,,,,
,,,,,157001,001,2025-10-07_19h30.45.844,Simon,2024.2.4,MacIntel,59.52380952,,,,,,,,,,1,84.2073,84.7051,,,,,,,,,,,images/yellow_butterfly.png,images/white_butterfly.png,right_image, ,,,,,,82.9226,84.2072,[0.22484104290262244],[0.005101343452425937],[1],[0],[0],[1.284100000023841],"[""right_image""]",0,1,1,2,1,,,,,
,,,,,157001,001,2025-10-07_19h30.45.844,Simon,2024.2.4,MacIntel,59.52380952,,,,,,,,,,1,85.5228,86.0224,,,,,,,,,,,images/white_butterfly.png,images/yellow_butterfly.png,right_image, ,,,,,,84.706,85.5228,[0.22277153042812878],[0.005101343452425937],[1],[0],[0],[0.8156999999880838],"[""right_image""]",0,2,2,3,1,,,,,
,,,,,157001,001,2025-10-07_19h30.45.844,Simon,2024.2.4,MacIntel,59.52380952,,,,,,,,,,1,87.0062,87.5058,,,,,,,,,,,images/purple_butterfly.png,images/white_butterfly.png,left_image, ,,,,,,86.0233,87.0061,[-0.1837568179295458],[0.012307846272294438],[1],[0],[0],[0.982300000011918],"[""left_image""]",0,3,3,0,1,,,,,
,,,,,157001,001,2025-10-07_19h30.45.844,Simon,2024.2.4,MacIntel,59.52380952,,,,,,,,,,1,88.1048,88.6057,,,,,,,,,,,images/purple_butterfly.png,images/white_butterfly.png,left_image, ,,,,,,87.5069,88.1047,[-0.1837568179295458],[0.01319126927146312],[1],[0],[0],[0.5976000000238457],"[""left_image""]",1,0,4,0,1,,,,,
,,,,,157001,001,2025-10-07_19h30.45.844,Simon,2024.2.4,MacIntel,59.52380952,,,,,,,,,,1,89.4889,89.988,,,,,,,,,,,images/white_butterfly.png,images/yellow_butterfly.png,right_image, ,,,,,,88.6066,89.4888,[0.17361387462685157],[-0.02045068890757255],[1],[0],[0],[0.8815000000000026],"[""right_image""]",1,1,5,3,1,,,,,
,,,,,157001,001,2025-10-07_19h30.45.844,Simon,2024.2.4,MacIntel,59.52380952,,,,,,,,,,1,91.0048,91.5059,,,,,,,,,,,images/white_butterfly.png,images/purple_butterfly.png,left_image, ,,,,,,89.9888,91.0048,[-0.23340216455609508],[-0.014545408384975816],[1],[0],[0],[1.015500000000003],"[""left_image""]",1,2,6,1,1,,,,,
,,,,,157001,001,2025-10-07_19h30.45.844,Simon,2024.2.4,MacIntel,59.52380952,,,,,,,,,,1,92.4892,92.9891,,,,,,,,,,,images/yellow_butterfly.png,images/white_butterfly.png,right_image, ,,,,,,91.5066,92.4892,[0.19652840592408555],[-0.026800485447211305],[1],[0],[0],[0.9818999999761644],"[""right_image""]",1,3,7,2,1,,,,,
,,,,,157001,001,2025-10-07_19h30.45.844,Simon,2024.2.4,MacIntel,59.52380952,,,,,,,,,,1,93.9389,94.4383,,,,,,,,,,,images/yellow_butterfly.png,images/white_butterfly.png,right_image, ,,,,,,92.9898,93.9389,[0.19652840592408555],[-0.026242534079315295],[1],[0],[0],[0.9488000000119143],"[""right_image""]",2,0,8,2,1,,,,,
,,,,,157001,001,2025-10-07_19h30.45.844,Simon,2024.2.4,MacIntel,59.52380952,,,,,,,,,,1,95.3712,95.8723,,,,,,,,,,,images/purple_butterfly.png,images/white_butterfly.png,left_image, ,,,,,,94.4391,95.3712,[-0.1983905686144385],[-0.014108936904851875],[1],[0],[0],[0.9318000000119184],"[""left_image""]",2,1,9,0,1,,,,,
,,,,,157001,001,2025-10-07_19h30.45.844,Simon,2024.2.4,MacIntel,59.52380952,,,,,,,,,,1,96.9884,97.4889,,,,,,,,,,,images/white_butterfly.png,images/yellow_butterfly.png,right_image, ,,,,,,95.873,96.9882,[0.15842438666679262],[-0.045725738267079805],[1],[0],[0],[1.1146000000238416],"[""right_image""]",2,2,10,3,1,,,,,
,,,,,157001,001,2025-10-07_19h30.45.844,Simon,2024.2.4,MacIntel,59.52380952,,,,,,,,,,1,98.7394,99.2379,,,,,,,,,,,images/white_butterfly.png,images/purple_butterfly.png,left_image, ,,,,,,97.4898,98.7393,[-0.20771156689275996],[-0.016340742376435912],[1],[0],[0],[1.2490999999642156],"[""left_image""]",2,3,11,1,1,,,,,
,,,,,157001,001,2025-10-07_19h30.45.844,Simon,2024.2.4,MacIntel,59.52380952,,,,,,,,,,1,100.0214,100.5223,,,,,,,,,,,images/purple_butterfly.png,images/white_butterfly.png,left_image, ,,,,,,99.2387,100.0213,[-0.23291757346064465],[0.0007868147530607618],[1],[0],[0],[0.7821999999880802],"[""left_image""]",3,0,12,0,1,,,,,
,,,,,157001,001,2025-10-07_19h30.45.844,Simon,2024.2.4,MacIntel,59.52380952,,,,,,,,,,1,101.455,101.9545,,,,,,,,,,,images/yellow_butterfly.png,images/white_butterfly.png,right_image, ,,,,,,100.5232,101.455,[0.2187097773154096],[-0.0019173305008691052],[1],[0],[0],[0.9314999999999998],"[""right_image""]",3,1,13,2,1,,,,,
,,,,,157001,001,2025-10-07_19h30.45.844,Simon,2024.2.4,MacIntel,59.52380952,,,,,,,,,,1,103.2057,103.7051,,,,,,,,,,,images/white_butterfly.png,images/purple_butterfly.png,left_image, ,,,,,,101.9554,103.2057,[-0.2263628626388679],[-0.009410632132330713],[1],[0],[0],[1.2499000000357512],"[""left_image""]",3,2,14,1,1,,,,,
,,,,,157001,001,2025-10-07_19h30.45.844,Simon,2024.2.4,MacIntel,59.52380952,,,,,,,,,,1,104.506,105.0046,,,,,,,,,,,images/white_butterfly.png,images/yellow_butterfly.png,right_image, ,,,,,,103.7058,104.506,[0.20034011416452538],[-0.04066232960342352],[1],[0],[0],[0.7998000000119134],"[""right_image""]",3,3,15,3,1,,,,,
,,,,,157001,001,2025-10-07_19h30.45.844,Simon,2024.2.4,MacIntel,59.52380952,,,,,,,,,,1,106.089,106.5879,,,,,,,,,,,images/yellow_butterfly.png,images/white_butterfly.png,right_image, ,,,,,,105.0059,106.0889,[0.22391695440031742],[-0.01646598622184855],[1],[0],[0],[1.082299999952312],"[""right_image""]",4,0,16,2,1,,,,,
,,,,,157001,001,2025-10-07_19h30.45.844,Simon,2024.2.4,MacIntel,59.52380952,,,,,,,,,,1,107.4211,107.921,,,,,,,,,,,images/white_butterfly.png,images/yellow_butterfly.png,right_image, ,,,,,,106.5884,107.4211,[0.21797934812386638],[-0.00995640599021312],[1],[0],[0],[0.8313000000119359],"[""right_image""]",4,1,17,3,1,,,,,
,,,,,157001,001,2025-10-07_19h30.45.844,Simon,2024.2.4,MacIntel,59.52380952,,,,,,,,,,1,108.8063,109.3045,,,,,,,,,,,images/white_butterfly.png,images/purple_butterfly.png,left_image, ,,,,,,107.9217,108.8063,[-0.15717501104094242],[0.008110812093787787],[1],[0],[0],[0.8842999999523045],"[""left_image""]",4,2,18,1,1,,,,,
,,,,,157001,001,2025-10-07_19h30.45.844,Simon,2024.2.4,MacIntel,59.52380952,,,,,,,,,,1,109.8213,110.3214,,,,,,,,,,,images/purple_butterfly.png,images/white_butterfly.png,left_image, ,,,,,,109.3053,109.8213,[-0.15717501104094242],[0.008715370113644951],[1],[0],[0],[0.5155999999642518],"[""left_image""]",4,3,19,0,1,,,,,
,,,,,157001,001,2025-10-07_19h30.45.844,Simon,2024.2.4,MacIntel,59.52380952,,,,,,,,,,,,,,,,,,,,,,,,,,,,,,,,,,,,,,,,,,,,,,110.3219,111.4725,1,[111.47210000002383],[111.47210000002383]
