﻿instructions.started,instructions.stopped,start_button.numClicks,start_button.timesOn,start_button.timesOff,participant,session,date,expName,psychopyVersion,OS,frameRate,practice_trial.started,practice_trial.stopped,mouse_2.x,mouse_2.y,mouse_2.leftButton,mouse_2.midButton,mouse_2.rightButton,mouse_2.time,mouse_2.clicked_name,correct,feedback.started,feedback.stopped,loop_until_correct.thisRepN,loop_until_correct.thisTrialN,loop_until_correct.thisN,loop_until_correct.thisIndex,loop_until_correct.ran,prac_trials.thisRepN,prac_trials.thisTrialN,prac_trials.thisN,prac_trials.thisIndex,prac_trials.ran,left_color,right_color,correct_response,top_txt,instructions_2.started,instructions_2.stopped,start_button_2.numClicks,start_button_2.timesOn,start_button_2.timesOff,trial.started,trial.stopped,mouse.x,mouse.y,mouse.leftButton,mouse.midButton,mouse.rightButton,mouse.time,mouse.clicked_name,trials.thisRepN,trials.thisTrialN,trials.thisN,trials.thisIndex,trials.ran,end.started,end.stopped,start_button_3.numClicks,start_button_3.timesOn,start_button_3.timesOff
0.0005,25.5685,1,[25.57560000002384],[25.57560000002384],160743,001,2026-01-21_15h23.03.770,Simon,2024.2.4,Win32,64.1025641,,,,,,,,,,,,,,,,,,,,,,,,,,,,,,,,,,,,,,,,,,,,,,,,,,
,,,,,160743,001,2026-01-21_15h23.03.770,Simon,2024.2.4,Win32,64.1025641,25.5852,26.9283,[0.11635220125786164],[-0.057651991614255764],[1],[0],[0],[1.3405000000000058],"[""right_image_2"",""right_image_2""]",0,26.929,27.4316,0,0,0,0,1,,,,,,,,,,,,,,,,,,,,,,,,,,,,,,,,,
,,,,,160743,001,2026-01-21_15h23.03.770,Simon,2024.2.4,Win32,64.1025641,27.4323,35.4808,[-0.1519916142557652],[0.0031446540880503146],[1],[0],[0],[8.047699999988076],"[""left_image_2"",""left_image_2""]",1,35.482,35.9775,1,0,1,0,1,,,,,,,,,,,,,,,,,,,,,,,,,,,,,,,,,
,,,,,160743,001,2026-01-21_15h23.03.770,Simon,2024.2.4,Win32,64.1025641,,,,,,,,,,,,,,,,,,0,0,0,0,1,images/purple_butterfly.png,images/white_butterfly.png,left_image_2,"In this example, select the LEFT butterfly.",,,,,,,,,,,,,,,,,,,,,,,,
,,,,,160743,001,2026-01-21_15h23.03.770,Simon,2024.2.4,Win32,64.1025641,35.9794,39.6094,[-0.24528301886792453],[0.023060796645702306],[1],[0],[0],[3.629000000000005],"[""left_image_2"",""left_image_2""]",1,39.6096,40.0903,0,0,0,0,1,,,,,,,,,,,,,,,,,,,,,,,,,,,,,,,,,
,,,,,160743,001,2026-01-21_15h23.03.770,Simon,2024.2.4,Win32,64.1025641,,,,,,,,,,,,,,,,,,0,1,1,1,1,images/white_butterfly.png,images/purple_butterfly.png,left_image_2,"In this example, select the LEFT butterfly.",,,,,,,,,,,,,,,,,,,,,,,,
,,,,,160743,001,2026-01-21_15h23.03.770,Simon,2024.2.4,Win32,64.1025641,40.0917,45.1609,[0.18553459119496854],[0.008385744234800839],[1],[0],[0],[5.067999999999998],"[""right_image_2"",""right_image_2""]",1,45.1611,45.6607,0,0,0,0,1,,,,,,,,,,,,,,,,,,,,,,,,,,,,,,,,,
,,,,,160743,001,2026-01-21_15h23.03.770,Simon,2024.2.4,Win32,64.1025641,,,,,,,,,,,,,,,,,,0,2,2,2,1,images/yellow_butterfly.png,images/white_butterfly.png,right_image_2,"In this example, select the RIGHT butterfly.",,,,,,,,,,,,,,,,,,,,,,,,
,,,,,160743,001,2026-01-21_15h23.03.770,Simon,2024.2.4,Win32,64.1025641,45.6619,49.2012,[0.1792452830188679],[0.031446540880503145],[1],[0],[0],[3.5368000000119153],"[""right_image_2"",""right_image_2""]",1,49.2015,49.6875,0,0,0,0,1,,,,,,,,,,,,,,,,,,,,,,,,,,,,,,,,,
,,,,,160743,001,2026-01-21_15h23.03.770,Simon,2024.2.4,Win32,64.1025641,,,,,,,,,,,,,,,,,,0,3,3,3,1,images/white_butterfly.png,images/yellow_butterfly.png,right_image_2,"In this example, select the RIGHT butterfly.",,,,,,,,,,,,,,,,,,,,,,,,
,,,,,160743,001,2026-01-21_15h23.03.770,Simon,2024.2.4,Win32,64.1025641,,,,,,,,,,,,,,,,,,,,,,,,,,,49.688,64.3532,1,[64.35420000004768],[64.35420000004768],,,,,,,,,,,,,,,,,,,
,,,,,160743,001,2026-01-21_15h23.03.770,Simon,2024.2.4,Win32,64.1025641,,,,,,,,,,1,66.7618,67.257,,,,,,,,,,,images/white_butterfly.png,images/purple_butterfly.png,left_image, ,,,,,,64.3593,66.7617,[-0.16561844863731656],[0.015723270440251572],[1],[0],[0],[2.401699999988068],"[""left_image""]",0,0,0,1,1,,,,,
,,,,,160743,001,2026-01-21_15h23.03.770,Simon,2024.2.4,Win32,64.1025641,,,,,,,,,,1,68.0486,68.5474,,,,,,,,,,,images/purple_butterfly.png,images/white_butterfly.png,left_image, ,,,,,,67.2576,68.0486,[-0.16247379454926625],[0.01781970649895178],[1],[0],[0],[0.7904999999999944],"[""left_image""]",0,1,1,0,1,,,,,
,,,,,160743,001,2026-01-21_15h23.03.770,Simon,2024.2.4,Win32,64.1025641,,,,,,,,,,1,70.3695,70.8668,,,,,,,,,,,images/yellow_butterfly.png,images/white_butterfly.png,right_image, ,,,,,,68.5478,70.3694,[0.2379454926624738],[-0.029350104821802937],[1],[0],[0],[1.8211000000238329],"[""right_image""]",0,2,2,2,1,,,,,
,,,,,160743,001,2026-01-21_15h23.03.770,Simon,2024.2.4,Win32,64.1025641,,,,,,,,,,1,73.1331,73.6398,,,,,,,,,,,images/white_butterfly.png,images/yellow_butterfly.png,right_image, ,,,,,,70.8673,73.1331,[0.2526205450733753],[0.010482180293501049],[1],[0],[0],[2.2653000000119334],"[""right_image""]",0,3,3,3,1,,,,,
,,,,,160743,001,2026-01-21_15h23.03.770,Simon,2024.2.4,Win32,64.1025641,,,,,,,,,,1,75.7666,76.2481,,,,,,,,,,,images/white_butterfly.png,images/purple_butterfly.png,left_image, ,,,,,,73.6404,75.7665,[-0.18553459119496854],[0.018867924528301886],[1],[0],[0],[2.125800000011921],"[""left_image""]",1,0,4,1,1,,,,,
,,,,,160743,001,2026-01-21_15h23.03.770,Simon,2024.2.4,Win32,64.1025641,,,,,,,,,,1,77.2224,77.7136,,,,,,,,,,,images/purple_butterfly.png,images/white_butterfly.png,left_image, ,,,,,,76.2487,77.2223,[-0.22431865828092243],[-0.018867924528301886],[1],[0],[0],[0.972999999999999],"[""left_image""]",1,1,5,0,1,,,,,
,,,,,160743,001,2026-01-21_15h23.03.770,Simon,2024.2.4,Win32,64.1025641,,,,,,,,,,1,78.7004,79.1893,,,,,,,,,,,images/yellow_butterfly.png,images/white_butterfly.png,right_image, ,,,,,,77.7142,78.7003,[0.25471698113207547],[-0.019916142557651992],[1],[0],[0],[0.9856999999880856],"[""right_image""]",1,2,6,2,1,,,,,
,,,,,160743,001,2026-01-21_15h23.03.770,Simon,2024.2.4,Win32,64.1025641,,,,,,,,,,1,80.2797,80.77,,,,,,,,,,,images/white_butterfly.png,images/yellow_butterfly.png,right_image, ,,,,,,79.1899,80.2796,[0.1750524109014675],[-0.010482180293501049],[1],[0],[0],[1.0891000000238336],"[""right_image""]",1,3,7,3,1,,,,,
,,,,,160743,001,2026-01-21_15h23.03.770,Simon,2024.2.4,Win32,64.1025641,,,,,,,,,,1,81.7187,82.2036,,,,,,,,,,,images/yellow_butterfly.png,images/white_butterfly.png,right_image, ,,,,,,80.7708,81.7186,[0.20649895178197064],[-0.0031446540880503146],[1],[0],[0],[0.9471999999880865],"[""right_image""]",2,0,8,2,1,,,,,
,,,,,160743,001,2026-01-21_15h23.03.770,Simon,2024.2.4,Win32,64.1025641,,,,,,,,,,1,83.4027,83.8858,,,,,,,,,,,images/purple_butterfly.png,images/white_butterfly.png,left_image, ,,,,,,82.2041,83.4026,[-0.12683438155136267],[-0.009433962264150943],[1],[0],[0],[1.1981000000238424],"[""left_image""]",2,1,9,0,1,,,,,
,,,,,160743,001,2026-01-21_15h23.03.770,Simon,2024.2.4,Win32,64.1025641,,,,,,,,,,1,84.7552,85.2451,,,,,,,,,,,images/white_butterfly.png,images/yellow_butterfly.png,right_image, ,,,,,,83.8864,84.7551,[0.15513626834381553],[0.013626834381551363],[1],[0],[0],[0.8683000000119279],"[""right_image""]",2,2,10,3,1,,,,,
,,,,,160743,001,2026-01-21_15h23.03.770,Simon,2024.2.4,Win32,64.1025641,,,,,,,,,,1,88.0396,88.5423,,,,,,,,,,,images/white_butterfly.png,images/purple_butterfly.png,left_image, ,,,,,,85.2461,88.0396,[-0.21593291404612158],[0.007337526205450734],[1],[0],[0],[2.792600000023839],"[""left_image""]",2,3,11,1,1,,,,,
,,,,,160743,001,2026-01-21_15h23.03.770,Simon,2024.2.4,Win32,64.1025641,,,,,,,,,,1,89.6621,90.1494,,,,,,,,,,,images/white_butterfly.png,images/yellow_butterfly.png,right_image, ,,,,,,88.543,89.662,[0.20649895178197064],[0.018867924528301886],[1],[0],[0],[1.1180000000000092],"[""right_image""]",3,0,12,3,1,,,,,
,,,,,160743,001,2026-01-21_15h23.03.770,Simon,2024.2.4,Win32,64.1025641,,,,,,,,,,1,91.0603,91.5622,,,,,,,,,,,images/yellow_butterfly.png,images/white_butterfly.png,right_image, ,,,,,,90.1499,91.0602,[0.1540880503144654],[0.007337526205450734],[1],[0],[0],[0.9098999999761475],"[""right_image""]",3,1,13,2,1,,,,,
,,,,,160743,001,2026-01-21_15h23.03.770,Simon,2024.2.4,Win32,64.1025641,,,,,,,,,,1,93.0624,93.5752,,,,,,,,,,,images/purple_butterfly.png,images/white_butterfly.png,left_image, ,,,,,,91.5628,93.0623,[-0.129979035639413],[0.014675052410901468],[1],[0],[0],[1.499199999988079],"[""left_image""]",3,2,14,0,1,,,,,
,,,,,160743,001,2026-01-21_15h23.03.770,Simon,2024.2.4,Win32,64.1025641,,,,,,,,,,1,95.0263,95.5235,,,,,,,,,,,images/white_butterfly.png,images/purple_butterfly.png,left_image, ,,,,,,93.5758,95.0262,[-0.1970649895178197],[0.031446540880503145],[1],[0],[0],[1.4500000000000028],"[""left_image""]",3,3,15,1,1,,,,,
,,,,,160743,001,2026-01-21_15h23.03.770,Simon,2024.2.4,Win32,64.1025641,,,,,,,,,,1,97.3785,97.8799,,,,,,,,,,,images/white_butterfly.png,images/yellow_butterfly.png,right_image, ,,,,,,95.524,97.3784,[0.22327044025157233],[-0.012578616352201259],[1],[0],[0],[1.854199999988083],"[""right_image""]",4,0,16,3,1,,,,,
,,,,,160743,001,2026-01-21_15h23.03.770,Simon,2024.2.4,Win32,64.1025641,,,,,,,,,,1,100.045,100.534,,,,,,,,,,,images/yellow_butterfly.png,images/white_butterfly.png,right_image, ,,,,,,97.8805,100.045,[0.15723270440251572],[0.010482180293501049],[1],[0],[0],[2.164199999988085],"[""right_image""]",4,1,17,2,1,,,,,
,,,,,160743,001,2026-01-21_15h23.03.770,Simon,2024.2.4,Win32,64.1025641,,,,,,,,,,1,138.9788,139.481,,,,,,,,,,,images/purple_butterfly.png,images/white_butterfly.png,left_image, ,,,,,,100.5345,138.9788,[-0.2589098532494759],[0.041928721174004195],[1],[0],[0],[38.44389999997617],"[""left_image""]",4,2,18,0,1,,,,,
,,,,,160743,001,2026-01-21_15h23.03.770,Simon,2024.2.4,Win32,64.1025641,,,,,,,,,,1,141.7742,142.2676,,,,,,,,,,,images/white_butterfly.png,images/purple_butterfly.png,left_image, ,,,,,,139.4826,141.7742,[-0.12578616352201258],[0.027253668763102725],[1],[0],[0],[2.2911999999880663],"[""left_image""]",4,3,19,1,1,,,,,
,,,,,160743,001,2026-01-21_15h23.03.770,Simon,2024.2.4,Win32,64.1025641,,,,,,,,,,,,,,,,,,,,,,,,,,,,,,,,,,,,,,,,,,,,,,142.2679,143.9778,1,[143.97739999997617],[143.97739999997617]
