﻿instructions.started,instructions.stopped,start_button.numClicks,start_button.timesOn,start_button.timesOff,participant,session,date,expName,psychopyVersion,OS,frameRate,practice_trial.started,practice_trial.stopped,mouse_2.x,mouse_2.y,mouse_2.leftButton,mouse_2.midButton,mouse_2.rightButton,mouse_2.time,mouse_2.clicked_name,correct,feedback.started,feedback.stopped,loop_until_correct.thisRepN,loop_until_correct.thisTrialN,loop_until_correct.thisN,loop_until_correct.thisIndex,loop_until_correct.ran,prac_trials.thisRepN,prac_trials.thisTrialN,prac_trials.thisN,prac_trials.thisIndex,prac_trials.ran,left_color,right_color,correct_response,top_txt,instructions_2.started,instructions_2.stopped,start_button_2.numClicks,start_button_2.timesOn,start_button_2.timesOff,trial.started,trial.stopped,mouse.x,mouse.y,mouse.leftButton,mouse.midButton,mouse.rightButton,mouse.time,mouse.clicked_name,trials.thisRepN,trials.thisTrialN,trials.thisN,trials.thisIndex,trials.ran,end.started,end.stopped,start_button_3.numClicks,start_button_3.timesOn,start_button_3.timesOff
0.0005,9.8569,1,[9.873600000023842],[9.873700000047684],161028,001,2025-01-23_15h41.41.122,Simon,2024.2.4,Win32,59.52380952,,,,,,,,,,,,,,,,,,,,,,,,,,,,,,,,,,,,,,,,,,,,,,,,,,
,,,,,161028,001,2025-01-23_15h41.41.122,Simon,2024.2.4,Win32,59.52380952,9.8804,11.5048,[-0.16789087093389296],[0.01626442812172088],[1],[0],[0],[1.6218000000119215],"[""left_image_2"",""left_image_2""]",1,11.5056,12.005,0,0,0,0,1,,,,,,,,,,,,,,,,,,,,,,,,,,,,,,,,,
,,,,,161028,001,2025-01-23_15h41.41.122,Simon,2024.2.4,Win32,59.52380952,,,,,,,,,,,,,,,,,,0,0,0,0,1,images/purple_butterfly.png,images/white_butterfly.png,left_image_2,"In this example, select the LEFT butterfly.",,,,,,,,,,,,,,,,,,,,,,,,
,,,,,161028,001,2025-01-23_15h41.41.122,Simon,2024.2.4,Win32,59.52380952,12.0089,14.4212,[-0.16369359916054566],[-0.032004197271773345],[1],[0],[0],[2.408899999976157],"[""left_image_2"",""left_image_2""]",1,14.4214,14.9211,0,0,0,0,1,,,,,,,,,,,,,,,,,,,,,,,,,,,,,,,,,
,,,,,161028,001,2025-01-23_15h41.41.122,Simon,2024.2.4,Win32,59.52380952,,,,,,,,,,,,,,,,,,0,1,1,1,1,images/white_butterfly.png,images/purple_butterfly.png,left_image_2,"In this example, select the LEFT butterfly.",,,,,,,,,,,,,,,,,,,,,,,,
,,,,,161028,001,2025-01-23_15h41.41.122,Simon,2024.2.4,Win32,59.52380952,14.9242,16.8878,[0.17103882476390347],[0.0005246589716684155],[1],[0],[0],[1.9595999999642366],"[""right_image_2"",""right_image_2""]",1,16.8882,17.3878,0,0,0,0,1,,,,,,,,,,,,,,,,,,,,,,,,,,,,,,,,,
,,,,,161028,001,2025-01-23_15h41.41.122,Simon,2024.2.4,Win32,59.52380952,,,,,,,,,,,,,,,,,,0,2,2,2,1,images/yellow_butterfly.png,images/white_butterfly.png,right_image_2,"In this example, select the RIGHT butterfly.",,,,,,,,,,,,,,,,,,,,,,,,
,,,,,161028,001,2025-01-23_15h41.41.122,Simon,2024.2.4,Win32,59.52380952,17.3902,18.3379,[0.1521511017838405],[0.0005246589716684155],[1],[0],[0],[0.9463999999761583],"[""right_image_2"",""right_image_2""]",1,18.3381,18.8379,0,0,0,0,1,,,,,,,,,,,,,,,,,,,,,,,,,,,,,,,,,
,,,,,161028,001,2025-01-23_15h41.41.122,Simon,2024.2.4,Win32,59.52380952,,,,,,,,,,,,,,,,,,0,3,3,3,1,images/white_butterfly.png,images/yellow_butterfly.png,right_image_2,"In this example, select the RIGHT butterfly.",,,,,,,,,,,,,,,,,,,,,,,,
,,,,,161028,001,2025-01-23_15h41.41.122,Simon,2024.2.4,Win32,59.52380952,,,,,,,,,,,,,,,,,,,,,,,,,,,18.8382,19.7384,1,[19.74140000003576],[19.74140000003576],,,,,,,,,,,,,,,,,,,
,,,,,161028,001,2025-01-23_15h41.41.122,Simon,2024.2.4,Win32,59.52380952,,,,,,,,,,1,20.4334,20.9217,,,,,,,,,,,images/white_butterfly.png,images/yellow_butterfly.png,right_image, ,,,,,,19.7489,20.4333,[0.16998950682056663],[0.08656873032528856],[1],[0],[0],[0.6836999999880788],"[""right_image""]",0,0,0,3,1,,,,,
,,,,,161028,001,2025-01-23_15h41.41.122,Simon,2024.2.4,Win32,59.52380952,,,,,,,,,,1,21.7879,22.2883,,,,,,,,,,,images/purple_butterfly.png,images/white_butterfly.png,left_image, ,,,,,,20.9226,21.7879,[-0.0944386149003148],[0.029905561385099685],[1],[0],[0],[0.8637999999523167],"[""left_image""]",0,1,1,0,1,,,,,
,,,,,161028,001,2025-01-23_15h41.41.122,Simon,2024.2.4,Win32,59.52380952,,,,,,,,,,1,23.1878,23.6884,,,,,,,,,,,images/yellow_butterfly.png,images/white_butterfly.png,right_image, ,,,,,,22.2894,23.1878,[0.13431269674711438],[0.019412381951731374],[1],[0],[0],[0.8975000000000009],"[""right_image""]",0,2,2,2,1,,,,,
,,,,,161028,001,2025-01-23_15h41.41.122,Simon,2024.2.4,Win32,59.52380952,,,,,,,,,,1,25.738,26.2381,,,,,,,,,,,images/white_butterfly.png,images/purple_butterfly.png,left_image, ,,,,,,23.6893,25.7379,[-0.15424973767051417],[0.007869884575026232],[1],[0],[0],[2.0481999999880784],"[""left_image""]",0,3,3,1,1,,,,,
,,,,,161028,001,2025-01-23_15h41.41.122,Simon,2024.2.4,Win32,59.52380952,,,,,,,,,,1,27.3049,27.8044,,,,,,,,,,,images/white_butterfly.png,images/purple_butterfly.png,left_image, ,,,,,,26.2391,27.3049,[-0.13746065057712487],[0.0005246589716684155],[1],[0],[0],[1.0655000000000001],"[""left_image""]",1,0,4,1,1,,,,,
,,,,,161028,001,2025-01-23_15h41.41.122,Simon,2024.2.4,Win32,59.52380952,,,,,,,,,,1,28.6878,29.1877,,,,,,,,,,,images/yellow_butterfly.png,images/white_butterfly.png,right_image, ,,,,,,27.8052,28.6878,[0.1416579223504722],[-0.008919202518363064],[1],[0],[0],[0.8821999999880745],"[""right_image""]",1,1,5,2,1,,,,,
,,,,,161028,001,2025-01-23_15h41.41.122,Simon,2024.2.4,Win32,59.52380952,,,,,,,,,,1,29.8378,30.3377,,,,,,,,,,,images/white_butterfly.png,images/yellow_butterfly.png,right_image, ,,,,,,29.1885,29.8377,[0.13326337880377753],[-0.008919202518363064],[1],[0],[0],[0.6485000000000056],"[""right_image""]",1,2,6,3,1,,,,,
,,,,,161028,001,2025-01-23_15h41.41.122,Simon,2024.2.4,Win32,59.52380952,,,,,,,,,,1,31.4379,31.9378,,,,,,,,,,,images/purple_butterfly.png,images/white_butterfly.png,left_image, ,,,,,,30.3385,31.4377,[-0.15634837355718784],[-0.012067156348373556],[1],[0],[0],[1.098699999988078],"[""left_image""]",1,3,7,0,1,,,,,
,,,,,161028,001,2025-01-23_15h41.41.122,Simon,2024.2.4,Win32,59.52380952,,,,,,,,,,1,32.4881,32.9879,,,,,,,,,,,images/purple_butterfly.png,images/white_butterfly.png,left_image, ,,,,,,31.9387,32.488,[-0.15424973767051417],[-0.013116474291710388],[1],[0],[0],[0.5493000000119181],"[""left_image""]",2,0,8,0,1,,,,,
,,,,,161028,001,2025-01-23_15h41.41.122,Simon,2024.2.4,Win32,59.52380952,,,,,,,,,,1,33.8381,34.3381,,,,,,,,,,,images/yellow_butterfly.png,images/white_butterfly.png,right_image, ,,,,,,32.9888,33.838,[0.19517313746065057],[-0.0036726128016789086],[1],[0],[0],[0.8486000000238434],"[""right_image""]",2,1,9,2,1,,,,,
,,,,,161028,001,2025-01-23_15h41.41.122,Simon,2024.2.4,Win32,59.52380952,,,,,,,,,,1,35.4548,35.9545,,,,,,,,,,,images/white_butterfly.png,images/purple_butterfly.png,left_image, ,,,,,,34.3389,35.4548,[-0.14690451206715635],[-0.007869884575026232],[1],[0],[0],[1.1149000000357603],"[""left_image""]",2,2,10,1,1,,,,,
,,,,,161028,001,2025-01-23_15h41.41.122,Simon,2024.2.4,Win32,59.52380952,,,,,,,,,,1,36.6381,37.1381,,,,,,,,,,,images/white_butterfly.png,images/yellow_butterfly.png,right_image, ,,,,,,35.9554,36.638,[0.15110178384050368],[-0.005771248688352571],[1],[0],[0],[0.681899999976153],"[""right_image""]",2,3,11,3,1,,,,,
,,,,,161028,001,2025-01-23_15h41.41.122,Simon,2024.2.4,Win32,59.52380952,,,,,,,,,,1,38.1547,38.6544,,,,,,,,,,,images/white_butterfly.png,images/purple_butterfly.png,left_image, ,,,,,,37.139,38.1547,[-0.1783840503672613],[-0.009968520461699895],[1],[0],[0],[1.0151999999880843],"[""left_image""]",3,0,12,1,1,,,,,
,,,,,161028,001,2025-01-23_15h41.41.122,Simon,2024.2.4,Win32,59.52380952,,,,,,,,,,1,39.3548,39.8547,,,,,,,,,,,images/purple_butterfly.png,images/white_butterfly.png,left_image, ,,,,,,38.6551,39.3548,[-0.15949632738719832],[-0.013116474291710388],[1],[0],[0],[0.6991999999880747],"[""left_image""]",3,1,13,0,1,,,,,
,,,,,161028,001,2025-01-23_15h41.41.122,Simon,2024.2.4,Win32,59.52380952,,,,,,,,,,1,40.6546,41.1546,,,,,,,,,,,images/yellow_butterfly.png,images/white_butterfly.png,right_image, ,,,,,,39.8555,40.6546,[0.22140608604407136],[0.013116474291710388],[1],[0],[0],[0.7988000000119229],"[""right_image""]",3,2,14,2,1,,,,,
,,,,,161028,001,2025-01-23_15h41.41.122,Simon,2024.2.4,Win32,59.52380952,,,,,,,,,,1,41.9383,42.4379,,,,,,,,,,,images/white_butterfly.png,images/yellow_butterfly.png,right_image, ,,,,,,41.156,41.9382,[0.2130115424973767],[0.011017838405036727],[1],[0],[0],[0.7815999999642358],"[""right_image""]",3,3,15,3,1,,,,,
,,,,,161028,001,2025-01-23_15h41.41.122,Simon,2024.2.4,Win32,59.52380952,,,,,,,,,,0,43.4221,43.9214,,,,,,,,,,,images/yellow_butterfly.png,images/white_butterfly.png,right_image, ,,,,,,42.4387,43.4211,[-0.18992654774396642],[-0.012067156348373556],[1],[0],[0],[0.9819000000357647],"[""left_image""]",4,0,16,2,1,,,,,
,,,,,161028,001,2025-01-23_15h41.41.122,Simon,2024.2.4,Win32,59.52380952,,,,,,,,,,1,45.6735,46.1713,,,,,,,,,,,images/white_butterfly.png,images/purple_butterfly.png,left_image, ,,,,,,43.9223,45.6713,[-0.20461699895068206],[-0.020461699895068207],[1],[0],[0],[1.7465999999642392],"[""left_image""]",4,1,17,1,1,,,,,
,,,,,161028,001,2025-01-23_15h41.41.122,Simon,2024.2.4,Win32,59.52380952,,,,,,,,,,1,46.8214,47.3213,,,,,,,,,,,images/white_butterfly.png,images/yellow_butterfly.png,right_image, ,,,,,,46.1733,46.8213,[0.13641133263378805],[-0.005771248688352571],[1],[0],[0],[0.6466000000238452],"[""right_image""]",4,2,18,3,1,,,,,
,,,,,161028,001,2025-01-23_15h41.41.122,Simon,2024.2.4,Win32,59.52380952,,,,,,,,,,1,48.0878,48.588,,,,,,,,,,,images/purple_butterfly.png,images/white_butterfly.png,left_image, ,,,,,,47.3228,48.0877,[-0.18572927597061908],[-0.00472193074501574],[1],[0],[0],[0.7630999999642398],"[""left_image""]",4,3,19,0,1,,,,,
,,,,,161028,001,2025-01-23_15h41.41.122,Simon,2024.2.4,Win32,59.52380952,,,,,,,,,,,,,,,,,,,,,,,,,,,,,,,,,,,,,,,,,,,,,,48.5882,49.4218,1,[49.4215],[49.4215]
