﻿instructions.started,instructions.stopped,start_button.numClicks,start_button.timesOn,start_button.timesOff,participant,session,date,expName,psychopyVersion,OS,frameRate,practice_trial.started,practice_trial.stopped,mouse_2.x,mouse_2.y,mouse_2.leftButton,mouse_2.midButton,mouse_2.rightButton,mouse_2.time,mouse_2.clicked_name,correct,feedback.started,feedback.stopped,loop_until_correct.thisRepN,loop_until_correct.thisTrialN,loop_until_correct.thisN,loop_until_correct.thisIndex,loop_until_correct.ran,prac_trials.thisRepN,prac_trials.thisTrialN,prac_trials.thisN,prac_trials.thisIndex,prac_trials.ran,left_color,right_color,correct_response,top_txt,instructions_2.started,instructions_2.stopped,start_button_2.numClicks,start_button_2.timesOn,start_button_2.timesOff,trial.started,trial.stopped,mouse.x,mouse.y,mouse.leftButton,mouse.midButton,mouse.rightButton,mouse.time,mouse.clicked_name,trials.thisRepN,trials.thisTrialN,trials.thisN,trials.thisIndex,trials.ran,end.started,end.stopped,start_button_3.numClicks,start_button_3.timesOn,start_button_3.timesOff
0.0006,19.7827,1,[19.8065],[19.8065],161807,001,2025-01-23_11h21.32.930,Simon,2024.2.4,Win32,60.24096386,,,,,,,,,,,,,,,,,,,,,,,,,,,,,,,,,,,,,,,,,,,,,,,,,,
,,,,,161807,001,2025-01-23_11h21.32.930,Simon,2024.2.4,Win32,60.24096386,19.8065,22.3965,[-0.15119040352957588],[0.06309520176478794],[1],[0],[0],[2.58590000000596],"[""left_image_2"",""left_image_2""]",1,22.3974,22.8956,0,0,0,0,1,,,,,,,,,,,,,,,,,,,,,,,,,,,,,,,,,
,,,,,161807,001,2025-01-23_11h21.32.930,Simon,2024.2.4,Win32,60.24096386,,,,,,,,,,,,,,,,,,0,0,0,0,1,images/purple_butterfly.png,images/white_butterfly.png,left_image_2,"In this example, select the LEFT butterfly.",,,,,,,,,,,,,,,,,,,,,,,,
,,,,,161807,001,2025-01-23_11h21.32.930,Simon,2024.2.4,Win32,60.24096386,22.8978,24.0278,[0.16071428571428573],[0.02023805890764509],[1],[0],[0],[1.1278000000119235],"[""right_image_2"",""right_image_2""]",0,24.0297,24.5273,0,0,0,0,1,,,,,,,,,,,,,,,,,,,,,,,,,,,,,,,,,
,,,,,161807,001,2025-01-23_11h21.32.930,Simon,2024.2.4,Win32,60.24096386,24.5284,25.0608,[0.16071428571428573],[0.02023805890764509],[1],[0],[0],[0.5312999999821173],"[""right_image_2"",""right_image_2""]",0,25.0611,25.5599,1,0,1,0,1,,,,,,,,,,,,,,,,,,,,,,,,,,,,,,,,,
,,,,,161807,001,2025-01-23_11h21.32.930,Simon,2024.2.4,Win32,60.24096386,25.5614,30.4725,[-0.1261904035295759],[0.007142857142857143],[1],[0],[0],[4.910099999994046],"[""left_image_2"",""left_image_2""]",1,30.4736,30.9726,2,0,2,0,1,,,,,,,,,,,,,,,,,,,,,,,,,,,,,,,,,
,,,,,161807,001,2025-01-23_11h21.32.930,Simon,2024.2.4,Win32,60.24096386,,,,,,,,,,,,,,,,,,0,1,1,1,1,images/white_butterfly.png,images/purple_butterfly.png,left_image_2,"In this example, select the LEFT butterfly.",,,,,,,,,,,,,,,,,,,,,,,,
,,,,,161807,001,2025-01-23_11h21.32.930,Simon,2024.2.4,Win32,60.24096386,30.9747,32.9542,[0.11309531075613839],[0.002380916050502232],[1],[0],[0],[1.9777999999821176],"[""right_image_2"",""right_image_2""]",1,32.9543,33.4541,0,0,0,0,1,,,,,,,,,,,,,,,,,,,,,,,,,,,,,,,,,
,,,,,161807,001,2025-01-23_11h21.32.930,Simon,2024.2.4,Win32,60.24096386,,,,,,,,,,,,,,,,,,0,2,2,2,1,images/yellow_butterfly.png,images/white_butterfly.png,right_image_2,"In this example, select the RIGHT butterfly.",,,,,,,,,,,,,,,,,,,,,,,,
,,,,,161807,001,2025-01-23_11h21.32.930,Simon,2024.2.4,Win32,60.24096386,33.4561,34.4531,[0.11309531075613839],[0.002380916050502232],[1],[0],[0],[0.9955999999940417],"[""right_image_2"",""right_image_2""]",1,34.4532,34.9528,0,0,0,0,1,,,,,,,,,,,,,,,,,,,,,,,,,,,,,,,,,
,,,,,161807,001,2025-01-23_11h21.32.930,Simon,2024.2.4,Win32,60.24096386,,,,,,,,,,,,,,,,,,0,3,3,3,1,images/white_butterfly.png,images/yellow_butterfly.png,right_image_2,"In this example, select the RIGHT butterfly.",,,,,,,,,,,,,,,,,,,,,,,,
,,,,,161807,001,2025-01-23_11h21.32.930,Simon,2024.2.4,Win32,60.24096386,,,,,,,,,,,,,,,,,,,,,,,,,,,34.9537,38.3169,1,[38.32229999998212],[38.32229999998212],,,,,,,,,,,,,,,,,,,
,,,,,161807,001,2025-01-23_11h21.32.930,Simon,2024.2.4,Win32,60.24096386,,,,,,,,,,1,43.1301,43.629,,,,,,,,,,,images/purple_butterfly.png,images/white_butterfly.png,left_image, ,,,,,,38.3265,43.13,[-0.09880948747907366],[-0.09166668483189173],[1],[0],[0],[4.802700000017886],"[""left_image""]",0,0,0,0,1,,,,,
,,,,,161807,001,2025-01-23_11h21.32.930,Simon,2024.2.4,Win32,60.24096386,,,,,,,,,,1,45.0778,45.5776,,,,,,,,,,,images/yellow_butterfly.png,images/white_butterfly.png,right_image, ,,,,,,43.6303,45.0777,[0.15],[-0.09880954197474888],[1],[0],[0],[1.446800000011926],"[""right_image""]",0,1,1,2,1,,,,,
,,,,,161807,001,2025-01-23_11h21.32.930,Simon,2024.2.4,Win32,60.24096386,,,,,,,,,,1,46.1939,46.6932,,,,,,,,,,,images/white_butterfly.png,images/yellow_butterfly.png,right_image, ,,,,,,45.5787,46.1938,[0.15],[-0.09880954197474888],[1],[0],[0],[0.614199999988081],"[""right_image""]",0,2,2,3,1,,,,,
,,,,,161807,001,2025-01-23_11h21.32.930,Simon,2024.2.4,Win32,60.24096386,,,,,,,,,,1,47.6595,48.1588,,,,,,,,,,,images/white_butterfly.png,images/purple_butterfly.png,left_image, ,,,,,,46.6944,47.6594,[-0.19166663033621653],[-0.08809525626046318],[1],[0],[0],[0.964500000000001],"[""left_image""]",0,3,3,1,1,,,,,
,,,,,161807,001,2025-01-23_11h21.32.930,Simon,2024.2.4,Win32,60.24096386,,,,,,,,,,1,49.0913,49.5912,,,,,,,,,,,images/white_butterfly.png,images/yellow_butterfly.png,right_image, ,,,,,,48.1599,49.0912,[0.13452388218470981],[-0.04166668483189174],[1],[0],[0],[0.9309999999999974],"[""right_image""]",1,0,4,3,1,,,,,
,,,,,161807,001,2025-01-23_11h21.32.930,Simon,2024.2.4,Win32,60.24096386,,,,,,,,,,1,50.557,51.0561,,,,,,,,,,,images/yellow_butterfly.png,images/white_butterfly.png,right_image, ,,,,,,49.5922,50.5569,[0.15357142857142858],[-0.0440476553780692],[1],[0],[0],[0.9638000000119149],"[""right_image""]",1,1,5,2,1,,,,,
,,,,,161807,001,2025-01-23_11h21.32.930,Simon,2024.2.4,Win32,60.24096386,,,,,,,,,,1,51.9063,52.4055,,,,,,,,,,,images/white_butterfly.png,images/purple_butterfly.png,left_image, ,,,,,,51.0575,51.9062,[-0.17738091605050224],[-0.023809541974748882],[1],[0],[0],[0.8480999999940408],"[""left_image""]",1,2,6,1,1,,,,,
,,,,,161807,001,2025-01-23_11h21.32.930,Simon,2024.2.4,Win32,60.24096386,,,,,,,,,,1,53.005,53.5045,,,,,,,,,,,images/purple_butterfly.png,images/white_butterfly.png,left_image, ,,,,,,52.4066,53.0049,[-0.17738091605050224],[-0.023809541974748882],[1],[0],[0],[0.5975999999940385],"[""left_image""]",1,3,7,0,1,,,,,
,,,,,161807,001,2025-01-23_11h21.32.930,Simon,2024.2.4,Win32,60.24096386,,,,,,,,,,1,54.4544,54.9533,,,,,,,,,,,images/white_butterfly.png,images/yellow_butterfly.png,right_image, ,,,,,,53.5057,54.4542,[0.10714285714285714],[-0.03809525626046317],[1],[0],[0],[0.9480999999940352],"[""right_image""]",2,0,8,3,1,,,,,
,,,,,161807,001,2025-01-23_11h21.32.930,Simon,2024.2.4,Win32,60.24096386,,,,,,,,,,1,55.7364,56.2357,,,,,,,,,,,images/white_butterfly.png,images/purple_butterfly.png,left_image, ,,,,,,54.9545,55.7363,[-0.19404754638671876],[-0.01666668483189174],[1],[0],[0],[0.7812000000178827],"[""left_image""]",2,1,9,1,1,,,,,
,,,,,161807,001,2025-01-23_11h21.32.930,Simon,2024.2.4,Win32,60.24096386,,,,,,,,,,1,57.2851,57.7846,,,,,,,,,,,images/yellow_butterfly.png,images/white_butterfly.png,right_image, ,,,,,,56.2368,57.285,[0.15476194109235492],[-0.027380970546177455],[1],[0],[0],[1.047699999988076],"[""right_image""]",2,2,10,2,1,,,,,
,,,,,161807,001,2025-01-23_11h21.32.930,Simon,2024.2.4,Win32,60.24096386,,,,,,,,,,1,58.617,59.1169,,,,,,,,,,,images/purple_butterfly.png,images/white_butterfly.png,left_image, ,,,,,,57.7855,58.6169,[-0.125],[-0.019047655378069198],[1],[0],[0],[0.8310000000000031],"[""left_image""]",2,3,11,0,1,,,,,
,,,,,161807,001,2025-01-23_11h21.32.930,Simon,2024.2.4,Win32,60.24096386,,,,,,,,,,1,59.8495,60.3488,,,,,,,,,,,images/purple_butterfly.png,images/white_butterfly.png,left_image, ,,,,,,59.1179,59.8494,[-0.125],[-0.019047655378069198],[1],[0],[0],[0.7313000000119203],"[""left_image""]",3,0,12,0,1,,,,,
,,,,,161807,001,2025-01-23_11h21.32.930,Simon,2024.2.4,Win32,60.24096386,,,,,,,,,,1,61.3819,61.8813,,,,,,,,,,,images/white_butterfly.png,images/purple_butterfly.png,left_image, ,,,,,,60.3498,61.3819,[-0.125],[-0.019047655378069198],[1],[0],[0],[1.031599999994043],"[""left_image""]",3,1,13,1,1,,,,,
,,,,,161807,001,2025-01-23_11h21.32.930,Simon,2024.2.4,Win32,60.24096386,,,,,,,,,,1,62.8641,63.3632,,,,,,,,,,,images/white_butterfly.png,images/yellow_butterfly.png,right_image, ,,,,,,61.8824,62.8639,[0.1392857142857143],[-0.027380970546177455],[1],[0],[0],[0.9809999999999945],"[""right_image""]",3,2,14,3,1,,,,,
,,,,,161807,001,2025-01-23_11h21.32.930,Simon,2024.2.4,Win32,60.24096386,,,,,,,,,,1,64.4626,64.9623,,,,,,,,,,,images/yellow_butterfly.png,images/white_butterfly.png,right_image, ,,,,,,63.3643,64.4625,[0.1],[-0.017857142857142856],[1],[0],[0],[1.0975999999940314],"[""right_image""]",3,3,15,2,1,,,,,
,,,,,161807,001,2025-01-23_11h21.32.930,Simon,2024.2.4,Win32,60.24096386,,,,,,,,,,1,65.895,66.3945,,,,,,,,,,,images/white_butterfly.png,images/purple_butterfly.png,left_image, ,,,,,,64.9635,65.8949,[-0.09166663033621651],[-0.015476226806640625],[1],[0],[0],[0.9310000000000116],"[""left_image""]",4,0,16,1,1,,,,,
,,,,,161807,001,2025-01-23_11h21.32.930,Simon,2024.2.4,Win32,60.24096386,,,,,,,,,,1,67.4275,67.9265,,,,,,,,,,,images/white_butterfly.png,images/yellow_butterfly.png,right_image, ,,,,,,66.3955,67.4274,[0.2190476553780692],[-0.04523811340332031],[1],[0],[0],[1.0313000000119104],"[""right_image""]",4,1,17,3,1,,,,,
,,,,,161807,001,2025-01-23_11h21.32.930,Simon,2024.2.4,Win32,60.24096386,,,,,,,,,,1,68.476,68.9756,,,,,,,,,,,images/yellow_butterfly.png,images/white_butterfly.png,right_image, ,,,,,,67.9277,68.476,[0.2190476553780692],[-0.04523811340332031],[1],[0],[0],[0.5477999999821179],"[""right_image""]",4,2,18,2,1,,,,,
,,,,,161807,001,2025-01-23_11h21.32.930,Simon,2024.2.4,Win32,60.24096386,,,,,,,,,,1,69.8586,70.3579,,,,,,,,,,,images/purple_butterfly.png,images/white_butterfly.png,left_image, ,,,,,,68.9767,69.8585,[-0.06428571428571428],[-0.027380970546177455],[1],[0],[0],[0.8812999999821187],"[""left_image""]",4,3,19,0,1,,,,,
,,,,,161807,001,2025-01-23_11h21.32.930,Simon,2024.2.4,Win32,60.24096386,,,,,,,,,,,,,,,,,,,,,,,,,,,,,,,,,,,,,,,,,,,,,,70.3584,72.0738,1,[72.0735],[72.0735]
