﻿instructions.started,instructions.stopped,start_button.numClicks,start_button.timesOn,start_button.timesOff,participant,session,date,expName,psychopyVersion,OS,frameRate,practice_trial.started,practice_trial.stopped,mouse_2.x,mouse_2.y,mouse_2.leftButton,mouse_2.midButton,mouse_2.rightButton,mouse_2.time,mouse_2.clicked_name,correct,feedback.started,feedback.stopped,loop_until_correct.thisRepN,loop_until_correct.thisTrialN,loop_until_correct.thisN,loop_until_correct.thisIndex,loop_until_correct.ran,prac_trials.thisRepN,prac_trials.thisTrialN,prac_trials.thisN,prac_trials.thisIndex,prac_trials.ran,left_color,right_color,correct_response,top_txt,instructions_2.started,instructions_2.stopped,start_button_2.numClicks,start_button_2.timesOn,start_button_2.timesOff,trial.started,trial.stopped,mouse.x,mouse.y,mouse.leftButton,mouse.midButton,mouse.rightButton,mouse.time,mouse.clicked_name,trials.thisRepN,trials.thisTrialN,trials.thisN,trials.thisIndex,trials.ran,end.started,end.stopped,start_button_3.numClicks,start_button_3.timesOn,start_button_3.timesOff
0,14.108,1,[14.121],[14.121],162132,001,2026-01-27_10h26.12.587,Simon,2024.2.4,MacIntel,90.90909091,,,,,,,,,,,,,,,,,,,,,,,,,,,,,,,,,,,,,,,,,,,,,,,,,,
,,,,,162132,001,2026-01-27_10h26.12.587,Simon,2024.2.4,MacIntel,90.90909091,14.133,18.591,[-0.1768033946251768],[0.04031117397454031],[1],[0],[0],[4.454999999999998],"[""left_image_2"",""left_image_2""]",1,18.592,19.083,0,0,0,0,1,,,,,,,,,,,,,,,,,,,,,,,,,,,,,,,,,
,,,,,162132,001,2026-01-27_10h26.12.587,Simon,2024.2.4,MacIntel,90.90909091,,,,,,,,,,,,,,,,,,0,0,0,0,1,images/purple_butterfly.png,images/white_butterfly.png,left_image_2,"In this example, select the LEFT butterfly.",,,,,,,,,,,,,,,,,,,,,,,,
,,,,,162132,001,2026-01-27_10h26.12.587,Simon,2024.2.4,MacIntel,90.90909091,19.086,21.487,[-0.20084865629420084],[-0.0021216407355021216],[1],[0],[0],[2.3969999999999985],"[""left_image_2"",""left_image_2""]",1,21.487,21.981,0,0,0,0,1,,,,,,,,,,,,,,,,,,,,,,,,,,,,,,,,,
,,,,,162132,001,2026-01-27_10h26.12.587,Simon,2024.2.4,MacIntel,90.90909091,,,,,,,,,,,,,,,,,,0,1,1,1,1,images/white_butterfly.png,images/purple_butterfly.png,left_image_2,"In this example, select the LEFT butterfly.",,,,,,,,,,,,,,,,,,,,,,,,
,,,,,162132,001,2026-01-27_10h26.12.587,Simon,2024.2.4,MacIntel,90.90909091,21.984,23.386,[0.17963224893917965],[-0.04455445544554455],[1],[0],[0],[1.4000000000000021],"[""right_image_2"",""right_image_2""]",1,23.387,23.881,0,0,0,0,1,,,,,,,,,,,,,,,,,,,,,,,,,,,,,,,,,
,,,,,162132,001,2026-01-27_10h26.12.587,Simon,2024.2.4,MacIntel,90.90909091,,,,,,,,,,,,,,,,,,0,2,2,2,1,images/yellow_butterfly.png,images/white_butterfly.png,right_image_2,"In this example, select the RIGHT butterfly.",,,,,,,,,,,,,,,,,,,,,,,,
,,,,,162132,001,2026-01-27_10h26.12.587,Simon,2024.2.4,MacIntel,90.90909091,23.883,24.77,[0.17963224893917965],[-0.04455445544554455],[1],[0],[0],[0.8840000000000003],"[""right_image_2"",""right_image_2""]",1,24.77,25.263,0,0,0,0,1,,,,,,,,,,,,,,,,,,,,,,,,,,,,,,,,,
,,,,,162132,001,2026-01-27_10h26.12.587,Simon,2024.2.4,MacIntel,90.90909091,,,,,,,,,,,,,,,,,,0,3,3,3,1,images/white_butterfly.png,images/yellow_butterfly.png,right_image_2,"In this example, select the RIGHT butterfly.",,,,,,,,,,,,,,,,,,,,,,,,
,,,,,162132,001,2026-01-27_10h26.12.587,Simon,2024.2.4,MacIntel,90.90909091,,,,,,,,,,,,,,,,,,,,,,,,,,,25.265,26.703,1,[26.704],[26.704],,,,,,,,,,,,,,,,,,,
,,,,,162132,001,2026-01-27_10h26.12.587,Simon,2024.2.4,MacIntel,90.90909091,,,,,,,,,,1,28.052,28.545,,,,,,,,,,,images/purple_butterfly.png,images/white_butterfly.png,left_image, ,,,,,,26.716,28.052,[-0.2984441301272984],[-0.02050919377652051],[1],[0],[0],[1.3340000000000067],"[""left_image""]",0,0,0,0,1,,,,,
,,,,,162132,001,2026-01-27_10h26.12.587,Simon,2024.2.4,MacIntel,90.90909091,,,,,,,,,,1,29.953,30.445,,,,,,,,,,,images/yellow_butterfly.png,images/white_butterfly.png,right_image, ,,,,,,28.547,29.953,[0.20226308345120225],[-0.02050919377652051],[1],[0],[0],[1.4050000000000011],"[""right_image""]",0,1,1,2,1,,,,,
,,,,,162132,001,2026-01-27_10h26.12.587,Simon,2024.2.4,MacIntel,90.90909091,,,,,,,,,,1,31.768,32.261,,,,,,,,,,,images/white_butterfly.png,images/purple_butterfly.png,left_image, ,,,,,,30.446,31.768,[-0.16548797736916548],[0.0049504950495049506],[1],[0],[0],[1.3200000000000003],"[""left_image""]",0,2,2,1,1,,,,,
,,,,,162132,001,2026-01-27_10h26.12.587,Simon,2024.2.4,MacIntel,90.90909091,,,,,,,,,,1,33.317,33.81,,,,,,,,,,,images/white_butterfly.png,images/yellow_butterfly.png,right_image, ,,,,,,32.262,33.317,[0.17114568599717114],[-0.04314002828854314],[1],[0],[0],[1.054000000000002],"[""right_image""]",0,3,3,3,1,,,,,
,,,,,162132,001,2026-01-27_10h26.12.587,Simon,2024.2.4,MacIntel,90.90909091,,,,,,,,,,1,35.217,35.71,,,,,,,,,,,images/white_butterfly.png,images/yellow_butterfly.png,right_image, ,,,,,,33.811,35.217,[0.2065063649222065],[-0.02333804809052334],[1],[0],[0],[1.4059999999999988],"[""right_image""]",1,0,4,3,1,,,,,
,,,,,162132,001,2026-01-27_10h26.12.587,Simon,2024.2.4,MacIntel,90.90909091,,,,,,,,,,1,37.249,37.743,,,,,,,,,,,images/white_butterfly.png,images/purple_butterfly.png,left_image, ,,,,,,35.711,37.249,[-0.13578500707213578],[0.028995756718528994],[1],[0],[0],[1.536999999999999],"[""left_image""]",1,1,5,1,1,,,,,
,,,,,162132,001,2026-01-27_10h26.12.587,Simon,2024.2.4,MacIntel,90.90909091,,,,,,,,,,1,38.831,39.326,,,,,,,,,,,images/yellow_butterfly.png,images/white_butterfly.png,right_image, ,,,,,,37.744,38.831,[0.2050919377652051],[0.02333804809052334],[1],[0],[0],[1.0859999999999914],"[""right_image""]",1,2,6,2,1,,,,,
,,,,,162132,001,2026-01-27_10h26.12.587,Simon,2024.2.4,MacIntel,90.90909091,,,,,,,,,,1,40.331,40.825,,,,,,,,,,,images/purple_butterfly.png,images/white_butterfly.png,left_image, ,,,,,,39.327,40.331,[-0.10608203677510608],[0.024752475247524754],[1],[0],[0],[1.0020000000000024],"[""left_image""]",1,3,7,0,1,,,,,
,,,,,162132,001,2026-01-27_10h26.12.587,Simon,2024.2.4,MacIntel,90.90909091,,,,,,,,,,1,41.847,42.341,,,,,,,,,,,images/white_butterfly.png,images/yellow_butterfly.png,right_image, ,,,,,,40.826,41.847,[0.1782178217821782],[0.010608203677510608],[1],[0],[0],[1.019999999999996],"[""right_image""]",2,0,8,3,1,,,,,
,,,,,162132,001,2026-01-27_10h26.12.587,Simon,2024.2.4,MacIntel,90.90909091,,,,,,,,,,1,43.398,43.891,,,,,,,,,,,images/white_butterfly.png,images/purple_butterfly.png,left_image, ,,,,,,42.342,43.398,[-0.15841584158415842],[0.009193776520509194],[1],[0],[0],[1.0549999999999997],"[""left_image""]",2,1,9,1,1,,,,,
,,,,,162132,001,2026-01-27_10h26.12.587,Simon,2024.2.4,MacIntel,90.90909091,,,,,,,,,,1,45.065,45.557,,,,,,,,,,,images/yellow_butterfly.png,images/white_butterfly.png,right_image, ,,,,,,43.892,45.065,[0.1753889674681754],[-0.01768033946251768],[1],[0],[0],[1.1709999999999994],"[""right_image""]",2,2,10,2,1,,,,,
,,,,,162132,001,2026-01-27_10h26.12.587,Simon,2024.2.4,MacIntel,90.90909091,,,,,,,,,,1,46.712,47.206,,,,,,,,,,,images/purple_butterfly.png,images/white_butterfly.png,left_image, ,,,,,,45.558,46.712,[-0.1272984441301273],[0.016265912305516265],[1],[0],[0],[1.1529999999999987],"[""left_image""]",2,3,11,0,1,,,,,
,,,,,162132,001,2026-01-27_10h26.12.587,Simon,2024.2.4,MacIntel,90.90909091,,,,,,,,,,1,47.896,48.389,,,,,,,,,,,images/purple_butterfly.png,images/white_butterfly.png,left_image, ,,,,,,47.207,47.896,[-0.1272984441301273],[0.016265912305516265],[1],[0],[0],[0.6890000000000001],"[""left_image""]",3,0,12,0,1,,,,,
,,,,,162132,001,2026-01-27_10h26.12.587,Simon,2024.2.4,MacIntel,90.90909091,,,,,,,,,,1,49.497,49.988,,,,,,,,,,,images/yellow_butterfly.png,images/white_butterfly.png,right_image, ,,,,,,48.39,49.497,[0.17256011315417255],[-0.010608203677510608],[1],[0],[0],[1.1059999999999945],"[""right_image""]",3,1,13,2,1,,,,,
,,,,,162132,001,2026-01-27_10h26.12.587,Simon,2024.2.4,MacIntel,90.90909091,,,,,,,,,,1,50.71,51.205,,,,,,,,,,,images/white_butterfly.png,images/yellow_butterfly.png,right_image, ,,,,,,49.989,50.71,[0.17256011315417255],[-0.010608203677510608],[1],[0],[0],[0.7199999999999989],"[""right_image""]",3,2,14,3,1,,,,,
,,,,,162132,001,2026-01-27_10h26.12.587,Simon,2024.2.4,MacIntel,90.90909091,,,,,,,,,,1,52.494,52.987,,,,,,,,,,,images/white_butterfly.png,images/purple_butterfly.png,left_image, ,,,,,,51.206,52.494,[-0.10466760961810467],[0.03748231966053748],[1],[0],[0],[1.286999999999999],"[""left_image""]",3,3,15,1,1,,,,,
,,,,,162132,001,2026-01-27_10h26.12.587,Simon,2024.2.4,MacIntel,90.90909091,,,,,,,,,,1,54.611,55.104,,,,,,,,,,,images/purple_butterfly.png,images/white_butterfly.png,left_image, ,,,,,,52.988,54.611,[-0.08062234794908062],[0.03041018387553041],[1],[0],[0],[1.6219999999999999],"[""left_image""]",4,0,16,0,1,,,,,
,,,,,162132,001,2026-01-27_10h26.12.587,Simon,2024.2.4,MacIntel,90.90909091,,,,,,,,,,1,56.309,56.803,,,,,,,,,,,images/white_butterfly.png,images/yellow_butterfly.png,right_image, ,,,,,,55.104,56.309,[0.2164073550212164],[-0.02050919377652051],[1],[0],[0],[1.2040000000000006],"[""right_image""]",4,1,17,3,1,,,,,
,,,,,162132,001,2026-01-27_10h26.12.587,Simon,2024.2.4,MacIntel,90.90909091,,,,,,,,,,1,58.559,59.052,,,,,,,,,,,images/yellow_butterfly.png,images/white_butterfly.png,right_image, ,,,,,,56.804,58.558,[0.17256011315417255],[-0.024752475247524754],[1],[0],[0],[1.7530000000000001],"[""right_image""]",4,2,18,2,1,,,,,
,,,,,162132,001,2026-01-27_10h26.12.587,Simon,2024.2.4,MacIntel,90.90909091,,,,,,,,,,1,60.24,60.735,,,,,,,,,,,images/white_butterfly.png,images/purple_butterfly.png,left_image, ,,,,,,59.053,60.24,[-0.1485148514851485],[0.007779349363507779],[1],[0],[0],[1.1859999999999928],"[""left_image""]",4,3,19,1,1,,,,,
,,,,,162132,001,2026-01-27_10h26.12.587,Simon,2024.2.4,MacIntel,90.90909091,,,,,,,,,,,,,,,,,,,,,,,,,,,,,,,,,,,,,,,,,,,,,,60.736,62.823,1,[62.823],[62.823]
