﻿instructions.started,instructions.stopped,start_button.numClicks,start_button.timesOn,start_button.timesOff,participant,session,date,expName,psychopyVersion,OS,frameRate,practice_trial.started,practice_trial.stopped,mouse_2.x,mouse_2.y,mouse_2.leftButton,mouse_2.midButton,mouse_2.rightButton,mouse_2.time,mouse_2.clicked_name,correct,feedback.started,feedback.stopped,loop_until_correct.thisRepN,loop_until_correct.thisTrialN,loop_until_correct.thisN,loop_until_correct.thisIndex,loop_until_correct.ran,prac_trials.thisRepN,prac_trials.thisTrialN,prac_trials.thisN,prac_trials.thisIndex,prac_trials.ran,left_color,right_color,correct_response,top_txt,instructions_2.started,instructions_2.stopped,start_button_2.numClicks,start_button_2.timesOn,start_button_2.timesOff,trial.started,trial.stopped,mouse.x,mouse.y,mouse.leftButton,mouse.midButton,mouse.rightButton,mouse.time,mouse.clicked_name,trials.thisRepN,trials.thisTrialN,trials.thisN,trials.thisIndex,trials.ran,end.started,end.stopped,start_button_3.numClicks,start_button_3.timesOn,start_button_3.timesOff
0,11.035,1,[11.067],[11.067],162360,001,2025-02-26_17h34.38.802,Simon,2024.2.4,Win32,60.0240096,,,,,,,,,,,,,,,,,,,,,,,,,,,,,,,,,,,,,,,,,,,,,,,,,,
,,,,,162360,001,2025-02-26_17h34.38.802,Simon,2024.2.4,Win32,60.0240096,11.058,14.353,[-0.16767434947003476],[-0.02156389783054338],[1],[0],[0],[3.2880000000000003],"[""left_image_2"",""left_image_2""]",1,14.354,14.851,0,0,0,0,1,,,,,,,,,,,,,,,,,,,,,,,,,,,,,,,,,
,,,,,162360,001,2025-02-26_17h34.38.802,Simon,2024.2.4,Win32,60.0240096,,,,,,,,,,,,,,,,,,0,0,0,0,1,images/purple_butterfly.png,images/white_butterfly.png,left_image_2,"In this example, select the LEFT butterfly.",,,,,,,,,,,,,,,,,,,,,,,,
,,,,,162360,001,2025-02-26_17h34.38.802,Simon,2024.2.4,Win32,60.0240096,14.855,16.402,[-0.18057232525789751],[0.007456658396784311],[1],[0],[0],[1.5440000000000005],"[""left_image_2"",""left_image_2""]",1,16.402,16.902,0,0,0,0,1,,,,,,,,,,,,,,,,,,,,,,,,,,,,,,,,,
,,,,,162360,001,2025-02-26_17h34.38.802,Simon,2024.2.4,Win32,60.0240096,,,,,,,,,,,,,,,,,,0,1,1,1,1,images/white_butterfly.png,images/purple_butterfly.png,left_image_2,"In this example, select the LEFT butterfly.",,,,,,,,,,,,,,,,,,,,,,,,
,,,,,162360,001,2025-02-26_17h34.38.802,Simon,2024.2.4,Win32,60.0240096,16.905,18.069,[0.16848042682984432],[-0.02801288572447476],[1],[0],[0],[1.1609999999999978],"[""right_image_2"",""right_image_2""]",1,18.069,18.568,0,0,0,0,1,,,,,,,,,,,,,,,,,,,,,,,,,,,,,,,,,
,,,,,162360,001,2025-02-26_17h34.38.802,Simon,2024.2.4,Win32,60.0240096,,,,,,,,,,,,,,,,,,0,2,2,2,1,images/yellow_butterfly.png,images/white_butterfly.png,right_image_2,"In this example, select the RIGHT butterfly.",,,,,,,,,,,,,,,,,,,,,,,,
,,,,,162360,001,2025-02-26_17h34.38.802,Simon,2024.2.4,Win32,60.0240096,18.572,19.669,[0.16444981862152358],[-0.02801288572447476],[1],[0],[0],[1.0949999999999989],"[""right_image_2"",""right_image_2""]",1,19.669,20.169,0,0,0,0,1,,,,,,,,,,,,,,,,,,,,,,,,,,,,,,,,,
,,,,,162360,001,2025-02-26_17h34.38.802,Simon,2024.2.4,Win32,60.0240096,,,,,,,,,,,,,,,,,,0,3,3,3,1,images/white_butterfly.png,images/yellow_butterfly.png,right_image_2,"In this example, select the RIGHT butterfly.",,,,,,,,,,,,,,,,,,,,,,,,
,,,,,162360,001,2025-02-26_17h34.38.802,Simon,2024.2.4,Win32,60.0240096,,,,,,,,,,,,,,,,,,,,,,,,,,,20.169,21.287,1,[21.293999999999997],[21.293999999999997],,,,,,,,,,,,,,,,,,,
,,,,,162360,001,2025-02-26_17h34.38.802,Simon,2024.2.4,Win32,60.0240096,,,,,,,,,,1,22.185,22.685,,,,,,,,,,,images/yellow_butterfly.png,images/white_butterfly.png,right_image, ,,,,,,21.299,22.185,[0.19830713422007254],[-0.008665848239589631],[1],[0],[0],[0.8840000000000003],"[""right_image""]",0,0,0,2,1,,,,,
,,,,,162360,001,2025-02-26_17h34.38.802,Simon,2024.2.4,Win32,60.0240096,,,,,,,,,,1,23.535,24.035,,,,,,,,,,,images/white_butterfly.png,images/yellow_butterfly.png,right_image, ,,,,,,22.687,23.535,[0.17251110884125603],[0.00020151933995238815],[1],[0],[0],[0.8470000000000013],"[""right_image""]",0,1,1,3,1,,,,,
,,,,,162360,001,2025-02-26_17h34.38.802,Simon,2024.2.4,Win32,60.0240096,,,,,,,,,,1,24.952,25.452,,,,,,,,,,,images/purple_butterfly.png,images/white_butterfly.png,left_image, ,,,,,,24.037,24.952,[-0.11124546553808948],[0.035671100362756954],[1],[0],[0],[0.9129999999999967],"[""left_image""]",0,2,2,0,1,,,,,
,,,,,162360,001,2025-02-26_17h34.38.802,Simon,2024.2.4,Win32,60.0240096,,,,,,,,,,1,26.135,26.634,,,,,,,,,,,images/white_butterfly.png,images/purple_butterfly.png,left_image, ,,,,,,25.453,26.135,[-0.10963323701537939],[0.035671100362756954],[1],[0],[0],[0.6799999999999997],"[""left_image""]",0,3,3,1,1,,,,,
,,,,,162360,001,2025-02-26_17h34.38.802,Simon,2024.2.4,Win32,60.0240096,,,,,,,,,,1,27.435,27.935,,,,,,,,,,,images/purple_butterfly.png,images/white_butterfly.png,left_image, ,,,,,,26.636,27.435,[-0.1781539455722869],[0.02599758162031439],[1],[0],[0],[0.796999999999997],"[""left_image""]",1,0,4,0,1,,,,,
,,,,,162360,001,2025-02-26_17h34.38.802,Simon,2024.2.4,Win32,60.0240096,,,,,,,,,,1,28.735,29.235,,,,,,,,,,,images/white_butterfly.png,images/yellow_butterfly.png,right_image, ,,,,,,27.937,28.735,[0.13059250302297462],[-0.015114873035066506],[1],[0],[0],[0.7970000000000041],"[""right_image""]",1,1,5,3,1,,,,,
,,,,,162360,001,2025-02-26_17h34.38.802,Simon,2024.2.4,Win32,60.0240096,,,,,,,,,,1,30.018,30.519,,,,,,,,,,,images/yellow_butterfly.png,images/white_butterfly.png,right_image, ,,,,,,29.236,30.018,[0.1475211608222491],[-0.011084227925200273],[1],[0],[0],[0.7809999999999988],"[""right_image""]",1,2,6,2,1,,,,,
,,,,,162360,001,2025-02-26_17h34.38.802,Simon,2024.2.4,Win32,60.0240096,,,,,,,,,,1,31.419,31.918,,,,,,,,,,,images/white_butterfly.png,images/purple_butterfly.png,left_image, ,,,,,,30.52,31.419,[-0.26521565115581547],[0.035671100362756954],[1],[0],[0],[0.8969999999999985],"[""left_image""]",1,3,7,1,1,,,,,
,,,,,162360,001,2025-02-26_17h34.38.802,Simon,2024.2.4,Win32,60.0240096,,,,,,,,,,1,32.601,33.101,,,,,,,,,,,images/purple_butterfly.png,images/white_butterfly.png,left_image, ,,,,,,31.92,32.601,[-0.22974607013301088],[0.02357920193470375],[1],[0],[0],[0.6799999999999997],"[""left_image""]",2,0,8,0,1,,,,,
,,,,,162360,001,2025-02-26_17h34.38.802,Simon,2024.2.4,Win32,60.0240096,,,,,,,,,,1,33.751,34.251,,,,,,,,,,,images/white_butterfly.png,images/purple_butterfly.png,left_image, ,,,,,,33.103,33.751,[-0.22813384161030079],[0.0227730876733487],[1],[0],[0],[0.6469999999999985],"[""left_image""]",2,1,9,1,1,,,,,
,,,,,162360,001,2025-02-26_17h34.38.802,Simon,2024.2.4,Win32,60.0240096,,,,,,,,,,1,35.251,35.751,,,,,,,,,,,images/yellow_butterfly.png,images/white_butterfly.png,right_image, ,,,,,,34.253,35.251,[0.12253121280324214],[-0.031237416572985944],[1],[0],[0],[0.9979999999999976],"[""right_image""]",2,2,10,2,1,,,,,
,,,,,162360,001,2025-02-26_17h34.38.802,Simon,2024.2.4,Win32,60.0240096,,,,,,,,,,1,36.318,36.818,,,,,,,,,,,images/white_butterfly.png,images/yellow_butterfly.png,right_image, ,,,,,,35.752,36.318,[0.1217251354434326],[-0.031237416572985944],[1],[0],[0],[0.5649999999999977],"[""right_image""]",2,3,11,3,1,,,,,
,,,,,162360,001,2025-02-26_17h34.38.802,Simon,2024.2.4,Win32,60.0240096,,,,,,,,,,1,37.618,38.118,,,,,,,,,,,images/yellow_butterfly.png,images/white_butterfly.png,right_image, ,,,,,,36.819,37.618,[0.1273679721744634],[-0.036074175944207226],[1],[0],[0],[0.7990000000000066],"[""right_image""]",3,0,12,2,1,,,,,
,,,,,162360,001,2025-02-26_17h34.38.802,Simon,2024.2.4,Win32,60.0240096,,,,,,,,,,1,39.003,39.501,,,,,,,,,,,images/purple_butterfly.png,images/white_butterfly.png,left_image, ,,,,,,38.123,39.001,[-0.21523579201934703],[0.046150733366554564],[1],[0],[0],[0.8759999999999977],"[""left_image""]",3,1,13,0,1,,,,,
,,,,,162360,001,2025-02-26_17h34.38.802,Simon,2024.2.4,Win32,60.0240096,,,,,,,,,,1,40.069,40.568,,,,,,,,,,,images/white_butterfly.png,images/purple_butterfly.png,left_image, ,,,,,,39.506,40.069,[-0.20717450179961458],[0.017936328302127418],[1],[0],[0],[0.5600000000000023],"[""left_image""]",3,2,14,1,1,,,,,
,,,,,162360,001,2025-02-26_17h34.38.802,Simon,2024.2.4,Win32,60.0240096,,,,,,,,,,1,41.768,42.268,,,,,,,,,,,images/white_butterfly.png,images/yellow_butterfly.png,right_image, ,,,,,,40.571,41.768,[0.23297060098152206],[-0.004635240031268893],[1],[0],[0],[1.196000000000005],"[""right_image""]",3,3,15,3,1,,,,,
,,,,,162360,001,2025-02-26_17h34.38.802,Simon,2024.2.4,Win32,60.0240096,,,,,,,,,,1,43.585,44.084,,,,,,,,,,,images/white_butterfly.png,images/purple_butterfly.png,left_image, ,,,,,,42.271,43.585,[-0.1628375900988135],[-0.003022974607013301],[1],[0],[0],[1.3130000000000024],"[""left_image""]",4,0,16,1,1,,,,,
,,,,,162360,001,2025-02-26_17h34.38.802,Simon,2024.2.4,Win32,60.0240096,,,,,,,,,,1,45.185,45.685,,,,,,,,,,,images/yellow_butterfly.png,images/white_butterfly.png,right_image, ,,,,,,44.086,45.184,[0.1870213869549199],[0.012293417768005592],[1],[0],[0],[1.0959999999999965],"[""right_image""]",4,1,17,2,1,,,,,
,,,,,162360,001,2025-02-26_17h34.38.802,Simon,2024.2.4,Win32,60.0240096,,,,,,,,,,1,46.535,47.034,,,,,,,,,,,images/white_butterfly.png,images/yellow_butterfly.png,right_image, ,,,,,,45.686,46.535,[0.18540908462911881],[0.012293417768005592],[1],[0],[0],[0.8460000000000036],"[""right_image""]",4,2,18,3,1,,,,,
,,,,,162360,001,2025-02-26_17h34.38.802,Simon,2024.2.4,Win32,60.0240096,,,,,,,,,,1,47.918,48.418,,,,,,,,,,,images/purple_butterfly.png,images/white_butterfly.png,left_image, ,,,,,,47.036,47.918,[-0.12414351512904323],[-0.008665848239589631],[1],[0],[0],[0.8780000000000001],"[""left_image""]",4,3,19,0,1,,,,,
,,,,,162360,001,2025-02-26_17h34.38.802,Simon,2024.2.4,Win32,60.0240096,,,,,,,,,,,,,,,,,,,,,,,,,,,,,,,,,,,,,,,,,,,,,,48.419,49.601,1,[49.601],[49.601]
