﻿instructions.started,instructions.stopped,start_button.numClicks,start_button.timesOn,start_button.timesOff,participant,session,date,expName,psychopyVersion,OS,frameRate,practice_trial.started,practice_trial.stopped,mouse_2.x,mouse_2.y,mouse_2.leftButton,mouse_2.midButton,mouse_2.rightButton,mouse_2.time,mouse_2.clicked_name,correct,feedback.started,feedback.stopped,loop_until_correct.thisRepN,loop_until_correct.thisTrialN,loop_until_correct.thisN,loop_until_correct.thisIndex,loop_until_correct.ran,prac_trials.thisRepN,prac_trials.thisTrialN,prac_trials.thisN,prac_trials.thisIndex,prac_trials.ran,left_color,right_color,correct_response,top_txt
0.0005,8.0158,1,[8.027900000002235],[8.027900000002235],164977,001,2025-05-06_08h52.52.930,Simon,2024.2.4,MacIntel,30.03003003,,,,,,,,,,,,,,,,,,,,,,,,,,
,,,,,164977,001,2025-05-06_08h52.52.930,Simon,2024.2.4,MacIntel,30.03003003,8.0358,41.2159,[-0.07444004002463055],[-0.03992841748768473],[1],[0],[0],[33.17839999999851],"[""left_image_2"",""left_image_2""]",1,41.2167,41.7156,0,0,0,0,1,,,,,,,,,
,,,,,164977,001,2025-05-06_08h52.52.930,Simon,2024.2.4,MacIntel,30.03003003,,,,,,,,,,,,,,,,,,0,0,0,0,1,images/purple_butterfly.png,images/white_butterfly.png,left_image_2,"In this example, select the LEFT butterfly."
,,,,,164977,001,2025-05-06_08h52.52.930,Simon,2024.2.4,MacIntel,30.03003003,41.7186,43.0494,[-0.0966796875],[-0.0544613993226601],[1],[0],[0],[1.32880000000074],"[""left_image_2"",""left_image_2""]",1,43.0499,43.5486,0,0,0,0,1,,,,,,,,,
,,,,,164977,001,2025-05-06_08h52.52.930,Simon,2024.2.4,MacIntel,30.03003003,,,,,,,,,,,,,,,,,,0,1,1,1,1,images/white_butterfly.png,images/purple_butterfly.png,left_image_2,"In this example, select the LEFT butterfly."
