﻿instructions.started,instructions.stopped,start_button.numClicks,start_button.timesOn,start_button.timesOff,participant,session,date,expName,psychopyVersion,OS,frameRate,practice_trial.started,practice_trial.stopped,mouse_2.x,mouse_2.y,mouse_2.leftButton,mouse_2.midButton,mouse_2.rightButton,mouse_2.time,mouse_2.clicked_name,correct,feedback.started,feedback.stopped,loop_until_correct.thisRepN,loop_until_correct.thisTrialN,loop_until_correct.thisN,loop_until_correct.thisIndex,loop_until_correct.ran,prac_trials.thisRepN,prac_trials.thisTrialN,prac_trials.thisN,prac_trials.thisIndex,prac_trials.ran,left_color,right_color,correct_response,top_txt,instructions_2.started,instructions_2.stopped,start_button_2.numClicks,start_button_2.timesOn,start_button_2.timesOff,trial.started,trial.stopped,mouse.x,mouse.y,mouse.leftButton,mouse.midButton,mouse.rightButton,mouse.time,mouse.clicked_name,trials.thisRepN,trials.thisTrialN,trials.thisN,trials.thisIndex,trials.ran,end.started,end.stopped,start_button_3.numClicks,start_button_3.timesOn,start_button_3.timesOff
0.0009,26.2405,1,[26.27390000000596],[26.274],165323,001,2025-01-23_14h15.31.464,Simon,2024.2.4,Linux armv81,39.84063745,,,,,,,,,,,,,,,,,,,,,,,,,,,,,,,,,,,,,,,,,,,,,,,,,,
,,,,,165323,001,2025-01-23_14h15.31.464,Simon,2024.2.4,Linux armv81,39.84063745,26.2803,30.4896,[-0.16514224540896533],[-0.01524390243902439],[1],[0],[0],[4.203599999994044],"[""left_image_2"",""left_image_2""]",1,30.4909,30.9888,0,0,0,0,1,,,,,,,,,,,,,,,,,,,,,,,,,,,,,,,,,
,,,,,165323,001,2025-01-23_14h15.31.464,Simon,2024.2.4,Linux armv81,39.84063745,,,,,,,,,,,,,,,,,,0,0,0,0,1,images/purple_butterfly.png,images/white_butterfly.png,left_image_2,"In this example, select the LEFT butterfly.",,,,,,,,,,,,,,,,,,,,,,,,
,,,,,165323,001,2025-01-23_14h15.31.464,Simon,2024.2.4,Linux armv81,39.84063745,30.9974,32.2511,[0.2738821448349371],[-0.03048780487804878],[1],[0],[0],[1.2483000000119162],"[""right_image_2"",""right_image_2""]",0,32.2525,32.7579,0,0,0,0,1,,,,,,,,,,,,,,,,,,,,,,,,,,,,,,,,,
,,,,,165323,001,2025-01-23_14h15.31.464,Simon,2024.2.4,Linux armv81,39.84063745,32.7612,35.109,[-0.22205278350085747],[0.04979673246058022],[1],[0],[0],[2.3453000000119246],"[""left_image_2"",""left_image_2""]",1,35.1108,35.6157,1,0,1,0,1,,,,,,,,,,,,,,,,,,,,,,,,,,,,,,,,,
,,,,,165323,001,2025-01-23_14h15.31.464,Simon,2024.2.4,Linux armv81,39.84063745,,,,,,,,,,,,,,,,,,0,1,1,1,1,images/white_butterfly.png,images/purple_butterfly.png,left_image_2,"In this example, select the LEFT butterfly.",,,,,,,,,,,,,,,,,,,,,,,,
,,,,,165323,001,2025-01-23_14h15.31.464,Simon,2024.2.4,Linux armv81,39.84063745,35.624,40.9611,[0.2698170731707317],[0.047764196628477515],[1],[0],[0],[5.332600000023838],"[""right_image_2"",""right_image_2""]",1,40.9613,41.4608,0,0,0,0,1,,,,,,,,,,,,,,,,,,,,,,,,,,,,,,,,,
,,,,,165323,001,2025-01-23_14h15.31.464,Simon,2024.2.4,Linux armv81,39.84063745,,,,,,,,,,,,,,,,,,0,2,2,2,1,images/yellow_butterfly.png,images/white_butterfly.png,right_image_2,"In this example, select the RIGHT butterfly.",,,,,,,,,,,,,,,,,,,,,,,,
,,,,,165323,001,2025-01-23_14h15.31.464,Simon,2024.2.4,Linux armv81,39.84063745,41.4662,42.4593,[0.26371951219512196],[-0.02235775459103468],[1],[0],[0],[0.9894000000059648],"[""right_image_2"",""right_image_2""]",1,42.4596,42.9512,0,0,0,0,1,,,,,,,,,,,,,,,,,,,,,,,,,,,,,,,,,
,,,,,165323,001,2025-01-23_14h15.31.464,Simon,2024.2.4,Linux armv81,39.84063745,,,,,,,,,,,,,,,,,,0,3,3,3,1,images/white_butterfly.png,images/yellow_butterfly.png,right_image_2,"In this example, select the RIGHT butterfly.",,,,,,,,,,,,,,,,,,,,,,,,
,,,,,165323,001,2025-01-23_14h15.31.464,Simon,2024.2.4,Linux armv81,39.84063745,,,,,,,,,,,,,,,,,,,,,,,,,,,42.9525,43.9984,1,[44.007800000011926],[44.007800000011926],,,,,,,,,,,,,,,,,,,
,,,,,165323,001,2025-01-23_14h15.31.464,Simon,2024.2.4,Linux armv81,39.84063745,,,,,,,,,,1,44.9813,45.4843,,,,,,,,,,,images/yellow_butterfly.png,images/white_butterfly.png,right_image, ,,,,,,44.0128,44.9809,[0.22713414634146342],[-0.025406535078839557],[1],[0],[0],[0.9669999999999987],"[""right_image""]",0,0,0,2,1,,,,,
,,,,,165323,001,2025-01-23_14h15.31.464,Simon,2024.2.4,Linux armv81,39.84063745,,,,,,,,,,1,46.1912,46.6891,,,,,,,,,,,images/white_butterfly.png,images/purple_butterfly.png,left_image, ,,,,,,45.4877,46.1911,[-0.2037601005740282],[-0.04878048780487805],[1],[0],[0],[0.7010000000000005],"[""left_image""]",0,1,1,1,1,,,,,
,,,,,165323,001,2025-01-23_14h15.31.464,Simon,2024.2.4,Linux armv81,39.84063745,,,,,,,,,,1,47.3831,47.8876,,,,,,,,,,,images/white_butterfly.png,images/yellow_butterfly.png,right_image, ,,,,,,46.6925,47.3829,[0.23221550918206935],[-0.08739838949063929],[1],[0],[0],[0.6900999999940396],"[""right_image""]",0,2,2,3,1,,,,,
,,,,,165323,001,2025-01-23_14h15.31.464,Simon,2024.2.4,Linux armv81,39.84063745,,,,,,,,,,1,48.5352,49.0268,,,,,,,,,,,images/purple_butterfly.png,images/white_butterfly.png,left_image, ,,,,,,47.89,48.5351,[-0.17022351520817455],[-0.051829268292682924],[1],[0],[0],[0.6442000000178822],"[""left_image""]",0,3,3,0,1,,,,,
,,,,,165323,001,2025-01-23_14h15.31.464,Simon,2024.2.4,Linux armv81,39.84063745,,,,,,,,,,1,49.6475,50.1532,,,,,,,,,,,images/white_butterfly.png,images/purple_butterfly.png,left_image, ,,,,,,49.0304,49.6473,[-0.18140243902439024],[-0.06402439024390244],[1],[0],[0],[0.6145999999940415],"[""left_image""]",1,0,4,1,1,,,,,
,,,,,165323,001,2025-01-23_14h15.31.464,Simon,2024.2.4,Linux armv81,39.84063745,,,,,,,,,,1,50.6771,51.1663,,,,,,,,,,,images/white_butterfly.png,images/yellow_butterfly.png,right_image, ,,,,,,50.156,50.6767,[0.24339433995688833],[-0.10264229192966368],[1],[0],[0],[0.5195999999940355],"[""right_image""]",1,1,5,3,1,,,,,
,,,,,165323,001,2025-01-23_14h15.31.464,Simon,2024.2.4,Linux armv81,39.84063745,,,,,,,,,,1,51.6771,52.1789,,,,,,,,,,,images/purple_butterfly.png,images/white_butterfly.png,left_image, ,,,,,,51.1692,51.6771,[-0.19664634146341464],[-0.06300814558820027],[1],[0],[0],[0.506300000011926],"[""left_image""]",1,2,6,0,1,,,,,
,,,,,165323,001,2025-01-23_14h15.31.464,Simon,2024.2.4,Linux armv81,39.84063745,,,,,,,,,,1,52.8191,53.3147,,,,,,,,,,,images/yellow_butterfly.png,images/white_butterfly.png,right_image, ,,,,,,52.1814,52.8191,[0.2301829268292683],[-0.09349595046624905],[1],[0],[0],[0.6364999999999981],"[""right_image""]",1,3,7,2,1,,,,,
,,,,,165323,001,2025-01-23_14h15.31.464,Simon,2024.2.4,Linux armv81,39.84063745,,,,,,,,,,1,53.8535,54.3524,,,,,,,,,,,images/white_butterfly.png,images/yellow_butterfly.png,right_image, ,,,,,,53.3163,53.8534,[0.2301829268292683],[-0.08434960900283442],[1],[0],[0],[0.5362000000178782],"[""right_image""]",2,0,8,3,1,,,,,
,,,,,165323,001,2025-01-23_14h15.31.464,Simon,2024.2.4,Linux armv81,39.84063745,,,,,,,,,,1,54.9552,55.4555,,,,,,,,,,,images/purple_butterfly.png,images/white_butterfly.png,left_image, ,,,,,,54.3549,54.9552,[-0.2311991249642721],[-0.06402439024390244],[1],[0],[0],[0.599499999999999],"[""left_image""]",2,1,9,0,1,,,,,
,,,,,165323,001,2025-01-23_14h15.31.464,Simon,2024.2.4,Linux armv81,39.84063745,,,,,,,,,,1,56.1693,56.6643,,,,,,,,,,,images/yellow_butterfly.png,images/white_butterfly.png,right_image, ,,,,,,55.458,56.1693,[0.2383130701576791],[-0.06097560975609756],[1],[0],[0],[0.7101999999880775],"[""right_image""]",2,2,10,2,1,,,,,
,,,,,165323,001,2025-01-23_14h15.31.464,Simon,2024.2.4,Linux armv81,39.84063745,,,,,,,,,,1,57.3273,57.8307,,,,,,,,,,,images/white_butterfly.png,images/purple_butterfly.png,left_image, ,,,,,,56.6674,57.3273,[-0.17022351520817455],[-0.058943120444693214],[1],[0],[0],[0.6582999999821197],"[""left_image""]",2,3,11,1,1,,,,,
,,,,,165323,001,2025-01-23_14h15.31.464,Simon,2024.2.4,Linux armv81,39.84063745,,,,,,,,,,1,58.3481,58.8455,,,,,,,,,,,images/white_butterfly.png,images/yellow_butterfly.png,right_image, ,,,,,,57.8333,58.348,[0.290142338450362],[-0.08028458385932737],[1],[0],[0],[0.5139000000059539],"[""right_image""]",3,0,12,3,1,,,,,
,,,,,165323,001,2025-01-23_14h15.31.464,Simon,2024.2.4,Linux armv81,39.84063745,,,,,,,,,,1,59.4538,59.9522,,,,,,,,,,,images/purple_butterfly.png,images/white_butterfly.png,left_image, ,,,,,,58.849,59.4537,[-0.2078251722382336],[-0.042682926829268296],[1],[0],[0],[0.6030000000000015],"[""left_image""]",3,1,13,0,1,,,,,
,,,,,165323,001,2025-01-23_14h15.31.464,Simon,2024.2.4,Linux armv81,39.84063745,,,,,,,,,,1,60.8677,61.3559,,,,,,,,,,,images/yellow_butterfly.png,images/white_butterfly.png,right_image, ,,,,,,59.9538,60.8676,[0.19969512195121952],[-0.058943120444693214],[1],[0],[0],[0.9133000000119154],"[""right_image""]",3,2,14,2,1,,,,,
,,,,,165323,001,2025-01-23_14h15.31.464,Simon,2024.2.4,Linux armv81,39.84063745,,,,,,,,,,1,62.0007,62.4939,,,,,,,,,,,images/white_butterfly.png,images/purple_butterfly.png,left_image, ,,,,,,61.3578,62.0007,[-0.223069074677258],[-0.044715462661371],[1],[0],[0],[0.6419999999999959],"[""left_image""]",3,3,15,1,1,,,,,
,,,,,165323,001,2025-01-23_14h15.31.464,Simon,2024.2.4,Linux armv81,39.84063745,,,,,,,,,,1,63.072,63.5629,,,,,,,,,,,images/purple_butterfly.png,images/white_butterfly.png,left_image, ,,,,,,62.4966,63.072,[-0.2027439024390244],[-0.06808946190810786],[1],[0],[0],[0.5743000000119167],"[""left_image""]",4,0,16,0,1,,,,,
,,,,,165323,001,2025-01-23_14h15.31.464,Simon,2024.2.4,Linux armv81,39.84063745,,,,,,,,,,1,64.1375,64.6266,,,,,,,,,,,images/yellow_butterfly.png,images/white_butterfly.png,right_image, ,,,,,,63.5666,64.1374,[0.23119921800566884],[-0.09654473095405393],[1],[0],[0],[0.5702000000178913],"[""right_image""]",4,1,17,2,1,,,,,
,,,,,165323,001,2025-01-23_14h15.31.464,Simon,2024.2.4,Linux armv81,39.84063745,,,,,,,,,,1,65.2557,65.7551,,,,,,,,,,,images/white_butterfly.png,images/purple_butterfly.png,left_image, ,,,,,,64.629,65.2557,[-0.18953248931140435],[-0.07926829268292683],[1],[0],[0],[0.6252999999821185],"[""left_image""]",4,2,18,1,1,,,,,
,,,,,165323,001,2025-01-23_14h15.31.464,Simon,2024.2.4,Linux armv81,39.84063745,,,,,,,,,,1,66.265,66.7427,,,,,,,,,,,images/white_butterfly.png,images/yellow_butterfly.png,right_image, ,,,,,,65.7578,66.265,[0.22002038723084985],[-0.039634146341463415],[1],[0],[0],[0.5062000000178841],"[""right_image""]",4,3,19,3,1,,,,,
,,,,,165323,001,2025-01-23_14h15.31.464,Simon,2024.2.4,Linux armv81,39.84063745,,,,,,,,,,,,,,,,,,,,,,,,,,,,,,,,,,,,,,,,,,,,,,66.7435,68.733,1,[68.73259999999404],[68.73259999999404]
