﻿instructions.started,instructions.stopped,start_button.numClicks,start_button.timesOn,start_button.timesOff,participant,session,date,expName,psychopyVersion,OS,frameRate,practice_trial.started,practice_trial.stopped,mouse_2.x,mouse_2.y,mouse_2.leftButton,mouse_2.midButton,mouse_2.rightButton,mouse_2.time,mouse_2.clicked_name,correct,feedback.started,feedback.stopped,loop_until_correct.thisRepN,loop_until_correct.thisTrialN,loop_until_correct.thisN,loop_until_correct.thisIndex,loop_until_correct.ran,prac_trials.thisRepN,prac_trials.thisTrialN,prac_trials.thisN,prac_trials.thisIndex,prac_trials.ran,left_color,right_color,correct_response,top_txt,instructions_2.started,instructions_2.stopped,start_button_2.numClicks,start_button_2.timesOn,start_button_2.timesOff,trial.started,trial.stopped,mouse.x,mouse.y,mouse.leftButton,mouse.midButton,mouse.rightButton,mouse.time,mouse.clicked_name,trials.thisRepN,trials.thisTrialN,trials.thisN,trials.thisIndex,trials.ran,end.started,end.stopped,start_button_3.numClicks,start_button_3.timesOn,start_button_3.timesOff
0.0003,31.3285,1,[31.339],[31.339],165876,001,2025-04-02_10h24.12.802,Simon,2024.2.4,Win32,60.97560976,,,,,,,,,,,,,,,,,,,,,,,,,,,,,,,,,,,,,,,,,,,,,,,,,,
,,,,,165876,001,2025-04-02_10h24.12.802,Simon,2024.2.4,Win32,60.97560976,31.3427,34.6281,[-0.15718157181571815],[-0.03604336870395071],[1],[0],[0],[3.2831999999284776],"[""left_image_2"",""left_image_2""]",1,34.6286,35.1288,0,0,0,0,1,,,,,,,,,,,,,,,,,,,,,,,,,,,,,,,,,
,,,,,165876,001,2025-04-02_10h24.12.802,Simon,2024.2.4,Win32,60.97560976,,,,,,,,,,,,,,,,,,0,0,0,0,1,images/purple_butterfly.png,images/white_butterfly.png,left_image_2,"In this example, select the LEFT butterfly.",,,,,,,,,,,,,,,,,,,,,,,,
,,,,,165876,001,2025-04-02_10h24.12.802,Simon,2024.2.4,Win32,60.97560976,35.131,42.3282,[-0.17127366311504913],[-0.01436315190178269],[1],[0],[0],[7.195200000047684],"[""left_image_2"",""left_image_2""]",1,42.3283,42.8283,0,0,0,0,1,,,,,,,,,,,,,,,,,,,,,,,,,,,,,,,,,
,,,,,165876,001,2025-04-02_10h24.12.802,Simon,2024.2.4,Win32,60.97560976,,,,,,,,,,,,,,,,,,0,1,1,1,1,images/white_butterfly.png,images/purple_butterfly.png,left_image_2,"In this example, select the LEFT butterfly.",,,,,,,,,,,,,,,,,,,,,,,,
,,,,,165876,001,2025-04-02_10h24.12.802,Simon,2024.2.4,Win32,60.97560976,42.8304,44.8118,[0.29159893252985264],[0.0777777695074314],[1],[0],[0],[1.9797000000476785],"[""right_image_2"",""right_image_2""]",1,44.8119,45.3117,0,0,0,0,1,,,,,,,,,,,,,,,,,,,,,,,,,,,,,,,,,
,,,,,165876,001,2025-04-02_10h24.12.802,Simon,2024.2.4,Win32,60.97560976,,,,,,,,,,,,,,,,,,0,2,2,2,1,images/yellow_butterfly.png,images/white_butterfly.png,right_image_2,"In this example, select the RIGHT butterfly.",,,,,,,,,,,,,,,,,,,,,,,,
,,,,,165876,001,2025-04-02_10h24.12.802,Simon,2024.2.4,Win32,60.97560976,45.3138,47.5617,[0.26341466722772694],[0.006233070600969681],[1],[0],[0],[2.2468000000715236],"[""right_image_2"",""right_image_2""]",1,47.562,48.0615,0,0,0,0,1,,,,,,,,,,,,,,,,,,,,,,,,,,,,,,,,,
,,,,,165876,001,2025-04-02_10h24.12.802,Simon,2024.2.4,Win32,60.97560976,,,,,,,,,,,,,,,,,,0,3,3,3,1,images/white_butterfly.png,images/yellow_butterfly.png,right_image_2,"In this example, select the RIGHT butterfly.",,,,,,,,,,,,,,,,,,,,,,,,
,,,,,165876,001,2025-04-02_10h24.12.802,Simon,2024.2.4,Win32,60.97560976,,,,,,,,,,,,,,,,,,,,,,,,,,,48.062,52.2007,1,[52.20239999997616],[52.20239999997616],,,,,,,,,,,,,,,,,,,
,,,,,165876,001,2025-04-02_10h24.12.802,Simon,2024.2.4,Win32,60.97560976,,,,,,,,,,1,53.2621,53.7618,,,,,,,,,,,images/yellow_butterfly.png,images/white_butterfly.png,right_image, ,,,,,,52.2083,53.262,[0.33929542603531504],[-0.030623314503408706],[1],[0],[0],[1.0532000000476813],"[""right_image""]",0,0,0,2,1,,,,,
,,,,,165876,001,2025-04-02_10h24.12.802,Simon,2024.2.4,Win32,60.97560976,,,,,,,,,,1,55.3618,55.8617,,,,,,,,,,,images/purple_butterfly.png,images/white_butterfly.png,left_image, ,,,,,,53.7629,55.3617,[-0.08346880160696138],[-0.025203260302866702],[1],[0],[0],[1.598300000071525],"[""left_image""]",0,1,1,0,1,,,,,
,,,,,165876,001,2025-04-02_10h24.12.802,Simon,2024.2.4,Win32,60.97560976,,,,,,,,,,1,56.8622,57.3627,,,,,,,,,,,images/white_butterfly.png,images/purple_butterfly.png,left_image, ,,,,,,55.8623,56.8621,[-0.1387533379117971],[-0.027371290253429877],[1],[0],[0],[0.9993999999761556],"[""left_image""]",0,2,2,1,1,,,,,
,,,,,165876,001,2025-04-02_10h24.12.802,Simon,2024.2.4,Win32,60.97560976,,,,,,,,,,1,58.379,58.8792,,,,,,,,,,,images/white_butterfly.png,images/yellow_butterfly.png,right_image, ,,,,,,57.3634,58.379,[0.12249325801363482],[-0.09241194065993394],[1],[0],[0],[1.0148999999761585],"[""right_image""]",0,3,3,3,1,,,,,
,,,,,165876,001,2025-04-02_10h24.12.802,Simon,2024.2.4,Win32,60.97560976,,,,,,,,,,1,59.8951,60.3952,,,,,,,,,,,images/white_butterfly.png,images/purple_butterfly.png,left_image, ,,,,,,58.8798,59.895,[-0.26558265582655827],[-0.05013550135501355],[1],[0],[0],[1.0148999999761585],"[""left_image""]",1,0,4,1,1,,,,,
,,,,,165876,001,2025-04-02_10h24.12.802,Simon,2024.2.4,Win32,60.97560976,,,,,,,,,,1,61.2618,61.7619,,,,,,,,,,,images/yellow_butterfly.png,images/white_butterfly.png,right_image, ,,,,,,60.3959,61.2617,[0.22655828212334858],[-0.09349593495934959],[1],[0],[0],[0.8654999999999973],"[""right_image""]",1,1,5,2,1,,,,,
,,,,,165876,001,2025-04-02_10h24.12.802,Simon,2024.2.4,Win32,60.97560976,,,,,,,,,,1,63.1625,63.6619,,,,,,,,,,,images/white_butterfly.png,images/yellow_butterfly.png,right_image, ,,,,,,61.7627,63.1624,"[0.3674797740409045,0.2601626016260163]","[-0.09457997061049712,-0.05230353130557673]","[1,1]","[0,0]","[0,0]","[1.1495000000000033,1.3990999999046352]","[null,""right_image""]",1,2,6,3,1,,,,,
,,,,,165876,001,2025-04-02_10h24.12.802,Simon,2024.2.4,Win32,60.97560976,,,,,,,,,,1,64.946,65.4458,,,,,,,,,,,images/purple_butterfly.png,images/white_butterfly.png,left_image, ,,,,,,63.6631,64.946,[-0.27859075282647355],[-0.0024390492012830284],[1],[0],[0],[1.2821000000238456],"[""left_image""]",1,3,7,0,1,,,,,
,,,,,165876,001,2025-04-02_10h24.12.802,Simon,2024.2.4,Win32,60.97560976,,,,,,,,,,1,68.3124,68.8124,,,,,,,,,,,images/yellow_butterfly.png,images/white_butterfly.png,right_image, ,,,,,,65.4462,68.3123,[0.28509488402989497],[-0.05663959120670308],[1],[0],[0],[2.8658000000715305],"[""right_image""]",2,0,8,2,1,,,,,
,,,,,165876,001,2025-04-02_10h24.12.802,Simon,2024.2.4,Win32,60.97560976,,,,,,,,,,1,69.579,70.079,,,,,,,,,,,images/white_butterfly.png,images/yellow_butterfly.png,right_image, ,,,,,,68.8131,69.5789,[0.28509488402989497],[-0.05663959120670308],[1],[0],[0],[0.7656000000238379],"[""right_image""]",2,1,9,3,1,,,,,
,,,,,165876,001,2025-04-02_10h24.12.802,Simon,2024.2.4,Win32,60.97560976,,,,,,,,,,1,70.8787,71.3789,,,,,,,,,,,images/white_butterfly.png,images/purple_butterfly.png,left_image, ,,,,,,70.0797,70.8787,[-0.26449866152714263],[-0.012195121951219513],[1],[0],[0],[0.7986000000238533],"[""left_image""]",2,2,10,1,1,,,,,
,,,,,165876,001,2025-04-02_10h24.12.802,Simon,2024.2.4,Win32,60.97560976,,,,,,,,,,1,72.2125,72.7127,,,,,,,,,,,images/purple_butterfly.png,images/white_butterfly.png,left_image, ,,,,,,71.3798,72.2124,[-0.1452574691152185],[0.006233070600969681],[1],[0],[0],[0.8321000000238428],"[""left_image""]",2,3,11,0,1,,,,,
,,,,,165876,001,2025-04-02_10h24.12.802,Simon,2024.2.4,Win32,60.97560976,,,,,,,,,,1,73.5178,74.0126,,,,,,,,,,,images/yellow_butterfly.png,images/white_butterfly.png,right_image, ,,,,,,72.7133,73.5177,[0.2612465959254319],[-0.046883477105034724],[1],[0],[0],[0.8042000000476861],"[""right_image""]",3,0,12,2,1,,,,,
,,,,,165876,001,2025-04-02_10h24.12.802,Simon,2024.2.4,Win32,60.97560976,,,,,,,,,,1,74.6454,75.1455,,,,,,,,,,,images/purple_butterfly.png,images/white_butterfly.png,left_image, ,,,,,,74.0133,74.6454,[-0.10948507831025577],[-0.026287254602282352],[1],[0],[0],[0.6316999999284718],"[""left_image""]",3,1,13,0,1,,,,,
,,,,,165876,001,2025-04-02_10h24.12.802,Simon,2024.2.4,Win32,60.97560976,,,,,,,,,,1,75.7462,76.2501,,,,,,,,,,,images/white_butterfly.png,images/yellow_butterfly.png,right_image, ,,,,,,75.1463,75.7461,[0.10731708971142445],[-0.029539320203993056],[1],[0],[0],[0.599399999976157],"[""right_image""]",3,2,14,3,1,,,,,
,,,,,165876,001,2025-04-02_10h24.12.802,Simon,2024.2.4,Win32,60.97560976,,,,,,,,,,1,77.5119,78.0123,,,,,,,,,,,images/white_butterfly.png,images/purple_butterfly.png,left_image, ,,,,,,76.2506,77.5118,[-0.12357725231305047],[-0.0024390492012830284],[1],[0],[0],[1.2608999999761608],"[""left_image""]",3,3,15,1,1,,,,,
,,,,,165876,001,2025-04-02_10h24.12.802,Simon,2024.2.4,Win32,60.97560976,,,,,,,,,,1,78.7121,79.2125,,,,,,,,,,,images/white_butterfly.png,images/purple_butterfly.png,left_image, ,,,,,,78.0132,78.7121,[-0.15609757751630252],[0.015989143350906166],[1],[0],[0],[0.698700000047694],"[""left_image""]",4,0,16,1,1,,,,,
,,,,,165876,001,2025-04-02_10h24.12.802,Simon,2024.2.4,Win32,60.97560976,,,,,,,,,,1,79.8461,80.3462,,,,,,,,,,,images/purple_butterfly.png,images/white_butterfly.png,left_image, ,,,,,,79.2132,79.846,[-0.15609757751630252],[0.015989143350906166],[1],[0],[0],[0.6321999999284742],"[""left_image""]",4,1,17,0,1,,,,,
,,,,,165876,001,2025-04-02_10h24.12.802,Simon,2024.2.4,Win32,60.97560976,,,,,,,,,,1,81.1794,81.6794,,,,,,,,,,,images/white_butterfly.png,images/yellow_butterfly.png,right_image, ,,,,,,80.3467,81.1793,[0.20487806532118055],[0.002981004999258977],[1],[0],[0],[0.8323000000715268],"[""right_image""]",4,2,18,3,1,,,,,
,,,,,165876,001,2025-04-02_10h24.12.802,Simon,2024.2.4,Win32,60.97560976,,,,,,,,,,1,82.5462,83.0461,,,,,,,,,,,images/yellow_butterfly.png,images/white_butterfly.png,right_image, ,,,,,,81.68,82.5461,[0.24932249322493225],[-0.03279134445397188],[1],[0],[0],[0.8658000000715305],"[""right_image""]",4,3,19,2,1,,,,,
,,,,,165876,001,2025-04-02_10h24.12.802,Simon,2024.2.4,Win32,60.97560976,,,,,,,,,,,,,,,,,,,,,,,,,,,,,,,,,,,,,,,,,,,,,,83.0465,84.2458,1,[84.24560000002384],[84.24560000002384]
