﻿instructions.started,instructions.stopped,start_button.numClicks,start_button.timesOn,start_button.timesOff,participant,session,date,expName,psychopyVersion,OS,frameRate,practice_trial.started,practice_trial.stopped,mouse_2.x,mouse_2.y,mouse_2.leftButton,mouse_2.midButton,mouse_2.rightButton,mouse_2.time,mouse_2.clicked_name,correct,feedback.started,feedback.stopped,loop_until_correct.thisRepN,loop_until_correct.thisTrialN,loop_until_correct.thisN,loop_until_correct.thisIndex,loop_until_correct.ran,prac_trials.thisRepN,prac_trials.thisTrialN,prac_trials.thisN,prac_trials.thisIndex,prac_trials.ran,left_color,right_color,correct_response,top_txt,instructions_2.started,instructions_2.stopped,start_button_2.numClicks,start_button_2.timesOn,start_button_2.timesOff,trial.started,trial.stopped,mouse.x,mouse.y,mouse.leftButton,mouse.midButton,mouse.rightButton,mouse.time,mouse.clicked_name,trials.thisRepN,trials.thisTrialN,trials.thisN,trials.thisIndex,trials.ran,end.started,end.stopped,start_button_3.numClicks,start_button_3.timesOn,start_button_3.timesOff
0.001,21,1,[21.01],[21.01],170193,001,2026-01-26_10h25.19.004,Simon,2024.2.4,MacIntel,62.5,,,,,,,,,,,,,,,,,,,,,,,,,,,,,,,,,,,,,,,,,,,,,,,,,,
,,,,,170193,001,2026-01-26_10h25.19.004,Simon,2024.2.4,MacIntel,62.5,21.01,24.933,[-0.20210744598765432],[-0.00009645061728395061],[1],[0],[0],[3.9200000000000053],"[""left_image_2"",""left_image_2""]",1,24.934,25.433,0,0,0,0,1,,,,,,,,,,,,,,,,,,,,,,,,,,,,,,,,,
,,,,,170193,001,2026-01-26_10h25.19.004,Simon,2024.2.4,MacIntel,62.5,,,,,,,,,,,,,,,,,,0,0,0,0,1,images/purple_butterfly.png,images/white_butterfly.png,left_image_2,"In this example, select the LEFT butterfly.",,,,,,,,,,,,,,,,,,,,,,,,
,,,,,170193,001,2026-01-26_10h25.19.004,Simon,2024.2.4,MacIntel,62.5,25.435,27.232,[-0.1908275462962963],[0.013816550925925927],[1],[0],[0],[1.7949999999999982],"[""left_image_2"",""left_image_2""]",1,27.233,27.732,0,0,0,0,1,,,,,,,,,,,,,,,,,,,,,,,,,,,,,,,,,
,,,,,170193,001,2026-01-26_10h25.19.004,Simon,2024.2.4,MacIntel,62.5,,,,,,,,,,,,,,,,,,0,1,1,1,1,images/white_butterfly.png,images/purple_butterfly.png,left_image_2,"In this example, select the LEFT butterfly.",,,,,,,,,,,,,,,,,,,,,,,,
,,,,,170193,001,2026-01-26_10h25.19.004,Simon,2024.2.4,MacIntel,62.5,27.734,29.581,[0.21448206018518517],[-0.001490162037037037],[1],[0],[0],[1.846],"[""right_image_2"",""right_image_2""]",1,29.582,30.082,0,0,0,0,1,,,,,,,,,,,,,,,,,,,,,,,,,,,,,,,,,
,,,,,170193,001,2026-01-26_10h25.19.004,Simon,2024.2.4,MacIntel,62.5,,,,,,,,,,,,,,,,,,0,2,2,2,1,images/yellow_butterfly.png,images/white_butterfly.png,right_image_2,"In this example, select the RIGHT butterfly.",,,,,,,,,,,,,,,,,,,,,,,,
,,,,,170193,001,2026-01-26_10h25.19.004,Simon,2024.2.4,MacIntel,62.5,30.084,31.982,[0.21448206018518517],[-0.0033805941358024693],[1],[0],[0],[1.8960000000000008],"[""right_image_2"",""right_image_2""]",1,31.983,32.482,0,0,0,0,1,,,,,,,,,,,,,,,,,,,,,,,,,,,,,,,,,
,,,,,170193,001,2026-01-26_10h25.19.004,Simon,2024.2.4,MacIntel,62.5,,,,,,,,,,,,,,,,,,0,3,3,3,1,images/white_butterfly.png,images/yellow_butterfly.png,right_image_2,"In this example, select the RIGHT butterfly.",,,,,,,,,,,,,,,,,,,,,,,,
,,,,,170193,001,2026-01-26_10h25.19.004,Simon,2024.2.4,MacIntel,62.5,,,,,,,,,,,,,,,,,,,,,,,,,,,32.483,37.983,1,[37.984],[37.984],,,,,,,,,,,,,,,,,,,
,,,,,170193,001,2026-01-26_10h25.19.004,Simon,2024.2.4,MacIntel,62.5,,,,,,,,,,1,38.9,39.399,,,,,,,,,,,images/purple_butterfly.png,images/white_butterfly.png,left_image, ,,,,,,37.993,38.9,[-0.23958815586419754],[0.027454668209876545],[1],[0],[0],[0.9050000000000011],"[""left_image""]",0,0,0,0,1,,,,,
,,,,,170193,001,2026-01-26_10h25.19.004,Simon,2024.2.4,MacIntel,62.5,,,,,,,,,,1,40.283,40.782,,,,,,,,,,,images/yellow_butterfly.png,images/white_butterfly.png,right_image, ,,,,,,39.4,40.283,[0.26067708333333334],[0.048316936728395064],[1],[0],[0],[0.8810000000000002],"[""right_image""]",0,1,1,2,1,,,,,
,,,,,170193,001,2026-01-26_10h25.19.004,Simon,2024.2.4,MacIntel,62.5,,,,,,,,,,1,41.416,41.916,,,,,,,,,,,images/white_butterfly.png,images/yellow_butterfly.png,right_image, ,,,,,,40.783,41.416,[0.2312307098765432],[-0.018504050925925927],[1],[0],[0],[0.6319999999999979],"[""right_image""]",0,2,2,3,1,,,,,
,,,,,170193,001,2026-01-26_10h25.19.004,Simon,2024.2.4,MacIntel,62.5,,,,,,,,,,1,42.698,43.199,,,,,,,,,,,images/white_butterfly.png,images/purple_butterfly.png,left_image, ,,,,,,41.916,42.698,[-0.14405381944444445],[-0.02355324074074074],[1],[0],[0],[0.7809999999999988],"[""left_image""]",0,3,3,1,1,,,,,
,,,,,170193,001,2026-01-26_10h25.19.004,Simon,2024.2.4,MacIntel,62.5,,,,,,,,,,1,43.783,44.282,,,,,,,,,,,images/white_butterfly.png,images/purple_butterfly.png,left_image, ,,,,,,43.2,43.783,[-0.14405381944444445],[-0.02355324074074074],[1],[0],[0],[0.5820000000000007],"[""left_image""]",1,0,4,1,1,,,,,
,,,,,170193,001,2026-01-26_10h25.19.004,Simon,2024.2.4,MacIntel,62.5,,,,,,,,,,1,44.749,45.249,,,,,,,,,,,images/purple_butterfly.png,images/white_butterfly.png,left_image, ,,,,,,44.283,44.749,[-0.14405381944444445],[-0.02355324074074074],[1],[0],[0],[0.4649999999999963],"[""left_image""]",1,1,5,0,1,,,,,
,,,,,170193,001,2026-01-26_10h25.19.004,Simon,2024.2.4,MacIntel,62.5,,,,,,,,,,1,46.016,46.516,,,,,,,,,,,images/yellow_butterfly.png,images/white_butterfly.png,right_image, ,,,,,,45.25,46.016,[0.19376446759259258],[-0.010108024691358025],[1],[0],[0],[0.7650000000000006],"[""right_image""]",1,2,6,2,1,,,,,
,,,,,170193,001,2026-01-26_10h25.19.004,Simon,2024.2.4,MacIntel,62.5,,,,,,,,,,1,46.932,47.433,,,,,,,,,,,images/white_butterfly.png,images/yellow_butterfly.png,right_image, ,,,,,,46.517,46.932,[0.1939139660493827],[-0.010257523148148148],[1],[0],[0],[0.41499999999999915],"[""right_image""]",1,3,7,3,1,,,,,
,,,,,170193,001,2026-01-26_10h25.19.004,Simon,2024.2.4,MacIntel,62.5,,,,,,,,,,1,48.299,48.799,,,,,,,,,,,images/yellow_butterfly.png,images/white_butterfly.png,right_image, ,,,,,,47.433,48.298,[0.21586612654320989],[-0.012528935185185185],[1],[0],[0],[0.8639999999999972],"[""right_image""]",2,0,8,2,1,,,,,
,,,,,170193,001,2026-01-26_10h25.19.004,Simon,2024.2.4,MacIntel,62.5,,,,,,,,,,1,49.232,49.732,,,,,,,,,,,images/white_butterfly.png,images/yellow_butterfly.png,right_image, ,,,,,,48.8,49.232,[0.21572627314814816],[-0.012528935185185185],[1],[0],[0],[0.43200000000000216],"[""right_image""]",2,1,9,3,1,,,,,
,,,,,170193,001,2026-01-26_10h25.19.004,Simon,2024.2.4,MacIntel,62.5,,,,,,,,,,1,50.582,51.083,,,,,,,,,,,images/white_butterfly.png,images/purple_butterfly.png,left_image, ,,,,,,49.733,50.582,[-0.14449749228395062],[-0.009254436728395063],[1],[0],[0],[0.8480000000000061],"[""left_image""]",2,2,10,1,1,,,,,
,,,,,170193,001,2026-01-26_10h25.19.004,Simon,2024.2.4,MacIntel,62.5,,,,,,,,,,1,51.499,51.999,,,,,,,,,,,images/purple_butterfly.png,images/white_butterfly.png,left_image, ,,,,,,51.083,51.499,[-0.14449749228395062],[-0.009254436728395063],[1],[0],[0],[0.41499999999999915],"[""left_image""]",2,3,11,0,1,,,,,
,,,,,170193,001,2026-01-26_10h25.19.004,Simon,2024.2.4,MacIntel,62.5,,,,,,,,,,1,52.649,53.149,,,,,,,,,,,images/white_butterfly.png,images/yellow_butterfly.png,right_image, ,,,,,,52,52.649,[0.17865547839506174],[-0.008405671296296297],[1],[0],[0],[0.6480000000000032],"[""right_image""]",3,0,12,3,1,,,,,
,,,,,170193,001,2026-01-26_10h25.19.004,Simon,2024.2.4,MacIntel,62.5,,,,,,,,,,1,53.749,54.249,,,,,,,,,,,images/purple_butterfly.png,images/white_butterfly.png,left_image, ,,,,,,53.15,53.749,[-0.1640673225308642],[-0.008998842592592593],[1],[0],[0],[0.597999999999999],"[""left_image""]",3,1,13,0,1,,,,,
,,,,,170193,001,2026-01-26_10h25.19.004,Simon,2024.2.4,MacIntel,62.5,,,,,,,,,,1,55.199,55.699,,,,,,,,,,,images/yellow_butterfly.png,images/white_butterfly.png,right_image, ,,,,,,54.249,55.199,[0.22607060185185185],[0.04007523148148148],[1],[0],[0],[0.9489999999999981],"[""right_image""]",3,2,14,2,1,,,,,
,,,,,170193,001,2026-01-26_10h25.19.004,Simon,2024.2.4,MacIntel,62.5,,,,,,,,,,1,56.365,56.866,,,,,,,,,,,images/white_butterfly.png,images/purple_butterfly.png,left_image, ,,,,,,55.7,56.365,[-0.14780092592592592],[0.001171875],[1],[0],[0],[0.6639999999999944],"[""left_image""]",3,3,15,1,1,,,,,
,,,,,170193,001,2026-01-26_10h25.19.004,Simon,2024.2.4,MacIntel,62.5,,,,,,,,,,1,57.416,57.916,,,,,,,,,,,images/white_butterfly.png,images/yellow_butterfly.png,right_image, ,,,,,,56.867,57.416,[0.2769145447530864],[-0.008256172839506172],[1],[0],[0],[0.5480000000000018],"[""right_image""]",4,0,16,3,1,,,,,
,,,,,170193,001,2026-01-26_10h25.19.004,Simon,2024.2.4,MacIntel,62.5,,,,,,,,,,1,58.649,59.149,,,,,,,,,,,images/yellow_butterfly.png,images/white_butterfly.png,right_image, ,,,,,,57.917,58.649,[0.30516493055555555],[-0.013941936728395062],[1],[0],[0],[0.7310000000000016],"[""right_image""]",4,1,17,2,1,,,,,
,,,,,170193,001,2026-01-26_10h25.19.004,Simon,2024.2.4,MacIntel,62.5,,,,,,,,,,1,59.866,60.366,,,,,,,,,,,images/purple_butterfly.png,images/white_butterfly.png,left_image, ,,,,,,59.15,59.866,[-0.19362461419753085],[-0.030791859567901234],[1],[0],[0],[0.7150000000000034],"[""left_image""]",4,2,18,0,1,,,,,
,,,,,170193,001,2026-01-26_10h25.19.004,Simon,2024.2.4,MacIntel,62.5,,,,,,,,,,1,61.166,61.666,,,,,,,,,,,images/white_butterfly.png,images/purple_butterfly.png,left_image, ,,,,,,60.367,61.166,[-0.25318769290123455],[-0.010353973765432099],[1],[0],[0],[0.7980000000000018],"[""left_image""]",4,3,19,1,1,,,,,
,,,,,170193,001,2026-01-26_10h25.19.004,Simon,2024.2.4,MacIntel,62.5,,,,,,,,,,,,,,,,,,,,,,,,,,,,,,,,,,,,,,,,,,,,,,61.667,66.167,1,[66.166],[66.166]
