﻿instructions.started,instructions.stopped,start_button.numClicks,start_button.timesOn,start_button.timesOff,participant,session,date,expName,psychopyVersion,OS,frameRate,practice_trial.started,practice_trial.stopped,mouse_2.x,mouse_2.y,mouse_2.leftButton,mouse_2.midButton,mouse_2.rightButton,mouse_2.time,mouse_2.clicked_name,correct,feedback.started,feedback.stopped,loop_until_correct.thisRepN,loop_until_correct.thisTrialN,loop_until_correct.thisN,loop_until_correct.thisIndex,loop_until_correct.ran,prac_trials.thisRepN,prac_trials.thisTrialN,prac_trials.thisN,prac_trials.thisIndex,prac_trials.ran,left_color,right_color,correct_response,top_txt,instructions_2.started,instructions_2.stopped,start_button_2.numClicks,start_button_2.timesOn,start_button_2.timesOff,trial.started,trial.stopped,mouse.x,mouse.y,mouse.leftButton,mouse.midButton,mouse.rightButton,mouse.time,mouse.clicked_name,trials.thisRepN,trials.thisTrialN,trials.thisN,trials.thisIndex,trials.ran
0.0003,3.6546,1,[3.664199999999256],[3.664199999999256],170107,001,2025-04-03_10h48.55.943,Simon,2024.2.4,Win32,59.88023952,,,,,,,,,,,,,,,,,,,,,,,,,,,,,,,,,,,,,,,,,,,,,
,,,,,170107,001,2025-04-03_10h48.55.943,Simon,2024.2.4,Win32,59.88023952,3.6734,10.6948,[0.17547414097850678],[-0.020415914544152997],[1],[0],[0],[7.018700000001118],"[""right_image_2"",""right_image_2""]",0,10.6955,11.1956,0,0,0,0,1,,,,,,,,,,,,,,,,,,,,,,,,,,,,
,,,,,170107,001,2025-04-03_10h48.55.943,Simon,2024.2.4,Win32,59.88023952,11.1966,12.0628,[-0.16389244390289168],[-0.0064102794250212106],[1],[0],[0],[0.8647999999988834],"[""left_image_2"",""left_image_2""]",1,12.0643,12.5632,1,0,1,0,1,,,,,,,,,,,,,,,,,,,,,,,,,,,,
,,,,,170107,001,2025-04-03_10h48.55.943,Simon,2024.2.4,Win32,59.88023952,,,,,,,,,,,,,,,,,,0,0,0,0,1,images/purple_butterfly.png,images/white_butterfly.png,left_image_2,"In this example, select the LEFT butterfly.",,,,,,,,,,,,,,,,,,,
,,,,,170107,001,2025-04-03_10h48.55.943,Simon,2024.2.4,Win32,59.88023952,12.5658,17.8853,[-0.14557740914875567],[-0.012874482443969174],[1],[0],[0],[5.317599999999626],"[""left_image_2"",""left_image_2""]",1,17.8854,18.3857,0,0,0,0,1,,,,,,,,,,,,,,,,,,,,,,,,,,,,
,,,,,170107,001,2025-04-03_10h48.55.943,Simon,2024.2.4,Win32,59.88023952,,,,,,,,,,,,,,,,,,0,1,1,1,1,images/white_butterfly.png,images/purple_butterfly.png,left_image_2,"In this example, select the LEFT butterfly.",,,,,,,,,,,,,,,,,,,
,,,,,170107,001,2025-04-03_10h48.55.943,Simon,2024.2.4,Win32,59.88023952,18.3876,20.6713,[-0.15311891029323388],[-0.0258026813489819],[1],[0],[0],[2.281099999999629],"[""left_image_2"",""left_image_2""]",0,20.6724,21.1718,0,0,0,0,1,,,,,,,,,,,,,,,,,,,,,,,,,,,,
,,,,,170107,001,2025-04-03_10h48.55.943,Simon,2024.2.4,Win32,59.88023952,21.1727,22.1727,[0.2627399151141827],[-0.04196298176346861],[1],[0],[0],[0.9983000000007465],"[""right_image_2"",""right_image_2""]",1,22.1739,22.6733,1,0,1,0,1,,,,,,,,,,,,,,,,,,,,,,,,,,,,
,,,,,170107,001,2025-04-03_10h48.55.943,Simon,2024.2.4,Win32,59.88023952,,,,,,,,,,,,,,,,,,0,2,2,2,1,images/yellow_butterfly.png,images/white_butterfly.png,right_image_2,"In this example, select the RIGHT butterfly.",,,,,,,,,,,,,,,,,,,
,,,,,170107,001,2025-04-03_10h48.55.943,Simon,2024.2.4,Win32,59.88023952,22.6756,25.5434,[0.2519662434159361],[-0.04411778514741233],[1],[0],[0],[2.8661999999992567],"[""right_image_2"",""right_image_2""]",1,25.5436,26.0434,0,0,0,0,1,,,,,,,,,,,,,,,,,,,,,,,,,,,,
,,,,,170107,001,2025-04-03_10h48.55.943,Simon,2024.2.4,Win32,59.88023952,,,,,,,,,,,,,,,,,,0,3,3,3,1,images/white_butterfly.png,images/yellow_butterfly.png,right_image_2,"In this example, select the RIGHT butterfly.",,,,,,,,,,,,,,,,,,,
,,,,,170107,001,2025-04-03_10h48.55.943,Simon,2024.2.4,Win32,59.88023952,,,,,,,,,,,,,,,,,,,,,,,,,,,26.0438,27.6284,1,[27.63040000000037],[27.63040000000037],,,,,,,,,,,,,,
,,,,,170107,001,2025-04-03_10h48.55.943,Simon,2024.2.4,Win32,59.88023952,,,,,,,,,,0,31.0165,31.516,,,,,,,,,,,images/white_butterfly.png,images/purple_butterfly.png,left_image, ,,,,,,27.635,31.0151,[0.14315354014953338],[-0.050581781033477095],[1],[0],[0],[3.3796000000014885],"[""right_image""]",0,0,0,1,1
,,,,,170107,001,2025-04-03_10h48.55.943,Simon,2024.2.4,Win32,59.88023952,,,,,,,,,,1,40.3914,40.8916,,,,,,,,,,,images/purple_butterfly.png,images/white_butterfly.png,left_image, ,,,,,,31.5175,40.3909,[-0.27162784904376414],[-0.0667421850144054],[1],[0],[0],[8.872100000001488],"[""left_image""]",0,1,1,0,1
,,,,,170107,001,2025-04-03_10h48.55.943,Simon,2024.2.4,Win32,59.88023952,,,,,,,,,,1,43.8946,44.3955,,,,,,,,,,,images/yellow_butterfly.png,images/white_butterfly.png,right_image, ,,,,,,40.8926,43.8945,[0.14854051408724547],[0.0151367877942944],[1],[0],[0],[3.0010999999996244],"[""right_image""]",0,2,2,2,1
,,,,,170107,001,2025-04-03_10h48.55.943,Simon,2024.2.4,Win32,59.88023952,,,,,,,,,,0,46.9484,47.4481,,,,,,,,,,,images/white_butterfly.png,images/yellow_butterfly.png,right_image, ,,,,,,44.3967,46.9477,[-0.13480387553909784],[0.0151367877942944],[1],[0],[0],[2.5499000000003775],"[""left_image""]",0,3,3,3,1
,,,,,170107,001,2025-04-03_10h48.55.943,Simon,2024.2.4,Win32,59.88023952,,,,,,,,,,1,48.1825,48.6826,,,,,,,,,,,images/white_butterfly.png,images/yellow_butterfly.png,right_image, ,,,,,,47.4488,48.182,[0.11729707329521352],[-0.0021008797900169685],[1],[0],[0],[0.7330000000000041],"[""right_image""]",1,0,4,3,1
,,,,,170107,001,2025-04-03_10h48.55.943,Simon,2024.2.4,Win32,59.88023952,,,,,,,,,,1,50.5177,51.0188,,,,,,,,,,,images/purple_butterfly.png,images/white_butterfly.png,left_image, ,,,,,,48.6831,50.5176,[-0.10679267434512868],[0.03668385501361001],[1],[0],[0],[1.8338000000007497],"[""left_image""]",1,1,5,0,1
,,,,,170107,001,2025-04-03_10h48.55.943,Simon,2024.2.4,Win32,59.88023952,,,,,,,,,,0,51.9201,52.4201,,,,,,,,,,,images/white_butterfly.png,images/purple_butterfly.png,left_image, ,,,,,,51.0201,51.919,[0.12268384010004242],[0.03560641879949095],[1],[0],[0],[0.897700000001123],"[""right_image""]",1,2,6,1,1
,,,,,170107,001,2025-04-03_10h48.55.943,Simon,2024.2.4,Win32,59.88023952,,,,,,,,,,0,53.037,53.5377,,,,,,,,,,,images/yellow_butterfly.png,images/white_butterfly.png,right_image, ,,,,,,52.4213,53.037,[-0.17897517001467053],[0.03452915519610789],[1],[0],[0],[0.6149000000003682],"[""left_image""]",1,3,7,2,1
,,,,,170107,001,2025-04-03_10h48.55.943,Simon,2024.2.4,Win32,59.88023952,,,,,,,,,,1,54.1065,54.6052,,,,,,,,,,,images/white_butterfly.png,images/yellow_butterfly.png,right_image, ,,,,,,53.5394,54.105,[0.1313026393700509],[0.005440621354461256],[1],[0],[0],[0.5650000000000048],"[""right_image""]",2,0,8,3,1
,,,,,170107,001,2025-04-03_10h48.55.943,Simon,2024.2.4,Win32,59.88023952,,,,,,,,,,0,55.4902,55.99,,,,,,,,,,,images/white_butterfly.png,images/purple_butterfly.png,left_image, ,,,,,,54.6064,55.4893,[0.1366897513963518],[0.023755621586450084],[1],[0],[0],[0.8822999999988852],"[""right_image""]",2,1,9,1,1
,,,,,170107,001,2025-04-03_10h48.55.943,Simon,2024.2.4,Win32,59.88023952,,,,,,,,,,0,56.507,57.008,,,,,,,,,,,images/yellow_butterfly.png,images/white_butterfly.png,right_image, ,,,,,,55.9906,56.507,[-0.23068837990048785],[0.023755621586450084],[1],[0],[0],[0.5154000000003691],"[""left_image""]",2,2,10,2,1
,,,,,170107,001,2025-04-03_10h48.55.943,Simon,2024.2.4,Win32,59.88023952,,,,,,,,,,0,57.775,58.2764,,,,,,,,,,,images/purple_butterfly.png,images/white_butterfly.png,left_image, ,,,,,,57.0092,57.775,[0.12807060690487132],[0.00005385454963235294],[1],[0],[0],[0.7653000000007495],"[""right_image""]",2,3,11,0,1
