﻿instructions.started,instructions.stopped,start_button.numClicks,start_button.timesOn,start_button.timesOff,participant,session,date,expName,psychopyVersion,OS,frameRate,practice_trial.started,practice_trial.stopped,mouse_2.x,mouse_2.y,mouse_2.leftButton,mouse_2.midButton,mouse_2.rightButton,mouse_2.time,mouse_2.clicked_name,correct,feedback.started,feedback.stopped,loop_until_correct.thisRepN,loop_until_correct.thisTrialN,loop_until_correct.thisN,loop_until_correct.thisIndex,loop_until_correct.ran,prac_trials.thisRepN,prac_trials.thisTrialN,prac_trials.thisN,prac_trials.thisIndex,prac_trials.ran,left_color,right_color,correct_response,top_txt,instructions_2.started,instructions_2.stopped,start_button_2.numClicks,start_button_2.timesOn,start_button_2.timesOff,trial.started,trial.stopped,mouse.x,mouse.y,mouse.leftButton,mouse.midButton,mouse.rightButton,mouse.time,mouse.clicked_name,trials.thisRepN,trials.thisTrialN,trials.thisN,trials.thisIndex,trials.ran,end.started,end.stopped,start_button_3.numClicks,start_button_3.timesOn,start_button_3.timesOff
0.0004,30.1342,1,[30.143799999999807],[30.143799999999807],170741,001,2025-09-10_14h19.36.368,Simon,2024.2.4,Win32,59.88023952,,,,,,,,,,,,,,,,,,,,,,,,,,,,,,,,,,,,,,,,,,,,,,,,,,
,,,,,170741,001,2025-09-10_14h19.36.368,Simon,2024.2.4,Win32,59.88023952,30.1524,33.2339,[-0.2113733905579399],[0.004291845493562232],[1],[0],[0],[3.0790000000000077],"[""left_image_2"",""left_image_2""]",1,33.2345,33.7337,0,0,0,0,1,,,,,,,,,,,,,,,,,,,,,,,,,,,,,,,,,
,,,,,170741,001,2025-09-10_14h19.36.368,Simon,2024.2.4,Win32,59.88023952,,,,,,,,,,,,,,,,,,0,0,0,0,1,images/purple_butterfly.png,images/white_butterfly.png,left_image_2,"In this example, select the LEFT butterfly.",,,,,,,,,,,,,,,,,,,,,,,,
,,,,,170741,001,2025-09-10_14h19.36.368,Simon,2024.2.4,Win32,59.88023952,33.7357,36.217,[-0.1888412017167382],[0.0075107296137339056],[1],[0],[0],[2.47960000000009],"[""left_image_2"",""left_image_2""]",1,36.2171,36.7169,0,0,0,0,1,,,,,,,,,,,,,,,,,,,,,,,,,,,,,,,,,
,,,,,170741,001,2025-09-10_14h19.36.368,Simon,2024.2.4,Win32,59.88023952,,,,,,,,,,,,,,,,,,0,1,1,1,1,images/white_butterfly.png,images/purple_butterfly.png,left_image_2,"In this example, select the LEFT butterfly.",,,,,,,,,,,,,,,,,,,,,,,,
,,,,,170741,001,2025-09-10_14h19.36.368,Simon,2024.2.4,Win32,59.88023952,36.7181,37.9004,[0.25],[-0.027896995708154508],[1],[0],[0],[1.1801999999999566],"[""right_image_2"",""right_image_2""]",1,37.9005,38.4002,0,0,0,0,1,,,,,,,,,,,,,,,,,,,,,,,,,,,,,,,,,
,,,,,170741,001,2025-09-10_14h19.36.368,Simon,2024.2.4,Win32,59.88023952,,,,,,,,,,,,,,,,,,0,2,2,2,1,images/yellow_butterfly.png,images/white_butterfly.png,right_image_2,"In this example, select the RIGHT butterfly.",,,,,,,,,,,,,,,,,,,,,,,,
,,,,,170741,001,2025-09-10_14h19.36.368,Simon,2024.2.4,Win32,59.88023952,38.4014,39.8337,[0.18025751072961374],[-0.028969957081545063],[1],[0],[0],[1.4305999999998562],"[""right_image_2"",""right_image_2""]",1,39.8338,40.3337,0,0,0,0,1,,,,,,,,,,,,,,,,,,,,,,,,,,,,,,,,,
,,,,,170741,001,2025-09-10_14h19.36.368,Simon,2024.2.4,Win32,59.88023952,,,,,,,,,,,,,,,,,,0,3,3,3,1,images/white_butterfly.png,images/yellow_butterfly.png,right_image_2,"In this example, select the RIGHT butterfly.",,,,,,,,,,,,,,,,,,,,,,,,
,,,,,170741,001,2025-09-10_14h19.36.368,Simon,2024.2.4,Win32,59.88023952,,,,,,,,,,,,,,,,,,,,,,,,,,,40.334,41.7338,1,[41.73570000000019],[41.73570000000019],,,,,,,,,,,,,,,,,,,
,,,,,170741,001,2025-09-10_14h19.36.368,Simon,2024.2.4,Win32,59.88023952,,,,,,,,,,1,43.4507,43.9505,,,,,,,,,,,images/white_butterfly.png,images/yellow_butterfly.png,right_image, ,,,,,,41.7403,43.4507,[0.2532188841201717],[0],[1],[0],[0],[1.70960000000008],"[""right_image""]",0,0,0,3,1,,,,,
,,,,,170741,001,2025-09-10_14h19.36.368,Simon,2024.2.4,Win32,59.88023952,,,,,,,,,,1,44.6669,45.1668,,,,,,,,,,,images/white_butterfly.png,images/purple_butterfly.png,left_image, ,,,,,,43.9512,44.6669,[-0.1684549356223176],[0.016094420600858368],[1],[0],[0],[0.7151999999999532],"[""left_image""]",0,1,1,1,1,,,,,
,,,,,170741,001,2025-09-10_14h19.36.368,Simon,2024.2.4,Win32,59.88023952,,,,,,,,,,1,46.1503,46.6503,,,,,,,,,,,images/purple_butterfly.png,images/white_butterfly.png,left_image, ,,,,,,45.1674,46.1503,[-0.1276824034334764],[0.048283261802575105],[1],[0],[0],[0.9824000000001405],"[""left_image""]",0,2,2,0,1,,,,,
,,,,,170741,001,2025-09-10_14h19.36.368,Simon,2024.2.4,Win32,59.88023952,,,,,,,,,,1,47.7836,48.2835,,,,,,,,,,,images/yellow_butterfly.png,images/white_butterfly.png,right_image, ,,,,,,46.6509,47.7836,[0.2607296137339056],[-0.00536480686695279],[1],[0],[0],[1.1321000000000936],"[""right_image""]",0,3,3,2,1,,,,,
,,,,,170741,001,2025-09-10_14h19.36.368,Simon,2024.2.4,Win32,59.88023952,,,,,,,,,,1,49.2169,49.7168,,,,,,,,,,,images/yellow_butterfly.png,images/white_butterfly.png,right_image, ,,,,,,48.284,49.2168,[0.2349785407725322],[-0.034334763948497854],[1],[0],[0],[0.9326999999999543],"[""right_image""]",1,0,4,2,1,,,,,
,,,,,170741,001,2025-09-10_14h19.36.368,Simon,2024.2.4,Win32,59.88023952,,,,,,,,,,1,50.5669,51.0668,,,,,,,,,,,images/white_butterfly.png,images/purple_butterfly.png,left_image, ,,,,,,49.7173,50.5669,[-0.1813304721030043],[0.04721030042918455],[1],[0],[0],[0.8492999999998148],"[""left_image""]",1,1,5,1,1,,,,,
,,,,,170741,001,2025-09-10_14h19.36.368,Simon,2024.2.4,Win32,59.88023952,,,,,,,,,,1,52.1503,52.6504,,,,,,,,,,,images/white_butterfly.png,images/yellow_butterfly.png,right_image, ,,,,,,51.0673,52.1502,[0.25643776824034337],[-0.01072961373390558],[1],[0],[0],[1.082499999999996],"[""right_image""]",1,2,6,3,1,,,,,
,,,,,170741,001,2025-09-10_14h19.36.368,Simon,2024.2.4,Win32,59.88023952,,,,,,,,,,1,53.3336,53.8335,,,,,,,,,,,images/purple_butterfly.png,images/white_butterfly.png,left_image, ,,,,,,52.6508,53.3335,[-0.18562231759656653],[-0.019313304721030045],[1],[0],[0],[0.6823000000000548],"[""left_image""]",1,3,7,0,1,,,,,
,,,,,170741,001,2025-09-10_14h19.36.368,Simon,2024.2.4,Win32,59.88023952,,,,,,,,,,1,54.7669,55.267,,,,,,,,,,,images/yellow_butterfly.png,images/white_butterfly.png,right_image, ,,,,,,53.834,54.7668,[0.26180257510729615],[-0.022532188841201718],[1],[0],[0],[0.9326999999999543],"[""right_image""]",2,0,8,2,1,,,,,
,,,,,170741,001,2025-09-10_14h19.36.368,Simon,2024.2.4,Win32,59.88023952,,,,,,,,,,1,56.2169,56.7169,,,,,,,,,,,images/purple_butterfly.png,images/white_butterfly.png,left_image, ,,,,,,55.2676,56.2169,[-0.15236051502145923],[-0.030042918454935622],[1],[0],[0],[0.9489000000001369],"[""left_image""]",2,1,9,0,1,,,,,
,,,,,170741,001,2025-09-10_14h19.36.368,Simon,2024.2.4,Win32,59.88023952,,,,,,,,,,1,57.5836,58.0837,,,,,,,,,,,images/white_butterfly.png,images/yellow_butterfly.png,right_image, ,,,,,,56.7174,57.5835,[0.14914163090128754],[-0.00536480686695279],[1],[0],[0],[0.8659000000001384],"[""right_image""]",2,2,10,3,1,,,,,
,,,,,170741,001,2025-09-10_14h19.36.368,Simon,2024.2.4,Win32,59.88023952,,,,,,,,,,1,58.9002,59.4002,,,,,,,,,,,images/white_butterfly.png,images/purple_butterfly.png,left_image, ,,,,,,58.0842,58.9002,[-0.1888412017167382],[-0.006437768240343348],[1],[0],[0],[0.8158000000000527],"[""left_image""]",2,3,11,1,1,,,,,
,,,,,170741,001,2025-09-10_14h19.36.368,Simon,2024.2.4,Win32,59.88023952,,,,,,,,,,1,60.3169,60.8168,,,,,,,,,,,images/white_butterfly.png,images/purple_butterfly.png,left_image, ,,,,,,59.4005,60.3168,[-0.18776824034334763],[-0.022532188841201718],[1],[0],[0],[0.916099999999858],"[""left_image""]",3,0,12,1,1,,,,,
,,,,,170741,001,2025-09-10_14h19.36.368,Simon,2024.2.4,Win32,59.88023952,,,,,,,,,,1,61.9335,62.4337,,,,,,,,,,,images/purple_butterfly.png,images/white_butterfly.png,left_image, ,,,,,,60.8173,61.9335,[-0.15987124463519314],[0.02145922746781116],[1],[0],[0],[1.1159000000001384],"[""left_image""]",3,1,13,0,1,,,,,
,,,,,170741,001,2025-09-10_14h19.36.368,Simon,2024.2.4,Win32,59.88023952,,,,,,,,,,1,63.3835,63.8837,,,,,,,,,,,images/yellow_butterfly.png,images/white_butterfly.png,right_image, ,,,,,,62.4342,63.3835,[0.29935622317596566],[-0.04291845493562232],[1],[0],[0],[0.9491000000001009],"[""right_image""]",3,2,14,2,1,,,,,
,,,,,170741,001,2025-09-10_14h19.36.368,Simon,2024.2.4,Win32,59.88023952,,,,,,,,,,1,64.6335,65.1336,,,,,,,,,,,images/white_butterfly.png,images/yellow_butterfly.png,right_image, ,,,,,,63.8841,64.6335,[0.2907725321888412],[-0.05793991416309013],[1],[0],[0],[0.749100000000098],"[""right_image""]",3,3,15,3,1,,,,,
,,,,,170741,001,2025-09-10_14h19.36.368,Simon,2024.2.4,Win32,59.88023952,,,,,,,,,,1,65.9836,66.4834,,,,,,,,,,,images/white_butterfly.png,images/purple_butterfly.png,left_image, ,,,,,,65.1341,65.9835,[-0.20600858369098712],[-0.02467811158798283],[1],[0],[0],[0.8492000000001809],"[""left_image""]",4,0,16,1,1,,,,,
,,,,,170741,001,2025-09-10_14h19.36.368,Simon,2024.2.4,Win32,59.88023952,,,,,,,,,,1,67.3002,67.8001,,,,,,,,,,,images/yellow_butterfly.png,images/white_butterfly.png,right_image, ,,,,,,66.4839,67.3002,[0.20064377682403434],[0.003218884120171674],[1],[0],[0],[0.8158000000000527],"[""right_image""]",4,1,17,2,1,,,,,
,,,,,170741,001,2025-09-10_14h19.36.368,Simon,2024.2.4,Win32,59.88023952,,,,,,,,,,1,68.5002,69.0003,,,,,,,,,,,images/white_butterfly.png,images/yellow_butterfly.png,right_image, ,,,,,,67.8005,68.5002,[0.26394849785407726],[-0.02575107296137339],[1],[0],[0],[0.6993000000000507],"[""right_image""]",4,2,18,3,1,,,,,
,,,,,170741,001,2025-09-10_14h19.36.368,Simon,2024.2.4,Win32,59.88023952,,,,,,,,,,1,69.8668,70.3668,,,,,,,,,,,images/purple_butterfly.png,images/white_butterfly.png,left_image, ,,,,,,69.0008,69.8668,[-0.15343347639484978],[0.0536480686695279],[1],[0],[0],[0.8656000000001001],"[""left_image""]",4,3,19,0,1,,,,,
,,,,,170741,001,2025-09-10_14h19.36.368,Simon,2024.2.4,Win32,59.88023952,,,,,,,,,,,,,,,,,,,,,,,,,,,,,,,,,,,,,,,,,,,,,,70.367,71.4671,1,[71.46679999999981],[71.46679999999981]
