﻿instructions.started,instructions.stopped,start_button.numClicks,start_button.timesOn,start_button.timesOff,participant,session,date,expName,psychopyVersion,OS,frameRate,practice_trial.started,practice_trial.stopped,mouse_2.x,mouse_2.y,mouse_2.leftButton,mouse_2.midButton,mouse_2.rightButton,mouse_2.time,mouse_2.clicked_name,correct,feedback.started,feedback.stopped,loop_until_correct.thisRepN,loop_until_correct.thisTrialN,loop_until_correct.thisN,loop_until_correct.thisIndex,loop_until_correct.ran,prac_trials.thisRepN,prac_trials.thisTrialN,prac_trials.thisN,prac_trials.thisIndex,prac_trials.ran,left_color,right_color,correct_response,top_txt,instructions_2.started,instructions_2.stopped,start_button_2.numClicks,start_button_2.timesOn,start_button_2.timesOff,trial.started,trial.stopped,mouse.x,mouse.y,mouse.leftButton,mouse.midButton,mouse.rightButton,mouse.time,mouse.clicked_name,trials.thisRepN,trials.thisTrialN,trials.thisN,trials.thisIndex,trials.ran,end.started,end.stopped,start_button_3.numClicks,start_button_3.timesOn,start_button_3.timesOff
0.0003,20.1938,1,[20.210299999998885],[20.210299999998885],171108,001,2025-04-02_10h28.33.158,Simon,2024.2.4,Win32,60.24096386,,,,,,,,,,,,,,,,,,,,,,,,,,,,,,,,,,,,,,,,,,,,,,,,,,
,,,,,171108,001,2025-04-02_10h28.33.158,Simon,2024.2.4,Win32,60.24096386,20.2082,22.1587,[-0.20487806532118055],[0.028997281702553352],[1],[0],[0],[1.9484000000003725],"[""left_image_2"",""left_image_2""]",1,22.1597,22.658,0,0,0,0,1,,,,,,,,,,,,,,,,,,,,,,,,,,,,,,,,,
,,,,,171108,001,2025-04-02_10h28.33.158,Simon,2024.2.4,Win32,60.24096386,,,,,,,,,,,,,,,,,,0,0,0,0,1,images/purple_butterfly.png,images/white_butterfly.png,left_image_2,"In this example, select the LEFT butterfly.",,,,,,,,,,,,,,,,,,,,,,,,
,,,,,171108,001,2025-04-02_10h28.33.158,Simon,2024.2.4,Win32,60.24096386,22.6608,26.4876,[-0.16043355471396512],[0.04200542005420054],[1],[0],[0],[3.8246999999992575],"[""left_image_2"",""left_image_2""]",1,26.4878,26.9872,0,0,0,0,1,,,,,,,,,,,,,,,,,,,,,,,,,,,,,,,,,
,,,,,171108,001,2025-04-02_10h28.33.158,Simon,2024.2.4,Win32,60.24096386,,,,,,,,,,,,,,,,,,0,1,1,1,1,images/white_butterfly.png,images/purple_butterfly.png,left_image_2,"In this example, select the LEFT butterfly.",,,,,,,,,,,,,,,,,,,,,,,,
,,,,,171108,001,2025-04-02_10h28.33.158,Simon,2024.2.4,Win32,60.24096386,26.9888,28.8524,[0.28834686692814193],[0.026829251751990177],[1],[0],[0],[1.861500000000003],"[""right_image_2"",""right_image_2""]",1,28.8526,29.3518,0,0,0,0,1,,,,,,,,,,,,,,,,,,,,,,,,,,,,,,,,,
,,,,,171108,001,2025-04-02_10h28.33.158,Simon,2024.2.4,Win32,60.24096386,,,,,,,,,,,,,,,,,,0,2,2,2,1,images/yellow_butterfly.png,images/white_butterfly.png,right_image_2,"In this example, select the RIGHT butterfly.",,,,,,,,,,,,,,,,,,,,,,,,
,,,,,171108,001,2025-04-02_10h28.33.158,Simon,2024.2.4,Win32,60.24096386,29.3535,30.5736,[0.21355018512343327],[0.002981004999258977],[1],[0],[0],[1.2190000000000012],"[""right_image_2"",""right_image_2""]",1,30.5738,31.0672,0,0,0,0,1,,,,,,,,,,,,,,,,,,,,,,,,,,,,,,,,,
,,,,,171108,001,2025-04-02_10h28.33.158,Simon,2024.2.4,Win32,60.24096386,,,,,,,,,,,,,,,,,,0,3,3,3,1,images/white_butterfly.png,images/yellow_butterfly.png,right_image_2,"In this example, select the RIGHT butterfly.",,,,,,,,,,,,,,,,,,,,,,,,
,,,,,171108,001,2025-04-02_10h28.33.158,Simon,2024.2.4,Win32,60.24096386,,,,,,,,,,,,,,,,,,,,,,,,,,,31.0678,32.083,1,[32.08470000000112],[32.08470000000112],,,,,,,,,,,,,,,,,,,
,,,,,171108,001,2025-04-02_10h28.33.158,Simon,2024.2.4,Win32,60.24096386,,,,,,,,,,1,33.7155,34.2148,,,,,,,,,,,images/yellow_butterfly.png,images/white_butterfly.png,right_image, ,,,,,,32.089,33.7155,[0.1344173607141345],[0.006233070600969681],[1],[0],[0],[1.6258000000007442],"[""right_image""]",0,0,0,2,1,,,,,
,,,,,171108,001,2025-04-02_10h28.33.158,Simon,2024.2.4,Win32,60.24096386,,,,,,,,,,1,34.9138,35.4134,,,,,,,,,,,images/white_butterfly.png,images/yellow_butterfly.png,right_image, ,,,,,,34.2158,34.9137,[0.1344173607141345],[0.006233070600969681],[1],[0],[0],[0.6973000000007445],"[""right_image""]",0,1,1,3,1,,,,,
,,,,,171108,001,2025-04-02_10h28.33.158,Simon,2024.2.4,Win32,60.24096386,,,,,,,,,,1,36.2459,36.7453,,,,,,,,,,,images/white_butterfly.png,images/purple_butterfly.png,left_image, ,,,,,,35.4142,36.2458,[-0.25149048182376355],[-0.006775067750677507],[1],[0],[0],[0.830999999999996],"[""left_image""]",0,2,2,1,1,,,,,
,,,,,171108,001,2025-04-02_10h28.33.158,Simon,2024.2.4,Win32,60.24096386,,,,,,,,,,1,37.3787,37.8782,,,,,,,,,,,images/purple_butterfly.png,images/white_butterfly.png,left_image, ,,,,,,36.7463,37.3785,[-0.24390243902439024],[-0.006775067750677507],[1],[0],[0],[0.6314999999999955],"[""left_image""]",0,3,3,0,1,,,,,
,,,,,171108,001,2025-04-02_10h28.33.158,Simon,2024.2.4,Win32,60.24096386,,,,,,,,,,1,38.6438,39.1435,,,,,,,,,,,images/white_butterfly.png,images/yellow_butterfly.png,right_image, ,,,,,,37.8792,38.6437,[0.1897018970189702],[0.03550133020251101],[1],[0],[0],[0.7639000000003762],"[""right_image""]",1,0,4,3,1,,,,,
,,,,,171108,001,2025-04-02_10h28.33.158,Simon,2024.2.4,Win32,60.24096386,,,,,,,,,,1,39.7264,40.2255,,,,,,,,,,,images/yellow_butterfly.png,images/white_butterfly.png,right_image, ,,,,,,39.1448,39.7262,[0.1897018970189702],[0.03550133020251101],[1],[0],[0],[0.5805999999996274],"[""right_image""]",1,1,5,2,1,,,,,
,,,,,171108,001,2025-04-02_10h28.33.158,Simon,2024.2.4,Win32,60.24096386,,,,,,,,,,1,40.9918,41.4913,,,,,,,,,,,images/purple_butterfly.png,images/white_butterfly.png,left_image, ,,,,,,40.2263,40.9917,[-0.1474254577140498],[0.026829251751990177],[1],[0],[0],[0.7649000000003738],"[""left_image""]",1,2,6,0,1,,,,,
,,,,,171108,001,2025-04-02_10h28.33.158,Simon,2024.2.4,Win32,60.24096386,,,,,,,,,,1,42.0409,42.5407,,,,,,,,,,,images/white_butterfly.png,images/purple_butterfly.png,left_image, ,,,,,,41.492,42.0408,[-0.1474254577140498],[0.026829251751990177],[1],[0],[0],[0.5481000000014902],"[""left_image""]",1,3,7,1,1,,,,,
,,,,,171108,001,2025-04-02_10h28.33.158,Simon,2024.2.4,Win32,60.24096386,,,,,,,,,,1,43.0565,43.5563,,,,,,,,,,,images/white_butterfly.png,images/purple_butterfly.png,left_image, ,,,,,,42.5418,43.0565,[-0.1474254577140498],[0.026829251751990177],[1],[0],[0],[0.514599999999632],"[""left_image""]",2,0,8,1,1,,,,,
,,,,,171108,001,2025-04-02_10h28.33.158,Simon,2024.2.4,Win32,60.24096386,,,,,,,,,,1,44.0729,44.572,,,,,,,,,,,images/purple_butterfly.png,images/white_butterfly.png,left_image, ,,,,,,43.5572,44.0728,[-0.1474254577140498],[0.026829251751990177],[1],[0],[0],[0.5152000000011228],"[""left_image""]",2,1,9,0,1,,,,,
,,,,,171108,001,2025-04-02_10h28.33.158,Simon,2024.2.4,Win32,60.24096386,,,,,,,,,,1,45.2884,45.7875,,,,,,,,,,,images/yellow_butterfly.png,images/white_butterfly.png,right_image, ,,,,,,44.5728,45.2883,[0.16476969731855523],[0.01707317900205369],[1],[0],[0],[0.7150999999996301],"[""right_image""]",2,2,10,2,1,,,,,
,,,,,171108,001,2025-04-02_10h28.33.158,Simon,2024.2.4,Win32,60.24096386,,,,,,,,,,1,46.3372,46.8369,,,,,,,,,,,images/white_butterfly.png,images/yellow_butterfly.png,right_image, ,,,,,,45.7884,46.3371,[0.16476969731855523],[0.01707317900205369],[1],[0],[0],[0.5485000000000042],"[""right_image""]",2,3,11,3,1,,,,,
,,,,,171108,001,2025-04-02_10h28.33.158,Simon,2024.2.4,Win32,60.24096386,,,,,,,,,,1,47.253,47.7524,,,,,,,,,,,images/white_butterfly.png,images/yellow_butterfly.png,right_image, ,,,,,,46.8376,47.253,[0.16585369161797087],[0.01707317900205369],[1],[0],[0],[0.4151999999992597],"[""right_image""]",3,0,12,3,1,,,,,
,,,,,171108,001,2025-04-02_10h28.33.158,Simon,2024.2.4,Win32,60.24096386,,,,,,,,,,1,48.2693,48.7684,,,,,,,,,,,images/yellow_butterfly.png,images/white_butterfly.png,right_image, ,,,,,,47.7529,48.2692,[0.16585369161797087],[0.01707317900205369],[1],[0],[0],[0.5159999999999982],"[""right_image""]",3,1,13,2,1,,,,,
,,,,,171108,001,2025-04-02_10h28.33.158,Simon,2024.2.4,Win32,60.24096386,,,,,,,,,,1,49.784,50.2838,,,,,,,,,,,images/white_butterfly.png,images/purple_butterfly.png,left_image, ,,,,,,48.7692,49.7839,[-0.17560972301617547],[-0.011111127651803861],[1],[0],[0],[1.014000000000003],"[""left_image""]",3,2,14,1,1,,,,,
,,,,,171108,001,2025-04-02_10h28.33.158,Simon,2024.2.4,Win32,60.24096386,,,,,,,,,,1,50.7835,51.283,,,,,,,,,,,images/purple_butterfly.png,images/white_butterfly.png,left_image, ,,,,,,50.2845,50.7833,[-0.17560972301617547],[-0.011111127651803861],[1],[0],[0],[0.4984000000003732],"[""left_image""]",3,3,15,0,1,,,,,
,,,,,171108,001,2025-04-02_10h28.33.158,Simon,2024.2.4,Win32,60.24096386,,,,,,,,,,1,52.216,52.7151,,,,,,,,,,,images/white_butterfly.png,images/yellow_butterfly.png,right_image, ,,,,,,51.284,52.2159,[0.15934964311801322],[0.01056908915036416],[1],[0],[0],[0.931400000000373],"[""right_image""]",4,0,16,3,1,,,,,
,,,,,171108,001,2025-04-02_10h28.33.158,Simon,2024.2.4,Win32,60.24096386,,,,,,,,,,1,53.8637,54.3633,,,,,,,,,,,images/purple_butterfly.png,images/white_butterfly.png,left_image, ,,,,,,52.7158,53.8636,[-0.2764227642276423],[0.01056908915036416],[1],[0],[0],[1.1475999999996276],"[""left_image""]",4,1,17,0,1,,,,,
,,,,,171108,001,2025-04-02_10h28.33.158,Simon,2024.2.4,Win32,60.24096386,,,,,,,,,,1,55.3962,55.8952,,,,,,,,,,,images/yellow_butterfly.png,images/white_butterfly.png,right_image, ,,,,,,54.3641,55.3961,[0.15826556611513382],[0.03550133020251101],[1],[0],[0],[1.0316999999992547],"[""right_image""]",4,2,18,2,1,,,,,
,,,,,171108,001,2025-04-02_10h28.33.158,Simon,2024.2.4,Win32,60.24096386,,,,,,,,,,1,56.6287,57.1279,,,,,,,,,,,images/white_butterfly.png,images/purple_butterfly.png,left_image, ,,,,,,55.8962,56.6285,[-0.25474254742547425],[0.006233070600969681],[1],[0],[0],[0.7319999999999993],"[""left_image""]",4,3,19,1,1,,,,,
,,,,,171108,001,2025-04-02_10h28.33.158,Simon,2024.2.4,Win32,60.24096386,,,,,,,,,,,,,,,,,,,,,,,,,,,,,,,,,,,,,,,,,,,,,,57.1285,58.5096,1,[58.5095],[58.5095]
