﻿instructions.started,instructions.stopped,start_button.numClicks,start_button.timesOn,start_button.timesOff,participant,session,date,expName,psychopyVersion,OS,frameRate,practice_trial.started,practice_trial.stopped,mouse_2.x,mouse_2.y,mouse_2.leftButton,mouse_2.midButton,mouse_2.rightButton,mouse_2.time,mouse_2.clicked_name,correct,feedback.started,feedback.stopped,loop_until_correct.thisRepN,loop_until_correct.thisTrialN,loop_until_correct.thisN,loop_until_correct.thisIndex,loop_until_correct.ran,prac_trials.thisRepN,prac_trials.thisTrialN,prac_trials.thisN,prac_trials.thisIndex,prac_trials.ran,left_color,right_color,correct_response,top_txt,instructions_2.started,instructions_2.stopped,start_button_2.numClicks,start_button_2.timesOn,start_button_2.timesOff,trial.started,trial.stopped,mouse.x,mouse.y,mouse.leftButton,mouse.midButton,mouse.rightButton,mouse.time,mouse.clicked_name,trials.thisRepN,trials.thisTrialN,trials.thisN,trials.thisIndex,trials.ran,end.started,end.stopped,start_button_3.numClicks,start_button_3.timesOn,start_button_3.timesOff
0.0003,17.0158,1,[17.026800000011917],[17.026800000011917],173615,001,2026-01-27_10h30.27.116,Simon,2024.2.4,MacIntel,60.97560976,,,,,,,,,,,,,,,,,,,,,,,,,,,,,,,,,,,,,,,,,,,,,,,,,,
,,,,,173615,001,2026-01-27_10h30.27.116,Simon,2024.2.4,MacIntel,60.97560976,17.0372,19.5653,[-0.21214692571785268],[-0.0020969881398252184],[1],[0],[0],[2.5258999999761613],"[""left_image_2"",""left_image_2""]",1,19.5662,20.0651,0,0,0,0,1,,,,,,,,,,,,,,,,,,,,,,,,,,,,,,,,,
,,,,,173615,001,2026-01-27_10h30.27.116,Simon,2024.2.4,MacIntel,60.97560976,,,,,,,,,,,,,,,,,,0,0,0,0,1,images/purple_butterfly.png,images/white_butterfly.png,left_image_2,"In this example, select the LEFT butterfly.",,,,,,,,,,,,,,,,,,,,,,,,
,,,,,173615,001,2026-01-27_10h30.27.116,Simon,2024.2.4,MacIntel,60.97560976,20.0677,21.9985,[-0.21215180243445692],[-0.0023847144194756556],[1],[0],[0],[1.9286999999880834],"[""left_image_2"",""left_image_2""]",1,21.9989,22.4982,0,0,0,0,1,,,,,,,,,,,,,,,,,,,,,,,,,,,,,,,,,
,,,,,173615,001,2026-01-27_10h30.27.116,Simon,2024.2.4,MacIntel,60.97560976,,,,,,,,,,,,,,,,,,0,1,1,1,1,images/white_butterfly.png,images/purple_butterfly.png,left_image_2,"In this example, select the LEFT butterfly.",,,,,,,,,,,,,,,,,,,,,,,,
,,,,,173615,001,2026-01-27_10h30.27.116,Simon,2024.2.4,MacIntel,60.97560976,22.5004,24.2319,[0.20379798689138576],[-0.029079861111111112],[1],[0],[0],[1.7298000000119202],"[""right_image_2"",""right_image_2""]",1,24.2321,24.7315,0,0,0,0,1,,,,,,,,,,,,,,,,,,,,,,,,,,,,,,,,,
,,,,,173615,001,2026-01-27_10h30.27.116,Simon,2024.2.4,MacIntel,60.97560976,,,,,,,,,,,,,,,,,,0,2,2,2,1,images/yellow_butterfly.png,images/white_butterfly.png,right_image_2,"In this example, select the RIGHT butterfly.",,,,,,,,,,,,,,,,,,,,,,,,
,,,,,173615,001,2026-01-27_10h30.27.116,Simon,2024.2.4,MacIntel,60.97560976,24.7335,26.065,[0.20379798689138576],[-0.029372464107365794],[1],[0],[0],[1.3303000000119312],"[""right_image_2"",""right_image_2""]",1,26.0652,26.5649,0,0,0,0,1,,,,,,,,,,,,,,,,,,,,,,,,,,,,,,,,,
,,,,,173615,001,2026-01-27_10h30.27.116,Simon,2024.2.4,MacIntel,60.97560976,,,,,,,,,,,,,,,,,,0,3,3,3,1,images/white_butterfly.png,images/yellow_butterfly.png,right_image_2,"In this example, select the RIGHT butterfly.",,,,,,,,,,,,,,,,,,,,,,,,
,,,,,173615,001,2026-01-27_10h30.27.116,Simon,2024.2.4,MacIntel,60.97560976,,,,,,,,,,,,,,,,,,,,,,,,,,,26.5656,29.0652,1,[29.066199999988072],[29.066199999988072],,,,,,,,,,,,,,,,,,,
,,,,,173615,001,2026-01-27_10h30.27.116,Simon,2024.2.4,MacIntel,60.97560976,,,,,,,,,,1,31.1489,31.6483,,,,,,,,,,,images/white_butterfly.png,images/purple_butterfly.png,left_image, ,,,,,,29.0746,31.1487,[-0.20285678058676654],[0.003121098626716604],[1],[0],[0],[2.0728000000119238],"[""left_image""]",0,0,0,1,1,,,,,
,,,,,173615,001,2026-01-27_10h30.27.116,Simon,2024.2.4,MacIntel,60.97560976,,,,,,,,,,1,33.4816,33.9816,,,,,,,,,,,images/white_butterfly.png,images/yellow_butterfly.png,right_image, ,,,,,,31.6495,33.4815,[0.2505803292759051],[-0.006832279962546817],[1],[0],[0],[1.8313999999761563],"[""right_image""]",0,1,1,3,1,,,,,
,,,,,173615,001,2026-01-27_10h30.27.116,Simon,2024.2.4,MacIntel,60.97560976,,,,,,,,,,1,35.4983,35.9982,,,,,,,,,,,images/purple_butterfly.png,images/white_butterfly.png,left_image, ,,,,,,33.9825,35.4981,[-0.22543110174781522],[-0.007607677902621723],[1],[0],[0],[1.5148000000119168],"[""left_image""]",0,2,2,0,1,,,,,
,,,,,173615,001,2026-01-27_10h30.27.116,Simon,2024.2.4,MacIntel,60.97560976,,,,,,,,,,1,37.1816,37.6815,,,,,,,,,,,images/yellow_butterfly.png,images/white_butterfly.png,right_image, ,,,,,,35.9992,37.1816,[0.18081402153558052],[-0.012162531210986267],[1],[0],[0],[1.1816999999880977],"[""right_image""]",0,3,3,2,1,,,,,
,,,,,173615,001,2026-01-27_10h30.27.116,Simon,2024.2.4,MacIntel,60.97560976,,,,,,,,,,1,39.015,39.5146,,,,,,,,,,,images/purple_butterfly.png,images/white_butterfly.png,left_image, ,,,,,,37.6827,39.0149,[-0.18808032927590512],[0.021501443508114858],[1],[0],[0],[1.3315000000000055],"[""left_image""]",1,0,4,0,1,,,,,
,,,,,173615,001,2026-01-27_10h30.27.116,Simon,2024.2.4,MacIntel,60.97560976,,,,,,,,,,1,40.9485,41.4481,,,,,,,,,,,images/yellow_butterfly.png,images/white_butterfly.png,right_image, ,,,,,,39.515,40.9484,[0.20814801810237205],[-0.01154318820224719],[1],[0],[0],[1.4330999999642415],"[""right_image""]",1,1,5,2,1,,,,,
,,,,,173615,001,2026-01-27_10h30.27.116,Simon,2024.2.4,MacIntel,60.97560976,,,,,,,,,,1,42.6317,43.1316,,,,,,,,,,,images/white_butterfly.png,images/purple_butterfly.png,left_image, ,,,,,,41.4492,42.6316,[-0.23167329900124844],[-0.0029747971285892633],[1],[0],[0],[1.1818000000119184],"[""left_image""]",1,2,6,1,1,,,,,
,,,,,173615,001,2026-01-27_10h30.27.116,Simon,2024.2.4,MacIntel,60.97560976,,,,,,,,,,1,44.3318,44.8315,,,,,,,,,,,images/white_butterfly.png,images/yellow_butterfly.png,right_image, ,,,,,,43.1328,44.3316,[0.185188436329588],[-0.012640449438202247],[1],[0],[0],[1.198199999988077],"[""right_image""]",1,3,7,3,1,,,,,
,,,,,173615,001,2026-01-27_10h30.27.116,Simon,2024.2.4,MacIntel,60.97560976,,,,,,,,,,1,46.5817,47.0817,,,,,,,,,,,images/white_butterfly.png,images/yellow_butterfly.png,right_image, ,,,,,,44.8325,46.5816,[0.23485779494382023],[-0.027255969101123597],[1],[0],[0],[1.7486999999880624],"[""right_image""]",2,0,8,3,1,,,,,
,,,,,173615,001,2026-01-27_10h30.27.116,Simon,2024.2.4,MacIntel,60.97560976,,,,,,,,,,1,48.4149,48.9144,,,,,,,,,,,images/yellow_butterfly.png,images/white_butterfly.png,right_image, ,,,,,,47.0828,48.4148,[0.2281328027465668],[-0.026929229088639203],[1],[0],[0],[1.3316000000238546],"[""right_image""]",2,1,9,2,1,,,,,
,,,,,173615,001,2026-01-27_10h30.27.116,Simon,2024.2.4,MacIntel,60.97560976,,,,,,,,,,1,50.3483,50.8481,,,,,,,,,,,images/purple_butterfly.png,images/white_butterfly.png,left_image, ,,,,,,48.9148,50.3482,[-0.19399578651685392],[0.007744225967540574],[1],[0],[0],[1.4333000000119114],"[""left_image""]",2,2,10,0,1,,,,,
,,,,,173615,001,2026-01-27_10h30.27.116,Simon,2024.2.4,MacIntel,60.97560976,,,,,,,,,,1,52.081,52.5815,,,,,,,,,,,images/white_butterfly.png,images/purple_butterfly.png,left_image, ,,,,,,50.8493,52.0809,[-0.19399578651685392],[0.006988334893882646],[1],[0],[0],[1.2310000000000514],"[""left_image""]",2,3,11,1,1,,,,,
,,,,,173615,001,2026-01-27_10h30.27.116,Simon,2024.2.4,MacIntel,60.97560976,,,,,,,,,,1,53.665,54.1648,,,,,,,,,,,images/white_butterfly.png,images/purple_butterfly.png,left_image, ,,,,,,52.5825,53.6649,[-0.19429326622971285],[0.004257373595505618],[1],[0],[0],[1.08219999998812],"[""left_image""]",3,0,12,1,1,,,,,
,,,,,173615,001,2026-01-27_10h30.27.116,Simon,2024.2.4,MacIntel,60.97560976,,,,,,,,,,1,55.2983,55.7982,,,,,,,,,,,images/yellow_butterfly.png,images/white_butterfly.png,right_image, ,,,,,,54.1659,55.2982,[0.19138674313358303],[0.012211298377028714],[1],[0],[0],[1.131700000047715],"[""right_image""]",3,1,13,2,1,,,,,
,,,,,173615,001,2026-01-27_10h30.27.116,Simon,2024.2.4,MacIntel,60.97560976,,,,,,,,,,1,57.3149,57.8146,,,,,,,,,,,images/purple_butterfly.png,images/white_butterfly.png,left_image, ,,,,,,55.7993,57.3148,[-0.19264493601747815],[0.0149812734082397],[1],[0],[0],[1.5150999999642636],"[""left_image""]",3,2,14,0,1,,,,,
,,,,,173615,001,2026-01-27_10h30.27.116,Simon,2024.2.4,MacIntel,60.97560976,,,,,,,,,,1,59.0145,59.5149,,,,,,,,,,,images/white_butterfly.png,images/yellow_butterfly.png,right_image, ,,,,,,57.8156,59.0145,[0.24587917446941324],[0.009646145443196004],[1],[0],[0],[1.198399999976175],"[""right_image""]",3,3,15,3,1,,,,,
,,,,,173615,001,2026-01-27_10h30.27.116,Simon,2024.2.4,MacIntel,60.97560976,,,,,,,,,,1,60.7816,61.2815,,,,,,,,,,,images/purple_butterfly.png,images/white_butterfly.png,left_image, ,,,,,,59.516,60.7815,[-0.18908493289637954],[0.00971441947565543],[1],[0],[0],[1.2648999999761372],"[""left_image""]",4,0,16,0,1,,,,,
,,,,,173615,001,2026-01-27_10h30.27.116,Simon,2024.2.4,MacIntel,60.97560976,,,,,,,,,,1,62.3977,62.8981,,,,,,,,,,,images/white_butterfly.png,images/purple_butterfly.png,left_image, ,,,,,,61.2825,62.3976,[-0.17448404338327092],[0.013649929775280898],[1],[0],[0],[1.1146000000238132],"[""left_image""]",4,1,17,1,1,,,,,
,,,,,173615,001,2026-01-27_10h30.27.116,Simon,2024.2.4,MacIntel,60.97560976,,,,,,,,,,1,64.0483,64.5481,,,,,,,,,,,images/white_butterfly.png,images/yellow_butterfly.png,right_image, ,,,,,,62.8991,64.0482,[0.23050776373283396],[0.006120279338327091],[1],[0],[0],[1.1484000000357923],"[""right_image""]",4,2,18,3,1,,,,,
,,,,,173615,001,2026-01-27_10h30.27.116,Simon,2024.2.4,MacIntel,60.97560976,,,,,,,,,,1,65.965,66.4648,,,,,,,,,,,images/yellow_butterfly.png,images/white_butterfly.png,right_image, ,,,,,,64.5492,65.9649,[0.29933774188514356],[0.04735291822721598],[1],[0],[0],[1.4150999999642409],"[""right_image""]",4,3,19,2,1,,,,,
,,,,,173615,001,2026-01-27_10h30.27.116,Simon,2024.2.4,MacIntel,60.97560976,,,,,,,,,,,,,,,,,,,,,,,,,,,,,,,,,,,,,,,,,,,,,,66.4654,68.1652,1,[68.1646999999881],[68.1646999999881]
