﻿instructions.started,instructions.stopped,start_button.numClicks,start_button.timesOn,start_button.timesOff,participant,session,date,expName,psychopyVersion,OS,frameRate,practice_trial.started,practice_trial.stopped,mouse_2.x,mouse_2.y,mouse_2.leftButton,mouse_2.midButton,mouse_2.rightButton,mouse_2.time,mouse_2.clicked_name,correct,feedback.started,feedback.stopped,loop_until_correct.thisRepN,loop_until_correct.thisTrialN,loop_until_correct.thisN,loop_until_correct.thisIndex,loop_until_correct.ran,prac_trials.thisRepN,prac_trials.thisTrialN,prac_trials.thisN,prac_trials.thisIndex,prac_trials.ran,left_color,right_color,correct_response,top_txt,instructions_2.started,instructions_2.stopped,start_button_2.numClicks,start_button_2.timesOn,start_button_2.timesOff,trial.started,trial.stopped,mouse.x,mouse.y,mouse.leftButton,mouse.midButton,mouse.rightButton,mouse.time,mouse.clicked_name,trials.thisRepN,trials.thisTrialN,trials.thisN,trials.thisIndex,trials.ran
0.0005,2.9828,1,[3.004400000035762],[3.004400000035762],176944,001,2025-06-09_13h18.34.157,Simon,2024.2.4,Win32,6.666666667,,,,,,,,,,,,,,,,,,,,,,,,,,,,,,,,,,,,,,,,,,,,,
,,,,,176944,001,2025-06-09_13h18.34.157,Simon,2024.2.4,Win32,6.666666667,3.0119,5.4596,[-0.10554951033732318],[0.022306855277475515],[1],[0],[0],[2.4438000000119207],"[""left_image_2"",""left_image_2""]",1,5.4609,6.0028,0,0,0,0,1,,,,,,,,,,,,,,,,,,,,,,,,,,,,
,,,,,176944,001,2025-06-09_13h18.34.157,Simon,2024.2.4,Win32,6.666666667,,,,,,,,,,,,,,,,,,0,0,0,0,1,images/purple_butterfly.png,images/white_butterfly.png,left_image_2,"In this example, select the LEFT butterfly.",,,,,,,,,,,,,,,,,,,
,,,,,176944,001,2025-06-09_13h18.34.157,Simon,2024.2.4,Win32,6.666666667,6.0064,7.026,[0.16213275299238303],[-0.08868335146898804],[1],[0],[0],[1.0166999999880773],"[""right_image_2"",""right_image_2""]",0,7.0278,7.4631,0,0,0,0,1,,,,,,,,,,,,,,,,,,,,,,,,,,,,
,,,,,176944,001,2025-06-09_13h18.34.157,Simon,2024.2.4,Win32,6.666666667,7.4642,10.8365,[-0.23177366702937977],[-0.024483133841131665],[1],[0],[0],[3.3715000000000046],"[""left_image_2"",""left_image_2""]",1,10.838,11.2695,1,0,1,0,1,,,,,,,,,,,,,,,,,,,,,,,,,,,,
,,,,,176944,001,2025-06-09_13h18.34.157,Simon,2024.2.4,Win32,6.666666667,,,,,,,,,,,,,,,,,,0,1,1,1,1,images/white_butterfly.png,images/purple_butterfly.png,left_image_2,"In this example, select the LEFT butterfly.",,,,,,,,,,,,,,,,,,,
,,,,,176944,001,2025-06-09_13h18.34.157,Simon,2024.2.4,Win32,6.666666667,11.2718,19.8922,[0.2546245919477693],[0.011425462459194777],[1],[0],[0],[8.618600000023847],"[""right_image_2"",""right_image_2""]",1,19.8924,20.2557,0,0,0,0,1,,,,,,,,,,,,,,,,,,,,,,,,,,,,
,,,,,176944,001,2025-06-09_13h18.34.157,Simon,2024.2.4,Win32,6.666666667,,,,,,,,,,,,,,,,,,0,2,2,2,1,images/yellow_butterfly.png,images/white_butterfly.png,right_image_2,"In this example, select the RIGHT butterfly.",,,,,,,,,,,,,,,,,,,
,,,,,176944,001,2025-06-09_13h18.34.157,Simon,2024.2.4,Win32,6.666666667,20.2577,29.5988,[0.19477693144722524],[-0.057127312295973884],[1],[0],[0],[9.34020000004768],"[""right_image_2"",""right_image_2""]",1,29.599,30.0723,0,0,0,0,1,,,,,,,,,,,,,,,,,,,,,,,,,,,,
,,,,,176944,001,2025-06-09_13h18.34.157,Simon,2024.2.4,Win32,6.666666667,,,,,,,,,,,,,,,,,,0,3,3,3,1,images/white_butterfly.png,images/yellow_butterfly.png,right_image_2,"In this example, select the RIGHT butterfly.",,,,,,,,,,,,,,,,,,,
,,,,,176944,001,2025-06-09_13h18.34.157,Simon,2024.2.4,Win32,6.666666667,,,,,,,,,,,,,,,,,,,,,,,,,,,30.0728,31.7487,1,[31.75119999998808],[31.751300000011923],,,,,,,,,,,,,,
,,,,,176944,001,2025-06-09_13h18.34.157,Simon,2024.2.4,Win32,6.666666667,,,,,,,,,,1,49.0286,49.4668,,,,,,,,,,,images/purple_butterfly.png,images/white_butterfly.png,left_image, ,,,,,,31.7634,49.0284,"[0.088139281828074,-0.22633297062023938]","[-0.2279651795429815,0.08650707290533188]","[1,1]","[0,0]","[0,0]","[12.805899999976162,17.263800000011926]","[null,""left_image""]",0,0,0,0,1
