﻿instructions.started,instructions.stopped,start_button.numClicks,start_button.timesOn,start_button.timesOff,participant,session,date,expName,psychopyVersion,OS,frameRate,practice_trial.started,practice_trial.stopped,mouse_2.x,mouse_2.y,mouse_2.leftButton,mouse_2.midButton,mouse_2.rightButton,mouse_2.time,mouse_2.clicked_name,correct,feedback.started,feedback.stopped,loop_until_correct.thisRepN,loop_until_correct.thisTrialN,loop_until_correct.thisN,loop_until_correct.thisIndex,loop_until_correct.ran,prac_trials.thisRepN,prac_trials.thisTrialN,prac_trials.thisN,prac_trials.thisIndex,prac_trials.ran,left_color,right_color,correct_response,top_txt,instructions_2.started,instructions_2.stopped,start_button_2.numClicks,start_button_2.timesOn,start_button_2.timesOff,trial.started,trial.stopped,mouse.x,mouse.y,mouse.leftButton,mouse.midButton,mouse.rightButton,mouse.time,mouse.clicked_name,trials.thisRepN,trials.thisTrialN,trials.thisN,trials.thisIndex,trials.ran,end.started,end.stopped,start_button_3.numClicks,start_button_3.timesOn,start_button_3.timesOff
0.003,24.0931,1,[24.105899999976156],[24.105899999976156],177493,001,2025-10-27_19h41.16.178,Simon,2024.2.4,Win32,59.17159763,,,,,,,,,,,,,,,,,,,,,,,,,,,,,,,,,,,,,,,,,,,,,,,,,,
,,,,,177493,001,2025-10-27_19h41.16.178,Simon,2024.2.4,Win32,59.17159763,24.1109,27.3247,[-0.12277019937040923],[-0.061385099685204614],[1],[0],[0],[3.211500000000001],"[""left_image_2"",""left_image_2""]",1,27.3254,27.8251,0,0,0,0,1,,,,,,,,,,,,,,,,,,,,,,,,,,,,,,,,,
,,,,,177493,001,2025-10-27_19h41.16.178,Simon,2024.2.4,Win32,59.17159763,,,,,,,,,,,,,,,,,,0,0,0,0,1,images/purple_butterfly.png,images/white_butterfly.png,left_image_2,"In this example, select the LEFT butterfly.",,,,,,,,,,,,,,,,,,,,,,,,
,,,,,177493,001,2025-10-27_19h41.16.178,Simon,2024.2.4,Win32,59.17159763,27.8282,31.3743,[-0.1385099685204617],[-0.09286463798530954],[1],[0],[0],[3.54360000002384],"[""left_image_2"",""left_image_2""]",1,31.3749,31.8744,0,0,0,0,1,,,,,,,,,,,,,,,,,,,,,,,,,,,,,,,,,
,,,,,177493,001,2025-10-27_19h41.16.178,Simon,2024.2.4,Win32,59.17159763,,,,,,,,,,,,,,,,,,0,1,1,1,1,images/white_butterfly.png,images/purple_butterfly.png,left_image_2,"In this example, select the LEFT butterfly.",,,,,,,,,,,,,,,,,,,,,,,,
,,,,,177493,001,2025-10-27_19h41.16.178,Simon,2024.2.4,Win32,59.17159763,31.8766,33.908,[-0.15634837355718784],[-0.07607555089192025],[1],[0],[0],[2.0294999999999987],"[""left_image_2"",""left_image_2""]",0,33.9096,34.4074,0,0,0,0,1,,,,,,,,,,,,,,,,,,,,,,,,,,,,,,,,,
,,,,,177493,001,2025-10-27_19h41.16.178,Simon,2024.2.4,Win32,59.17159763,34.4085,37.2244,[0.155299055613851],[-0.021511017838405037],[1],[0],[0],[2.814900000035763],"[""right_image_2"",""right_image_2""]",1,37.226,37.7241,1,0,1,0,1,,,,,,,,,,,,,,,,,,,,,,,,,,,,,,,,,
,,,,,177493,001,2025-10-27_19h41.16.178,Simon,2024.2.4,Win32,59.17159763,,,,,,,,,,,,,,,,,,0,2,2,2,1,images/yellow_butterfly.png,images/white_butterfly.png,right_image_2,"In this example, select the RIGHT butterfly.",,,,,,,,,,,,,,,,,,,,,,,,
,,,,,177493,001,2025-10-27_19h41.16.178,Simon,2024.2.4,Win32,59.17159763,37.7254,39.6903,[0.15005246589716684],[-0.051941238195173135],[1],[0],[0],[1.963599999964238],"[""right_image_2"",""right_image_2""]",1,39.6912,40.1902,0,0,0,0,1,,,,,,,,,,,,,,,,,,,,,,,,,,,,,,,,,
,,,,,177493,001,2025-10-27_19h41.16.178,Simon,2024.2.4,Win32,59.17159763,,,,,,,,,,,,,,,,,,0,3,3,3,1,images/white_butterfly.png,images/yellow_butterfly.png,right_image_2,"In this example, select the RIGHT butterfly.",,,,,,,,,,,,,,,,,,,,,,,,
,,,,,177493,001,2025-10-27_19h41.16.178,Simon,2024.2.4,Win32,59.17159763,,,,,,,,,,,,,,,,,,,,,,,,,,,40.1909,42.3893,1,[42.391199999988075],[42.391199999988075],,,,,,,,,,,,,,,,,,,
,,,,,177493,001,2025-10-27_19h41.16.178,Simon,2024.2.4,Win32,59.17159763,,,,,,,,,,1,44.0727,44.573,,,,,,,,,,,images/purple_butterfly.png,images/white_butterfly.png,left_image, ,,,,,,42.3955,44.0726,[-0.13326337880377753],[-0.09496327387198321],[1],[0],[0],[1.6764000000357626],"[""left_image""]",0,0,0,0,1,,,,,
,,,,,177493,001,2025-10-27_19h41.16.178,Simon,2024.2.4,Win32,59.17159763,,,,,,,,,,1,45.5061,46.0061,,,,,,,,,,,images/white_butterfly.png,images/purple_butterfly.png,left_image, ,,,,,,44.574,45.506,[-0.1584470094438615],[-0.06033578174186779],[1],[0],[0],[0.9313000000119231],"[""left_image""]",0,1,1,1,1,,,,,
,,,,,177493,001,2025-10-27_19h41.16.178,Simon,2024.2.4,Win32,59.17159763,,,,,,,,,,1,47.2394,47.739,,,,,,,,,,,images/white_butterfly.png,images/yellow_butterfly.png,right_image, ,,,,,,46.0073,47.2393,[0.19202518363064008],[-0.027806925498426022],[1],[0],[0],[1.2315999999642386],"[""right_image""]",0,2,2,3,1,,,,,
,,,,,177493,001,2025-10-27_19h41.16.178,Simon,2024.2.4,Win32,59.17159763,,,,,,,,,,1,49.1058,49.6056,,,,,,,,,,,images/yellow_butterfly.png,images/white_butterfly.png,right_image, ,,,,,,47.7401,49.1057,[0.2088142707240294],[-0.021511017838405037],[1],[0],[0],[1.365100000023844],"[""right_image""]",0,3,3,2,1,,,,,
,,,,,177493,001,2025-10-27_19h41.16.178,Simon,2024.2.4,Win32,59.17159763,,,,,,,,,,1,50.6389,51.1391,,,,,,,,,,,images/purple_butterfly.png,images/white_butterfly.png,left_image, ,,,,,,49.6066,50.6388,[-0.1259181532004197],[-0.05299055613850997],[1],[0],[0],[1.0318999999761544],"[""left_image""]",1,0,4,0,1,,,,,
,,,,,177493,001,2025-10-27_19h41.16.178,Simon,2024.2.4,Win32,59.17159763,,,,,,,,,,1,52.1219,52.6214,,,,,,,,,,,images/white_butterfly.png,images/purple_butterfly.png,left_image, ,,,,,,51.1401,52.1218,[-0.1521511017838405],[-0.04879328436516264],[1],[0],[0],[0.9811999999880854],"[""left_image""]",1,1,5,1,1,,,,,
,,,,,177493,001,2025-10-27_19h41.16.178,Simon,2024.2.4,Win32,59.17159763,,,,,,,,,,1,53.9721,54.4717,,,,,,,,,,,images/white_butterfly.png,images/yellow_butterfly.png,right_image, ,,,,,,52.6219,53.972,[0.11752360965372508],[-0.07502623294858342],[1],[0],[0],[1.3496999999880757],"[""right_image""]",1,2,6,3,1,,,,,
,,,,,177493,001,2025-10-27_19h41.16.178,Simon,2024.2.4,Win32,59.17159763,,,,,,,,,,1,55.871,56.3715,,,,,,,,,,,images/yellow_butterfly.png,images/white_butterfly.png,right_image, ,,,,,,54.4729,55.8709,[0.18782791185729275],[-0.03620146904512067],[1],[0],[0],[1.3975000000000009],"[""right_image""]",1,3,7,2,1,,,,,
,,,,,177493,001,2025-10-27_19h41.16.178,Simon,2024.2.4,Win32,59.17159763,,,,,,,,,,1,57.4713,57.9712,,,,,,,,,,,images/white_butterfly.png,images/yellow_butterfly.png,right_image, ,,,,,,56.3724,57.4713,[0.16054564533053514],[-0.04879328436516264],[1],[0],[0],[1.0986000000238434],"[""right_image""]",2,0,8,3,1,,,,,
,,,,,177493,001,2025-10-27_19h41.16.178,Simon,2024.2.4,Win32,59.17159763,,,,,,,,,,1,58.8538,59.3543,,,,,,,,,,,images/purple_butterfly.png,images/white_butterfly.png,left_image, ,,,,,,57.972,58.8538,[-0.10073452256033578],[-0.04459601259181532],[1],[0],[0],[0.8815000000000026],"[""left_image""]",2,1,9,0,1,,,,,
,,,,,177493,001,2025-10-27_19h41.16.178,Simon,2024.2.4,Win32,59.17159763,,,,,,,,,,1,60.1876,60.6875,,,,,,,,,,,images/white_butterfly.png,images/purple_butterfly.png,left_image, ,,,,,,59.3554,60.1876,[-0.15739769150052466],[-0.03305351521511018],[1],[0],[0],[0.8314000000357638],"[""left_image""]",2,2,10,1,1,,,,,
,,,,,177493,001,2025-10-27_19h41.16.178,Simon,2024.2.4,Win32,59.17159763,,,,,,,,,,0,61.6372,62.1374,,,,,,,,,,,images/yellow_butterfly.png,images/white_butterfly.png,right_image, ,,,,,,60.6885,61.6367,[-0.13431269674711438],[-0.03830010493179433],[1],[0],[0],[0.9477999999523234],"[""left_image""]",2,3,11,2,1,,,,,
,,,,,177493,001,2025-10-27_19h41.16.178,Simon,2024.2.4,Win32,59.17159763,,,,,,,,,,1,63.0047,63.504,,,,,,,,,,,images/white_butterfly.png,images/purple_butterfly.png,left_image, ,,,,,,62.1383,63.004,[-0.19202518363064008],[-0.039349422875131164],[1],[0],[0],[0.8653000000119278],"[""left_image""]",3,0,12,1,1,,,,,
,,,,,177493,001,2025-10-27_19h41.16.178,Simon,2024.2.4,Win32,59.17159763,,,,,,,,,,1,64.8032,65.3035,,,,,,,,,,,images/white_butterfly.png,images/yellow_butterfly.png,right_image, ,,,,,,63.5049,64.8031,[0.10073452256033578],[-0.049842602308499476],[1],[0],[0],[1.2980000000000018],"[""right_image""]",3,1,13,3,1,,,,,
,,,,,177493,001,2025-10-27_19h41.16.178,Simon,2024.2.4,Win32,59.17159763,,,,,,,,,,1,66.437,66.9366,,,,,,,,,,,images/purple_butterfly.png,images/white_butterfly.png,left_image, ,,,,,,65.3044,66.4368,[-0.09968520461699895],[-0.032004197271773345],[1],[0],[0],[1.1318999999761559],"[""left_image""]",3,2,14,0,1,,,,,
,,,,,177493,001,2025-10-27_19h41.16.178,Simon,2024.2.4,Win32,59.17159763,,,,,,,,,,1,67.77,68.2701,,,,,,,,,,,images/yellow_butterfly.png,images/white_butterfly.png,right_image, ,,,,,,66.9373,67.77,[0.12277019937040923],[-0.032004197271773345],[1],[0],[0],[0.8324000000357614],"[""right_image""]",3,3,15,2,1,,,,,
,,,,,177493,001,2025-10-27_19h41.16.178,Simon,2024.2.4,Win32,59.17159763,,,,,,,,,,0,69.2366,69.736,,,,,,,,,,,images/yellow_butterfly.png,images/white_butterfly.png,right_image, ,,,,,,68.2708,69.236,[-0.14270724029380902],[-0.027806925498426022],[1],[0],[0],[0.965099999964238],"[""left_image""]",4,0,16,2,1,,,,,
,,,,,177493,001,2025-10-27_19h41.16.178,Simon,2024.2.4,Win32,59.17159763,,,,,,,,,,1,71.7358,72.2363,,,,,,,,,,,images/white_butterfly.png,images/yellow_butterfly.png,right_image, ,,,,,,69.7365,71.7354,[0.11857292759706191],[-0.039349422875131164],[1],[0],[0],[1.998700000047691],"[""right_image""]",4,1,17,3,1,,,,,
,,,,,177493,001,2025-10-27_19h41.16.178,Simon,2024.2.4,Win32,59.17159763,,,,,,,,,,1,73.0022,73.5028,,,,,,,,,,,images/white_butterfly.png,images/purple_butterfly.png,left_image, ,,,,,,72.2374,73.0022,[-0.12277019937040923],[-0.019412381951731374],[1],[0],[0],[0.7643999999761633],"[""left_image""]",4,2,18,1,1,,,,,
,,,,,177493,001,2025-10-27_19h41.16.178,Simon,2024.2.4,Win32,59.17159763,,,,,,,,,,1,74.2692,74.769,,,,,,,,,,,images/purple_butterfly.png,images/white_butterfly.png,left_image, ,,,,,,73.5037,74.2692,[-0.10073452256033578],[-0.017313746065057714],[1],[0],[0],[0.7648000000119168],"[""left_image""]",4,3,19,0,1,,,,,
,,,,,177493,001,2025-10-27_19h41.16.178,Simon,2024.2.4,Win32,59.17159763,,,,,,,,,,,,,,,,,,,,,,,,,,,,,,,,,,,,,,,,,,,,,,74.7696,75.9016,1,[75.90140000003576],[75.90140000003576]
