﻿instructions.started,instructions.stopped,start_button.numClicks,start_button.timesOn,start_button.timesOff,participant,session,date,expName,psychopyVersion,OS,frameRate,practice_trial.started,practice_trial.stopped,mouse_2.x,mouse_2.y,mouse_2.leftButton,mouse_2.midButton,mouse_2.rightButton,mouse_2.time,mouse_2.clicked_name,correct,feedback.started,feedback.stopped,loop_until_correct.thisRepN,loop_until_correct.thisTrialN,loop_until_correct.thisN,loop_until_correct.thisIndex,loop_until_correct.ran,prac_trials.thisRepN,prac_trials.thisTrialN,prac_trials.thisN,prac_trials.thisIndex,prac_trials.ran,left_color,right_color,correct_response,top_txt,instructions_2.started,instructions_2.stopped,start_button_2.numClicks,start_button_2.timesOn,start_button_2.timesOff,trial.started,trial.stopped,mouse.x,mouse.y,mouse.leftButton,mouse.midButton,mouse.rightButton,mouse.time,mouse.clicked_name,trials.thisRepN,trials.thisTrialN,trials.thisN,trials.thisIndex,trials.ran
0.0003,4.1694,1,[4.180600000143045],[4.180600000143045],177663,001,2025-07-09_07h43.17.041,Simon,2024.2.4,MacIntel,135.1351351,,,,,,,,,,,,,,,,,,,,,,,,,,,,,,,,,,,,,,,,,,,,,
,,,,,177663,001,2025-07-09_07h43.17.041,Simon,2024.2.4,MacIntel,135.1351351,4.1796,7.5444,[-0.1564731024549098],[-0.0059767973446893784],[1],[0],[0],[3.363500000000002],"[""left_image_2"",""left_image_2""]",1,7.5446,8.0443,0,0,0,0,1,,,,,,,,,,,,,,,,,,,,,,,,,,,,
,,,,,177663,001,2025-07-09_07h43.17.041,Simon,2024.2.4,MacIntel,135.1351351,,,,,,,,,,,,,,,,,,0,0,0,0,1,images/purple_butterfly.png,images/white_butterfly.png,left_image_2,"In this example, select the LEFT butterfly.",,,,,,,,,,,,,,,,,,,
,,,,,177663,001,2025-07-09_07h43.17.041,Simon,2024.2.4,MacIntel,135.1351351,8.0449,10.586,[-0.12920763401803606],[-0.016857934619238478],[1],[0],[0],[2.540200000047676],"[""left_image_2"",""left_image_2""]",1,10.586,11.0858,0,0,0,0,1,,,,,,,,,,,,,,,,,,,,,,,,,,,,
,,,,,177663,001,2025-07-09_07h43.17.041,Simon,2024.2.4,MacIntel,135.1351351,,,,,,,,,,,,,,,,,,0,1,1,1,1,images/white_butterfly.png,images/purple_butterfly.png,left_image_2,"In this example, select the LEFT butterfly.",,,,,,,,,,,,,,,,,,,
,,,,,177663,001,2025-07-09_07h43.17.041,Simon,2024.2.4,MacIntel,135.1351351,11.0864,13.0611,[0.13986175475951904],[-0.053427166833667335],[1],[0],[0],[1.974099999904638],"[""right_image_2"",""right_image_2""]",1,13.0611,13.5609,0,0,0,0,1,,,,,,,,,,,,,,,,,,,,,,,,,,,,
,,,,,177663,001,2025-07-09_07h43.17.041,Simon,2024.2.4,MacIntel,135.1351351,,,,,,,,,,,,,,,,,,0,2,2,2,1,images/yellow_butterfly.png,images/white_butterfly.png,right_image_2,"In this example, select the RIGHT butterfly.",,,,,,,,,,,,,,,,,,,
,,,,,177663,001,2025-07-09_07h43.17.041,Simon,2024.2.4,MacIntel,135.1351351,13.5614,14.536,[0.12217403557114229],[-0.045438533316633264],[1],[0],[0],[0.9740000000000038],"[""right_image_2"",""right_image_2""]",1,14.5361,15.0359,0,0,0,0,1,,,,,,,,,,,,,,,,,,,,,,,,,,,,
,,,,,177663,001,2025-07-09_07h43.17.041,Simon,2024.2.4,MacIntel,135.1351351,,,,,,,,,,,,,,,,,,0,3,3,3,1,images/white_butterfly.png,images/yellow_butterfly.png,right_image_2,"In this example, select the RIGHT butterfly.",,,,,,,,,,,,,,,,,,,
,,,,,177663,001,2025-07-09_07h43.17.041,Simon,2024.2.4,MacIntel,135.1351351,,,,,,,,,,,,,,,,,,,,,,,,,,,15.0361,17.1111,1,[17.112300000190736],[17.112300000190736],,,,,,,,,,,,,,
,,,,,177663,001,2025-07-09_07h43.17.041,Simon,2024.2.4,MacIntel,135.1351351,,,,,,,,,,0,20.1281,20.6277,,,,,,,,,,,images/white_butterfly.png,images/yellow_butterfly.png,right_image, ,,,,,,17.1144,20.1278,[-0.12584544088176353],[-0.05510239228456914],[1],[0],[0],[3.012500000000003],"[""left_image""]",0,0,0,3,1
,,,,,177663,001,2025-07-09_07h43.17.041,Simon,2024.2.4,MacIntel,135.1351351,,,,,,,,,,0,23.0028,23.5027,,,,,,,,,,,images/purple_butterfly.png,images/white_butterfly.png,left_image, ,,,,,,20.628,23.0027,[0.1477251377755511],[-0.06773312249498999],[1],[0],[0],[2.3744999999999905],"[""right_image""]",0,1,1,0,1
,,,,,177663,001,2025-07-09_07h43.17.041,Simon,2024.2.4,MacIntel,135.1351351,,,,,,,,,,0,24.8443,25.3444,,,,,,,,,,,images/white_butterfly.png,images/purple_butterfly.png,left_image, ,,,,,,23.503,24.8443,[0.1469814629258517],[-0.06451183617234468],[1],[0],[0],[1.3410999999046282],"[""right_image""]",0,2,2,1,1
,,,,,177663,001,2025-07-09_07h43.17.041,Simon,2024.2.4,MacIntel,135.1351351,,,,,,,,,,0,26.7194,27.2193,,,,,,,,,,,images/yellow_butterfly.png,images/white_butterfly.png,right_image, ,,,,,,25.3446,26.7194,[-0.12367312750501001],[-0.04287089804609218],[1],[0],[0],[1.3747000000476817],"[""left_image""]",0,3,3,2,1
,,,,,177663,001,2025-07-09_07h43.17.041,Simon,2024.2.4,MacIntel,135.1351351,,,,,,,,,,1,28.7615,29.2611,,,,,,,,,,,images/white_butterfly.png,images/purple_butterfly.png,left_image, ,,,,,,27.2196,28.7611,[-0.12776333917835672],[-0.06071126628256513],[1],[0],[0],[1.5413999998569352],"[""left_image""]",1,0,4,1,1
,,,,,177663,001,2025-07-09_07h43.17.041,Simon,2024.2.4,MacIntel,135.1351351,,,,,,,,,,1,30.8778,31.3777,,,,,,,,,,,images/purple_butterfly.png,images/white_butterfly.png,left_image, ,,,,,,29.2613,30.8778,[-0.12753240856713427],[-0.06121226828657315],[1],[0],[0],[1.6162999999523038],"[""left_image""]",1,1,5,0,1
,,,,,177663,001,2025-07-09_07h43.17.041,Simon,2024.2.4,MacIntel,135.1351351,,,,,,,,,,0,32.1614,32.6611,,,,,,,,,,,images/yellow_butterfly.png,images/white_butterfly.png,right_image, ,,,,,,31.378,32.1611,[-0.1338927855711423],[-0.0622847257014028],[1],[0],[0],[0.7828999998569373],"[""left_image""]",1,2,6,2,1
,,,,,177663,001,2025-07-09_07h43.17.041,Simon,2024.2.4,MacIntel,135.1351351,,,,,,,,,,1,33.6447,34.1445,,,,,,,,,,,images/white_butterfly.png,images/yellow_butterfly.png,right_image, ,,,,,,32.6613,33.6444,[0.153733247745491],[-0.06018286573146293],[1],[0],[0],[0.982900000095384],"[""right_image""]",1,3,7,3,1
,,,,,177663,001,2025-07-09_07h43.17.041,Simon,2024.2.4,MacIntel,135.1351351,,,,,,,,,,1,34.9279,35.4278,,,,,,,,,,,images/white_butterfly.png,images/yellow_butterfly.png,right_image, ,,,,,,34.1448,34.9279,[0.14624953031062124],[-0.046714522795591185],[1],[0],[0],[0.782999999999987],"[""right_image""]",2,0,8,3,1
,,,,,177663,001,2025-07-09_07h43.17.041,Simon,2024.2.4,MacIntel,135.1351351,,,,,,,,,,0,36.1031,36.6029,,,,,,,,,,,images/yellow_butterfly.png,images/white_butterfly.png,right_image, ,,,,,,35.4281,36.1028,[-0.13247980335671342],[-0.05126268161322645],[1],[0],[0],[0.6745999999046433],"[""left_image""]",2,1,9,2,1
,,,,,177663,001,2025-07-09_07h43.17.041,Simon,2024.2.4,MacIntel,135.1351351,,,,,,,,,,0,37.2862,37.7863,,,,,,,,,,,images/white_butterfly.png,images/purple_butterfly.png,left_image, ,,,,,,36.6032,37.2861,[0.12750109594188377],[-0.03921123496993988],[1],[0],[0],[0.6827999999523229],"[""right_image""]",2,2,10,1,1
,,,,,177663,001,2025-07-09_07h43.17.041,Simon,2024.2.4,MacIntel,135.1351351,,,,,,,,,,1,38.1947,38.6945,,,,,,,,,,,images/purple_butterfly.png,images/white_butterfly.png,left_image, ,,,,,,37.7865,38.1944,[-0.12224448897795591],[-0.03653009143286573],[1],[0],[0],[0.4078000001907185],"[""left_image""]",2,3,11,0,1
,,,,,177663,001,2025-07-09_07h43.17.041,Simon,2024.2.4,MacIntel,135.1351351,,,,,,,,,,1,39.1612,39.6611,,,,,,,,,,,images/white_butterfly.png,images/purple_butterfly.png,left_image, ,,,,,,38.6947,39.1612,[-0.12106635145290581],[-0.035567228206412824],[1],[0],[0],[0.4664000000953479],"[""left_image""]",3,0,12,1,1
,,,,,177663,001,2025-07-09_07h43.17.041,Simon,2024.2.4,MacIntel,135.1351351,,,,,,,,,,1,39.9362,40.4361,,,,,,,,,,,images/purple_butterfly.png,images/white_butterfly.png,left_image, ,,,,,,39.6614,39.9361,[-0.12106635145290581],[-0.035567228206412824],[1],[0],[0],[0.27469999980925763],"[""left_image""]",3,1,13,0,1
,,,,,177663,001,2025-07-09_07h43.17.041,Simon,2024.2.4,MacIntel,135.1351351,,,,,,,,,,0,40.6531,41.1528,,,,,,,,,,,images/yellow_butterfly.png,images/white_butterfly.png,right_image, ,,,,,,40.4364,40.6528,[-0.12106635145290581],[-0.035567228206412824],[1],[0],[0],[0.21610000014305797],"[""left_image""]",3,2,14,2,1
,,,,,177663,001,2025-07-09_07h43.17.041,Simon,2024.2.4,MacIntel,135.1351351,,,,,,,,,,0,41.3279,41.8278,,,,,,,,,,,images/white_butterfly.png,images/yellow_butterfly.png,right_image, ,,,,,,41.1531,41.3278,[-0.12106635145290581],[-0.035567228206412824],[1],[0],[0],[0.17459999990461483],"[""left_image""]",3,3,15,3,1
,,,,,177663,001,2025-07-09_07h43.17.041,Simon,2024.2.4,MacIntel,135.1351351,,,,,,,,,,1,42.2115,42.7112,,,,,,,,,,,images/purple_butterfly.png,images/white_butterfly.png,left_image, ,,,,,,41.828,42.2112,[-0.12106635145290581],[-0.035567228206412824],[1],[0],[0],[0.3830000000000098],"[""left_image""]",4,0,16,0,1
