﻿instructions.started,instructions.stopped,start_button.numClicks,start_button.timesOn,start_button.timesOff,participant,session,date,expName,psychopyVersion,OS,frameRate,practice_trial.started,practice_trial.stopped,mouse_2.x,mouse_2.y,mouse_2.leftButton,mouse_2.midButton,mouse_2.rightButton,mouse_2.time,mouse_2.clicked_name,correct,feedback.started,feedback.stopped,loop_until_correct.thisRepN,loop_until_correct.thisTrialN,loop_until_correct.thisN,loop_until_correct.thisIndex,loop_until_correct.ran,prac_trials.thisRepN,prac_trials.thisTrialN,prac_trials.thisN,prac_trials.thisIndex,prac_trials.ran,left_color,right_color,correct_response,top_txt,instructions_2.started,instructions_2.stopped,start_button_2.numClicks,start_button_2.timesOn,start_button_2.timesOff,trial.started,trial.stopped,mouse.x,mouse.y,mouse.leftButton,mouse.midButton,mouse.rightButton,mouse.time,mouse.clicked_name,trials.thisRepN,trials.thisTrialN,trials.thisN,trials.thisIndex,trials.ran,end.started,end.stopped,start_button_3.numClicks,start_button_3.timesOn,start_button_3.timesOff
0.001,24.04,1,[24.051000000000005],[24.051000000000005],178224,001,2026-01-29_08h18.07.795,Simon,2024.2.4,MacIntel,90.90909091,,,,,,,,,,,,,,,,,,,,,,,,,,,,,,,,,,,,,,,,,,,,,,,,,,
,,,,,178224,001,2026-01-29_08h18.07.795,Simon,2024.2.4,MacIntel,90.90909091,24.057,32.361,[-0.17391304347826086],[0.04137447405329593],[1],[0],[0],[8.300999999999998],"[""left_image_2"",""left_image_2""]",1,32.362,32.862,0,0,0,0,1,,,,,,,,,,,,,,,,,,,,,,,,,,,,,,,,,
,,,,,178224,001,2026-01-29_08h18.07.795,Simon,2024.2.4,MacIntel,90.90909091,,,,,,,,,,,,,,,,,,0,0,0,0,1,images/purple_butterfly.png,images/white_butterfly.png,left_image_2,"In this example, select the LEFT butterfly.",,,,,,,,,,,,,,,,,,,,,,,,
,,,,,178224,001,2026-01-29_08h18.07.795,Simon,2024.2.4,MacIntel,90.90909091,32.865,37.943,[0.25666199158485276],[-0.01332398316970547],[1],[0],[0],[5.072000000000003],"[""right_image_2"",""right_image_2""]",0,37.944,38.445,0,0,0,0,1,,,,,,,,,,,,,,,,,,,,,,,,,,,,,,,,,
,,,,,178224,001,2026-01-29_08h18.07.795,Simon,2024.2.4,MacIntel,90.90909091,38.446,45.293,[-0.1570827489481066],[-0.006311360448807854],[1],[0],[0],[6.843999999999994],"[""left_image_2"",""left_image_2""]",1,45.294,45.796,1,0,1,0,1,,,,,,,,,,,,,,,,,,,,,,,,,,,,,,,,,
,,,,,178224,001,2026-01-29_08h18.07.795,Simon,2024.2.4,MacIntel,90.90909091,,,,,,,,,,,,,,,,,,0,1,1,1,1,images/white_butterfly.png,images/purple_butterfly.png,left_image_2,"In this example, select the LEFT butterfly.",,,,,,,,,,,,,,,,,,,,,,,,
,,,,,178224,001,2026-01-29_08h18.07.795,Simon,2024.2.4,MacIntel,90.90909091,45.799,47.559,[0.16269284712482468],[-0.0035063113604488078],[1],[0],[0],[1.7580000000000027],"[""right_image_2"",""right_image_2""]",1,47.559,48.061,0,0,0,0,1,,,,,,,,,,,,,,,,,,,,,,,,,,,,,,,,,
,,,,,178224,001,2026-01-29_08h18.07.795,Simon,2024.2.4,MacIntel,90.90909091,,,,,,,,,,,,,,,,,,0,2,2,2,1,images/yellow_butterfly.png,images/white_butterfly.png,right_image_2,"In this example, select the RIGHT butterfly.",,,,,,,,,,,,,,,,,,,,,,,,
,,,,,178224,001,2026-01-29_08h18.07.795,Simon,2024.2.4,MacIntel,90.90909091,48.063,49.542,[-0.17110799438990182],[-0.006311360448807854],[1],[0],[0],[1.475999999999999],"[""left_image_2"",""left_image_2""]",0,49.544,50.044,0,0,0,0,1,,,,,,,,,,,,,,,,,,,,,,,,,,,,,,,,,
,,,,,178224,001,2026-01-29_08h18.07.795,Simon,2024.2.4,MacIntel,90.90909091,50.045,51.993,[0.270687237026648],[0.0021037868162692847],[1],[0],[0],[1.9450000000000003],"[""right_image_2"",""right_image_2""]",1,51.994,52.494,1,0,1,0,1,,,,,,,,,,,,,,,,,,,,,,,,,,,,,,,,,
,,,,,178224,001,2026-01-29_08h18.07.795,Simon,2024.2.4,MacIntel,90.90909091,,,,,,,,,,,,,,,,,,0,3,3,3,1,images/white_butterfly.png,images/yellow_butterfly.png,right_image_2,"In this example, select the RIGHT butterfly.",,,,,,,,,,,,,,,,,,,,,,,,
,,,,,178224,001,2026-01-29_08h18.07.795,Simon,2024.2.4,MacIntel,90.90909091,,,,,,,,,,,,,,,,,,,,,,,,,,,52.496,65.539,1,[65.541],[65.541],,,,,,,,,,,,,,,,,,,
,,,,,178224,001,2026-01-29_08h18.07.795,Simon,2024.2.4,MacIntel,90.90909091,,,,,,,,,,1,75.039,75.542,,,,,,,,,,,images/yellow_butterfly.png,images/white_butterfly.png,right_image, ,,,,,,65.551,75.039,[0.1753155680224404],[-0.0876577840112202],[1],[0],[0],[9.486000000000004],"[""right_image""]",0,0,0,2,1,,,,,
,,,,,178224,001,2026-01-29_08h18.07.795,Simon,2024.2.4,MacIntel,90.90909091,,,,,,,,,,1,76.956,77.459,,,,,,,,,,,images/purple_butterfly.png,images/white_butterfly.png,left_image, ,,,,,,75.543,76.956,[-0.12342215988779803],[-0.07643758765778401],[1],[0],[0],[1.4109999999999872],"[""left_image""]",0,1,1,0,1,,,,,
,,,,,178224,001,2026-01-29_08h18.07.795,Simon,2024.2.4,MacIntel,90.90909091,,,,,,,,,,1,78.903,79.392,,,,,,,,,,,images/white_butterfly.png,images/yellow_butterfly.png,right_image, ,,,,,,77.46,78.902,[0.17110799438990182],[-0.046984572230014024],[1],[0],[0],[1.4410000000000025],"[""right_image""]",0,2,2,3,1,,,,,
,,,,,178224,001,2026-01-29_08h18.07.795,Simon,2024.2.4,MacIntel,90.90909091,,,,,,,,,,1,80.757,81.258,,,,,,,,,,,images/white_butterfly.png,images/purple_butterfly.png,left_image, ,,,,,,79.393,80.757,[-0.12622720897615708],[-0.06241234221598878],[1],[0],[0],[1.36099999999999],"[""left_image""]",0,3,3,1,1,,,,,
,,,,,178224,001,2026-01-29_08h18.07.795,Simon,2024.2.4,MacIntel,90.90909091,,,,,,,,,,1,82.689,83.191,,,,,,,,,,,images/yellow_butterfly.png,images/white_butterfly.png,right_image, ,,,,,,81.26,82.689,[0.12482468443197756],[-0.03997194950911641],[1],[0],[0],[1.4279999999999973],"[""right_image""]",1,0,4,2,1,,,,,
,,,,,178224,001,2026-01-29_08h18.07.795,Simon,2024.2.4,MacIntel,90.90909091,,,,,,,,,,1,83.851,84.341,,,,,,,,,,,images/purple_butterfly.png,images/white_butterfly.png,left_image, ,,,,,,83.193,83.851,[-0.1388499298737728],[-0.07784011220196353],[1],[0],[0],[0.657999999999987],"[""left_image""]",1,1,5,0,1,,,,,
,,,,,178224,001,2026-01-29_08h18.07.795,Simon,2024.2.4,MacIntel,90.90909091,,,,,,,,,,1,85.935,86.424,,,,,,,,,,,images/white_butterfly.png,images/purple_butterfly.png,left_image, ,,,,,,84.342,85.935,[-0.11640953716690042],[-0.09747545582047686],[1],[0],[0],[1.590999999999994],"[""left_image""]",1,2,6,1,1,,,,,
,,,,,178224,001,2026-01-29_08h18.07.795,Simon,2024.2.4,MacIntel,90.90909091,,,,,,,,,,1,87.356,87.858,,,,,,,,,,,images/white_butterfly.png,images/yellow_butterfly.png,right_image, ,,,,,,86.426,87.355,[0.16549789621318373],[-0.04417952314165498],[1],[0],[0],[0.929000000000002],"[""right_image""]",1,3,7,3,1,,,,,
,,,,,178224,001,2026-01-29_08h18.07.795,Simon,2024.2.4,MacIntel,90.90909091,,,,,,,,,,1,89.205,89.708,,,,,,,,,,,images/yellow_butterfly.png,images/white_butterfly.png,right_image, ,,,,,,87.859,89.205,[0.1276297335203366],[-0.03716690042075736],[1],[0],[0],[1.3449999999999989],"[""right_image""]",2,0,8,2,1,,,,,
,,,,,178224,001,2026-01-29_08h18.07.795,Simon,2024.2.4,MacIntel,90.90909091,,,,,,,,,,1,90.838,91.341,,,,,,,,,,,images/white_butterfly.png,images/yellow_butterfly.png,right_image, ,,,,,,89.708,90.838,[0.1332398316970547],[-0.042776998597475455],[1],[0],[0],[1.1269999999999953],"[""right_image""]",2,1,9,3,1,,,,,
,,,,,178224,001,2026-01-29_08h18.07.795,Simon,2024.2.4,MacIntel,90.90909091,,,,,,,,,,1,92.451,92.941,,,,,,,,,,,images/purple_butterfly.png,images/white_butterfly.png,left_image, ,,,,,,91.342,92.451,[-0.1570827489481066],[-0.05399719495091164],[1],[0],[0],[1.1069999999999993],"[""left_image""]",2,2,10,0,1,,,,,
,,,,,178224,001,2026-01-29_08h18.07.795,Simon,2024.2.4,MacIntel,90.90909091,,,,,,,,,,1,93.818,94.308,,,,,,,,,,,images/white_butterfly.png,images/purple_butterfly.png,left_image, ,,,,,,92.942,93.818,[-0.2300140252454418],[-0.034361851332398316],[1],[0],[0],[0.8719999999999999],"[""left_image""]",2,3,11,1,1,,,,,
,,,,,178224,001,2026-01-29_08h18.07.795,Simon,2024.2.4,MacIntel,90.90909091,,,,,,,,,,1,95.853,96.357,,,,,,,,,,,images/white_butterfly.png,images/purple_butterfly.png,left_image, ,,,,,,94.309,95.853,[-0.2552594670406732],[-0.07082748948106592],[1],[0],[0],[1.543999999999997],"[""left_image""]",3,0,12,1,1,,,,,
,,,,,178224,001,2026-01-29_08h18.07.795,Simon,2024.2.4,MacIntel,90.90909091,,,,,,,,,,1,97.334,97.823,,,,,,,,,,,images/purple_butterfly.png,images/white_butterfly.png,left_image, ,,,,,,96.358,97.334,[-0.27489481065918653],[-0.05960729312762973],[1],[0],[0],[0.9740000000000038],"[""left_image""]",3,1,13,0,1,,,,,
,,,,,178224,001,2026-01-29_08h18.07.795,Simon,2024.2.4,MacIntel,90.90909091,,,,,,,,,,1,99.004,99.507,,,,,,,,,,,images/yellow_butterfly.png,images/white_butterfly.png,right_image, ,,,,,,97.824,99.004,[0.21037868162692847],[-0.06241234221598878],[1],[0],[0],[1.179000000000002],"[""right_image""]",3,2,14,2,1,,,,,
,,,,,178224,001,2026-01-29_08h18.07.795,Simon,2024.2.4,MacIntel,90.90909091,,,,,,,,,,1,100.071,100.573,,,,,,,,,,,images/white_butterfly.png,images/yellow_butterfly.png,right_image, ,,,,,,99.508,100.071,[0.20757363253856942],[-0.052594670406732116],[1],[0],[0],[0.561000000000007],"[""right_image""]",3,3,15,3,1,,,,,
,,,,,178224,001,2026-01-29_08h18.07.795,Simon,2024.2.4,MacIntel,90.90909091,,,,,,,,,,1,101.406,101.906,,,,,,,,,,,images/yellow_butterfly.png,images/white_butterfly.png,right_image, ,,,,,,100.574,101.406,[0.1935483870967742],[-0.05820476858345021],[1],[0],[0],[0.8299999999999983],"[""right_image""]",4,0,16,2,1,,,,,
,,,,,178224,001,2026-01-29_08h18.07.795,Simon,2024.2.4,MacIntel,90.90909091,,,,,,,,,,1,102.771,103.274,,,,,,,,,,,images/white_butterfly.png,images/yellow_butterfly.png,right_image, ,,,,,,101.908,102.771,[0.19915848527349228],[-0.03997194950911641],[1],[0],[0],[0.8619999999999948],"[""right_image""]",4,1,17,3,1,,,,,
,,,,,178224,001,2026-01-29_08h18.07.795,Simon,2024.2.4,MacIntel,90.90909091,,,,,,,,,,1,104.171,104.673,,,,,,,,,,,images/white_butterfly.png,images/purple_butterfly.png,left_image, ,,,,,,103.275,104.17,[-0.2608695652173913],[-0.06661991584852735],[1],[0],[0],[0.894999999999996],"[""left_image""]",4,2,18,1,1,,,,,
,,,,,178224,001,2026-01-29_08h18.07.795,Simon,2024.2.4,MacIntel,90.90909091,,,,,,,,,,1,105.271,105.773,,,,,,,,,,,images/purple_butterfly.png,images/white_butterfly.png,left_image, ,,,,,,104.674,105.271,[-0.28190743338008417],[-0.07784011220196353],[1],[0],[0],[0.5949999999999989],"[""left_image""]",4,3,19,0,1,,,,,
,,,,,178224,001,2026-01-29_08h18.07.795,Simon,2024.2.4,MacIntel,90.90909091,,,,,,,,,,,,,,,,,,,,,,,,,,,,,,,,,,,,,,,,,,,,,,105.775,109.021,1,[109.02000000000001],[109.02000000000001]
