﻿instructions.started,instructions.stopped,start_button.numClicks,start_button.timesOn,start_button.timesOff,participant,session,date,expName,psychopyVersion,OS,frameRate,practice_trial.started,practice_trial.stopped,mouse_2.x,mouse_2.y,mouse_2.leftButton,mouse_2.midButton,mouse_2.rightButton,mouse_2.time,mouse_2.clicked_name,correct,feedback.started,feedback.stopped,loop_until_correct.thisRepN,loop_until_correct.thisTrialN,loop_until_correct.thisN,loop_until_correct.thisIndex,loop_until_correct.ran,prac_trials.thisRepN,prac_trials.thisTrialN,prac_trials.thisN,prac_trials.thisIndex,prac_trials.ran,left_color,right_color,correct_response,top_txt,instructions_2.started,instructions_2.stopped,start_button_2.numClicks,start_button_2.timesOn,start_button_2.timesOff,trial.started,trial.stopped,mouse.x,mouse.y,mouse.leftButton,mouse.midButton,mouse.rightButton,mouse.time,mouse.clicked_name,trials.thisRepN,trials.thisTrialN,trials.thisN,trials.thisIndex,trials.ran,end.started,end.stopped,start_button_3.numClicks,start_button_3.timesOn,start_button_3.timesOff
0.0008,15.9195,1,[15.94069999999972],[15.94069999999972],179298,001,2025-10-18_14h13.10.377,Simon,2024.2.4,Win32,31.94888179,,,,,,,,,,,,,,,,,,,,,,,,,,,,,,,,,,,,,,,,,,,,,,,,,,
,,,,,179298,001,2025-10-18_14h13.10.377,Simon,2024.2.4,Win32,31.94888179,15.9536,21.0396,[-0.13756613756613756],[-0.06084656084656084],[1],[0],[0],[5.081900000000374],"[""left_image_2"",""left_image_2""]",1,21.0405,21.542,0,0,0,0,1,,,,,,,,,,,,,,,,,,,,,,,,,,,,,,,,,
,,,,,179298,001,2025-10-18_14h13.10.377,Simon,2024.2.4,Win32,31.94888179,,,,,,,,,,,,,,,,,,0,0,0,0,1,images/purple_butterfly.png,images/white_butterfly.png,left_image_2,"In this example, select the LEFT butterfly.",,,,,,,,,,,,,,,,,,,,,,,,
,,,,,179298,001,2025-10-18_14h13.10.377,Simon,2024.2.4,Win32,31.94888179,21.5442,23.7699,[-0.13756613756613756],[-0.06084656084656084],[1],[0],[0],[2.222999999999999],"[""left_image_2"",""left_image_2""]",1,23.7701,24.2401,0,0,0,0,1,,,,,,,,,,,,,,,,,,,,,,,,,,,,,,,,,
,,,,,179298,001,2025-10-18_14h13.10.377,Simon,2024.2.4,Win32,31.94888179,,,,,,,,,,,,,,,,,,0,1,1,1,1,images/white_butterfly.png,images/purple_butterfly.png,left_image_2,"In this example, select the LEFT butterfly.",,,,,,,,,,,,,,,,,,,,,,,,
,,,,,179298,001,2025-10-18_14h13.10.377,Simon,2024.2.4,Win32,31.94888179,24.2417,26.0337,[0.17989417989417988],[-0.05873015873015873],[1],[0],[0],[1.7899999999999991],"[""right_image_2"",""right_image_2""]",1,26.0339,26.5022,0,0,0,0,1,,,,,,,,,,,,,,,,,,,,,,,,,,,,,,,,,
,,,,,179298,001,2025-10-18_14h13.10.377,Simon,2024.2.4,Win32,31.94888179,,,,,,,,,,,,,,,,,,0,2,2,2,1,images/yellow_butterfly.png,images/white_butterfly.png,right_image_2,"In this example, select the RIGHT butterfly.",,,,,,,,,,,,,,,,,,,,,,,,
,,,,,179298,001,2025-10-18_14h13.10.377,Simon,2024.2.4,Win32,31.94888179,26.5039,28.6856,[0.2529100529100529],[-0.028042328042328042],[1],[0],[0],[2.180600000000098],"[""right_image_2"",""right_image_2""]",1,28.6858,29.1601,0,0,0,0,1,,,,,,,,,,,,,,,,,,,,,,,,,,,,,,,,,
,,,,,179298,001,2025-10-18_14h13.10.377,Simon,2024.2.4,Win32,31.94888179,,,,,,,,,,,,,,,,,,0,3,3,3,1,images/white_butterfly.png,images/yellow_butterfly.png,right_image_2,"In this example, select the RIGHT butterfly.",,,,,,,,,,,,,,,,,,,,,,,,
,,,,,179298,001,2025-10-18_14h13.10.377,Simon,2024.2.4,Win32,31.94888179,,,,,,,,,,,,,,,,,,,,,,,,,,,29.1606,31.1692,1,[31.175699999999722],[31.175699999999722],,,,,,,,,,,,,,,,,,,
,,,,,179298,001,2025-10-18_14h13.10.377,Simon,2024.2.4,Win32,31.94888179,,,,,,,,,,1,37.6748,38.1248,,,,,,,,,,,images/white_butterfly.png,images/yellow_butterfly.png,right_image, ,,,,,,31.187,37.6748,[0.14285714285714285],[-0.01216931216931217],[1],[0],[0],[6.486600000000095],"[""right_image""]",0,0,0,3,1,,,,,
,,,,,179298,001,2025-10-18_14h13.10.377,Simon,2024.2.4,Win32,31.94888179,,,,,,,,,,1,39.8068,40.3218,,,,,,,,,,,images/purple_butterfly.png,images/white_butterfly.png,left_image, ,,,,,,38.1254,39.8067,[-0.10264550264550265],[-0.023809523809523808],[1],[0],[0],[1.6808999999999088],"[""left_image""]",0,1,1,0,1,,,,,
,,,,,179298,001,2025-10-18_14h13.10.377,Simon,2024.2.4,Win32,31.94888179,,,,,,,,,,1,41.5863,42.0515,,,,,,,,,,,images/white_butterfly.png,images/purple_butterfly.png,left_image, ,,,,,,40.3223,41.5863,[-0.164021164021164],[0.0068783068783068784],[1],[0],[0],[1.2635000000000005],"[""left_image""]",0,2,2,1,1,,,,,
,,,,,179298,001,2025-10-18_14h13.10.377,Simon,2024.2.4,Win32,31.94888179,,,,,,,,,,1,43.0222,43.5189,,,,,,,,,,,images/yellow_butterfly.png,images/white_butterfly.png,right_image, ,,,,,,42.0522,43.0222,[0.18941798941798943],[-0.0005291005291005291],[1],[0],[0],[0.9695000000000036],"[""right_image""]",0,3,3,2,1,,,,,
,,,,,179298,001,2025-10-18_14h13.10.377,Simon,2024.2.4,Win32,31.94888179,,,,,,,,,,1,44.5068,45.0033,,,,,,,,,,,images/purple_butterfly.png,images/white_butterfly.png,left_image, ,,,,,,43.5195,44.5068,[-0.15873015873015872],[0.003703703703703704],[1],[0],[0],[0.9869000000003751],"[""left_image""]",1,0,4,0,1,,,,,
,,,,,179298,001,2025-10-18_14h13.10.377,Simon,2024.2.4,Win32,31.94888179,,,,,,,,,,1,45.838,46.3188,,,,,,,,,,,images/white_butterfly.png,images/yellow_butterfly.png,right_image, ,,,,,,45.0041,45.838,[0.16296296296296298],[0.008994708994708995],[1],[0],[0],[0.8333999999999051],"[""right_image""]",1,1,5,3,1,,,,,
,,,,,179298,001,2025-10-18_14h13.10.377,Simon,2024.2.4,Win32,31.94888179,,,,,,,,,,1,48.1005,48.574,,,,,,,,,,,images/yellow_butterfly.png,images/white_butterfly.png,right_image, ,,,,,,46.3194,48.1004,[0.2878306878306878],[-0.0026455026455026454],[1],[0],[0],[1.7805999999996303],"[""right_image""]",1,2,6,2,1,,,,,
,,,,,179298,001,2025-10-18_14h13.10.377,Simon,2024.2.4,Win32,31.94888179,,,,,,,,,,1,49.7486,50.2199,,,,,,,,,,,images/white_butterfly.png,images/purple_butterfly.png,left_image, ,,,,,,48.575,49.7485,[-0.14074074074074075],[-0.03439153439153439],[1],[0],[0],[1.1731000000000904],"[""left_image""]",1,3,7,1,1,,,,,
,,,,,179298,001,2025-10-18_14h13.10.377,Simon,2024.2.4,Win32,31.94888179,,,,,,,,,,1,51.1409,51.6303,,,,,,,,,,,images/white_butterfly.png,images/yellow_butterfly.png,right_image, ,,,,,,50.2204,51.1408,[0.2751322751322751],[-0.0417989417989418],[1],[0],[0],[0.9201000000000903],"[""right_image""]",2,0,8,3,1,,,,,
,,,,,179298,001,2025-10-18_14h13.10.377,Simon,2024.2.4,Win32,31.94888179,,,,,,,,,,1,52.6233,53.0881,,,,,,,,,,,images/white_butterfly.png,images/purple_butterfly.png,left_image, ,,,,,,51.6308,52.6233,[-0.10476190476190476],[-0.031216931216931216],[1],[0],[0],[0.9916000000000977],"[""left_image""]",2,1,9,1,1,,,,,
,,,,,179298,001,2025-10-18_14h13.10.377,Simon,2024.2.4,Win32,31.94888179,,,,,,,,,,1,54.3021,54.7865,,,,,,,,,,,images/purple_butterfly.png,images/white_butterfly.png,left_image, ,,,,,,53.0887,54.3021,[-0.24338624338624337],[-0.01746031746031746],[1],[0],[0],[1.2128999999999053],"[""left_image""]",2,2,10,0,1,,,,,
,,,,,179298,001,2025-10-18_14h13.10.377,Simon,2024.2.4,Win32,31.94888179,,,,,,,,,,1,56.2955,56.8102,,,,,,,,,,,images/yellow_butterfly.png,images/white_butterfly.png,right_image, ,,,,,,54.7871,56.2954,[0.1291005291005291],[-0.03968253968253968],[1],[0],[0],[1.5081000000000842],"[""right_image""]",2,3,11,2,1,,,,,
,,,,,179298,001,2025-10-18_14h13.10.377,Simon,2024.2.4,Win32,31.94888179,,,,,,,,,,1,59.49,59.9624,,,,,,,,,,,images/yellow_butterfly.png,images/white_butterfly.png,right_image, ,,,,,,56.8106,59.49,[0.2857142857142857],[0.004761904761904762],[1],[0],[0],[2.6791000000000906],"[""right_image""]",3,0,12,2,1,,,,,
,,,,,179298,001,2025-10-18_14h13.10.377,Simon,2024.2.4,Win32,31.94888179,,,,,,,,,,1,61.2693,61.7454,,,,,,,,,,,images/white_butterfly.png,images/yellow_butterfly.png,right_image, ,,,,,,59.9632,61.2692,[0.2582010582010582],[0.004761904761904762],[1],[0],[0],[1.3022000000001839],"[""right_image""]",3,1,13,3,1,,,,,
,,,,,179298,001,2025-10-18_14h13.10.377,Simon,2024.2.4,Win32,31.94888179,,,,,,,,,,1,63.0139,63.4936,,,,,,,,,,,images/purple_butterfly.png,images/white_butterfly.png,left_image, ,,,,,,61.746,63.0138,[-0.19576719576719576],[0.0015873015873015873],[1],[0],[0],[1.2675999999996321],"[""left_image""]",3,2,14,0,1,,,,,
,,,,,179298,001,2025-10-18_14h13.10.377,Simon,2024.2.4,Win32,31.94888179,,,,,,,,,,1,64.6231,65.1026,,,,,,,,,,,images/white_butterfly.png,images/purple_butterfly.png,left_image, ,,,,,,63.4941,64.6231,[-0.2582010582010582],[0.0068783068783068784],[1],[0],[0],[1.128399999999914],"[""left_image""]",3,3,15,1,1,,,,,
,,,,,179298,001,2025-10-18_14h13.10.377,Simon,2024.2.4,Win32,31.94888179,,,,,,,,,,1,66.3538,66.8367,,,,,,,,,,,images/white_butterfly.png,images/yellow_butterfly.png,right_image, ,,,,,,65.1031,66.3537,[0.3238095238095238],[0.021693121693121695],[1],[0],[0],[1.2503000000002658],"[""right_image""]",4,0,16,3,1,,,,,
,,,,,179298,001,2025-10-18_14h13.10.377,Simon,2024.2.4,Win32,31.94888179,,,,,,,,,,1,68.0869,68.5562,,,,,,,,,,,images/purple_butterfly.png,images/white_butterfly.png,left_image, ,,,,,,66.8372,68.0869,[-0.2253968253968254],[-0.0026455026455026454],[1],[0],[0],[1.2492000000001866],"[""left_image""]",4,1,17,0,1,,,,,
,,,,,179298,001,2025-10-18_14h13.10.377,Simon,2024.2.4,Win32,31.94888179,,,,,,,,,,1,69.9119,70.377,,,,,,,,,,,images/yellow_butterfly.png,images/white_butterfly.png,right_image, ,,,,,,68.5567,69.9118,[0.14497354497354498],[-0.013227513227513227],[1],[0],[0],[1.3548999999999154],"[""right_image""]",4,2,18,2,1,,,,,
,,,,,179298,001,2025-10-18_14h13.10.377,Simon,2024.2.4,Win32,31.94888179,,,,,,,,,,1,71.4217,71.9404,,,,,,,,,,,images/white_butterfly.png,images/purple_butterfly.png,left_image, ,,,,,,70.3779,71.4217,[-0.26666666666666666],[0.00582010582010582],[1],[0],[0],[1.043399999999906],"[""left_image""]",4,3,19,1,1,,,,,
,,,,,179298,001,2025-10-18_14h13.10.377,Simon,2024.2.4,Win32,31.94888179,,,,,,,,,,,,,,,,,,,,,,,,,,,,,,,,,,,,,,,,,,,,,,71.9407,73.5256,1,[73.52520000000018],[73.52520000000018]
