﻿instructions.started,instructions.stopped,start_button.numClicks,start_button.timesOn,start_button.timesOff,participant,session,date,expName,psychopyVersion,OS,frameRate,practice_trial.started,practice_trial.stopped,mouse_2.x,mouse_2.y,mouse_2.leftButton,mouse_2.midButton,mouse_2.rightButton,mouse_2.time,mouse_2.clicked_name,correct,feedback.started,feedback.stopped,loop_until_correct.thisRepN,loop_until_correct.thisTrialN,loop_until_correct.thisN,loop_until_correct.thisIndex,loop_until_correct.ran,prac_trials.thisRepN,prac_trials.thisTrialN,prac_trials.thisN,prac_trials.thisIndex,prac_trials.ran,left_color,right_color,correct_response,top_txt,instructions_2.started,instructions_2.stopped,start_button_2.numClicks,start_button_2.timesOn,start_button_2.timesOff,trial.started,trial.stopped,mouse.x,mouse.y,mouse.leftButton,mouse.midButton,mouse.rightButton,mouse.time,mouse.clicked_name,trials.thisRepN,trials.thisTrialN,trials.thisN,trials.thisIndex,trials.ran,end.started,end.stopped,start_button_3.numClicks,start_button_3.timesOn,start_button_3.timesOff
0.0004,3.8236,1,[3.8466999999992555],[3.8466999999992555],180578,001,2025-09-26_21h49.24.303,Simon,2024.2.4,Win32,59.88023952,,,,,,,,,,,,,,,,,,,,,,,,,,,,,,,,,,,,,,,,,,,,,,,,,,
,,,,,180578,001,2025-09-26_21h49.24.303,Simon,2024.2.4,Win32,59.88023952,3.8467,5.473,[-0.10455636955279526],[-0.02422063813792716],[1],[0],[0],[1.624599999999628],"[""left_image_2"",""left_image_2""]",1,5.4739,5.9813,0,0,0,0,1,,,,,,,,,,,,,,,,,,,,,,,,,,,,,,,,,
,,,,,180578,001,2025-09-26_21h49.24.303,Simon,2024.2.4,Win32,59.88023952,,,,,,,,,,,,,,,,,,0,0,0,0,1,images/purple_butterfly.png,images/white_butterfly.png,left_image_2,"In this example, select the LEFT butterfly.",,,,,,,,,,,,,,,,,,,,,,,,
,,,,,180578,001,2025-09-26_21h49.24.303,Simon,2024.2.4,Win32,59.88023952,5.9841,9.4231,[-0.16978414338841427],[-0.02038369304556355],[1],[0],[0],[3.4360999999996285],"[""left_image_2"",""left_image_2""]",1,9.4234,9.9225,0,0,0,0,1,,,,,,,,,,,,,,,,,,,,,,,,,,,,,,,,,
,,,,,180578,001,2025-09-26_21h49.24.303,Simon,2024.2.4,Win32,59.88023952,,,,,,,,,,,,,,,,,,0,1,1,1,1,images/white_butterfly.png,images/purple_butterfly.png,left_image_2,"In this example, select the LEFT butterfly.",,,,,,,,,,,,,,,,,,,,,,,,
,,,,,180578,001,2025-09-26_21h49.24.303,Simon,2024.2.4,Win32,59.88023952,9.9258,12.0057,[0.09688247936806804],[-0.01079136690647482],[1],[0],[0],[2.0768999999994406],"[""right_image_2"",""right_image_2""]",1,12.006,12.5055,0,0,0,0,1,,,,,,,,,,,,,,,,,,,,,,,,,,,,,,,,,
,,,,,180578,001,2025-09-26_21h49.24.303,Simon,2024.2.4,Win32,59.88023952,,,,,,,,,,,,,,,,,,0,2,2,2,1,images/yellow_butterfly.png,images/white_butterfly.png,right_image_2,"In this example, select the RIGHT butterfly.",,,,,,,,,,,,,,,,,,,,,,,,
,,,,,180578,001,2025-09-26_21h49.24.303,Simon,2024.2.4,Win32,59.88023952,12.5081,15.1053,[0.1179856407842476],[-0.008872894360293015],[1],[0],[0],[2.594599999999625],"[""right_image_2"",""right_image_2""]",1,15.1055,15.6051,0,0,0,0,1,,,,,,,,,,,,,,,,,,,,,,,,,,,,,,,,,
,,,,,180578,001,2025-09-26_21h49.24.303,Simon,2024.2.4,Win32,59.88023952,,,,,,,,,,,,,,,,,,0,3,3,3,1,images/white_butterfly.png,images/yellow_butterfly.png,right_image_2,"In this example, select the RIGHT butterfly.",,,,,,,,,,,,,,,,,,,,,,,,
,,,,,180578,001,2025-09-26_21h49.24.303,Simon,2024.2.4,Win32,59.88023952,,,,,,,,,,,,,,,,,,,,,,,,,,,15.606,17.3723,1,[17.37460000000056],[17.374700000000185],,,,,,,,,,,,,,,,,,,
,,,,,180578,001,2025-09-26_21h49.24.303,Simon,2024.2.4,Win32,59.88023952,,,,,,,,,,1,18.9889,19.4883,,,,,,,,,,,images/purple_butterfly.png,images/white_butterfly.png,left_image, ,,,,,,17.3856,18.9887,[-0.08920858918334083],[-0.10191846522781775],[1],[0],[0],[1.602099999999627],"[""left_image""]",0,0,0,0,1,,,,,
,,,,,180578,001,2025-09-26_21h49.24.303,Simon,2024.2.4,Win32,59.88023952,,,,,,,,,,1,20.5052,21.005,,,,,,,,,,,images/yellow_butterfly.png,images/white_butterfly.png,right_image, ,,,,,,19.4895,20.5049,[0.1342925659472422],[-0.08752997601918465],[1],[0],[0],[1.0147999999998127],"[""right_image""]",0,1,1,2,1,,,,,
,,,,,180578,001,2025-09-26_21h49.24.303,Simon,2024.2.4,Win32,59.88023952,,,,,,,,,,0,21.641,22.1389,,,,,,,,,,,images/white_butterfly.png,images/yellow_butterfly.png,right_image, ,,,,,,21.0072,21.6386,[-0.14100716497114807],[-0.0884892305881857],[1],[0],[0],[0.6299000000003723],"[""left_image""]",0,2,2,3,1,,,,,
,,,,,180578,001,2025-09-26_21h49.24.303,Simon,2024.2.4,Win32,59.88023952,,,,,,,,,,0,23.026,23.5222,,,,,,,,,,,images/white_butterfly.png,images/purple_butterfly.png,left_image, ,,,,,,22.1411,23.0259,[0.06043168394971523],[-0.08561150347300285],[1],[0],[0],[0.8832999999998137],"[""right_image""]",0,3,3,1,1,,,,,
,,,,,180578,001,2025-09-26_21h49.24.303,Simon,2024.2.4,Win32,59.88023952,,,,,,,,,,1,24.3737,24.8717,,,,,,,,,,,images/white_butterfly.png,images/purple_butterfly.png,left_image, ,,,,,,23.5243,24.3721,[-0.10359707839197392],[-0.09232613908872901],[1],[0],[0],[0.8472999999998159],"[""left_image""]",1,0,4,1,1,,,,,
,,,,,180578,001,2025-09-26_21h49.24.303,Simon,2024.2.4,Win32,59.88023952,,,,,,,,,,1,25.622,26.1211,,,,,,,,,,,images/white_butterfly.png,images/yellow_butterfly.png,right_image, ,,,,,,24.8747,25.6218,[0.1323741299928807],[-0.07601917733391411],[1],[0],[0],[0.7462000000001865],"[""right_image""]",1,1,5,3,1,,,,,
,,,,,180578,001,2025-09-26_21h49.24.303,Simon,2024.2.4,Win32,59.88023952,,,,,,,,,,0,26.5417,27.0305,,,,,,,,,,,images/yellow_butterfly.png,images/white_butterfly.png,right_image, ,,,,,,26.1227,26.5389,[-0.22158271917622152],[-0.09520382961209158],[1],[0],[0],[0.415200000000187],"[""left_image""]",1,2,6,2,1,,,,,
,,,,,180578,001,2025-09-26_21h49.24.303,Simon,2024.2.4,Win32,59.88023952,,,,,,,,,,0,27.8043,28.3046,,,,,,,,,,,images/purple_butterfly.png,images/white_butterfly.png,left_image, ,,,,,,27.0315,27.8043,[0.12182258587661121],[-0.08561150347300285],[1],[0],[0],[0.7722000000001898],"[""right_image""]",1,3,7,0,1,,,,,
,,,,,180578,001,2025-09-26_21h49.24.303,Simon,2024.2.4,Win32,59.88023952,,,,,,,,,,0,28.755,29.2478,,,,,,,,,,,images/yellow_butterfly.png,images/white_butterfly.png,right_image, ,,,,,,28.3053,28.7546,[-0.09112709832134293],[-0.07985619560991832],[1],[0],[0],[0.44879999999981735],"[""left_image""]",2,0,8,2,1,,,,,
,,,,,180578,001,2025-09-26_21h49.24.303,Simon,2024.2.4,Win32,59.88023952,,,,,,,,,,0,29.5711,30.0714,,,,,,,,,,,images/white_butterfly.png,images/purple_butterfly.png,left_image, ,,,,,,29.2489,29.5709,[0.14196645613196943],[-0.06930457831000825],[1],[0],[0],[0.3213999999994428],"[""right_image""]",2,1,9,1,1,,,,,
,,,,,180578,001,2025-09-26_21h49.24.303,Simon,2024.2.4,Win32,59.88023952,,,,,,,,,,0,30.4057,30.8976,,,,,,,,,,,images/white_butterfly.png,images/yellow_butterfly.png,right_image, ,,,,,,30.0723,30.4054,[-0.13717021987878447],[-0.06258994269428207],[1],[0],[0],[0.3322000000001921],"[""left_image""]",2,2,10,3,1,,,,,
,,,,,180578,001,2025-09-26_21h49.24.303,Simon,2024.2.4,Win32,59.88023952,,,,,,,,,,0,31.1211,31.6214,,,,,,,,,,,images/purple_butterfly.png,images/white_butterfly.png,left_image, ,,,,,,30.8989,31.121,[0.15827338129496402],[-0.05779377962473771],[1],[0],[0],[0.22149999999999892],"[""right_image""]",2,3,11,0,1,,,,,
,,,,,180578,001,2025-09-26_21h49.24.303,Simon,2024.2.4,Win32,59.88023952,,,,,,,,,,1,31.972,32.4707,,,,,,,,,,,images/white_butterfly.png,images/purple_butterfly.png,left_image, ,,,,,,31.6231,31.971,[-0.0834532081366157],[-0.061630688125281025],[1],[0],[0],[0.34609999999963037],"[""left_image""]",3,0,12,1,1,,,,,
,,,,,180578,001,2025-09-26_21h49.24.303,Simon,2024.2.4,Win32,59.88023952,,,,,,,,,,0,33.1225,33.6211,,,,,,,,,,,images/purple_butterfly.png,images/white_butterfly.png,left_image, ,,,,,,32.4721,33.1218,[0.09592326139088729],[-0.055875380262196496],[1],[0],[0],[0.6489000000003671],"[""right_image""]",3,1,13,0,1,,,,,
,,,,,180578,001,2025-09-26_21h49.24.303,Simon,2024.2.4,Win32,59.88023952,,,,,,,,,,0,33.9061,34.4045,,,,,,,,,,,images/yellow_butterfly.png,images/white_butterfly.png,right_image, ,,,,,,33.6216,33.9059,[-0.11510791366906475],[-0.07122301426436975],[1],[0],[0],[0.28379999999981464],"[""left_image""]",3,2,14,2,1,,,,,
,,,,,180578,001,2025-09-26_21h49.24.303,Simon,2024.2.4,Win32,59.88023952,,,,,,,,,,0,34.6721,35.1713,,,,,,,,,,,images/white_butterfly.png,images/yellow_butterfly.png,right_image, ,,,,,,34.4067,34.6718,[-0.11510791366906475],[-0.07122301426436975],[1],[0],[0],[0.2642000000001872],"[""left_image""]",3,3,15,3,1,,,,,
,,,,,180578,001,2025-09-26_21h49.24.303,Simon,2024.2.4,Win32,59.88023952,,,,,,,,,,0,35.2374,35.7298,,,,,,,,,,,images/white_butterfly.png,images/yellow_butterfly.png,right_image, ,,,,,,35.1738,35.2372,[-0.11510791366906475],[-0.07122301426436975],[1],[0],[0],[0.06309999999962912],"[""left_image""]",4,0,16,3,1,,,,,
,,,,,180578,001,2025-09-26_21h49.24.303,Simon,2024.2.4,Win32,59.88023952,,,,,,,,,,1,35.7835,36.2813,,,,,,,,,,,images/purple_butterfly.png,images/white_butterfly.png,left_image, ,,,,,,35.7304,35.783,[-0.11510791366906475],[-0.07122301426436975],[1],[0],[0],[0.052199999999253066],"[""left_image""]",4,1,17,0,1,,,,,
,,,,,180578,001,2025-09-26_21h49.24.303,Simon,2024.2.4,Win32,59.88023952,,,,,,,,,,1,36.9542,37.4547,,,,,,,,,,,images/yellow_butterfly.png,images/white_butterfly.png,right_image, ,,,,,,36.2822,36.9539,[0.0671462829736211],[-0.08177459497245954],[1],[0],[0],[0.6709999999999994],"[""right_image""]",4,2,18,2,1,,,,,
,,,,,180578,001,2025-09-26_21h49.24.303,Simon,2024.2.4,Win32,59.88023952,,,,,,,,,,1,37.7876,38.288,,,,,,,,,,,images/white_butterfly.png,images/purple_butterfly.png,left_image, ,,,,,,37.4561,37.7874,[-0.12661867576251498],[-0.0942446848185514],[1],[0],[0],[0.3305999999996274],"[""left_image""]",4,3,19,1,1,,,,,
,,,,,180578,001,2025-09-26_21h49.24.303,Simon,2024.2.4,Win32,59.88023952,,,,,,,,,,,,,,,,,,,,,,,,,,,,,,,,,,,,,,,,,,,,,,38.2889,39.3641,1,[39.36360000000057],[39.36360000000057]
