﻿instructions.started,instructions.stopped,start_button.numClicks,start_button.timesOn,start_button.timesOff,participant,session,date,expName,psychopyVersion,OS,frameRate,practice_trial.started,practice_trial.stopped,mouse_2.x,mouse_2.y,mouse_2.leftButton,mouse_2.midButton,mouse_2.rightButton,mouse_2.time,mouse_2.clicked_name,correct,feedback.started,feedback.stopped,loop_until_correct.thisRepN,loop_until_correct.thisTrialN,loop_until_correct.thisN,loop_until_correct.thisIndex,loop_until_correct.ran,prac_trials.thisRepN,prac_trials.thisTrialN,prac_trials.thisN,prac_trials.thisIndex,prac_trials.ran,left_color,right_color,correct_response,top_txt,instructions_2.started,instructions_2.stopped,start_button_2.numClicks,start_button_2.timesOn,start_button_2.timesOff,trial.started,trial.stopped,mouse.x,mouse.y,mouse.leftButton,mouse.midButton,mouse.rightButton,mouse.time,mouse.clicked_name,trials.thisRepN,trials.thisTrialN,trials.thisN,trials.thisIndex,trials.ran,end.started,end.stopped,start_button_3.numClicks,start_button_3.timesOn,start_button_3.timesOff
0.0004,28.8125,1,[28.821499999999993],[28.821499999999993],182890,001,2025-02-21_15h44.08.972,Simon,2024.2.4,MacIntel,120.4819277,,,,,,,,,,,,,,,,,,,,,,,,,,,,,,,,,,,,,,,,,,,,,,,,,,
,,,,,182890,001,2025-02-21_15h44.08.972,Simon,2024.2.4,MacIntel,120.4819277,28.8242,31.4714,[-0.22067702004860268],[-0.06240507290400972],[1],[0],[0],[2.6454000000953712],"[""left_image_2"",""left_image_2""]",1,31.4721,31.9701,0,0,0,0,1,,,,,,,,,,,,,,,,,,,,,,,,,,,,,,,,,
,,,,,182890,001,2025-02-21_15h44.08.972,Simon,2024.2.4,MacIntel,120.4819277,,,,,,,,,,,,,,,,,,0,0,0,0,1,images/purple_butterfly.png,images/white_butterfly.png,left_image_2,"In this example, select the LEFT butterfly.",,,,,,,,,,,,,,,,,,,,,,,,
,,,,,182890,001,2025-02-21_15h44.08.972,Simon,2024.2.4,MacIntel,120.4819277,31.9711,34.6874,[0.2706466433778858],[-0.02372228128797084],[1],[0],[0],[2.7149999999999963],"[""right_image_2"",""right_image_2""]",0,34.6879,35.1873,0,0,0,0,1,,,,,,,,,,,,,,,,,,,,,,,,,,,,,,,,,
,,,,,182890,001,2025-02-21_15h44.08.972,Simon,2024.2.4,MacIntel,120.4819277,35.1878,36.2041,[-0.18263973268529768],[0.05660502733900365],[1],[0],[0],[1.015900000095364],"[""left_image_2"",""left_image_2""]",1,36.2043,36.7041,1,0,1,0,1,,,,,,,,,,,,,,,,,,,,,,,,,,,,,,,,,
,,,,,182890,001,2025-02-21_15h44.08.972,Simon,2024.2.4,MacIntel,120.4819277,,,,,,,,,,,,,,,,,,0,1,1,1,1,images/white_butterfly.png,images/purple_butterfly.png,left_image_2,"In this example, select the LEFT butterfly.",,,,,,,,,,,,,,,,,,,,,,,,
,,,,,182890,001,2025-02-21_15h44.08.972,Simon,2024.2.4,MacIntel,120.4819277,36.7048,37.8877,[0.15566145200486026],[0.000023731773997569867],[1],[0],[0],[1.1822999999523205],"[""right_image_2"",""right_image_2""]",1,37.8879,38.3873,0,0,0,0,1,,,,,,,,,,,,,,,,,,,,,,,,,,,,,,,,,
,,,,,182890,001,2025-02-21_15h44.08.972,Simon,2024.2.4,MacIntel,120.4819277,,,,,,,,,,,,,,,,,,0,2,2,2,1,images/yellow_butterfly.png,images/white_butterfly.png,right_image_2,"In this example, select the RIGHT butterfly.",,,,,,,,,,,,,,,,,,,,,,,,
,,,,,182890,001,2025-02-21_15h44.08.972,Simon,2024.2.4,MacIntel,120.4819277,38.388,39.1208,[0.26364102369380316],[0.03705479191980559],[1],[0],[0],[0.7323000001907332],"[""right_image_2"",""right_image_2""]",1,39.1209,39.6208,0,0,0,0,1,,,,,,,,,,,,,,,,,,,,,,,,,,,,,,,,,
,,,,,182890,001,2025-02-21_15h44.08.972,Simon,2024.2.4,MacIntel,120.4819277,,,,,,,,,,,,,,,,,,0,3,3,3,1,images/white_butterfly.png,images/yellow_butterfly.png,right_image_2,"In this example, select the RIGHT butterfly.",,,,,,,,,,,,,,,,,,,,,,,,
,,,,,182890,001,2025-02-21_15h44.08.972,Simon,2024.2.4,MacIntel,120.4819277,,,,,,,,,,,,,,,,,,,,,,,,,,,39.6212,40.9043,1,[40.905499999999996],[40.905499999999996],,,,,,,,,,,,,,,,,,,
,,,,,182890,001,2025-02-21_15h44.08.972,Simon,2024.2.4,MacIntel,120.4819277,,,,,,,,,,1,44.2542,44.7541,,,,,,,,,,,images/white_butterfly.png,images/yellow_butterfly.png,right_image, ,,,,,,40.9087,44.2541,[0.22236672235722965],[-0.04371392770352369],[1],[0],[0],[3.344899999856949],"[""right_image""]",0,0,0,3,1,,,,,
,,,,,182890,001,2025-02-21_15h44.08.972,Simon,2024.2.4,MacIntel,120.4819277,,,,,,,,,,0,45.3876,45.8874,,,,,,,,,,,images/white_butterfly.png,images/purple_butterfly.png,left_image, ,,,,,,44.7544,45.3873,[0.20949935449574728],[-0.0698378645200486],[1],[0],[0],[0.6326000001430501],"[""right_image""]",0,1,1,1,1,,,,,
,,,,,182890,001,2025-02-21_15h44.08.972,Simon,2024.2.4,MacIntel,120.4819277,,,,,,,,,,0,46.4707,46.9706,,,,,,,,,,,images/yellow_butterfly.png,images/white_butterfly.png,right_image, ,,,,,,45.8877,46.4707,[-0.16991950182260024],[-0.032507784021871204],[1],[0],[0],[0.5826000001430529],"[""left_image""]",0,2,2,2,1,,,,,
,,,,,182890,001,2025-02-21_15h44.08.972,Simon,2024.2.4,MacIntel,120.4819277,,,,,,,,,,1,47.4374,47.9373,,,,,,,,,,,images/purple_butterfly.png,images/white_butterfly.png,left_image, ,,,,,,46.9711,47.4372,[-0.20240830042527339],[0.004665666767922236],[1],[0],[0],[0.46580000019073964],"[""left_image""]",0,3,3,0,1,,,,,
,,,,,182890,001,2025-02-21_15h44.08.972,Simon,2024.2.4,MacIntel,120.4819277,,,,,,,,,,0,48.4876,48.9873,,,,,,,,,,,images/white_butterfly.png,images/purple_butterfly.png,left_image, ,,,,,,47.9377,48.4873,[0.19810335662211423],[0.0088994152490887],[1],[0],[0],[0.5494000000953676],"[""right_image""]",1,0,4,1,1,,,,,
,,,,,182890,001,2025-02-21_15h44.08.972,Simon,2024.2.4,MacIntel,120.4819277,,,,,,,,,,1,49.9874,50.4871,,,,,,,,,,,images/purple_butterfly.png,images/white_butterfly.png,left_image, ,,,,,,48.9879,49.9871,"[-0.012278819866342649,-0.2582254328675577]","[-0.09287192436208991,-0.0013859356014580802]","[1,1]","[0,0]","[0,0]","[0.5155999999046372,0.9988999998569525]","[null,""left_image""]",1,1,5,0,1,,,,,
,,,,,182890,001,2025-02-21_15h44.08.972,Simon,2024.2.4,MacIntel,120.4819277,,,,,,,,,,0,51.0876,51.5872,,,,,,,,,,,images/yellow_butterfly.png,images/white_butterfly.png,right_image, ,,,,,,50.4877,51.0872,[-0.2139656743620899],[-0.05195359963547995],[1],[0],[0],[0.5994000000953719],"[""left_image""]",1,2,6,2,1,,,,,
,,,,,182890,001,2025-02-21_15h44.08.972,Simon,2024.2.4,MacIntel,120.4819277,,,,,,,,,,1,52.1541,52.6539,,,,,,,,,,,images/white_butterfly.png,images/yellow_butterfly.png,right_image, ,,,,,,51.5876,52.1539,[0.2842402035236938],[0.03284952156743621],[1],[0],[0],[0.5660000000000025],"[""right_image""]",1,3,7,3,1,,,,,
,,,,,182890,001,2025-02-21_15h44.08.972,Simon,2024.2.4,MacIntel,120.4819277,,,,,,,,,,0,53.221,53.7205,,,,,,,,,,,images/white_butterfly.png,images/purple_butterfly.png,left_image, ,,,,,,52.6543,53.2208,[0.2484004784325638],[0.013332510631834752],[1],[0],[0],[0.5662000000476866],"[""right_image""]",2,0,8,1,1,,,,,
,,,,,182890,001,2025-02-21_15h44.08.972,Simon,2024.2.4,MacIntel,120.4819277,,,,,,,,,,1,54.3374,54.8372,,,,,,,,,,,images/white_butterfly.png,images/yellow_butterfly.png,right_image, ,,,,,,53.7209,54.3371,[0.30092838699878494],[-0.02151522630619684],[1],[0],[0],[0.6160999999046339],"[""right_image""]",2,1,9,3,1,,,,,
,,,,,182890,001,2025-02-21_15h44.08.972,Simon,2024.2.4,MacIntel,120.4819277,,,,,,,,,,1,55.4038,55.9039,,,,,,,,,,,images/purple_butterfly.png,images/white_butterfly.png,left_image, ,,,,,,54.8375,55.4038,[-0.13646719319562575],[-0.009445246051032807],[1],[0],[0],[0.5660000000000025],"[""left_image""]",2,2,10,0,1,,,,,
,,,,,182890,001,2025-02-21_15h44.08.972,Simon,2024.2.4,MacIntel,120.4819277,,,,,,,,,,0,56.5377,57.0372,,,,,,,,,,,images/yellow_butterfly.png,images/white_butterfly.png,right_image, ,,,,,,55.9043,56.5374,[-0.15198777339003644],[-0.003982191676792223],[1],[0],[0],[0.6329000000953684],"[""left_image""]",2,3,11,2,1,,,,,
,,,,,182890,001,2025-02-21_15h44.08.972,Simon,2024.2.4,MacIntel,120.4819277,,,,,,,,,,0,57.5538,58.0538,,,,,,,,,,,images/white_butterfly.png,images/purple_butterfly.png,left_image, ,,,,,,57.0377,57.5537,[0.2364444106925881],[0.01605217193195626],[1],[0],[0],[0.5159000000953711],"[""right_image""]",3,0,12,1,1,,,,,
,,,,,182890,001,2025-02-21_15h44.08.972,Simon,2024.2.4,MacIntel,120.4819277,,,,,,,,,,1,58.6041,59.1041,,,,,,,,,,,images/white_butterfly.png,images/yellow_butterfly.png,right_image, ,,,,,,58.0542,58.6039,[0.19725375911300122],[-0.021994608140947752],[1],[0],[0],[0.5494000000953605],"[""right_image""]",3,1,13,3,1,,,,,
,,,,,182890,001,2025-02-21_15h44.08.972,Simon,2024.2.4,MacIntel,120.4819277,,,,,,,,,,1,59.6872,60.1872,,,,,,,,,,,images/purple_butterfly.png,images/white_butterfly.png,left_image, ,,,,,,59.1045,59.6871,[-0.21870253645200485],[-0.04661869684082624],[1],[0],[0],[0.582299999952312],"[""left_image""]",3,2,14,0,1,,,,,
,,,,,182890,001,2025-02-21_15h44.08.972,Simon,2024.2.4,MacIntel,120.4819277,,,,,,,,,,0,60.8707,61.3704,,,,,,,,,,,images/yellow_butterfly.png,images/white_butterfly.png,right_image, ,,,,,,60.1876,60.8705,[-0.1833516859052248],[-0.008476989671931957],[1],[0],[0],[0.6827000000476886],"[""left_image""]",3,3,15,2,1,,,,,
,,,,,182890,001,2025-02-21_15h44.08.972,Simon,2024.2.4,MacIntel,120.4819277,,,,,,,,,,1,61.8707,62.3697,,,,,,,,,,,images/white_butterfly.png,images/yellow_butterfly.png,right_image, ,,,,,,61.3707,61.8705,[0.2186788046780073],[-0.034752809842041314],[1],[0],[0],[0.4994999999999976],"[""right_image""]",4,0,16,3,1,,,,,
,,,,,182890,001,2025-02-21_15h44.08.972,Simon,2024.2.4,MacIntel,120.4819277,,,,,,,,,,0,62.8865,63.3871,,,,,,,,,,,images/yellow_butterfly.png,images/white_butterfly.png,right_image, ,,,,,,62.3699,62.8863,[-0.22417033718104495],[-0.012933816828675577],[1],[0],[0],[0.5161000001430409],"[""left_image""]",4,1,17,2,1,,,,,
,,,,,182890,001,2025-02-21_15h44.08.972,Simon,2024.2.4,MacIntel,120.4819277,,,,,,,,,,1,64.0039,64.5038,,,,,,,,,,,images/purple_butterfly.png,images/white_butterfly.png,left_image, ,,,,,,63.3876,64.0036,[-0.19413540400972054],[-0.04639561816524909],[1],[0],[0],[0.6155999999046315],"[""left_image""]",4,2,18,0,1,,,,,
,,,,,182890,001,2025-02-21_15h44.08.972,Simon,2024.2.4,MacIntel,120.4819277,,,,,,,,,,0,65.1541,65.6538,,,,,,,,,,,images/white_butterfly.png,images/purple_butterfly.png,left_image, ,,,,,,64.5043,65.1538,[0.28411679829890646],[-0.04696992709599028],[1],[0],[0],[0.6491000001430507],"[""right_image""]",4,3,19,1,1,,,,,
,,,,,182890,001,2025-02-21_15h44.08.972,Simon,2024.2.4,MacIntel,120.4819277,,,,,,,,,,,,,,,,,,,,,,,,,,,,,,,,,,,,,,,,,,,,,,65.654,66.654,1,[66.65379999995231],[66.65379999995231]
