﻿instructions.started,instructions.stopped,start_button.numClicks,start_button.timesOn,start_button.timesOff,participant,session,date,expName,psychopyVersion,OS,frameRate,practice_trial.started,practice_trial.stopped,mouse_2.x,mouse_2.y,mouse_2.leftButton,mouse_2.midButton,mouse_2.rightButton,mouse_2.time,mouse_2.clicked_name,correct,feedback.started,feedback.stopped,loop_until_correct.thisRepN,loop_until_correct.thisTrialN,loop_until_correct.thisN,loop_until_correct.thisIndex,loop_until_correct.ran,prac_trials.thisRepN,prac_trials.thisTrialN,prac_trials.thisN,prac_trials.thisIndex,prac_trials.ran,left_color,right_color,correct_response,top_txt,instructions_2.started,instructions_2.stopped,start_button_2.numClicks,start_button_2.timesOn,start_button_2.timesOff,trial.started,trial.stopped,mouse.x,mouse.y,mouse.leftButton,mouse.midButton,mouse.rightButton,mouse.time,mouse.clicked_name,trials.thisRepN,trials.thisTrialN,trials.thisN,trials.thisIndex,trials.ran,end.started,end.stopped,start_button_3.numClicks,start_button_3.timesOn,start_button_3.timesOff
0.0015,16.1074,1,[16.15360000000056],[16.15360000000056],183000,001,2025-05-10_09h39.09.464,Simon,2024.2.4,Win32,20.05937575,,,,,,,,,,,,,,,,,,,,,,,,,,,,,,,,,,,,,,,,,,,,,,,,,,
,,,,,183000,001,2025-05-10_09h39.09.464,Simon,2024.2.4,Win32,20.05937575,16.18,24.8206,[-0.2256],[-0.0872],[1],[0],[0],[8.634499999999996],"[""left_image_2"",""left_image_2""]",1,24.8494,25.3546,0,0,0,0,1,,,,,,,,,,,,,,,,,,,,,,,,,,,,,,,,,
,,,,,183000,001,2025-05-10_09h39.09.464,Simon,2024.2.4,Win32,20.05937575,,,,,,,,,,,,,,,,,,0,0,0,0,1,images/purple_butterfly.png,images/white_butterfly.png,left_image_2,"In this example, select the LEFT butterfly.",,,,,,,,,,,,,,,,,,,,,,,,
,,,,,183000,001,2025-05-10_09h39.09.464,Simon,2024.2.4,Win32,20.05937575,25.3648,28.9829,[-0.2656],[-0.0168],[1],[0],[0],[3.6144999999999996],"[""left_image_2"",""left_image_2""]",1,28.9834,29.4743,0,0,0,0,1,,,,,,,,,,,,,,,,,,,,,,,,,,,,,,,,,
,,,,,183000,001,2025-05-10_09h39.09.464,Simon,2024.2.4,Win32,20.05937575,,,,,,,,,,,,,,,,,,0,1,1,1,1,images/white_butterfly.png,images/purple_butterfly.png,left_image_2,"In this example, select the LEFT butterfly.",,,,,,,,,,,,,,,,,,,,,,,,
,,,,,183000,001,2025-05-10_09h39.09.464,Simon,2024.2.4,Win32,20.05937575,29.4986,30.7747,[0.128],[-0.02],[1],[0],[0],[1.2734999999999985],"[""right_image_2"",""right_image_2""]",1,30.7749,31.2476,0,0,0,0,1,,,,,,,,,,,,,,,,,,,,,,,,,,,,,,,,,
,,,,,183000,001,2025-05-10_09h39.09.464,Simon,2024.2.4,Win32,20.05937575,,,,,,,,,,,,,,,,,,0,2,2,2,1,images/yellow_butterfly.png,images/white_butterfly.png,right_image_2,"In this example, select the RIGHT butterfly.",,,,,,,,,,,,,,,,,,,,,,,,
,,,,,183000,001,2025-05-10_09h39.09.464,Simon,2024.2.4,Win32,20.05937575,31.2579,33.405,[0.2528],[-0.044],[1],[0],[0],[2.1406000000005605],"[""right_image_2"",""right_image_2""]",1,33.4055,33.8959,0,0,0,0,1,,,,,,,,,,,,,,,,,,,,,,,,,,,,,,,,,
,,,,,183000,001,2025-05-10_09h39.09.464,Simon,2024.2.4,Win32,20.05937575,,,,,,,,,,,,,,,,,,0,3,3,3,1,images/white_butterfly.png,images/yellow_butterfly.png,right_image_2,"In this example, select the RIGHT butterfly.",,,,,,,,,,,,,,,,,,,,,,,,
,,,,,183000,001,2025-05-10_09h39.09.464,Simon,2024.2.4,Win32,20.05937575,,,,,,,,,,,,,,,,,,,,,,,,,,,33.8966,37.1509,1,[37.158799999999815],[37.15889999999944],,,,,,,,,,,,,,,,,,,
,,,,,183000,001,2025-05-10_09h39.09.464,Simon,2024.2.4,Win32,20.05937575,,,,,,,,,,1,39.0342,39.4985,,,,,,,,,,,images/white_butterfly.png,images/yellow_butterfly.png,right_image, ,,,,,,37.2031,39.0341,[0.1568],[-0.068],[1],[0],[0],[1.8286000000005558],"[""right_image""]",0,0,0,3,1,,,,,
,,,,,183000,001,2025-05-10_09h39.09.464,Simon,2024.2.4,Win32,20.05937575,,,,,,,,,,1,41.675,42.1721,,,,,,,,,,,images/purple_butterfly.png,images/white_butterfly.png,left_image, ,,,,,,39.5056,41.6749,[-0.2448],[-0.0216],[1],[0],[0],[2.1645999999996235],"[""left_image""]",0,1,1,0,1,,,,,
,,,,,183000,001,2025-05-10_09h39.09.464,Simon,2024.2.4,Win32,20.05937575,,,,,,,,,,1,44.247,44.7348,,,,,,,,,,,images/white_butterfly.png,images/purple_butterfly.png,left_image, ,,,,,,42.1739,44.2468,[-0.2832],[0.0168],[1],[0],[0],[2.069200000000187],"[""left_image""]",0,2,2,1,1,,,,,
,,,,,183000,001,2025-05-10_09h39.09.464,Simon,2024.2.4,Win32,20.05937575,,,,,,,,,,1,46.0119,46.4991,,,,,,,,,,,images/yellow_butterfly.png,images/white_butterfly.png,right_image, ,,,,,,44.7628,46.0118,[0.1616],[-0.004],[1],[0],[0],[1.2475000000000023],"[""right_image""]",0,3,3,2,1,,,,,
,,,,,183000,001,2025-05-10_09h39.09.464,Simon,2024.2.4,Win32,20.05937575,,,,,,,,,,1,48.248,48.7405,,,,,,,,,,,images/white_butterfly.png,images/purple_butterfly.png,left_image, ,,,,,,46.5001,48.2474,[-0.2736],[-0.0424],[1],[0],[0],[1.7434999999999974],"[""left_image""]",1,0,4,1,1,,,,,
,,,,,183000,001,2025-05-10_09h39.09.464,Simon,2024.2.4,Win32,20.05937575,,,,,,,,,,1,50.7356,51.2618,,,,,,,,,,,images/yellow_butterfly.png,images/white_butterfly.png,right_image, ,,,,,,48.7416,50.7354,[0.1184],[-0.0296],[1],[0],[0],[1.9928000000007486],"[""right_image""]",1,1,5,2,1,,,,,
,,,,,183000,001,2025-05-10_09h39.09.464,Simon,2024.2.4,Win32,20.05937575,,,,,,,,,,0,52.219,52.728,,,,,,,,,,,images/purple_butterfly.png,images/white_butterfly.png,left_image, ,,,,,,51.2632,52.2158,[0.1184],[-0.0296],[1],[0],[0],[0.9512999999998115],"[""right_image""]",1,2,6,0,1,,,,,
,,,,,183000,001,2025-05-10_09h39.09.464,Simon,2024.2.4,Win32,20.05937575,,,,,,,,,,0,53.8389,54.3742,,,,,,,,,,,images/white_butterfly.png,images/yellow_butterfly.png,right_image, ,,,,,,52.7319,53.8386,[-0.064],[-0.0216],[1],[0],[0],[1.1047000000001859],"[""left_image""]",1,3,7,3,1,,,,,
,,,,,183000,001,2025-05-10_09h39.09.464,Simon,2024.2.4,Win32,20.05937575,,,,,,,,,,1,59.3256,59.7893,,,,,,,,,,,images/white_butterfly.png,images/yellow_butterfly.png,right_image, ,,,,,,54.3753,59.3229,[0.1248],[-0.0088],[1],[0],[0],[4.947300000000737],"[""right_image""]",2,0,8,3,1,,,,,
,,,,,183000,001,2025-05-10_09h39.09.464,Simon,2024.2.4,Win32,20.05937575,,,,,,,,,,1,61.5482,62.0515,,,,,,,,,,,images/white_butterfly.png,images/purple_butterfly.png,left_image, ,,,,,,59.8101,61.5465,[-0.1472],[-0.0232],[1],[0],[0],[1.734799999999808],"[""left_image""]",2,1,9,1,1,,,,,
,,,,,183000,001,2025-05-10_09h39.09.464,Simon,2024.2.4,Win32,20.05937575,,,,,,,,,,1,63.4799,63.9306,,,,,,,,,,,images/purple_butterfly.png,images/white_butterfly.png,left_image, ,,,,,,62.0524,63.4795,[-0.1504],[-0.0232],[1],[0],[0],[1.425600000000557],"[""left_image""]",2,2,10,0,1,,,,,
,,,,,183000,001,2025-05-10_09h39.09.464,Simon,2024.2.4,Win32,20.05937575,,,,,,,,,,1,65.9943,66.4825,,,,,,,,,,,images/yellow_butterfly.png,images/white_butterfly.png,right_image, ,,,,,,63.9331,65.994,[0.2672],[-0.036],[1],[0],[0],[2.0595],"[""right_image""]",2,3,11,2,1,,,,,
,,,,,183000,001,2025-05-10_09h39.09.464,Simon,2024.2.4,Win32,20.05937575,,,,,,,,,,1,67.9153,68.4207,,,,,,,,,,,images/yellow_butterfly.png,images/white_butterfly.png,right_image, ,,,,,,66.4848,67.9152,[0.2672],[-0.036],[1],[0],[0],[1.430200000000184],"[""right_image""]",3,0,12,2,1,,,,,
,,,,,183000,001,2025-05-10_09h39.09.464,Simon,2024.2.4,Win32,20.05937575,,,,,,,,,,1,69.9801,70.4697,,,,,,,,,,,images/white_butterfly.png,images/yellow_butterfly.png,right_image, ,,,,,,68.4224,69.98,[0.1408],[-0.028],[1],[0],[0],[1.5570000000000022],"[""right_image""]",3,1,13,3,1,,,,,
,,,,,183000,001,2025-05-10_09h39.09.464,Simon,2024.2.4,Win32,20.05937575,,,,,,,,,,1,72.0785,72.5559,,,,,,,,,,,images/purple_butterfly.png,images/white_butterfly.png,left_image, ,,,,,,70.474,72.0784,[-0.1552],[-0.0248],[1],[0],[0],[1.6015000000000015],"[""left_image""]",3,2,14,0,1,,,,,
,,,,,183000,001,2025-05-10_09h39.09.464,Simon,2024.2.4,Win32,20.05937575,,,,,,,,,,1,73.8345,74.3558,,,,,,,,,,,images/white_butterfly.png,images/purple_butterfly.png,left_image, ,,,,,,72.5581,73.8345,[-0.1728],[-0.0168],[1],[0],[0],[1.2742999999998261],"[""left_image""]",3,3,15,1,1,,,,,
,,,,,183000,001,2025-05-10_09h39.09.464,Simon,2024.2.4,Win32,20.05937575,,,,,,,,,,1,75.9116,76.4129,,,,,,,,,,,images/yellow_butterfly.png,images/white_butterfly.png,right_image, ,,,,,,74.358,75.9115,[0.1312],[-0.0216],[1],[0],[0],[1.5521000000005643],"[""right_image""]",4,0,16,2,1,,,,,
,,,,,183000,001,2025-05-10_09h39.09.464,Simon,2024.2.4,Win32,20.05937575,,,,,,,,,,1,78.6867,79.159,,,,,,,,,,,images/purple_butterfly.png,images/white_butterfly.png,left_image, ,,,,,,76.4139,78.6867,[-0.1968],[-0.0024],[1],[0],[0],[2.2722999999998166],"[""left_image""]",4,1,17,0,1,,,,,
,,,,,183000,001,2025-05-10_09h39.09.464,Simon,2024.2.4,Win32,20.05937575,,,,,,,,,,0,80.8207,81.3198,,,,,,,,,,,images/white_butterfly.png,images/purple_butterfly.png,left_image, ,,,,,,79.1605,80.82,[0.1168],[-0.0024],[1],[0],[0],[1.657999999999987],"[""right_image""]",4,2,18,1,1,,,,,
,,,,,183000,001,2025-05-10_09h39.09.464,Simon,2024.2.4,Win32,20.05937575,,,,,,,,,,1,85.039,85.5177,,,,,,,,,,,images/white_butterfly.png,images/yellow_butterfly.png,right_image, ,,,,,,81.3508,85.038,[0.2224],[0.0232],[1],[0],[0],[3.6861000000005504],"[""right_image""]",4,3,19,3,1,,,,,
,,,,,183000,001,2025-05-10_09h39.09.464,Simon,2024.2.4,Win32,20.05937575,,,,,,,,,,,,,,,,,,,,,,,,,,,,,,,,,,,,,,,,,,,,,,85.5186,89.1775,1,[89.17690000000037],[89.177]
