﻿instructions.started,instructions.stopped,start_button.numClicks,start_button.timesOn,start_button.timesOff,participant,session,date,expName,psychopyVersion,OS,frameRate,practice_trial.started,practice_trial.stopped,mouse_2.x,mouse_2.y,mouse_2.leftButton,mouse_2.midButton,mouse_2.rightButton,mouse_2.time,mouse_2.clicked_name,correct,feedback.started,feedback.stopped,loop_until_correct.thisRepN,loop_until_correct.thisTrialN,loop_until_correct.thisN,loop_until_correct.thisIndex,loop_until_correct.ran,prac_trials.thisRepN,prac_trials.thisTrialN,prac_trials.thisN,prac_trials.thisIndex,prac_trials.ran,left_color,right_color,correct_response,top_txt,instructions_2.started,instructions_2.stopped,start_button_2.numClicks,start_button_2.timesOn,start_button_2.timesOff,trial.started,trial.stopped,mouse.x,mouse.y,mouse.leftButton,mouse.midButton,mouse.rightButton,mouse.time,mouse.clicked_name,trials.thisRepN,trials.thisTrialN,trials.thisN,trials.thisIndex,trials.ran
0.0003,5.1715,1,[5.178799999998882],[5.178900000000372],184175,001,2025-03-19_12h45.44.351,Simon,2024.2.4,Win32,59.88023952,,,,,,,,,,,,,,,,,,,,,,,,,,,,,,,,,,,,,,,,,,,,,
,,,,,184175,001,2025-03-19_12h45.44.351,Simon,2024.2.4,Win32,59.88023952,5.1832,8.3211,[-0.15217391304347827],[-0.01956521739130435],[1],[0],[0],[3.1363000000007464],"[""left_image_2"",""left_image_2""]",1,8.3221,8.8208,0,0,0,0,1,,,,,,,,,,,,,,,,,,,,,,,,,,,,
,,,,,184175,001,2025-03-19_12h45.44.351,Simon,2024.2.4,Win32,59.88023952,,,,,,,,,,,,,,,,,,0,0,0,0,1,images/purple_butterfly.png,images/white_butterfly.png,left_image_2,"In this example, select the LEFT butterfly.",,,,,,,,,,,,,,,,,,,
,,,,,184175,001,2025-03-19_12h45.44.351,Simon,2024.2.4,Win32,59.88023952,8.8217,13.9869,[-0.2717391304347826],[-0.002173913043478261],[1],[0],[0],[5.163800000000748],"[""left_image_2"",""left_image_2""]",1,13.9871,14.4868,0,0,0,0,1,,,,,,,,,,,,,,,,,,,,,,,,,,,,
,,,,,184175,001,2025-03-19_12h45.44.351,Simon,2024.2.4,Win32,59.88023952,,,,,,,,,,,,,,,,,,0,1,1,1,1,images/white_butterfly.png,images/purple_butterfly.png,left_image_2,"In this example, select the LEFT butterfly.",,,,,,,,,,,,,,,,,,,
,,,,,184175,001,2025-03-19_12h45.44.351,Simon,2024.2.4,Win32,59.88023952,14.4874,16.2368,[0.15],[-0.003260869565217391],[1],[0],[0],[1.7486999999992534],"[""right_image_2"",""right_image_2""]",1,16.2369,16.7244,0,0,0,0,1,,,,,,,,,,,,,,,,,,,,,,,,,,,,
,,,,,184175,001,2025-03-19_12h45.44.351,Simon,2024.2.4,Win32,59.88023952,,,,,,,,,,,,,,,,,,0,2,2,2,1,images/yellow_butterfly.png,images/white_butterfly.png,right_image_2,"In this example, select the RIGHT butterfly.",,,,,,,,,,,,,,,,,,,
,,,,,184175,001,2025-03-19_12h45.44.351,Simon,2024.2.4,Win32,59.88023952,16.7251,18.8366,[0.1423913043478261],[-0.006521739130434782],[1],[0],[0],[2.111199999999254],"[""right_image_2"",""right_image_2""]",1,18.8367,19.3405,0,0,0,0,1,,,,,,,,,,,,,,,,,,,,,,,,,,,,
,,,,,184175,001,2025-03-19_12h45.44.351,Simon,2024.2.4,Win32,59.88023952,,,,,,,,,,,,,,,,,,0,3,3,3,1,images/white_butterfly.png,images/yellow_butterfly.png,right_image_2,"In this example, select the RIGHT butterfly.",,,,,,,,,,,,,,,,,,,
,,,,,184175,001,2025-03-19_12h45.44.351,Simon,2024.2.4,Win32,59.88023952,,,,,,,,,,,,,,,,,,,,,,,,,,,19.3408,20.6863,1,[20.687400000000373],[20.687400000000373],,,,,,,,,,,,,,
,,,,,184175,001,2025-03-19_12h45.44.351,Simon,2024.2.4,Win32,59.88023952,,,,,,,,,,0,22.9201,23.4191,,,,,,,,,,,images/white_butterfly.png,images/purple_butterfly.png,left_image, ,,,,,,20.6892,22.9193,[0.12282608695652174],[-0.006521739130434782],[1],[0],[0],[2.229699999999255],"[""right_image""]",0,0,0,1,1
,,,,,184175,001,2025-03-19_12h45.44.351,Simon,2024.2.4,Win32,59.88023952,,,,,,,,,,0,26.0853,26.5853,,,,,,,,,,,images/white_butterfly.png,images/yellow_butterfly.png,right_image, ,,,,,,23.4194,26.0853,[-0.13804347826086957],[-0.02391304347826087],[1],[0],[0],[2.66570000000112],"[""left_image""]",0,1,1,3,1
,,,,,184175,001,2025-03-19_12h45.44.351,Simon,2024.2.4,Win32,59.88023952,,,,,,,,,,1,27.3022,27.8019,,,,,,,,,,,images/yellow_butterfly.png,images/white_butterfly.png,right_image, ,,,,,,26.5857,27.3019,[0.24782608695652175],[-0.041304347826086954],[1],[0],[0],[0.7159000000003743],"[""right_image""]",0,2,2,2,1
