﻿instructions.started,instructions.stopped,start_button.numClicks,start_button.timesOn,start_button.timesOff,participant,session,date,expName,psychopyVersion,OS,frameRate,practice_trial.started,practice_trial.stopped,mouse_2.x,mouse_2.y,mouse_2.leftButton,mouse_2.midButton,mouse_2.rightButton,mouse_2.time,mouse_2.clicked_name,correct,feedback.started,feedback.stopped,loop_until_correct.thisRepN,loop_until_correct.thisTrialN,loop_until_correct.thisN,loop_until_correct.thisIndex,loop_until_correct.ran,prac_trials.thisRepN,prac_trials.thisTrialN,prac_trials.thisN,prac_trials.thisIndex,prac_trials.ran,left_color,right_color,correct_response,top_txt,instructions_2.started,instructions_2.stopped,start_button_2.numClicks,start_button_2.timesOn,start_button_2.timesOff,trial.started,trial.stopped,mouse.x,mouse.y,mouse.leftButton,mouse.midButton,mouse.rightButton,mouse.time,mouse.clicked_name,trials.thisRepN,trials.thisTrialN,trials.thisN,trials.thisIndex,trials.ran,end.started,end.stopped,start_button_3.numClicks,start_button_3.timesOn,start_button_3.timesOff
0.001,6.053,1,[6.070000000000002],[6.070000000000002],185363,001,2025-05-11_14h10.07.150,Simon,2024.2.4,iPhone,52.63157895,,,,,,,,,,,,,,,,,,,,,,,,,,,,,,,,,,,,,,,,,,,,,,,,,,
,,,,,185363,001,2025-05-11_14h10.07.150,Simon,2024.2.4,iPhone,52.63157895,6.082,10.54,[-0.23333333333333334],[0.03205128205128205],[1],[0],[0],[4.454000000000001],"[""left_image_2"",""left_image_2""]",1,10.541,11.033,0,0,0,0,1,,,,,,,,,,,,,,,,,,,,,,,,,,,,,,,,,
,,,,,185363,001,2025-05-11_14h10.07.150,Simon,2024.2.4,iPhone,52.63157895,,,,,,,,,,,,,,,,,,0,0,0,0,1,images/purple_butterfly.png,images/white_butterfly.png,left_image_2,"In this example, select the LEFT butterfly.",,,,,,,,,,,,,,,,,,,,,,,,
,,,,,185363,001,2025-05-11_14h10.07.150,Simon,2024.2.4,iPhone,52.63157895,11.036,15.229,[-0.2358974358974359],[0.021794871794871794],[1],[0],[0],[4.187999999999999],"[""left_image_2"",""left_image_2""]",1,15.229,15.721,0,0,0,0,1,,,,,,,,,,,,,,,,,,,,,,,,,,,,,,,,,
,,,,,185363,001,2025-05-11_14h10.07.150,Simon,2024.2.4,iPhone,52.63157895,,,,,,,,,,,,,,,,,,0,1,1,1,1,images/white_butterfly.png,images/purple_butterfly.png,left_image_2,"In this example, select the LEFT butterfly.",,,,,,,,,,,,,,,,,,,,,,,,
,,,,,185363,001,2025-05-11_14h10.07.150,Simon,2024.2.4,iPhone,52.63157895,15.723,17.564,[0.23846153846153847],[-0.052564102564102565],[1],[0],[0],[1.838000000000001],"[""right_image_2"",""right_image_2""]",1,17.564,18.057,0,0,0,0,1,,,,,,,,,,,,,,,,,,,,,,,,,,,,,,,,,
,,,,,185363,001,2025-05-11_14h10.07.150,Simon,2024.2.4,iPhone,52.63157895,,,,,,,,,,,,,,,,,,0,2,2,2,1,images/yellow_butterfly.png,images/white_butterfly.png,right_image_2,"In this example, select the RIGHT butterfly.",,,,,,,,,,,,,,,,,,,,,,,,
,,,,,185363,001,2025-05-11_14h10.07.150,Simon,2024.2.4,iPhone,52.63157895,18.059,21.734,[0.23333333333333334],[-0.04230769230769231],[1],[0],[0],[3.672999999999991],"[""right_image_2"",""right_image_2""]",1,21.734,22.227,0,0,0,0,1,,,,,,,,,,,,,,,,,,,,,,,,,,,,,,,,,
,,,,,185363,001,2025-05-11_14h10.07.150,Simon,2024.2.4,iPhone,52.63157895,,,,,,,,,,,,,,,,,,0,3,3,3,1,images/white_butterfly.png,images/yellow_butterfly.png,right_image_2,"In this example, select the RIGHT butterfly.",,,,,,,,,,,,,,,,,,,,,,,,
,,,,,185363,001,2025-05-11_14h10.07.150,Simon,2024.2.4,iPhone,52.63157895,,,,,,,,,,,,,,,,,,,,,,,,,,,22.229,24.053,1,[24.054999999999996],[24.054999999999996],,,,,,,,,,,,,,,,,,,
,,,,,185363,001,2025-05-11_14h10.07.150,Simon,2024.2.4,iPhone,52.63157895,,,,,,,,,,1,26.823,27.315,,,,,,,,,,,images/purple_butterfly.png,images/white_butterfly.png,left_image, ,,,,,,24.07,26.823,[-0.2358974358974359],[0.021794871794871794],[1],[0],[0],[2.75],"[""left_image""]",0,0,0,0,1,,,,,
,,,,,185363,001,2025-05-11_14h10.07.150,Simon,2024.2.4,iPhone,52.63157895,,,,,,,,,,0,29.191,29.683,,,,,,,,,,,images/white_butterfly.png,images/yellow_butterfly.png,right_image, ,,,,,,27.316,29.19,[-0.26666666666666666],[0.02435897435897436],[1],[0],[0],[1.8729999999999976],"[""left_image""]",0,1,1,3,1,,,,,
,,,,,185363,001,2025-05-11_14h10.07.150,Simon,2024.2.4,iPhone,52.63157895,,,,,,,,,,1,30.693,31.185,,,,,,,,,,,images/yellow_butterfly.png,images/white_butterfly.png,right_image, ,,,,,,29.684,30.692,[0.21794871794871795],[-0.07307692307692308],[1],[0],[0],[1.007000000000005],"[""right_image""]",0,2,2,2,1,,,,,
,,,,,185363,001,2025-05-11_14h10.07.150,Simon,2024.2.4,iPhone,52.63157895,,,,,,,,,,1,32.243,32.736,,,,,,,,,,,images/white_butterfly.png,images/purple_butterfly.png,left_image, ,,,,,,31.186,32.243,[-0.24358974358974358],[0.0038461538461538464],[1],[0],[0],[1.0559999999999974],"[""left_image""]",0,3,3,1,1,,,,,
,,,,,185363,001,2025-05-11_14h10.07.150,Simon,2024.2.4,iPhone,52.63157895,,,,,,,,,,0,34.663,35.154,,,,,,,,,,,images/purple_butterfly.png,images/white_butterfly.png,left_image, ,,,,,,32.737,34.662,[0.23333333333333334],[-0.0782051282051282],[1],[0],[0],[1.9239999999999995],"[""right_image""]",1,0,4,0,1,,,,,
,,,,,185363,001,2025-05-11_14h10.07.150,Simon,2024.2.4,iPhone,52.63157895,,,,,,,,,,1,35.546,36.038,,,,,,,,,,,images/white_butterfly.png,images/purple_butterfly.png,left_image, ,,,,,,35.155,35.545,[-0.24615384615384617],[0.011538461538461539],[1],[0],[0],[0.3890000000000029],"[""left_image""]",1,1,5,1,1,,,,,
,,,,,185363,001,2025-05-11_14h10.07.150,Simon,2024.2.4,iPhone,52.63157895,,,,,,,,,,0,37.349,37.84,,,,,,,,,,,images/white_butterfly.png,images/yellow_butterfly.png,right_image, ,,,,,,36.039,37.347,[-0.24102564102564103],[0.0038461538461538464],[1],[0],[0],[1.3070000000000022],"[""left_image""]",1,2,6,3,1,,,,,
,,,,,185363,001,2025-05-11_14h10.07.150,Simon,2024.2.4,iPhone,52.63157895,,,,,,,,,,0,38.898,39.391,,,,,,,,,,,images/yellow_butterfly.png,images/white_butterfly.png,right_image, ,,,,,,37.841,38.898,[-0.11538461538461539],[-0.047435897435897434],[1],[0],[0],[1.0559999999999974],"[""left_image""]",1,3,7,2,1,,,,,
,,,,,185363,001,2025-05-11_14h10.07.150,Simon,2024.2.4,iPhone,52.63157895,,,,,,,,,,0,39.899,40.392,,,,,,,,,,,images/purple_butterfly.png,images/white_butterfly.png,left_image, ,,,,,,39.392,39.899,[0.18974358974358974],[-0.07051282051282051],[1],[0],[0],[0.5060000000000002],"[""right_image""]",2,0,8,0,1,,,,,
,,,,,185363,001,2025-05-11_14h10.07.150,Simon,2024.2.4,iPhone,52.63157895,,,,,,,,,,0,41.15,41.643,,,,,,,,,,,images/white_butterfly.png,images/purple_butterfly.png,left_image, ,,,,,,40.393,41.15,[0.17435897435897435],[-0.08846153846153847],[1],[0],[0],[0.7560000000000002],"[""right_image""]",2,1,9,1,1,,,,,
,,,,,185363,001,2025-05-11_14h10.07.150,Simon,2024.2.4,iPhone,52.63157895,,,,,,,,,,1,43.02,43.512,,,,,,,,,,,images/white_butterfly.png,images/yellow_butterfly.png,right_image, ,,,,,,41.644,43.019,[0.18461538461538463],[-0.09615384615384616],[1],[0],[0],[1.3730000000000047],"[""right_image""]",2,2,10,3,1,,,,,
,,,,,185363,001,2025-05-11_14h10.07.150,Simon,2024.2.4,iPhone,52.63157895,,,,,,,,,,0,44.754,45.246,,,,,,,,,,,images/yellow_butterfly.png,images/white_butterfly.png,right_image, ,,,,,,43.512,44.753,[-0.1641025641025641],[-0.06025641025641026],[1],[0],[0],[1.2390000000000043],"[""left_image""]",2,3,11,2,1,,,,,
,,,,,185363,001,2025-05-11_14h10.07.150,Simon,2024.2.4,iPhone,52.63157895,,,,,,,,,,1,45.605,46.097,,,,,,,,,,,images/yellow_butterfly.png,images/white_butterfly.png,right_image, ,,,,,,45.247,45.604,[0.1641025641025641],[-0.07051282051282051],[1],[0],[0],[0.3569999999999993],"[""right_image""]",3,0,12,2,1,,,,,
,,,,,185363,001,2025-05-11_14h10.07.150,Simon,2024.2.4,iPhone,52.63157895,,,,,,,,,,1,46.522,47.014,,,,,,,,,,,images/white_butterfly.png,images/yellow_butterfly.png,right_image, ,,,,,,46.098,46.522,[0.20256410256410257],[-0.06282051282051282],[1],[0],[0],[0.4230000000000018],"[""right_image""]",3,1,13,3,1,,,,,
,,,,,185363,001,2025-05-11_14h10.07.150,Simon,2024.2.4,iPhone,52.63157895,,,,,,,,,,0,47.441,47.931,,,,,,,,,,,images/purple_butterfly.png,images/white_butterfly.png,left_image, ,,,,,,47.015,47.439,[0.19487179487179487],[-0.08076923076923077],[1],[0],[0],[0.4230000000000018],"[""right_image""]",3,2,14,0,1,,,,,
,,,,,185363,001,2025-05-11_14h10.07.150,Simon,2024.2.4,iPhone,52.63157895,,,,,,,,,,0,48.691,49.182,,,,,,,,,,,images/white_butterfly.png,images/purple_butterfly.png,left_image, ,,,,,,47.932,48.691,[0.17692307692307693],[-0.021794871794871794],[1],[0],[0],[0.7579999999999956],"[""right_image""]",3,3,15,1,1,,,,,
,,,,,185363,001,2025-05-11_14h10.07.150,Simon,2024.2.4,iPhone,52.63157895,,,,,,,,,,1,49.607,50.1,,,,,,,,,,,images/white_butterfly.png,images/yellow_butterfly.png,right_image, ,,,,,,49.183,49.607,[0.18717948717948718],[-0.06538461538461539],[1],[0],[0],[0.42200000000000415],"[""right_image""]",4,0,16,3,1,,,,,
,,,,,185363,001,2025-05-11_14h10.07.150,Simon,2024.2.4,iPhone,52.63157895,,,,,,,,,,1,51.059,51.551,,,,,,,,,,,images/purple_butterfly.png,images/white_butterfly.png,left_image, ,,,,,,50.101,51.059,[-0.13333333333333333],[-0.08076923076923077],[1],[0],[0],[0.9569999999999936],"[""left_image""]",4,1,17,0,1,,,,,
,,,,,185363,001,2025-05-11_14h10.07.150,Simon,2024.2.4,iPhone,52.63157895,,,,,,,,,,0,56.196,56.688,,,,,,,,,,,images/white_butterfly.png,images/purple_butterfly.png,left_image, ,,,,,,51.552,56.194,[0.1794871794871795],[-0.07564102564102564],[1],[0],[0],[4.640999999999991],"[""right_image""]",4,2,18,1,1,,,,,
,,,,,185363,001,2025-05-11_14h10.07.150,Simon,2024.2.4,iPhone,52.63157895,,,,,,,,,,1,57.646,58.139,,,,,,,,,,,images/yellow_butterfly.png,images/white_butterfly.png,right_image, ,,,,,,56.689,57.645,[0.14102564102564102],[-0.07564102564102564],[1],[0],[0],[0.9560000000000031],"[""right_image""]",4,3,19,2,1,,,,,
,,,,,185363,001,2025-05-11_14h10.07.150,Simon,2024.2.4,iPhone,52.63157895,,,,,,,,,,,,,,,,,,,,,,,,,,,,,,,,,,,,,,,,,,,,,,58.14,59.097,1,[59.096],[59.096]
