﻿instructions.started,instructions.stopped,start_button.numClicks,start_button.timesOn,start_button.timesOff,participant,session,date,expName,psychopyVersion,OS,frameRate,practice_trial.started,practice_trial.stopped,mouse_2.x,mouse_2.y,mouse_2.leftButton,mouse_2.midButton,mouse_2.rightButton,mouse_2.time,mouse_2.clicked_name,correct,feedback.started,feedback.stopped,loop_until_correct.thisRepN,loop_until_correct.thisTrialN,loop_until_correct.thisN,loop_until_correct.thisIndex,loop_until_correct.ran,prac_trials.thisRepN,prac_trials.thisTrialN,prac_trials.thisN,prac_trials.thisIndex,prac_trials.ran,left_color,right_color,correct_response,top_txt,instructions_2.started,instructions_2.stopped,start_button_2.numClicks,start_button_2.timesOn,start_button_2.timesOff,trial.started,trial.stopped,mouse.x,mouse.y,mouse.leftButton,mouse.midButton,mouse.rightButton,mouse.time,mouse.clicked_name,trials.thisRepN,trials.thisTrialN,trials.thisN,trials.thisIndex,trials.ran,end.started,end.stopped,start_button_3.numClicks,start_button_3.timesOn,start_button_3.timesOff
0,8.24,1,[8.246],[8.246],185505,001,2026-01-29_08h21.05.484,Simon,2024.2.4,MacIntel,62.5,,,,,,,,,,,,,,,,,,,,,,,,,,,,,,,,,,,,,,,,,,,,,,,,,,
,,,,,185505,001,2026-01-29_08h21.05.484,Simon,2024.2.4,MacIntel,62.5,8.247,11.374,[-0.14064713172804533],[-0.02967864730878187],[1],[0],[0],[3.1239999999999988],"[""left_image_2"",""left_image_2""]",1,11.374,11.874,0,0,0,0,1,,,,,,,,,,,,,,,,,,,,,,,,,,,,,,,,,
,,,,,185505,001,2026-01-29_08h21.05.484,Simon,2024.2.4,MacIntel,62.5,,,,,,,,,,,,,,,,,,0,0,0,0,1,images/purple_butterfly.png,images/white_butterfly.png,left_image_2,"In this example, select the LEFT butterfly.",,,,,,,,,,,,,,,,,,,,,,,,
,,,,,185505,001,2026-01-29_08h21.05.484,Simon,2024.2.4,MacIntel,62.5,11.876,14.407,[-0.15135335516997167],[0.04027974504249292],[1],[0],[0],[2.5290000000000017],"[""left_image_2"",""left_image_2""]",1,14.407,14.907,0,0,0,0,1,,,,,,,,,,,,,,,,,,,,,,,,,,,,,,,,,
,,,,,185505,001,2026-01-29_08h21.05.484,Simon,2024.2.4,MacIntel,62.5,,,,,,,,,,,,,,,,,,0,1,1,1,1,images/white_butterfly.png,images/purple_butterfly.png,left_image_2,"In this example, select the LEFT butterfly.",,,,,,,,,,,,,,,,,,,,,,,,
,,,,,185505,001,2026-01-29_08h21.05.484,Simon,2024.2.4,MacIntel,62.5,14.909,17.974,[0.2368205559490085],[-0.006954895538243626],[1],[0],[0],[3.062000000000001],"[""right_image_2"",""right_image_2""]",1,17.974,18.474,0,0,0,0,1,,,,,,,,,,,,,,,,,,,,,,,,,,,,,,,,,
,,,,,185505,001,2026-01-29_08h21.05.484,Simon,2024.2.4,MacIntel,62.5,,,,,,,,,,,,,,,,,,0,2,2,2,1,images/yellow_butterfly.png,images/white_butterfly.png,right_image_2,"In this example, select the RIGHT butterfly.",,,,,,,,,,,,,,,,,,,,,,,,
,,,,,185505,001,2026-01-29_08h21.05.484,Simon,2024.2.4,MacIntel,62.5,18.476,18.89,[0.2368205559490085],[-0.007126416430594901],[1],[0],[0],[0.4120000000000026],"[""right_image_2"",""right_image_2""]",1,18.891,19.391,0,0,0,0,1,,,,,,,,,,,,,,,,,,,,,,,,,,,,,,,,,
,,,,,185505,001,2026-01-29_08h21.05.484,Simon,2024.2.4,MacIntel,62.5,,,,,,,,,,,,,,,,,,0,3,3,3,1,images/white_butterfly.png,images/yellow_butterfly.png,right_image_2,"In this example, select the RIGHT butterfly.",,,,,,,,,,,,,,,,,,,,,,,,
,,,,,185505,001,2026-01-29_08h21.05.484,Simon,2024.2.4,MacIntel,62.5,,,,,,,,,,,,,,,,,,,,,,,,,,,19.391,21.141,1,[21.143],[21.143],,,,,,,,,,,,,,,,,,,
,,,,,185505,001,2026-01-29_08h21.05.484,Simon,2024.2.4,MacIntel,62.5,,,,,,,,,,1,23.124,23.624,,,,,,,,,,,images/white_butterfly.png,images/purple_butterfly.png,left_image, ,,,,,,21.149,23.124,[-0.23276491678470254],[-0.020615704674220962],[1],[0],[0],[1.9740000000000002],"[""left_image""]",0,0,0,1,1,,,,,
,,,,,185505,001,2026-01-29_08h21.05.484,Simon,2024.2.4,MacIntel,62.5,,,,,,,,,,1,24.99,25.491,,,,,,,,,,,images/white_butterfly.png,images/yellow_butterfly.png,right_image, ,,,,,,23.625,24.99,[0.22099083746458922],[-0.004232692988668556],[1],[0],[0],[1.3640000000000008],"[""right_image""]",0,1,1,3,1,,,,,
,,,,,185505,001,2026-01-29_08h21.05.484,Simon,2024.2.4,MacIntel,62.5,,,,,,,,,,1,26.674,27.174,,,,,,,,,,,images/purple_butterfly.png,images/white_butterfly.png,left_image, ,,,,,,25.492,26.674,[-0.22367984242209632],[-0.012609552053824363],[1],[0],[0],[1.181000000000001],"[""left_image""]",0,2,2,0,1,,,,,
,,,,,185505,001,2026-01-29_08h21.05.484,Simon,2024.2.4,MacIntel,62.5,,,,,,,,,,1,28.291,28.791,,,,,,,,,,,images/yellow_butterfly.png,images/white_butterfly.png,right_image, ,,,,,,27.175,28.291,[0.1634815421388102],[0.02152863845609065],[1],[0],[0],[1.1159999999999997],"[""right_image""]",0,3,3,2,1,,,,,
,,,,,185505,001,2026-01-29_08h21.05.484,Simon,2024.2.4,MacIntel,62.5,,,,,,,,,,1,30.924,31.424,,,,,,,,,,,images/yellow_butterfly.png,images/white_butterfly.png,right_image, ,,,,,,28.792,30.924,[0.15608401203966005],[0.019204807011331444],[1],[0],[0],[2.131999999999998],"[""right_image""]",1,0,4,2,1,,,,,
,,,,,185505,001,2026-01-29_08h21.05.484,Simon,2024.2.4,MacIntel,62.5,,,,,,,,,,1,32.691,33.191,,,,,,,,,,,images/white_butterfly.png,images/purple_butterfly.png,left_image, ,,,,,,31.425,32.691,[-0.15902199893767704],[0.020499513101983002],[1],[0],[0],[1.2650000000000006],"[""left_image""]",1,1,5,1,1,,,,,
,,,,,185505,001,2026-01-29_08h21.05.484,Simon,2024.2.4,MacIntel,62.5,,,,,,,,,,1,34.575,35.075,,,,,,,,,,,images/purple_butterfly.png,images/white_butterfly.png,left_image, ,,,,,,33.191,34.575,[-0.20392727514164305],[0.029330072592067987],[1],[0],[0],[1.382000000000005],"[""left_image""]",1,2,6,0,1,,,,,
,,,,,185505,001,2026-01-29_08h21.05.484,Simon,2024.2.4,MacIntel,62.5,,,,,,,,,,1,36.224,36.724,,,,,,,,,,,images/white_butterfly.png,images/yellow_butterfly.png,right_image, ,,,,,,35.075,36.224,[0.22163265757790368],[-0.012930462110481586],[1],[0],[0],[1.1480000000000032],"[""right_image""]",1,3,7,3,1,,,,,
,,,,,185505,001,2026-01-29_08h21.05.484,Simon,2024.2.4,MacIntel,62.5,,,,,,,,,,1,38.358,38.858,,,,,,,,,,,images/white_butterfly.png,images/yellow_butterfly.png,right_image, ,,,,,,36.726,38.358,[0.22145560375354106],[-0.013256905099150142],[1],[0],[0],[1.631999999999998],"[""right_image""]",2,0,8,3,1,,,,,
,,,,,185505,001,2026-01-29_08h21.05.484,Simon,2024.2.4,MacIntel,62.5,,,,,,,,,,1,41.475,41.974,,,,,,,,,,,images/white_butterfly.png,images/purple_butterfly.png,left_image, ,,,,,,38.859,41.475,[-0.15337840828611898],[-0.02313318873937677],[1],[0],[0],[2.6140000000000043],"[""left_image""]",2,1,9,1,1,,,,,
,,,,,185505,001,2026-01-29_08h21.05.484,Simon,2024.2.4,MacIntel,62.5,,,,,,,,,,1,43.575,44.075,,,,,,,,,,,images/yellow_butterfly.png,images/white_butterfly.png,right_image, ,,,,,,41.975,43.574,[0.2218429089943343],[-0.0017484065155807366],[1],[0],[0],[1.597999999999999],"[""right_image""]",2,2,10,2,1,,,,,
,,,,,185505,001,2026-01-29_08h21.05.484,Simon,2024.2.4,MacIntel,62.5,,,,,,,,,,1,45.091,45.591,,,,,,,,,,,images/purple_butterfly.png,images/white_butterfly.png,left_image, ,,,,,,44.076,45.091,[-0.16577770892351273],[0.005427806303116147],[1],[0],[0],[1.0150000000000006],"[""left_image""]",2,3,11,0,1,,,,,
,,,,,185505,001,2026-01-29_08h21.05.484,Simon,2024.2.4,MacIntel,62.5,,,,,,,,,,1,47.475,47.975,,,,,,,,,,,images/yellow_butterfly.png,images/white_butterfly.png,right_image, ,,,,,,45.592,47.475,[0.1645051345609065],[0.012515492209631728],[1],[0],[0],[1.881999999999998],"[""right_image""]",3,0,12,2,1,,,,,
,,,,,185505,001,2026-01-29_08h21.05.484,Simon,2024.2.4,MacIntel,62.5,,,,,,,,,,1,51.342,51.842,,,,,,,,,,,images/purple_butterfly.png,images/white_butterfly.png,left_image, ,,,,,,47.976,51.341,[-0.1878707064447592],[-0.010374247521246459],[1],[0],[0],[3.364999999999995],"[""left_image""]",3,1,13,0,1,,,,,
,,,,,185505,001,2026-01-29_08h21.05.484,Simon,2024.2.4,MacIntel,62.5,,,,,,,,,,1,54.926,55.425,,,,,,,,,,,images/white_butterfly.png,images/purple_butterfly.png,left_image, ,,,,,,51.842,54.926,[-0.17994754780453256],[-0.011215253186968838],[1],[0],[0],[3.0829999999999984],"[""left_image""]",3,2,14,1,1,,,,,
,,,,,185505,001,2026-01-29_08h21.05.484,Simon,2024.2.4,MacIntel,62.5,,,,,,,,,,1,57.676,58.175,,,,,,,,,,,images/white_butterfly.png,images/yellow_butterfly.png,right_image, ,,,,,,55.426,57.675,[0.11805617032577903],[-0.03752987783286119],[1],[0],[0],[2.2490000000000023],"[""right_image""]",3,3,15,3,1,,,,,
,,,,,185505,001,2026-01-29_08h21.05.484,Simon,2024.2.4,MacIntel,62.5,,,,,,,,,,1,59.125,59.625,,,,,,,,,,,images/white_butterfly.png,images/yellow_butterfly.png,right_image, ,,,,,,58.177,59.125,[0.1810596671388102],[-0.019448256019830027],[1],[0],[0],[0.9469999999999956],"[""right_image""]",4,0,16,3,1,,,,,
,,,,,185505,001,2026-01-29_08h21.05.484,Simon,2024.2.4,MacIntel,62.5,,,,,,,,,,1,61.642,62.142,,,,,,,,,,,images/yellow_butterfly.png,images/white_butterfly.png,right_image, ,,,,,,59.626,61.642,[0.14596981232294617],[0.02369754780453258],[1],[0],[0],[2.012999999999998],"[""right_image""]",4,1,17,2,1,,,,,
,,,,,185505,001,2026-01-29_08h21.05.484,Simon,2024.2.4,MacIntel,62.5,,,,,,,,,,1,63.625,64.125,,,,,,,,,,,images/purple_butterfly.png,images/white_butterfly.png,left_image, ,,,,,,62.143,63.625,[-0.22007790368271954],[-0.01160255842776204],[1],[0],[0],[1.4809999999999945],"[""left_image""]",4,2,18,0,1,,,,,
,,,,,185505,001,2026-01-29_08h21.05.484,Simon,2024.2.4,MacIntel,62.5,,,,,,,,,,1,67.042,67.542,,,,,,,,,,,images/white_butterfly.png,images/purple_butterfly.png,left_image, ,,,,,,64.126,67.042,[-0.16009538774787535],[-0.013107515934844192],[1],[0],[0],[2.9150000000000063],"[""left_image""]",4,3,19,1,1,,,,,
,,,,,185505,001,2026-01-29_08h21.05.484,Simon,2024.2.4,MacIntel,62.5,,,,,,,,,,,,,,,,,,,,,,,,,,,,,,,,,,,,,,,,,,,,,,67.543,73.477,1,[73.476],[73.476]
