﻿instructions.started,instructions.stopped,start_button.numClicks,start_button.timesOn,start_button.timesOff,participant,session,date,expName,psychopyVersion,OS,frameRate,practice_trial.started,practice_trial.stopped,mouse_2.x,mouse_2.y,mouse_2.leftButton,mouse_2.midButton,mouse_2.rightButton,mouse_2.time,mouse_2.clicked_name,correct,feedback.started,feedback.stopped,loop_until_correct.thisRepN,loop_until_correct.thisTrialN,loop_until_correct.thisN,loop_until_correct.thisIndex,loop_until_correct.ran,prac_trials.thisRepN,prac_trials.thisTrialN,prac_trials.thisN,prac_trials.thisIndex,prac_trials.ran,left_color,right_color,correct_response,top_txt,instructions_2.started,instructions_2.stopped,start_button_2.numClicks,start_button_2.timesOn,start_button_2.timesOff,trial.started,trial.stopped,mouse.x,mouse.y,mouse.leftButton,mouse.midButton,mouse.rightButton,mouse.time,mouse.clicked_name,trials.thisRepN,trials.thisTrialN,trials.thisN,trials.thisIndex,trials.ran,end.started,end.stopped,start_button_3.numClicks,start_button_3.timesOn,start_button_3.timesOff
0.0009,1.2187,1,[1.2547999999821187],[1.2549000000059607],186576,001,2025-11-09_19h56.11.703,Simon,2024.2.4,Win32,59.88023952,,,,,,,,,,,,,,,,,,,,,,,,,,,,,,,,,,,,,,,,,,,,,,,,,,
,,,,,186576,001,2025-11-09_19h56.11.703,Simon,2024.2.4,Win32,59.88023952,1.255,8.6187,[-0.18082191780821918],[-0.019726019036279966],[1],[0],[0],[7.359],"[""left_image_2"",""left_image_2""]",1,8.6197,9.1188,0,0,0,0,1,,,,,,,,,,,,,,,,,,,,,,,,,,,,,,,,,
,,,,,186576,001,2025-11-09_19h56.11.703,Simon,2024.2.4,Win32,59.88023952,,,,,,,,,,,,,,,,,,0,0,0,0,1,images/purple_butterfly.png,images/white_butterfly.png,left_image_2,"In this example, select the LEFT butterfly.",,,,,,,,,,,,,,,,,,,,,,,,
,,,,,186576,001,2025-11-09_19h56.11.703,Simon,2024.2.4,Win32,59.88023952,9.1215,17.9529,[0.13260272300406678],[-0.059178098913741435],[1],[0],[0],[8.828300000011922],"[""right_image_2"",""right_image_2""]",0,17.9545,18.4521,0,0,0,0,1,,,,,,,,,,,,,,,,,,,,,,,,,,,,,,,,,
,,,,,186576,001,2025-11-09_19h56.11.703,Simon,2024.2.4,Win32,59.88023952,18.4535,19.7253,[-0.21698625120398116],[-0.026301386584974315],[1],[0],[0],[1.270900000005959],"[""left_image_2"",""left_image_2""]",1,19.7264,20.2237,1,0,1,0,1,,,,,,,,,,,,,,,,,,,,,,,,,,,,,,,,,
,,,,,186576,001,2025-11-09_19h56.11.703,Simon,2024.2.4,Win32,59.88023952,,,,,,,,,,,,,,,,,,0,1,1,1,1,images/white_butterfly.png,images/purple_butterfly.png,left_image_2,"In this example, select the LEFT butterfly.",,,,,,,,,,,,,,,,,,,,,,,,
,,,,,186576,001,2025-11-09_19h56.11.703,Simon,2024.2.4,Win32,59.88023952,20.2262,24.3198,[-0.13589042768086473],[-0.030684923145869007],[1],[0],[0],[4.090900000005959],"[""left_image_2"",""left_image_2""]",0,24.3209,24.8192,0,0,0,0,1,,,,,,,,,,,,,,,,,,,,,,,,,,,,,,,,,
,,,,,186576,001,2025-11-09_19h56.11.703,Simon,2024.2.4,Win32,59.88023952,24.8206,25.525,[0.16109594057684076],[-0.038356164383561646],[1],[0],[0],[0.7034999999999982],"[""right_image_2"",""right_image_2""]",1,25.5258,26.019,1,0,1,0,1,,,,,,,,,,,,,,,,,,,,,,,,,,,,,,,,,
,,,,,186576,001,2025-11-09_19h56.11.703,Simon,2024.2.4,Win32,59.88023952,,,,,,,,,,,,,,,,,,0,2,2,2,1,images/yellow_butterfly.png,images/white_butterfly.png,right_image_2,"In this example, select the RIGHT butterfly.",,,,,,,,,,,,,,,,,,,,,,,,
,,,,,186576,001,2025-11-09_19h56.11.703,Simon,2024.2.4,Win32,59.88023952,26.022,27.4855,[-0.17643833944242296],[-0.031780838639768834],[1],[0],[0],[1.4619999999999962],"[""left_image_2"",""left_image_2""]",0,27.4875,27.9867,0,0,0,0,1,,,,,,,,,,,,,,,,,,,,,,,,,,,,,,,,,
,,,,,186576,001,2025-11-09_19h56.11.703,Simon,2024.2.4,Win32,59.88023952,27.988,28.6588,[0.13150684931506848],[-0.06356163547463613],[1],[0],[0],[0.6700000000000017],"[""right_image_2"",""right_image_2""]",1,28.6596,29.1528,1,0,1,0,1,,,,,,,,,,,,,,,,,,,,,,,,,,,,,,,,,
,,,,,186576,001,2025-11-09_19h56.11.703,Simon,2024.2.4,Win32,59.88023952,,,,,,,,,,,,,,,,,,0,3,3,3,1,images/white_butterfly.png,images/yellow_butterfly.png,right_image_2,"In this example, select the RIGHT butterfly.",,,,,,,,,,,,,,,,,,,,,,,,
,,,,,186576,001,2025-11-09_19h56.11.703,Simon,2024.2.4,Win32,59.88023952,,,,,,,,,,,,,,,,,,,,,,,,,,,29.154,30.5706,1,[30.574300000011917],[30.574300000011917],,,,,,,,,,,,,,,,,,,
,,,,,186576,001,2025-11-09_19h56.11.703,Simon,2024.2.4,Win32,59.88023952,,,,,,,,,,1,32.2034,32.7023,,,,,,,,,,,images/white_butterfly.png,images/yellow_butterfly.png,right_image, ,,,,,,30.5842,32.2032,[0.15342465753424658],[-0.06904108752943065],[1],[0],[0],[1.6179000000059602],"[""right_image""]",0,0,0,3,1,,,,,
,,,,,186576,001,2025-11-09_19h56.11.703,Simon,2024.2.4,Win32,59.88023952,,,,,,,,,,0,33.9699,34.4697,,,,,,,,,,,images/white_butterfly.png,images/purple_butterfly.png,left_image, ,,,,,,32.7033,33.9693,[0.15342465753424658],[-0.06904108752943065],[1],[0],[0],[1.265500000000003],"[""right_image""]",0,1,1,1,1,,,,,
,,,,,186576,001,2025-11-09_19h56.11.703,Simon,2024.2.4,Win32,59.88023952,,,,,,,,,,1,35.4386,35.9367,,,,,,,,,,,images/purple_butterfly.png,images/white_butterfly.png,left_image, ,,,,,,34.4706,35.4368,[-0.09972601067529965],[-0.03506850151166524],[1],[0],[0],[0.9654000000059568],"[""left_image""]",0,2,2,0,1,,,,,
,,,,,186576,001,2025-11-09_19h56.11.703,Simon,2024.2.4,Win32,59.88023952,,,,,,,,,,0,36.9215,37.4194,,,,,,,,,,,images/yellow_butterfly.png,images/white_butterfly.png,right_image, ,,,,,,35.938,36.9208,[-0.1030137153520976],[-0.03287671232876712],[1],[0],[0],[0.9822000000178832],"[""left_image""]",0,3,3,2,1,,,,,
,,,,,186576,001,2025-11-09_19h56.11.703,Simon,2024.2.4,Win32,59.88023952,,,,,,,,,,1,38.4703,38.9694,,,,,,,,,,,images/white_butterfly.png,images/yellow_butterfly.png,right_image, ,,,,,,37.4211,38.4698,[0.14356162711365583],[-0.06246576178563784],[1],[0],[0],[1.0480000000000018],"[""right_image""]",1,0,4,3,1,,,,,
,,,,,186576,001,2025-11-09_19h56.11.703,Simon,2024.2.4,Win32,59.88023952,,,,,,,,,,0,40.0715,40.5697,,,,,,,,,,,images/yellow_butterfly.png,images/white_butterfly.png,right_image, ,,,,,,38.9701,40.0697,[-0.19616440028360446],[0.0065753257437928085],[1],[0],[0],[1.0987999999821199],"[""left_image""]",1,1,5,2,1,,,,,
,,,,,186576,001,2025-11-09_19h56.11.703,Simon,2024.2.4,Win32,59.88023952,,,,,,,,,,1,41.2882,41.7866,,,,,,,,,,,images/purple_butterfly.png,images/white_butterfly.png,left_image, ,,,,,,40.5712,41.2868,[-0.17972604411922088],[0.005479452054794521],[1],[0],[0],[0.7150000000000034],"[""left_image""]",1,2,6,0,1,,,,,
,,,,,186576,001,2025-11-09_19h56.11.703,Simon,2024.2.4,Win32,59.88023952,,,,,,,,,,0,43.0048,43.5081,,,,,,,,,,,images/white_butterfly.png,images/purple_butterfly.png,left_image, ,,,,,,41.7881,43.0034,[0.1589041095890411],[-0.018630145347281676],[1],[0],[0],[1.2147000000178778],"[""right_image""]",1,3,7,1,1,,,,,
,,,,,186576,001,2025-11-09_19h56.11.703,Simon,2024.2.4,Win32,59.88023952,,,,,,,,,,0,44.3192,44.8197,,,,,,,,,,,images/yellow_butterfly.png,images/white_butterfly.png,right_image, ,,,,,,43.5089,44.3192,[-0.136986301369863],[0.02849313396297089],[1],[0],[0],[0.8098000000119256],"[""left_image""]",2,0,8,2,1,,,,,
,,,,,186576,001,2025-11-09_19h56.11.703,Simon,2024.2.4,Win32,59.88023952,,,,,,,,,,0,45.6199,46.12,,,,,,,,,,,images/white_butterfly.png,images/purple_butterfly.png,left_image, ,,,,,,44.8206,45.6198,[0.15999998327803938],[-0.018630145347281676],[1],[0],[0],[0.7988000000119158],"[""right_image""]",2,1,9,1,1,,,,,
,,,,,186576,001,2025-11-09_19h56.11.703,Simon,2024.2.4,Win32,59.88023952,,,,,,,,,,0,47.3378,47.8367,,,,,,,,,,,images/white_butterfly.png,images/yellow_butterfly.png,right_image, ,,,,,,46.1207,47.3376,[-0.19068494822880994],[0.012054777798587329],[1],[0],[0],[1.2164000000059616],"[""left_image""]",2,2,10,3,1,,,,,
,,,,,186576,001,2025-11-09_19h56.11.703,Simon,2024.2.4,Win32,59.88023952,,,,,,,,,,0,48.6368,49.1365,,,,,,,,,,,images/purple_butterfly.png,images/white_butterfly.png,left_image, ,,,,,,47.8381,48.6368,[0.14246575342465753],[-0.04712327931025257],[1],[0],[0],[0.7980999999940366],"[""right_image""]",2,3,11,0,1,,,,,
,,,,,186576,001,2025-11-09_19h56.11.703,Simon,2024.2.4,Win32,59.88023952,,,,,,,,,,0,49.7364,50.2362,,,,,,,,,,,images/white_butterfly.png,images/yellow_butterfly.png,right_image, ,,,,,,49.1372,49.7363,[-0.1589041095890411],[-0.01753427165828339],[1],[0],[0],[0.59880000001192],"[""left_image""]",3,0,12,3,1,,,,,
,,,,,186576,001,2025-11-09_19h56.11.703,Simon,2024.2.4,Win32,59.88023952,,,,,,,,,,0,51.1365,51.6365,,,,,,,,,,,images/purple_butterfly.png,images/white_butterfly.png,left_image, ,,,,,,50.238,51.1365,[0.14794520547945206],[-0.055890436041845036],[1],[0],[0],[0.8977999999821193],"[""right_image""]",3,1,13,0,1,,,,,
,,,,,186576,001,2025-11-09_19h56.11.703,Simon,2024.2.4,Win32,59.88023952,,,,,,,,,,0,53.5205,54.0204,,,,,,,,,,,images/white_butterfly.png,images/purple_butterfly.png,left_image, ,,,,,,51.6371,53.5205,[0.13150684931506848],[-0.06246576178563784],[1],[0],[0],[1.8827999999821259],"[""right_image""]",3,2,14,1,1,,,,,
,,,,,186576,001,2025-11-09_19h56.11.703,Simon,2024.2.4,Win32,59.88023952,,,,,,,,,,0,54.7212,55.2214,,,,,,,,,,,images/yellow_butterfly.png,images/white_butterfly.png,right_image, ,,,,,,54.0212,54.7209,[-0.18301366518621576],[0.005479452054794521],[1],[0],[0],[0.699099999994047],"[""left_image""]",3,3,15,2,1,,,,,
,,,,,186576,001,2025-11-09_19h56.11.703,Simon,2024.2.4,Win32,59.88023952,,,,,,,,,,1,56.5556,57.0593,,,,,,,,,,,images/purple_butterfly.png,images/white_butterfly.png,left_image, ,,,,,,55.2228,56.5546,[-0.17534246575342466],[-0.031780838639768834],[1],[0],[0],[1.3312999999821216],"[""left_image""]",4,0,16,0,1,,,,,
,,,,,186576,001,2025-11-09_19h56.11.703,Simon,2024.2.4,Win32,59.88023952,,,,,,,,,,0,58.2715,58.7709,,,,,,,,,,,images/white_butterfly.png,images/purple_butterfly.png,left_image, ,,,,,,57.0602,58.2706,[0.16657539263163526],[-0.0547945205479452],[1],[0],[0],[1.209699999988075],"[""right_image""]",4,1,17,1,1,,,,,
,,,,,186576,001,2025-11-09_19h56.11.703,Simon,2024.2.4,Win32,59.88023952,,,,,,,,,,1,59.739,60.2384,,,,,,,,,,,images/white_butterfly.png,images/yellow_butterfly.png,right_image, ,,,,,,58.7716,59.7373,[0.12493152357127568],[-0.05041098398705051],[1],[0],[0],[0.9652000000178873],"[""right_image""]",4,2,18,3,1,,,,,
,,,,,186576,001,2025-11-09_19h56.11.703,Simon,2024.2.4,Win32,59.88023952,,,,,,,,,,0,61.2882,61.7875,,,,,,,,,,,images/yellow_butterfly.png,images/white_butterfly.png,right_image, ,,,,,,60.2394,61.2875,[-0.24219176409995719],[-0.005479452054794521],[1],[0],[0],[1.0475999999940342],"[""left_image""]",4,3,19,2,1,,,,,
,,,,,186576,001,2025-11-09_19h56.11.703,Simon,2024.2.4,Win32,59.88023952,,,,,,,,,,,,,,,,,,,,,,,,,,,,,,,,,,,,,,,,,,,,,,61.788,63.8545,1,[63.85410000002385],[63.85410000002385]
