﻿instructions.started,instructions.stopped,start_button.numClicks,start_button.timesOn,start_button.timesOff,participant,session,date,expName,psychopyVersion,OS,frameRate,practice_trial.started,practice_trial.stopped,mouse_2.x,mouse_2.y,mouse_2.leftButton,mouse_2.midButton,mouse_2.rightButton,mouse_2.time,mouse_2.clicked_name,correct,feedback.started,feedback.stopped,loop_until_correct.thisRepN,loop_until_correct.thisTrialN,loop_until_correct.thisN,loop_until_correct.thisIndex,loop_until_correct.ran,prac_trials.thisRepN,prac_trials.thisTrialN,prac_trials.thisN,prac_trials.thisIndex,prac_trials.ran,left_color,right_color,correct_response,top_txt,instructions_2.started,instructions_2.stopped,start_button_2.numClicks,start_button_2.timesOn,start_button_2.timesOff,trial.started,trial.stopped,mouse.x,mouse.y,mouse.leftButton,mouse.midButton,mouse.rightButton,mouse.time,mouse.clicked_name,trials.thisRepN,trials.thisTrialN,trials.thisN,trials.thisIndex,trials.ran,end.started,end.stopped,start_button_3.numClicks,start_button_3.timesOn,start_button_3.timesOff
0.0004,39.7038,1,[39.717999999999996],[39.717999999999996],186592,001,2025-10-30_12h17.20.704,Simon,2024.2.4,Win32,21.32196162,,,,,,,,,,,,,,,,,,,,,,,,,,,,,,,,,,,,,,,,,,,,,,,,,,
,,,,,186592,001,2025-10-30_12h17.20.704,Simon,2024.2.4,Win32,21.32196162,39.7239,43.7604,[-0.2855392156862745],[0.05514705882352941],[1],[0],[0],[4.032999999999994],"[""left_image_2"",""left_image_2""]",1,43.761,44.2029,0,0,0,0,1,,,,,,,,,,,,,,,,,,,,,,,,,,,,,,,,,
,,,,,186592,001,2025-10-30_12h17.20.704,Simon,2024.2.4,Win32,21.32196162,,,,,,,,,,,,,,,,,,0,0,0,0,1,images/purple_butterfly.png,images/white_butterfly.png,left_image_2,"In this example, select the LEFT butterfly.",,,,,,,,,,,,,,,,,,,,,,,,
,,,,,186592,001,2025-10-30_12h17.20.704,Simon,2024.2.4,Win32,21.32196162,44.2043,47.924,[-0.29411764705882354],[0.058823529411764705],[1],[0],[0],[3.7182000000029802],"[""left_image_2"",""left_image_2""]",1,47.9241,48.3604,0,0,0,0,1,,,,,,,,,,,,,,,,,,,,,,,,,,,,,,,,,
,,,,,186592,001,2025-10-30_12h17.20.704,Simon,2024.2.4,Win32,21.32196162,,,,,,,,,,,,,,,,,,0,1,1,1,1,images/white_butterfly.png,images/purple_butterfly.png,left_image_2,"In this example, select the LEFT butterfly.",,,,,,,,,,,,,,,,,,,,,,,,
,,,,,186592,001,2025-10-30_12h17.20.704,Simon,2024.2.4,Win32,21.32196162,48.3617,50.5314,[0.28921568627450983],[0.04534313725490196],[1],[0],[0],[2.1683999999985133],"[""right_image_2"",""right_image_2""]",1,50.5314,51.0167,0,0,0,0,1,,,,,,,,,,,,,,,,,,,,,,,,,,,,,,,,,
,,,,,186592,001,2025-10-30_12h17.20.704,Simon,2024.2.4,Win32,21.32196162,,,,,,,,,,,,,,,,,,0,2,2,2,1,images/yellow_butterfly.png,images/white_butterfly.png,right_image_2,"In this example, select the RIGHT butterfly.",,,,,,,,,,,,,,,,,,,,,,,,
,,,,,186592,001,2025-10-30_12h17.20.704,Simon,2024.2.4,Win32,21.32196162,51.0177,52.6733,[0.27941176470588236],[0.07230392156862746],[1],[0],[0],[1.654699999995529],"[""right_image_2"",""right_image_2""]",1,52.6734,53.1575,0,0,0,0,1,,,,,,,,,,,,,,,,,,,,,,,,,,,,,,,,,
,,,,,186592,001,2025-10-30_12h17.20.704,Simon,2024.2.4,Win32,21.32196162,,,,,,,,,,,,,,,,,,0,3,3,3,1,images/white_butterfly.png,images/yellow_butterfly.png,right_image_2,"In this example, select the RIGHT butterfly.",,,,,,,,,,,,,,,,,,,,,,,,
,,,,,186592,001,2025-10-30_12h17.20.704,Simon,2024.2.4,Win32,21.32196162,,,,,,,,,,,,,,,,,,,,,,,,,,,53.1577,57.4646,1,[57.46699999999999],[57.46699999999999],,,,,,,,,,,,,,,,,,,
,,,,,186592,001,2025-10-30_12h17.20.704,Simon,2024.2.4,Win32,21.32196162,,,,,,,,,,1,59.4497,59.9049,,,,,,,,,,,images/white_butterfly.png,images/yellow_butterfly.png,right_image, ,,,,,,57.4737,59.4496,[0.26715686274509803],[0.003676470588235294],[1],[0],[0],[1.975299999997013],"[""right_image""]",0,0,0,3,1,,,,,
,,,,,186592,001,2025-10-30_12h17.20.704,Simon,2024.2.4,Win32,21.32196162,,,,,,,,,,1,60.9238,61.4098,,,,,,,,,,,images/white_butterfly.png,images/purple_butterfly.png,left_image, ,,,,,,59.9054,60.9237,[-0.27450980392156865],[0.04411764705882353],[1],[0],[0],[1.0180000000000007],"[""left_image""]",0,1,1,1,1,,,,,
,,,,,186592,001,2025-10-30_12h17.20.704,Simon,2024.2.4,Win32,21.32196162,,,,,,,,,,1,62.6225,63.1049,,,,,,,,,,,images/yellow_butterfly.png,images/white_butterfly.png,right_image, ,,,,,,61.4102,62.6224,[0.2181372549019608],[0.003676470588235294],[1],[0],[0],[1.2118000000044589],"[""right_image""]",0,2,2,2,1,,,,,
,,,,,186592,001,2025-10-30_12h17.20.704,Simon,2024.2.4,Win32,21.32196162,,,,,,,,,,1,64.5168,65.0195,,,,,,,,,,,images/purple_butterfly.png,images/white_butterfly.png,left_image, ,,,,,,63.1053,64.5167,[-0.24632352941176472],[0.015931372549019607],[1],[0],[0],[1.4111000000014826],"[""left_image""]",0,3,3,0,1,,,,,
,,,,,186592,001,2025-10-30_12h17.20.704,Simon,2024.2.4,Win32,21.32196162,,,,,,,,,,1,66.1597,66.6388,,,,,,,,,,,images/white_butterfly.png,images/yellow_butterfly.png,right_image, ,,,,,,65.02,66.1597,[0.27328431372549017],[0.00980392156862745],[1],[0],[0],[1.139399999998517],"[""right_image""]",1,0,4,3,1,,,,,
,,,,,186592,001,2025-10-30_12h17.20.704,Simon,2024.2.4,Win32,21.32196162,,,,,,,,,,1,67.9346,68.3914,,,,,,,,,,,images/white_butterfly.png,images/purple_butterfly.png,left_image, ,,,,,,66.6393,67.9345,[-0.24142156862745098],[0.00980392156862745],[1],[0],[0],[1.2950000000000017],"[""left_image""]",1,1,5,1,1,,,,,
,,,,,186592,001,2025-10-30_12h17.20.704,Simon,2024.2.4,Win32,21.32196162,,,,,,,,,,1,69.4826,69.9674,,,,,,,,,,,images/purple_butterfly.png,images/white_butterfly.png,left_image, ,,,,,,68.392,69.4825,[-0.23529411764705882],[0.024509803921568627],[1],[0],[0],[1.0902999999970149],"[""left_image""]",1,2,6,0,1,,,,,
,,,,,186592,001,2025-10-30_12h17.20.704,Simon,2024.2.4,Win32,21.32196162,,,,,,,,,,1,71.0812,71.5957,,,,,,,,,,,images/yellow_butterfly.png,images/white_butterfly.png,right_image, ,,,,,,69.9678,71.0812,[0.24632352941176472],[0.01715686274509804],[1],[0],[0],[1.1132000000029905],"[""right_image""]",1,3,7,2,1,,,,,
,,,,,186592,001,2025-10-30_12h17.20.704,Simon,2024.2.4,Win32,21.32196162,,,,,,,,,,1,72.3921,72.8953,,,,,,,,,,,images/yellow_butterfly.png,images/white_butterfly.png,right_image, ,,,,,,71.5962,72.3921,[0.2647058823529412],[0.01715686274509804],[1],[0],[0],[0.7956999999955343],"[""right_image""]",2,0,8,2,1,,,,,
,,,,,186592,001,2025-10-30_12h17.20.704,Simon,2024.2.4,Win32,21.32196162,,,,,,,,,,1,74.0582,74.5397,,,,,,,,,,,images/white_butterfly.png,images/purple_butterfly.png,left_image, ,,,,,,72.8958,74.0582,[-0.24142156862745098],[0.0392156862745098],[1],[0],[0],[1.1620000000000061],"[""left_image""]",2,1,9,1,1,,,,,
,,,,,186592,001,2025-10-30_12h17.20.704,Simon,2024.2.4,Win32,21.32196162,,,,,,,,,,1,75.177,75.6563,,,,,,,,,,,images/purple_butterfly.png,images/white_butterfly.png,left_image, ,,,,,,74.54,75.177,[-0.24142156862745098],[0.0392156862745098],[1],[0],[0],[0.6366000000014935],"[""left_image""]",2,2,10,0,1,,,,,
,,,,,186592,001,2025-10-30_12h17.20.704,Simon,2024.2.4,Win32,21.32196162,,,,,,,,,,1,76.6332,77.0807,,,,,,,,,,,images/white_butterfly.png,images/yellow_butterfly.png,right_image, ,,,,,,75.6568,76.6331,[0.2647058823529412],[0.013480392156862746],[1],[0],[0],[0.9761000000014803],"[""right_image""]",2,3,11,3,1,,,,,
,,,,,186592,001,2025-10-30_12h17.20.704,Simon,2024.2.4,Win32,21.32196162,,,,,,,,,,1,78.2114,78.6617,,,,,,,,,,,images/purple_butterfly.png,images/white_butterfly.png,left_image, ,,,,,,77.0811,78.2113,[-0.2610294117647059],[0.012254901960784314],[1],[0],[0],[1.1298999999985142],"[""left_image""]",3,0,12,0,1,,,,,
,,,,,186592,001,2025-10-30_12h17.20.704,Simon,2024.2.4,Win32,21.32196162,,,,,,,,,,1,79.6821,80.1292,,,,,,,,,,,images/white_butterfly.png,images/purple_butterfly.png,left_image, ,,,,,,78.6623,79.682,[-0.2426470588235294],[0.014705882352941176],[1],[0],[0],[1.0192000000029822],"[""left_image""]",3,1,13,1,1,,,,,
,,,,,186592,001,2025-10-30_12h17.20.704,Simon,2024.2.4,Win32,21.32196162,,,,,,,,,,1,80.9965,81.4969,,,,,,,,,,,images/yellow_butterfly.png,images/white_butterfly.png,right_image, ,,,,,,80.1296,80.9965,[0.27450980392156865],[-0.00980392156862745],[1],[0],[0],[0.8666000000014833],"[""right_image""]",3,2,14,2,1,,,,,
,,,,,186592,001,2025-10-30_12h17.20.704,Simon,2024.2.4,Win32,21.32196162,,,,,,,,,,1,82.0354,82.5148,,,,,,,,,,,images/white_butterfly.png,images/yellow_butterfly.png,right_image, ,,,,,,81.4975,82.0354,[0.27450980392156865],[-0.00980392156862745],[1],[0],[0],[0.5375000000000085],"[""right_image""]",3,3,15,3,1,,,,,
,,,,,186592,001,2025-10-30_12h17.20.704,Simon,2024.2.4,Win32,21.32196162,,,,,,,,,,1,84.2124,84.7275,,,,,,,,,,,images/purple_butterfly.png,images/white_butterfly.png,left_image, ,,,,,,82.5154,84.2123,[-0.27818627450980393],[0.006127450980392157],[1],[0],[0],[1.6966000000014816],"[""left_image""]",4,0,16,0,1,,,,,
,,,,,186592,001,2025-10-30_12h17.20.704,Simon,2024.2.4,Win32,21.32196162,,,,,,,,,,1,85.8165,86.285,,,,,,,,,,,images/yellow_butterfly.png,images/white_butterfly.png,right_image, ,,,,,,84.728,85.8164,[0.2806372549019608],[-0.023284313725490197],[1],[0],[0],[1.0882000000029848],"[""right_image""]",4,1,17,2,1,,,,,
,,,,,186592,001,2025-10-30_12h17.20.704,Simon,2024.2.4,Win32,21.32196162,,,,,,,,,,1,87.5364,88.0519,,,,,,,,,,,images/white_butterfly.png,images/purple_butterfly.png,left_image, ,,,,,,86.2854,87.5364,[-0.26838235294117646],[0.0024509803921568627],[1],[0],[0],[1.2508000000044746],"[""left_image""]",4,2,18,1,1,,,,,
,,,,,186592,001,2025-10-30_12h17.20.704,Simon,2024.2.4,Win32,21.32196162,,,,,,,,,,1,94.6816,95.1329,,,,,,,,,,,images/white_butterfly.png,images/yellow_butterfly.png,right_image, ,,,,,,88.0524,94.6815,[0.27328431372549017],[-0.03308823529411765],[1],[0],[0],[6.628999999999991],"[""right_image""]",4,3,19,3,1,,,,,
,,,,,186592,001,2025-10-30_12h17.20.704,Simon,2024.2.4,Win32,21.32196162,,,,,,,,,,,,,,,,,,,,,,,,,,,,,,,,,,,,,,,,,,,,,,95.1331,139.4725,1,[139.472200000003],[139.472200000003]
