﻿instructions.started,instructions.stopped,start_button.numClicks,start_button.timesOn,start_button.timesOff,participant,session,date,expName,psychopyVersion,OS,frameRate,practice_trial.started,practice_trial.stopped,mouse_2.x,mouse_2.y,mouse_2.leftButton,mouse_2.midButton,mouse_2.rightButton,mouse_2.time,mouse_2.clicked_name,correct,feedback.started,feedback.stopped,loop_until_correct.thisRepN,loop_until_correct.thisTrialN,loop_until_correct.thisN,loop_until_correct.thisIndex,loop_until_correct.ran,prac_trials.thisRepN,prac_trials.thisTrialN,prac_trials.thisN,prac_trials.thisIndex,prac_trials.ran,left_color,right_color,correct_response,top_txt,instructions_2.started,instructions_2.stopped,start_button_2.numClicks,start_button_2.timesOn,start_button_2.timesOff,trial.started,trial.stopped,mouse.x,mouse.y,mouse.leftButton,mouse.midButton,mouse.rightButton,mouse.time,mouse.clicked_name,trials.thisRepN,trials.thisTrialN,trials.thisN,trials.thisIndex,trials.ran
0,11.816,1,[11.821000000000002],[11.821000000000002],190283,001,2025-04-06_14h58.28.150,Simon,2024.2.4,Win32,144.092219,,,,,,,,,,,,,,,,,,,,,,,,,,,,,,,,,,,,,,,,,,,,,
,,,,,190283,001,2025-04-06_14h58.28.150,Simon,2024.2.4,Win32,144.092219,11.826,26.65,[-0.14472252448313383],[-0.033188248095756254],[1],[0],[0],[14.822000000000001],"[""left_image_2"",""left_image_2""]",1,26.65,27.151,0,0,0,0,1,,,,,,,,,,,,,,,,,,,,,,,,,,,,
,,,,,190283,001,2025-04-06_14h58.28.150,Simon,2024.2.4,Win32,144.092219,,,,,,,,,,,,,,,,,,0,0,0,0,1,images/purple_butterfly.png,images/white_butterfly.png,left_image_2,"In this example, select the LEFT butterfly.",,,,,,,,,,,,,,,,,,,
,,,,,190283,001,2025-04-06_14h58.28.150,Simon,2024.2.4,Win32,144.092219,27.152,28.06,[-0.13710554951033732],[-0.02883569096844396],[1],[0],[0],[0.907],"[""left_image_2"",""left_image_2""]",1,28.061,28.56,0,0,0,0,1,,,,,,,,,,,,,,,,,,,,,,,,,,,,
,,,,,190283,001,2025-04-06_14h58.28.150,Simon,2024.2.4,Win32,144.092219,,,,,,,,,,,,,,,,,,0,1,1,1,1,images/white_butterfly.png,images/purple_butterfly.png,left_image_2,"In this example, select the LEFT butterfly.",,,,,,,,,,,,,,,,,,,
,,,,,190283,001,2025-04-06_14h58.28.150,Simon,2024.2.4,Win32,144.092219,28.562,29.512,[0.23939064200217627],[0.019042437431991296],[1],[0],[0],[0.9499999999999993],"[""right_image_2"",""right_image_2""]",1,29.512,30.012,0,0,0,0,1,,,,,,,,,,,,,,,,,,,,,,,,,,,,
,,,,,190283,001,2025-04-06_14h58.28.150,Simon,2024.2.4,Win32,144.092219,,,,,,,,,,,,,,,,,,0,2,2,2,1,images/yellow_butterfly.png,images/white_butterfly.png,right_image_2,"In this example, select the RIGHT butterfly.",,,,,,,,,,,,,,,,,,,
,,,,,190283,001,2025-04-06_14h58.28.150,Simon,2024.2.4,Win32,144.092219,30.013,31.144,[0.23721436343852012],[0.027747551686615888],[1],[0],[0],[1.1299999999999955],"[""right_image_2"",""right_image_2""]",1,31.144,31.644,0,0,0,0,1,,,,,,,,,,,,,,,,,,,,,,,,,,,,
,,,,,190283,001,2025-04-06_14h58.28.150,Simon,2024.2.4,Win32,144.092219,,,,,,,,,,,,,,,,,,0,3,3,3,1,images/white_butterfly.png,images/yellow_butterfly.png,right_image_2,"In this example, select the RIGHT butterfly.",,,,,,,,,,,,,,,,,,,
,,,,,190283,001,2025-04-06_14h58.28.150,Simon,2024.2.4,Win32,144.092219,,,,,,,,,,,,,,,,,,,,,,,,,,,31.645,32.574,1,[32.574999999999996],[32.574999999999996],,,,,,,,,,,,,,
,,,,,190283,001,2025-04-06_14h58.28.150,Simon,2024.2.4,Win32,144.092219,,,,,,,,,,1,36.429,36.928,,,,,,,,,,,images/yellow_butterfly.png,images/white_butterfly.png,right_image, ,,,,,,32.578,36.429,[0.25244831338411317],[0.010337323177366704],[1],[0],[0],[3.8500000000000014],"[""right_image""]",0,0,0,2,1
,,,,,190283,001,2025-04-06_14h58.28.150,Simon,2024.2.4,Win32,144.092219,,,,,,,,,,1,37.804,38.304,,,,,,,,,,,images/purple_butterfly.png,images/white_butterfly.png,left_image, ,,,,,,36.93,37.804,[-0.17410228509249184],[-0.04733405875952122],[1],[0],[0],[0.8740000000000023],"[""left_image""]",0,1,1,0,1
,,,,,190283,001,2025-04-06_14h58.28.150,Simon,2024.2.4,Win32,144.092219,,,,,,,,,,1,39.158,39.658,,,,,,,,,,,images/white_butterfly.png,images/yellow_butterfly.png,right_image, ,,,,,,38.305,39.158,[0.20674646354733406],[-0.009249183895538629],[1],[0],[0],[0.8530000000000015],"[""right_image""]",0,2,2,3,1
