﻿instructions.started,instructions.stopped,start_button.numClicks,start_button.timesOn,start_button.timesOff,participant,session,date,expName,psychopyVersion,OS,frameRate,practice_trial.started,practice_trial.stopped,mouse_2.x,mouse_2.y,mouse_2.leftButton,mouse_2.midButton,mouse_2.rightButton,mouse_2.time,mouse_2.clicked_name,correct,feedback.started,feedback.stopped,loop_until_correct.thisRepN,loop_until_correct.thisTrialN,loop_until_correct.thisN,loop_until_correct.thisIndex,loop_until_correct.ran,prac_trials.thisRepN,prac_trials.thisTrialN,prac_trials.thisN,prac_trials.thisIndex,prac_trials.ran,left_color,right_color,correct_response,top_txt,instructions_2.started,instructions_2.stopped,start_button_2.numClicks,start_button_2.timesOn,start_button_2.timesOff,trial.started,trial.stopped,mouse.x,mouse.y,mouse.leftButton,mouse.midButton,mouse.rightButton,mouse.time,mouse.clicked_name,trials.thisRepN,trials.thisTrialN,trials.thisN,trials.thisIndex,trials.ran,end.started,end.stopped,start_button_3.numClicks,start_button_3.timesOn,start_button_3.timesOff
0.0005,19.7262,1,[19.73959999999404],[19.73959999999404],190949,001,2025-10-30_12h17.35.074,Simon,2024.2.4,Win32,16,,,,,,,,,,,,,,,,,,,,,,,,,,,,,,,,,,,,,,,,,,,,,,,,,,
,,,,,190949,001,2025-10-30_12h17.35.074,Simon,2024.2.4,Win32,16,19.745,22.905,[-0.10992529348986126],[-0.015474919957310566],[1],[0],[0],[3.157100000008935],"[""left_image_2"",""left_image_2""]",1,22.9055,23.3929,0,0,0,0,1,,,,,,,,,,,,,,,,,,,,,,,,,,,,,,,,,
,,,,,190949,001,2025-10-30_12h17.35.074,Simon,2024.2.4,Win32,16,,,,,,,,,,,,,,,,,,0,0,0,0,1,images/purple_butterfly.png,images/white_butterfly.png,left_image_2,"In this example, select the LEFT butterfly.",,,,,,,,,,,,,,,,,,,,,,,,
,,,,,190949,001,2025-10-30_12h17.35.074,Simon,2024.2.4,Win32,16,23.3941,25.3244,[-0.18463180362860193],[-0.057097118463180364],[1],[0],[0],[1.9288000000119183],"[""left_image_2"",""left_image_2""]",1,25.3245,25.8077,0,0,0,0,1,,,,,,,,,,,,,,,,,,,,,,,,,,,,,,,,,
,,,,,190949,001,2025-10-30_12h17.35.074,Simon,2024.2.4,Win32,16,,,,,,,,,,,,,,,,,,0,1,1,1,1,images/white_butterfly.png,images/purple_butterfly.png,left_image_2,"In this example, select the LEFT butterfly.",,,,,,,,,,,,,,,,,,,,,,,,
,,,,,190949,001,2025-10-30_12h17.35.074,Simon,2024.2.4,Win32,16,25.8087,27.4885,[0.2102454642475987],[-0.017609391675560297],[1],[0],[0],[1.6785999999940415],"[""right_image_2"",""right_image_2""]",1,27.4886,27.967,0,0,0,0,1,,,,,,,,,,,,,,,,,,,,,,,,,,,,,,,,,
,,,,,190949,001,2025-10-30_12h17.35.074,Simon,2024.2.4,Win32,16,,,,,,,,,,,,,,,,,,0,2,2,2,1,images/yellow_butterfly.png,images/white_butterfly.png,right_image_2,"In this example, select the RIGHT butterfly.",,,,,,,,,,,,,,,,,,,,,,,,
,,,,,190949,001,2025-10-30_12h17.35.074,Simon,2024.2.4,Win32,16,27.9687,29.0747,[0.2710779082177161],[0.030416221985058698],[1],[0],[0],[1.1052999999970226],"[""right_image_2"",""right_image_2""]",1,29.0748,29.5462,0,0,0,0,1,,,,,,,,,,,,,,,,,,,,,,,,,,,,,,,,,
,,,,,190949,001,2025-10-30_12h17.35.074,Simon,2024.2.4,Win32,16,,,,,,,,,,,,,,,,,,0,3,3,3,1,images/white_butterfly.png,images/yellow_butterfly.png,right_image_2,"In this example, select the RIGHT butterfly.",,,,,,,,,,,,,,,,,,,,,,,,
,,,,,190949,001,2025-10-30_12h17.35.074,Simon,2024.2.4,Win32,16,,,,,,,,,,,,,,,,,,,,,,,,,,,29.5465,33.6449,1,[33.64760000000894],[33.64760000000894],,,,,,,,,,,,,,,,,,,
,,,,,190949,001,2025-10-30_12h17.35.074,Simon,2024.2.4,Win32,16,,,,,,,,,,0,36.346,36.8228,,,,,,,,,,,images/white_butterfly.png,images/yellow_butterfly.png,right_image, ,,,,,,33.652,36.3456,[-0.1472785485592316],[-0.05389541088580576],[1],[0],[0],[2.692899999991056],"[""left_image""]",0,0,0,3,1,,,,,
,,,,,190949,001,2025-10-30_12h17.35.074,Simon,2024.2.4,Win32,16,,,,,,,,,,1,37.6987,38.1794,,,,,,,,,,,images/purple_butterfly.png,images/white_butterfly.png,left_image, ,,,,,,36.8234,37.6981,[-0.1472785485592316],[-0.05389541088580576],[1],[0],[0],[0.8743999999910628],"[""left_image""]",0,1,1,0,1,,,,,
,,,,,190949,001,2025-10-30_12h17.35.074,Simon,2024.2.4,Win32,16,,,,,,,,,,0,40.0204,40.4274,,,,,,,,,,,images/white_butterfly.png,images/purple_butterfly.png,left_image, ,,,,,,38.1798,40.0199,[0.26680896478121663],[-0.09231590181430097],[1],[0],[0],[1.8398999999910615],"[""right_image""]",0,2,2,1,1,,,,,
,,,,,190949,001,2025-10-30_12h17.35.074,Simon,2024.2.4,Win32,16,,,,,,,,,,0,42.5315,43.0038,,,,,,,,,,,images/yellow_butterfly.png,images/white_butterfly.png,right_image, ,,,,,,40.4278,42.5315,[-0.19850586979722518],[-0.0720384204909285],[1],[0],[0],[2.103399999991055],"[""left_image""]",0,3,3,2,1,,,,,
,,,,,190949,001,2025-10-30_12h17.35.074,Simon,2024.2.4,Win32,16,,,,,,,,,,1,43.913,44.3829,,,,,,,,,,,images/yellow_butterfly.png,images/white_butterfly.png,right_image, ,,,,,,43.0043,43.9126,[0.18890074706510138],[-0.03895410885805763],[1],[0],[0],[0.9082999999970198],"[""right_image""]",1,0,4,2,1,,,,,
,,,,,190949,001,2025-10-30_12h17.35.074,Simon,2024.2.4,Win32,16,,,,,,,,,,0,45.3499,45.8485,,,,,,,,,,,images/white_butterfly.png,images/purple_butterfly.png,left_image, ,,,,,,44.3834,45.3494,[0.2529348986125934],[-0.021878335112059766],[1],[0],[0],[0.9657999999970244],"[""right_image""]",1,1,5,1,1,,,,,
,,,,,190949,001,2025-10-30_12h17.35.074,Simon,2024.2.4,Win32,16,,,,,,,,,,0,46.5514,46.98,,,,,,,,,,,images/white_butterfly.png,images/yellow_butterfly.png,right_image, ,,,,,,45.8489,46.5514,[-0.12166488794023479],[-0.0432230522945571],[1],[0],[0],[0.7020000000000053],"[""left_image""]",1,2,6,3,1,,,,,
,,,,,190949,001,2025-10-30_12h17.35.074,Simon,2024.2.4,Win32,16,,,,,,,,,,0,47.6006,48.0961,,,,,,,,,,,images/purple_butterfly.png,images/white_butterfly.png,left_image, ,,,,,,46.9817,47.6006,[0.2209178228388474],[-0.04855923159018143],[1],[0],[0],[0.6185000000000045],"[""right_image""]",1,3,7,0,1,,,,,
,,,,,190949,001,2025-10-30_12h17.35.074,Simon,2024.2.4,Win32,16,,,,,,,,,,1,48.6785,49.1769,,,,,,,,,,,images/white_butterfly.png,images/purple_butterfly.png,left_image, ,,,,,,48.0966,48.6781,[-0.15154749199573106],[-0.0528281750266809],[1],[0],[0],[0.5812000000029798],"[""left_image""]",2,0,8,1,1,,,,,
,,,,,190949,001,2025-10-30_12h17.35.074,Simon,2024.2.4,Win32,16,,,,,,,,,,1,49.7718,50.2005,,,,,,,,,,,images/white_butterfly.png,images/yellow_butterfly.png,right_image, ,,,,,,49.1774,49.7717,[0.18996798292422626],[-0.040021344717182494],[1],[0],[0],[0.5942000000029779],"[""right_image""]",2,1,9,3,1,,,,,
,,,,,190949,001,2025-10-30_12h17.35.074,Simon,2024.2.4,Win32,16,,,,,,,,,,1,51.3728,51.8096,,,,,,,,,,,images/purple_butterfly.png,images/white_butterfly.png,left_image, ,,,,,,50.2009,51.3728,[-0.128068303094984],[-0.049626467449306294],[1],[0],[0],[1.1716000000089437],"[""left_image""]",2,2,10,0,1,,,,,
,,,,,190949,001,2025-10-30_12h17.35.074,Simon,2024.2.4,Win32,16,,,,,,,,,,1,52.5379,52.9653,,,,,,,,,,,images/yellow_butterfly.png,images/white_butterfly.png,right_image, ,,,,,,51.8102,52.5379,[0.12700106723585913],[-0.056029882604055496],[1],[0],[0],[0.7274000000059786],"[""right_image""]",2,3,11,2,1,,,,,
,,,,,190949,001,2025-10-30_12h17.35.074,Simon,2024.2.4,Win32,16,,,,,,,,,,1,54.0019,54.4709,,,,,,,,,,,images/yellow_butterfly.png,images/white_butterfly.png,right_image, ,,,,,,52.9657,54.0019,[0.16115261472785486],[-0.03468516542155817],[1],[0],[0],[1.0360000000000014],"[""right_image""]",3,0,12,2,1,,,,,
,,,,,190949,001,2025-10-30_12h17.35.074,Simon,2024.2.4,Win32,16,,,,,,,,,,1,55.6664,56.1314,,,,,,,,,,,images/white_butterfly.png,images/purple_butterfly.png,left_image, ,,,,,,54.4713,55.6664,[-0.20917822838847386],[-0.010138740661686232],[1],[0],[0],[1.1948000000119237],"[""left_image""]",3,1,13,1,1,,,,,
,,,,,190949,001,2025-10-30_12h17.35.074,Simon,2024.2.4,Win32,16,,,,,,,,,,0,57.1339,57.613,,,,,,,,,,,images/purple_butterfly.png,images/white_butterfly.png,left_image, ,,,,,,56.1318,57.1335,[0.31590181430096054],[-0.0784418356456777],[1],[0],[0],[1.0012000000029815],"[""right_image""]",3,2,14,0,1,,,,,
,,,,,190949,001,2025-10-30_12h17.35.074,Simon,2024.2.4,Win32,16,,,,,,,,,,0,58.9768,59.4615,,,,,,,,,,,images/white_butterfly.png,images/yellow_butterfly.png,right_image, ,,,,,,57.6134,58.9768,[-0.13020277481323372],[-0.08697972251867662],[1],[0],[0],[1.3632000000029763],"[""left_image""]",3,3,15,3,1,,,,,
,,,,,190949,001,2025-10-30_12h17.35.074,Simon,2024.2.4,Win32,16,,,,,,,,,,1,60.3898,60.8511,,,,,,,,,,,images/white_butterfly.png,images/purple_butterfly.png,left_image, ,,,,,,59.4619,60.3893,[-0.19423692636072573],[0.0026680896478121665],[1],[0],[0],[0.9272999999970324],"[""left_image""]",4,0,16,1,1,,,,,
,,,,,190949,001,2025-10-30_12h17.35.074,Simon,2024.2.4,Win32,16,,,,,,,,,,0,64.2109,64.7213,,,,,,,,,,,images/white_butterfly.png,images/yellow_butterfly.png,right_image, ,,,,,,60.8515,64.2106,[-0.1622198505869797],[-0.04535752401280683],[1],[0],[0],[3.3588999999910527],"[""left_image""]",4,1,17,3,1,,,,,
,,,,,190949,001,2025-10-30_12h17.35.074,Simon,2024.2.4,Win32,16,,,,,,,,,,0,66.2269,66.7383,,,,,,,,,,,images/purple_butterfly.png,images/white_butterfly.png,left_image, ,,,,,,64.7217,66.2269,[0.2497331910352188],[-0.010138740661686232],[1],[0],[0],[1.5049000000059607],"[""right_image""]",4,2,18,0,1,,,,,
,,,,,190949,001,2025-10-30_12h17.35.074,Simon,2024.2.4,Win32,16,,,,,,,,,,0,67.3829,67.8841,,,,,,,,,,,images/yellow_butterfly.png,images/white_butterfly.png,right_image, ,,,,,,66.7388,67.3828,[-0.12379935965848453],[-0.04429028815368197],[1],[0],[0],[0.6437000000029798],"[""left_image""]",4,3,19,2,1,,,,,
,,,,,190949,001,2025-10-30_12h17.35.074,Simon,2024.2.4,Win32,16,,,,,,,,,,,,,,,,,,,,,,,,,,,,,,,,,,,,,,,,,,,,,,67.8843,69.5938,1,[69.59359999999405],[69.59359999999405]
