﻿instructions.started,instructions.stopped,start_button.numClicks,start_button.timesOn,start_button.timesOff,participant,session,date,expName,psychopyVersion,OS,frameRate,practice_trial.started,practice_trial.stopped,mouse_2.x,mouse_2.y,mouse_2.leftButton,mouse_2.midButton,mouse_2.rightButton,mouse_2.time,mouse_2.clicked_name,correct,feedback.started,feedback.stopped,loop_until_correct.thisRepN,loop_until_correct.thisTrialN,loop_until_correct.thisN,loop_until_correct.thisIndex,loop_until_correct.ran,prac_trials.thisRepN,prac_trials.thisTrialN,prac_trials.thisN,prac_trials.thisIndex,prac_trials.ran,left_color,right_color,correct_response,top_txt,instructions_2.started,instructions_2.stopped,start_button_2.numClicks,start_button_2.timesOn,start_button_2.timesOff,trial.started,trial.stopped,mouse.x,mouse.y,mouse.leftButton,mouse.midButton,mouse.rightButton,mouse.time,mouse.clicked_name,trials.thisRepN,trials.thisTrialN,trials.thisN,trials.thisIndex,trials.ran,end.started,end.stopped,start_button_3.numClicks,start_button_3.timesOn,start_button_3.timesOff
0.001,12.669,1,[12.681000000000001],[12.681000000000001],194098,001,2025-03-21_09h12.53.594,Simon,2024.2.4,iPhone,52.63157895,,,,,,,,,,,,,,,,,,,,,,,,,,,,,,,,,,,,,,,,,,,,,,,,,,
,,,,,194098,001,2025-03-21_09h12.53.594,Simon,2024.2.4,iPhone,52.63157895,12.682,13.552,[-0.21136363636363636],[-0.022727272727272728],[1],[0],[0],[0.8679999999999986],"[""left_image_2"",""left_image_2""]",1,13.553,14.042,0,0,0,0,1,,,,,,,,,,,,,,,,,,,,,,,,,,,,,,,,,
,,,,,194098,001,2025-03-21_09h12.53.594,Simon,2024.2.4,iPhone,52.63157895,,,,,,,,,,,,,,,,,,0,0,0,0,1,images/purple_butterfly.png,images/white_butterfly.png,left_image_2,"In this example, select the LEFT butterfly.",,,,,,,,,,,,,,,,,,,,,,,,
,,,,,194098,001,2025-03-21_09h12.53.594,Simon,2024.2.4,iPhone,52.63157895,14.045,15.735,[-0.25681818181818183],[0.03409090909090909],[1],[0],[0],[1.6870000000000012],"[""left_image_2"",""left_image_2""]",1,15.736,16.226,0,0,0,0,1,,,,,,,,,,,,,,,,,,,,,,,,,,,,,,,,,
,,,,,194098,001,2025-03-21_09h12.53.594,Simon,2024.2.4,iPhone,52.63157895,,,,,,,,,,,,,,,,,,0,1,1,1,1,images/white_butterfly.png,images/purple_butterfly.png,left_image_2,"In this example, select the LEFT butterfly.",,,,,,,,,,,,,,,,,,,,,,,,
,,,,,194098,001,2025-03-21_09h12.53.594,Simon,2024.2.4,iPhone,52.63157895,16.229,17.019,[0.20681818181818182],[0.029545454545454545],[1],[0],[0],[0.7880000000000003],"[""right_image_2"",""right_image_2""]",1,17.02,17.509,0,0,0,0,1,,,,,,,,,,,,,,,,,,,,,,,,,,,,,,,,,
,,,,,194098,001,2025-03-21_09h12.53.594,Simon,2024.2.4,iPhone,52.63157895,,,,,,,,,,,,,,,,,,0,2,2,2,1,images/yellow_butterfly.png,images/white_butterfly.png,right_image_2,"In this example, select the RIGHT butterfly.",,,,,,,,,,,,,,,,,,,,,,,,
,,,,,194098,001,2025-03-21_09h12.53.594,Simon,2024.2.4,iPhone,52.63157895,17.512,18.386,[0.18409090909090908],[-0.006818181818181818],[1],[0],[0],[0.8719999999999999],"[""right_image_2"",""right_image_2""]",1,18.387,18.876,0,0,0,0,1,,,,,,,,,,,,,,,,,,,,,,,,,,,,,,,,,
,,,,,194098,001,2025-03-21_09h12.53.594,Simon,2024.2.4,iPhone,52.63157895,,,,,,,,,,,,,,,,,,0,3,3,3,1,images/white_butterfly.png,images/yellow_butterfly.png,right_image_2,"In this example, select the RIGHT butterfly.",,,,,,,,,,,,,,,,,,,,,,,,
,,,,,194098,001,2025-03-21_09h12.53.594,Simon,2024.2.4,iPhone,52.63157895,,,,,,,,,,,,,,,,,,,,,,,,,,,18.877,19.736,1,[19.736],[19.736],,,,,,,,,,,,,,,,,,,
,,,,,194098,001,2025-03-21_09h12.53.594,Simon,2024.2.4,iPhone,52.63157895,,,,,,,,,,1,21.153,21.643,,,,,,,,,,,images/purple_butterfly.png,images/white_butterfly.png,left_image, ,,,,,,19.744,21.152,[-0.2159090909090909],[0.015909090909090907],[1],[0],[0],[1.4059999999999988],"[""left_image""]",0,0,0,0,1,,,,,
,,,,,194098,001,2025-03-21_09h12.53.594,Simon,2024.2.4,iPhone,52.63157895,,,,,,,,,,1,22.521,23.01,,,,,,,,,,,images/white_butterfly.png,images/purple_butterfly.png,left_image, ,,,,,,21.645,22.52,[-0.20454545454545456],[-0.015909090909090907],[1],[0],[0],[0.8740000000000023],"[""left_image""]",0,1,1,1,1,,,,,
,,,,,194098,001,2025-03-21_09h12.53.594,Simon,2024.2.4,iPhone,52.63157895,,,,,,,,,,1,23.769,24.26,,,,,,,,,,,images/white_butterfly.png,images/yellow_butterfly.png,right_image, ,,,,,,23.011,23.769,[0.20681818181818182],[-0.06818181818181818],[1],[0],[0],[0.7560000000000002],"[""right_image""]",0,2,2,3,1,,,,,
,,,,,194098,001,2025-03-21_09h12.53.594,Simon,2024.2.4,iPhone,52.63157895,,,,,,,,,,1,25.053,25.543,,,,,,,,,,,images/yellow_butterfly.png,images/white_butterfly.png,right_image, ,,,,,,24.262,25.053,[0.21363636363636362],[-0.08863636363636364],[1],[0],[0],[0.7899999999999991],"[""right_image""]",0,3,3,2,1,,,,,
,,,,,194098,001,2025-03-21_09h12.53.594,Simon,2024.2.4,iPhone,52.63157895,,,,,,,,,,1,26.336,26.827,,,,,,,,,,,images/yellow_butterfly.png,images/white_butterfly.png,right_image, ,,,,,,25.545,26.335,[0.21818181818181817],[-0.0659090909090909],[1],[0],[0],[0.7899999999999991],"[""right_image""]",1,0,4,2,1,,,,,
,,,,,194098,001,2025-03-21_09h12.53.594,Simon,2024.2.4,iPhone,52.63157895,,,,,,,,,,1,27.636,28.127,,,,,,,,,,,images/white_butterfly.png,images/yellow_butterfly.png,right_image, ,,,,,,26.828,27.636,[0.22727272727272727],[-0.08181818181818182],[1],[0],[0],[0.8069999999999986],"[""right_image""]",1,1,5,3,1,,,,,
,,,,,194098,001,2025-03-21_09h12.53.594,Simon,2024.2.4,iPhone,52.63157895,,,,,,,,,,1,29.286,29.777,,,,,,,,,,,images/purple_butterfly.png,images/white_butterfly.png,left_image, ,,,,,,28.128,29.286,[-0.23636363636363636],[-0.022727272727272728],[1],[0],[0],[1.157],"[""left_image""]",1,2,6,0,1,,,,,
,,,,,194098,001,2025-03-21_09h12.53.594,Simon,2024.2.4,iPhone,52.63157895,,,,,,,,,,1,30.536,31.027,,,,,,,,,,,images/white_butterfly.png,images/purple_butterfly.png,left_image, ,,,,,,29.779,30.536,[-0.21136363636363636],[-0.03636363636363636],[1],[0],[0],[0.7560000000000002],"[""left_image""]",1,3,7,1,1,,,,,
,,,,,194098,001,2025-03-21_09h12.53.594,Simon,2024.2.4,iPhone,52.63157895,,,,,,,,,,1,31.77,32.261,,,,,,,,,,,images/white_butterfly.png,images/purple_butterfly.png,left_image, ,,,,,,31.028,31.77,[-0.20909090909090908],[-0.05],[1],[0],[0],[0.7419999999999973],"[""left_image""]",2,0,8,1,1,,,,,
,,,,,194098,001,2025-03-21_09h12.53.594,Simon,2024.2.4,iPhone,52.63157895,,,,,,,,,,1,32.937,33.427,,,,,,,,,,,images/yellow_butterfly.png,images/white_butterfly.png,right_image, ,,,,,,32.262,32.937,[0.22045454545454546],[-0.10227272727272728],[1],[0],[0],[0.6739999999999995],"[""right_image""]",2,1,9,2,1,,,,,
,,,,,194098,001,2025-03-21_09h12.53.594,Simon,2024.2.4,iPhone,52.63157895,,,,,,,,,,1,34.186,34.678,,,,,,,,,,,images/purple_butterfly.png,images/white_butterfly.png,left_image, ,,,,,,33.429,34.186,[-0.2431818181818182],[-0.025],[1],[0],[0],[0.7560000000000002],"[""left_image""]",2,2,10,0,1,,,,,
,,,,,194098,001,2025-03-21_09h12.53.594,Simon,2024.2.4,iPhone,52.63157895,,,,,,,,,,1,35.221,35.711,,,,,,,,,,,images/white_butterfly.png,images/yellow_butterfly.png,right_image, ,,,,,,34.679,35.22,[0.2590909090909091],[-0.09318181818181819],[1],[0],[0],[0.5400000000000063],"[""right_image""]",2,3,11,3,1,,,,,
,,,,,194098,001,2025-03-21_09h12.53.594,Simon,2024.2.4,iPhone,52.63157895,,,,,,,,,,1,36.17,36.661,,,,,,,,,,,images/purple_butterfly.png,images/white_butterfly.png,left_image, ,,,,,,35.712,36.17,[-0.225],[-0.06818181818181818],[1],[0],[0],[0.45700000000000074],"[""left_image""]",3,0,12,0,1,,,,,
,,,,,194098,001,2025-03-21_09h12.53.594,Simon,2024.2.4,iPhone,52.63157895,,,,,,,,,,1,37.321,37.811,,,,,,,,,,,images/yellow_butterfly.png,images/white_butterfly.png,right_image, ,,,,,,36.662,37.321,[0.24772727272727274],[-0.10909090909090909],[1],[0],[0],[0.6580000000000013],"[""right_image""]",3,1,13,2,1,,,,,
,,,,,194098,001,2025-03-21_09h12.53.594,Simon,2024.2.4,iPhone,52.63157895,,,,,,,,,,1,38.304,38.795,,,,,,,,,,,images/white_butterfly.png,images/yellow_butterfly.png,right_image, ,,,,,,37.812,38.304,[0.23863636363636365],[-0.10227272727272728],[1],[0],[0],[0.49099999999999966],"[""right_image""]",3,2,14,3,1,,,,,
,,,,,194098,001,2025-03-21_09h12.53.594,Simon,2024.2.4,iPhone,52.63157895,,,,,,,,,,1,39.555,40.045,,,,,,,,,,,images/white_butterfly.png,images/purple_butterfly.png,left_image, ,,,,,,38.796,39.555,[-0.22727272727272727],[-0.10454545454545454],[1],[0],[0],[0.7590000000000003],"[""left_image""]",3,3,15,1,1,,,,,
,,,,,194098,001,2025-03-21_09h12.53.594,Simon,2024.2.4,iPhone,52.63157895,,,,,,,,,,1,40.771,41.261,,,,,,,,,,,images/yellow_butterfly.png,images/white_butterfly.png,right_image, ,,,,,,40.046,40.771,[0.23863636363636365],[-0.12954545454545455],[1],[0],[0],[0.7239999999999966],"[""right_image""]",4,0,16,2,1,,,,,
,,,,,194098,001,2025-03-21_09h12.53.594,Simon,2024.2.4,iPhone,52.63157895,,,,,,,,,,1,42.089,42.578,,,,,,,,,,,images/white_butterfly.png,images/yellow_butterfly.png,right_image, ,,,,,,41.263,42.089,[0.22954545454545455],[-0.13636363636363635],[1],[0],[0],[0.8250000000000028],"[""right_image""]",4,1,17,3,1,,,,,
,,,,,194098,001,2025-03-21_09h12.53.594,Simon,2024.2.4,iPhone,52.63157895,,,,,,,,,,1,43.239,43.728,,,,,,,,,,,images/white_butterfly.png,images/purple_butterfly.png,left_image, ,,,,,,42.58,43.239,[-0.22954545454545455],[-0.10227272727272728],[1],[0],[0],[0.659000000000006],"[""left_image""]",4,2,18,1,1,,,,,
,,,,,194098,001,2025-03-21_09h12.53.594,Simon,2024.2.4,iPhone,52.63157895,,,,,,,,,,1,44.921,45.412,,,,,,,,,,,images/purple_butterfly.png,images/white_butterfly.png,left_image, ,,,,,,43.73,44.921,[-0.21818181818181817],[-0.05],[1],[0],[0],[1.1899999999999977],"[""left_image""]",4,3,19,0,1,,,,,
,,,,,194098,001,2025-03-21_09h12.53.594,Simon,2024.2.4,iPhone,52.63157895,,,,,,,,,,,,,,,,,,,,,,,,,,,,,,,,,,,,,,,,,,,,,,45.413,46.455,1,[46.454],[46.454]
