﻿instructions.started,instructions.stopped,start_button.numClicks,start_button.timesOn,start_button.timesOff,participant,session,date,expName,psychopyVersion,OS,frameRate,practice_trial.started,practice_trial.stopped,mouse_2.x,mouse_2.y,mouse_2.leftButton,mouse_2.midButton,mouse_2.rightButton,mouse_2.time,mouse_2.clicked_name,correct,feedback.started,feedback.stopped,loop_until_correct.thisRepN,loop_until_correct.thisTrialN,loop_until_correct.thisN,loop_until_correct.thisIndex,loop_until_correct.ran,prac_trials.thisRepN,prac_trials.thisTrialN,prac_trials.thisN,prac_trials.thisIndex,prac_trials.ran,left_color,right_color,correct_response,top_txt,instructions_2.started,instructions_2.stopped,start_button_2.numClicks,start_button_2.timesOn,start_button_2.timesOff,trial.started,trial.stopped,mouse.x,mouse.y,mouse.leftButton,mouse.midButton,mouse.rightButton,mouse.time,mouse.clicked_name,trials.thisRepN,trials.thisTrialN,trials.thisN,trials.thisIndex,trials.ran,end.started,end.stopped,start_button_3.numClicks,start_button_3.timesOn,start_button_3.timesOff
0.0013,22.5406,1,[22.57860000000009],[22.57860000000009],194454,001,2026-01-29_08h31.27.163,Simon,2024.2.4,Win32,59.88023952,,,,,,,,,,,,,,,,,,,,,,,,,,,,,,,,,,,,,,,,,,,,,,,,,,
,,,,,194454,001,2026-01-29_08h31.27.163,Simon,2024.2.4,Win32,59.88023952,22.5852,26.0544,[-0.1934477379095164],[0.01170046801872075],[1],[0],[0],[3.4633999999999077],"[""left_image_2"",""left_image_2""]",1,26.0564,26.5529,0,0,0,0,1,,,,,,,,,,,,,,,,,,,,,,,,,,,,,,,,,
,,,,,194454,001,2026-01-29_08h31.27.163,Simon,2024.2.4,Win32,59.88023952,,,,,,,,,,,,,,,,,,0,0,0,0,1,images/purple_butterfly.png,images/white_butterfly.png,left_image_2,"In this example, select the LEFT butterfly.",,,,,,,,,,,,,,,,,,,,,,,,
,,,,,194454,001,2026-01-29_08h31.27.163,Simon,2024.2.4,Win32,59.88023952,26.5579,34.0957,[-0.1747269890795632],[0.01326053042121685],[1],[0],[0],[7.535000000000004],"[""left_image_2"",""left_image_2""]",1,34.0964,34.5948,0,0,0,0,1,,,,,,,,,,,,,,,,,,,,,,,,,,,,,,,,,
,,,,,194454,001,2026-01-29_08h31.27.163,Simon,2024.2.4,Win32,59.88023952,,,,,,,,,,,,,,,,,,0,1,1,1,1,images/white_butterfly.png,images/purple_butterfly.png,left_image_2,"In this example, select the LEFT butterfly.",,,,,,,,,,,,,,,,,,,,,,,,
,,,,,194454,001,2026-01-29_08h31.27.163,Simon,2024.2.4,Win32,59.88023952,34.5996,35.8612,[0.2542901716068643],[0.044461778471138844],[1],[0],[0],[1.2589000000001391],"[""right_image_2"",""right_image_2""]",1,35.8615,36.36,0,0,0,0,1,,,,,,,,,,,,,,,,,,,,,,,,,,,,,,,,,
,,,,,194454,001,2026-01-29_08h31.27.163,Simon,2024.2.4,Win32,59.88023952,,,,,,,,,,,,,,,,,,0,2,2,2,1,images/yellow_butterfly.png,images/white_butterfly.png,right_image_2,"In this example, select the RIGHT butterfly.",,,,,,,,,,,,,,,,,,,,,,,,
,,,,,194454,001,2026-01-29_08h31.27.163,Simon,2024.2.4,Win32,59.88023952,36.3642,37.9247,[0.2121684867394696],[0.00234009360374415],[1],[0],[0],[1.5591999999999544],"[""right_image_2"",""right_image_2""]",1,37.9251,38.4243,0,0,0,0,1,,,,,,,,,,,,,,,,,,,,,,,,,,,,,,,,,
,,,,,194454,001,2026-01-29_08h31.27.163,Simon,2024.2.4,Win32,59.88023952,,,,,,,,,,,,,,,,,,0,3,3,3,1,images/white_butterfly.png,images/yellow_butterfly.png,right_image_2,"In this example, select the RIGHT butterfly.",,,,,,,,,,,,,,,,,,,,,,,,
,,,,,194454,001,2026-01-29_08h31.27.163,Simon,2024.2.4,Win32,59.88023952,,,,,,,,,,,,,,,,,,,,,,,,,,,38.4251,42.7371,1,[42.74439999999991],[42.74439999999991],,,,,,,,,,,,,,,,,,,
,,,,,194454,001,2026-01-29_08h31.27.163,Simon,2024.2.4,Win32,59.88023952,,,,,,,,,,1,44.1361,44.6348,,,,,,,,,,,images/white_butterfly.png,images/purple_butterfly.png,left_image, ,,,,,,42.7611,44.1359,[-0.187207488299532],[-0.0070202808112324495],[1],[0],[0],[1.3735],"[""left_image""]",0,0,0,1,1,,,,,
,,,,,194454,001,2026-01-29_08h31.27.163,Simon,2024.2.4,Win32,59.88023952,,,,,,,,,,1,45.4676,45.9681,,,,,,,,,,,images/yellow_butterfly.png,images/white_butterfly.png,right_image, ,,,,,,44.6366,45.4675,[0.24024960998439937],[-0.028861154446177848],[1],[0],[0],[0.8296000000000916],"[""right_image""]",0,1,1,2,1,,,,,
,,,,,194454,001,2026-01-29_08h31.27.163,Simon,2024.2.4,Win32,59.88023952,,,,,,,,,,1,47.067,47.5657,,,,,,,,,,,images/purple_butterfly.png,images/white_butterfly.png,left_image, ,,,,,,45.9706,47.0663,[-0.1435257410296412],[-0.02574102964118565],[1],[0],[0],[1.0945000000000036],"[""left_image""]",0,2,2,0,1,,,,,
,,,,,194454,001,2026-01-29_08h31.27.163,Simon,2024.2.4,Win32,59.88023952,,,,,,,,,,1,48.8976,49.3964,,,,,,,,,,,images/white_butterfly.png,images/yellow_butterfly.png,right_image, ,,,,,,47.5672,48.8975,[0.24648985959438377],[-0.01326053042121685],[1],[0],[0],[1.3290000000000006],"[""right_image""]",0,3,3,3,1,,,,,
,,,,,194454,001,2026-01-29_08h31.27.163,Simon,2024.2.4,Win32,59.88023952,,,,,,,,,,1,50.8465,51.3447,,,,,,,,,,,images/white_butterfly.png,images/purple_butterfly.png,left_image, ,,,,,,49.3979,50.8464,[-0.11076443057722309],[0.027301092043681748],[1],[0],[0],[1.4478000000000506],"[""left_image""]",1,0,4,1,1,,,,,
,,,,,194454,001,2026-01-29_08h31.27.163,Simon,2024.2.4,Win32,59.88023952,,,,,,,,,,1,52.3776,52.8771,,,,,,,,,,,images/yellow_butterfly.png,images/white_butterfly.png,right_image, ,,,,,,51.3463,52.3774,[0.1482059282371295],[-0.0039001560062402497],[1],[0],[0],[1.0298999999999054],"[""right_image""]",1,1,5,2,1,,,,,
,,,,,194454,001,2026-01-29_08h31.27.163,Simon,2024.2.4,Win32,59.88023952,,,,,,,,,,1,54.5264,55.0252,,,,,,,,,,,images/white_butterfly.png,images/yellow_butterfly.png,right_image, ,,,,,,52.8792,54.5263,[0.1435257410296412],[0.0070202808112324495],[1],[0],[0],[1.6460999999998478],"[""right_image""]",1,2,6,3,1,,,,,
,,,,,194454,001,2026-01-29_08h31.27.163,Simon,2024.2.4,Win32,59.88023952,,,,,,,,,,1,55.9408,56.4418,,,,,,,,,,,images/purple_butterfly.png,images/white_butterfly.png,left_image, ,,,,,,55.0272,55.9406,[-0.24336973478939158],[0.02574102964118565],[1],[0],[0],[0.9126999999999583],"[""left_image""]",1,3,7,0,1,,,,,
,,,,,194454,001,2026-01-29_08h31.27.163,Simon,2024.2.4,Win32,59.88023952,,,,,,,,,,1,58.455,58.9549,,,,,,,,,,,images/purple_butterfly.png,images/white_butterfly.png,left_image, ,,,,,,56.4439,58.4549,[-0.21684867394695787],[0.036661466458658344],[1],[0],[0],[2.010699999999943],"[""left_image""]",2,0,8,0,1,,,,,
,,,,,194454,001,2026-01-29_08h31.27.163,Simon,2024.2.4,Win32,59.88023952,,,,,,,,,,1,60.0366,60.5356,,,,,,,,,,,images/white_butterfly.png,images/yellow_butterfly.png,right_image, ,,,,,,58.9566,60.0365,[0.16380655226209048],[-0.0070202808112324495],[1],[0],[0],[1.0789000000001323],"[""right_image""]",2,1,9,3,1,,,,,
,,,,,194454,001,2026-01-29_08h31.27.163,Simon,2024.2.4,Win32,59.88023952,,,,,,,,,,1,61.4362,61.9346,,,,,,,,,,,images/white_butterfly.png,images/purple_butterfly.png,left_image, ,,,,,,60.5372,61.4358,[-0.1918876755070203],[0.027301092043681748],[1],[0],[0],[0.8978999999998933],"[""left_image""]",2,2,10,1,1,,,,,
,,,,,194454,001,2026-01-29_08h31.27.163,Simon,2024.2.4,Win32,59.88023952,,,,,,,,,,1,63.3012,63.7992,,,,,,,,,,,images/yellow_butterfly.png,images/white_butterfly.png,right_image, ,,,,,,61.9361,63.301,[0.1310452418096724],[0.0039001560062402497],[1],[0],[0],[1.3631000000001023],"[""right_image""]",2,3,11,2,1,,,,,
,,,,,194454,001,2026-01-29_08h31.27.163,Simon,2024.2.4,Win32,59.88023952,,,,,,,,,,1,64.7822,65.2818,,,,,,,,,,,images/white_butterfly.png,images/purple_butterfly.png,left_image, ,,,,,,63.8009,64.7821,[-0.20280811232449297],[0.041341653666146644],[1],[0],[0],[0.9801999999999538],"[""left_image""]",3,0,12,1,1,,,,,
,,,,,194454,001,2026-01-29_08h31.27.163,Simon,2024.2.4,Win32,59.88023952,,,,,,,,,,1,67.0299,67.5289,,,,,,,,,,,images/purple_butterfly.png,images/white_butterfly.png,left_image, ,,,,,,65.2832,67.0298,[-0.19656786271450857],[0.028861154446177848],[1],[0],[0],[1.745900000000134],"[""left_image""]",3,1,13,0,1,,,,,
,,,,,194454,001,2026-01-29_08h31.27.163,Simon,2024.2.4,Win32,59.88023952,,,,,,,,,,1,68.4785,68.9791,,,,,,,,,,,images/yellow_butterfly.png,images/white_butterfly.png,right_image, ,,,,,,67.5305,68.4784,[0.26521060842433697],[-0.039781591263650544],[1],[0],[0],[0.9468999999998999],"[""right_image""]",3,2,14,2,1,,,,,
,,,,,194454,001,2026-01-29_08h31.27.163,Simon,2024.2.4,Win32,59.88023952,,,,,,,,,,1,69.9444,70.4434,,,,,,,,,,,images/white_butterfly.png,images/yellow_butterfly.png,right_image, ,,,,,,68.981,69.9438,[0.1856474258970359],[-0.01170046801872075],[1],[0],[0],[0.9616000000000895],"[""right_image""]",3,3,15,3,1,,,,,
,,,,,194454,001,2026-01-29_08h31.27.163,Simon,2024.2.4,Win32,59.88023952,,,,,,,,,,1,71.3753,71.8753,,,,,,,,,,,images/white_butterfly.png,images/purple_butterfly.png,left_image, ,,,,,,70.4451,71.3753,[-0.29329173166926675],[0.033541341653666144],[1],[0],[0],[0.9293000000000404],"[""left_image""]",4,0,16,1,1,,,,,
,,,,,194454,001,2026-01-29_08h31.27.163,Simon,2024.2.4,Win32,59.88023952,,,,,,,,,,1,72.7575,73.2567,,,,,,,,,,,images/white_butterfly.png,images/yellow_butterfly.png,right_image, ,,,,,,71.8783,72.7574,[0.12636505460218408],[-0.01950078003120125],[1],[0],[0],[0.8785000000000025],"[""right_image""]",4,1,17,3,1,,,,,
,,,,,194454,001,2026-01-29_08h31.27.163,Simon,2024.2.4,Win32,59.88023952,,,,,,,,,,1,74.5732,75.0714,,,,,,,,,,,images/purple_butterfly.png,images/white_butterfly.png,left_image, ,,,,,,73.2583,74.5731,[-0.27301092043681746],[0.027301092043681748],[1],[0],[0],[1.3123999999999114],"[""left_image""]",4,2,18,0,1,,,,,
,,,,,194454,001,2026-01-29_08h31.27.163,Simon,2024.2.4,Win32,59.88023952,,,,,,,,,,1,76.7698,77.2696,,,,,,,,,,,images/yellow_butterfly.png,images/white_butterfly.png,right_image, ,,,,,,75.0731,76.7697,[0.13260530421216848],[-0.01170046801872075],[1],[0],[0],[1.6956000000000842],"[""right_image""]",4,3,19,2,1,,,,,
,,,,,194454,001,2026-01-29_08h31.27.163,Simon,2024.2.4,Win32,59.88023952,,,,,,,,,,,,,,,,,,,,,,,,,,,,,,,,,,,,,,,,,,,,,,77.2702,78.5522,1,[78.55160000000008],[78.55160000000008]
