﻿instructions.started,instructions.stopped,start_button.numClicks,start_button.timesOn,start_button.timesOff,participant,session,date,expName,psychopyVersion,OS,frameRate,practice_trial.started,practice_trial.stopped,mouse_2.x,mouse_2.y,mouse_2.leftButton,mouse_2.midButton,mouse_2.rightButton,mouse_2.time,mouse_2.clicked_name,correct,feedback.started,feedback.stopped,loop_until_correct.thisRepN,loop_until_correct.thisTrialN,loop_until_correct.thisN,loop_until_correct.thisIndex,loop_until_correct.ran,prac_trials.thisRepN,prac_trials.thisTrialN,prac_trials.thisN,prac_trials.thisIndex,prac_trials.ran,left_color,right_color,correct_response,top_txt,instructions_2.started,instructions_2.stopped,start_button_2.numClicks,start_button_2.timesOn,start_button_2.timesOff,trial.started,trial.stopped,mouse.x,mouse.y,mouse.leftButton,mouse.midButton,mouse.rightButton,mouse.time,mouse.clicked_name,trials.thisRepN,trials.thisTrialN,trials.thisN,trials.thisIndex,trials.ran,end.started,end.stopped,start_button_3.numClicks,start_button_3.timesOn,start_button_3.timesOff
0.0009,1.7125,1,[1.7421000000238394],[1.7421000000238394],194637,001,2025-04-22_22h20.22.075,Simon,2024.2.4,Win32,59.88023952,,,,,,,,,,,,,,,,,,,,,,,,,,,,,,,,,,,,,,,,,,,,,,,,,,
,,,,,194637,001,2025-04-22_22h20.22.075,Simon,2024.2.4,Win32,59.88023952,1.7483,6.7195,[-0.1604937929095644],[-0.06228956228956229],[1],[0],[0],[4.967199999928475],"[""left_image_2"",""left_image_2""]",1,6.721,7.2186,0,0,0,0,1,,,,,,,,,,,,,,,,,,,,,,,,,,,,,,,,,
,,,,,194637,001,2025-04-22_22h20.22.075,Simon,2024.2.4,Win32,59.88023952,,,,,,,,,,,,,,,,,,0,0,0,0,1,images/purple_butterfly.png,images/white_butterfly.png,left_image_2,"In this example, select the LEFT butterfly.",,,,,,,,,,,,,,,,,,,,,,,,
,,,,,194637,001,2025-04-22_22h20.22.075,Simon,2024.2.4,Win32,59.88023952,7.2221,10.4824,[-0.1604937929095644],[-0.06228956228956229],[1],[0],[0],[3.2573999999761583],"[""left_image_2"",""left_image_2""]",1,10.4828,10.9819,0,0,0,0,1,,,,,,,,,,,,,,,,,,,,,,,,,,,,,,,,,
,,,,,194637,001,2025-04-22_22h20.22.075,Simon,2024.2.4,Win32,59.88023952,,,,,,,,,,,,,,,,,,0,1,1,1,1,images/white_butterfly.png,images/purple_butterfly.png,left_image_2,"In this example, select the LEFT butterfly.",,,,,,,,,,,,,,,,,,,,,,,,
,,,,,194637,001,2025-04-22_22h20.22.075,Simon,2024.2.4,Win32,59.88023952,10.9843,29.4835,[0.14927051685474538],[-0.017396201188315447],[1],[0],[0],[18.496600000023847],"[""right_image_2"",""right_image_2""]",1,29.4836,29.9823,0,0,0,0,1,,,,,,,,,,,,,,,,,,,,,,,,,,,,,,,,,
,,,,,194637,001,2025-04-22_22h20.22.075,Simon,2024.2.4,Win32,59.88023952,,,,,,,,,,,,,,,,,,0,2,2,2,1,images/yellow_butterfly.png,images/white_butterfly.png,right_image_2,"In this example, select the RIGHT butterfly.",,,,,,,,,,,,,,,,,,,,,,,,
,,,,,194637,001,2025-04-22_22h20.22.075,Simon,2024.2.4,Win32,59.88023952,29.9846,32.8971,[0.14927051685474538],[-0.017396201188315447],[1],[0],[0],[2.9110000000000014],"[""right_image_2"",""right_image_2""]",1,32.8973,33.3964,0,0,0,0,1,,,,,,,,,,,,,,,,,,,,,,,,,,,,,,,,,
,,,,,194637,001,2025-04-22_22h20.22.075,Simon,2024.2.4,Win32,59.88023952,,,,,,,,,,,,,,,,,,0,3,3,3,1,images/white_butterfly.png,images/yellow_butterfly.png,right_image_2,"In this example, select the RIGHT butterfly.",,,,,,,,,,,,,,,,,,,,,,,,
,,,,,194637,001,2025-04-22_22h20.22.075,Simon,2024.2.4,Win32,59.88023952,,,,,,,,,,,,,,,,,,,,,,,,,,,33.3972,38.293,1,[38.29830000007153],[38.29830000007153],,,,,,,,,,,,,,,,,,,
,,,,,194637,001,2025-04-22_22h20.22.075,Simon,2024.2.4,Win32,59.88023952,,,,,,,,,,1,46.2032,46.7026,,,,,,,,,,,images/white_butterfly.png,images/purple_butterfly.png,left_image, ,,,,,,38.304,46.203,[-0.12794612794612795],[-0.09259259259259259],[1],[0],[0],[7.897800000071527],"[""left_image""]",0,0,0,1,1,,,,,
,,,,,194637,001,2025-04-22_22h20.22.075,Simon,2024.2.4,Win32,59.88023952,,,,,,,,,,1,52.6973,53.1968,,,,,,,,,,,images/purple_butterfly.png,images/white_butterfly.png,left_image, ,,,,,,46.7044,52.6971,[-0.12794612794612795],[-0.09259259259259259],[1],[0],[0],[5.991899999976162],"[""left_image""]",0,1,1,0,1,,,,,
,,,,,194637,001,2025-04-22_22h20.22.075,Simon,2024.2.4,Win32,59.88023952,,,,,,,,,,0,54.9974,55.495,,,,,,,,,,,images/yellow_butterfly.png,images/white_butterfly.png,right_image, ,,,,,,53.1979,54.9952,[-0.12794612794612795],[-0.09259259259259259],[1],[0],[0],[1.7964000000953746],"[""left_image""]",0,2,2,2,1,,,,,
,,,,,194637,001,2025-04-22_22h20.22.075,Simon,2024.2.4,Win32,59.88023952,,,,,,,,,,1,57.28,57.7765,,,,,,,,,,,images/white_butterfly.png,images/yellow_butterfly.png,right_image, ,,,,,,55.4966,57.2785,[0.12008985525831228],[-0.026374893959122476],[1],[0],[0],[1.781000000000006],"[""right_image""]",0,3,3,3,1,,,,,
,,,,,194637,001,2025-04-22_22h20.22.075,Simon,2024.2.4,Win32,59.88023952,,,,,,,,,,0,59.8924,60.3907,,,,,,,,,,,images/purple_butterfly.png,images/white_butterfly.png,left_image, ,,,,,,57.778,59.8912,[0.12345685862531566],[0.005050505050505051],[1],[0],[0],[2.112700000047681],"[""right_image""]",1,0,4,0,1,,,,,
,,,,,194637,001,2025-04-22_22h20.22.075,Simon,2024.2.4,Win32,59.88023952,,,,,,,,,,1,63.3062,63.8047,,,,,,,,,,,images/white_butterfly.png,images/purple_butterfly.png,left_image, ,,,,,,60.3922,63.305,[-0.15488215488215487],[-0.02861952861952862],[1],[0],[0],[2.912100000023841],"[""left_image""]",1,1,5,1,1,,,,,
,,,,,194637,001,2025-04-22_22h20.22.075,Simon,2024.2.4,Win32,59.88023952,,,,,,,,,,1,65.3036,65.803,,,,,,,,,,,images/white_butterfly.png,images/yellow_butterfly.png,right_image, ,,,,,,63.8058,65.3034,[0.11672285189130892],[-0.04657691416114268],[1],[0],[0],[1.497100000023849],"[""right_image""]",1,2,6,3,1,,,,,
,,,,,194637,001,2025-04-22_22h20.22.075,Simon,2024.2.4,Win32,59.88023952,,,,,,,,,,1,66.2695,66.769,,,,,,,,,,,images/yellow_butterfly.png,images/white_butterfly.png,right_image, ,,,,,,65.804,66.2694,[0.11672285189130892],[-0.04657691416114268],[1],[0],[0],[0.4648999999761543],"[""right_image""]",1,3,7,2,1,,,,,
,,,,,194637,001,2025-04-22_22h20.22.075,Simon,2024.2.4,Win32,59.88023952,,,,,,,,,,1,67.4017,67.9013,,,,,,,,,,,images/purple_butterfly.png,images/white_butterfly.png,left_image, ,,,,,,66.7703,67.4017,[-0.13804713804713806],[0.003928136343907828],[1],[0],[0],[0.6308000000715168],"[""left_image""]",2,0,8,0,1,,,,,
,,,,,194637,001,2025-04-22_22h20.22.075,Simon,2024.2.4,Win32,59.88023952,,,,,,,,,,0,68.3189,68.817,,,,,,,,,,,images/yellow_butterfly.png,images/white_butterfly.png,right_image, ,,,,,,67.9026,68.3177,[-0.13804713804713806],[0.003928136343907828],[1],[0],[0],[0.4144000000953696],"[""left_image""]",2,1,9,2,1,,,,,
,,,,,194637,001,2025-04-22_22h20.22.075,Simon,2024.2.4,Win32,59.88023952,,,,,,,,,,1,71.6829,72.1813,,,,,,,,,,,images/white_butterfly.png,images/yellow_butterfly.png,right_image, ,,,,,,68.8185,71.6818,[0.11223347981770833],[-0.03198653198653199],[1],[0],[0],[2.862600000023832],"[""right_image""]",2,2,10,3,1,,,,,
,,,,,194637,001,2025-04-22_22h20.22.075,Simon,2024.2.4,Win32,59.88023952,,,,,,,,,,1,74.1795,74.6791,,,,,,,,,,,images/white_butterfly.png,images/purple_butterfly.png,left_image, ,,,,,,72.1827,74.1795,[-0.1459034107349537],[0.010662143077914563],[1],[0],[0],[1.9962999999523277],"[""left_image""]",2,3,11,1,1,,,,,
,,,,,194637,001,2025-04-22_22h20.22.075,Simon,2024.2.4,Win32,59.88023952,,,,,,,,,,0,76.1955,76.694,,,,,,,,,,,images/white_butterfly.png,images/yellow_butterfly.png,right_image, ,,,,,,74.6805,76.1944,[-0.1459034107349537],[0.010662143077914563],[1],[0],[0],[1.5130999999046395],"[""left_image""]",3,0,12,3,1,,,,,
,,,,,194637,001,2025-04-22_22h20.22.075,Simon,2024.2.4,Win32,59.88023952,,,,,,,,,,1,78.0282,78.5258,,,,,,,,,,,images/white_butterfly.png,images/purple_butterfly.png,left_image, ,,,,,,76.6955,78.0269,[-0.16947243430397727],[-0.0028058703900989057],[1],[0],[0],[1.331100000023838],"[""left_image""]",3,1,13,1,1,,,,,
,,,,,194637,001,2025-04-22_22h20.22.075,Simon,2024.2.4,Win32,59.88023952,,,,,,,,,,0,79.4929,79.9913,,,,,,,,,,,images/purple_butterfly.png,images/white_butterfly.png,left_image, ,,,,,,78.5273,79.4918,[0.16386089902935605],[-0.00953987712410564],[1],[0],[0],[0.9637999999523146],"[""right_image""]",3,2,14,0,1,,,,,
,,,,,194637,001,2025-04-22_22h20.22.075,Simon,2024.2.4,Win32,59.88023952,,,,,,,,,,1,81.9742,82.4725,,,,,,,,,,,images/yellow_butterfly.png,images/white_butterfly.png,right_image, ,,,,,,79.9928,81.9731,[0.1717171717171717],[0.006172822380708123],[1],[0],[0],[1.9797000000476856],"[""right_image""]",3,3,15,2,1,,,,,
,,,,,194637,001,2025-04-22_22h20.22.075,Simon,2024.2.4,Win32,59.88023952,,,,,,,,,,0,83.4729,83.9713,,,,,,,,,,,images/yellow_butterfly.png,images/white_butterfly.png,right_image, ,,,,,,82.4739,83.4718,[-0.1358024006339436],[0.030864163279934763],[1],[0],[0],[0.9976999999284715],"[""left_image""]",4,0,16,2,1,,,,,
,,,,,194637,001,2025-04-22_22h20.22.075,Simon,2024.2.4,Win32,59.88023952,,,,,,,,,,0,85.3536,85.853,,,,,,,,,,,images/white_butterfly.png,images/yellow_butterfly.png,right_image, ,,,,,,83.9728,85.3535,[-0.15263741746896045],[0.007295139710911195],[1],[0],[0],[1.3801000000238446],"[""left_image""]",4,1,17,3,1,,,,,
,,,,,194637,001,2025-04-22_22h20.22.075,Simon,2024.2.4,Win32,59.88023952,,,,,,,,,,1,86.9366,87.435,,,,,,,,,,,images/purple_butterfly.png,images/white_butterfly.png,left_image, ,,,,,,85.8545,86.9355,[-0.15263741746896045],[0.007295139710911195],[1],[0],[0],[1.0803999999761515],"[""left_image""]",4,2,18,0,1,,,,,
,,,,,194637,001,2025-04-22_22h20.22.075,Simon,2024.2.4,Win32,59.88023952,,,,,,,,,,1,89.9001,90.3992,,,,,,,,,,,images/white_butterfly.png,images/purple_butterfly.png,left_image, ,,,,,,87.4365,89.9,[-0.13355776597353747],[0.003928136343907828],[1],[0],[0],[2.462799999952324],"[""left_image""]",4,3,19,1,1,,,,,
,,,,,194637,001,2025-04-22_22h20.22.075,Simon,2024.2.4,Win32,59.88023952,,,,,,,,,,,,,,,,,,,,,,,,,,,,,,,,,,,,,,,,,,,,,,90.3999,92.2491,1,[92.2485],[92.2485]
